ensayo_id,lote_id,fecha,mes,sku,producto,linea,proteina_declarada_g,proteina_medida_g,cumple_proteina,humedad_pct,aerobios_ufc_g,metales_pesados_ppm,metodo,resultado
EN-00001,L202512-00881,2025-12-22,2025-12,STK-CRE-TAR,Crea Stack 1.3 lb,Polvos & Envasado,26.4,27.2,True,3.76,1174,0.101,NIR (analizador infrarrojo),Aprobado
EN-00002,L202507-00446,2025-07-27,2025-07,BIP-CLA-2V,BiPro Classic Vainilla 2 lb,Polvos & Envasado,24.3,24.3,True,3.79,1011,0.054,NIR (analizador infrarrojo),Aprobado
EN-00003,L202512-00841,2025-12-04,2025-12,MEG-SOY,Mega Soy,Polvos & Envasado,22.3,22.5,True,4.04,110,0.002,Microbiología,Aprobado
EN-00004,L202602-01023,2026-02-13,2026-02,NUT-BAL,Nutra Balance x8 sobres,Sachets & Display,25.0,25.3,True,2.82,3212,0.07,Kjeldahl,Aprobado
EN-00005,L202510-00661,2025-10-09,2025-10,BIP-CLA-2C,BiPro Classic Chocolate 2 lb,Polvos & Envasado,26.9,27.4,True,2.85,927,0.051,Kjeldahl,Aprobado
EN-00006,L202604-01207,2026-04-10,2026-04,RAD-RES-4,Rescue · paca x4,Bebidas RTD (lata),25.6,26.1,True,3.67,258,0.023,NIR (analizador infrarrojo),Aprobado
EN-00007,L202508-00514,2025-08-08,2025-08,ALI-PAN-TRA,Protein Pancake Tradicional,Horneados & Mezclas,25.5,25.3,True,2.96,290,0.103,Absorción atómica,Aprobado
EN-00008,L202606-01361,2026-06-15,2026-06,RAD-ENX,Energy X,Polvos & Envasado,24.1,24.6,True,4.71,3236,0.122,Microbiología,Aprobado
EN-00009,L202502-00128,2025-02-24,2025-02,NUT-VEG-400,Nutra Vegan Protein Mocaccino,Polvos & Envasado,23.1,22.6,True,2.73,579,0.001,Microbiología,Aprobado
EN-00010,L202506-00368,2025-06-26,2025-06,BIP-CLA-2V,BiPro Classic Vainilla 2 lb,Polvos & Envasado,23.3,23.4,True,2.86,164,0.04,Absorción atómica,Cuarentena
EN-00011,L202511-00752,2025-11-09,2025-11,MEG-CRE-10,Megaplex Creatine Power 10 lb,Polvos & Envasado,23.4,23.4,True,3.57,1117,0.005,Microbiología,Aprobado
EN-00012,L202501-00044,2025-01-18,2025-01,NUT-BAL,Nutra Balance x8 sobres,Sachets & Display,23.0,24.5,True,5.37,1151,0.06,Kjeldahl,Aprobado
EN-00013,L202503-00180,2025-03-03,2025-03,NUT-BAL,Nutra Balance x8 sobres,Sachets & Display,22.6,23.1,True,3.86,295,0.002,Absorción atómica,Aprobado
EN-00014,L202508-00569,2025-08-17,2025-08,RAD-RES-4,Rescue · paca x4,Bebidas RTD (lata),23.6,23.6,True,4.63,267,0.319,NIR (analizador infrarrojo),Aprobado
EN-00015,L202504-00242,2025-04-06,2025-04,MEG-CRE-2,Megaplex Creatine Power 2 lb,Polvos & Envasado,26.3,24.9,False,3.95,1277,0.017,NIR (analizador infrarrojo),Aprobado
EN-00016,L202505-00341,2025-05-27,2025-05,RAD-RES-4,Rescue · paca x4,Bebidas RTD (lata),26.6,26.4,True,3.63,1060,0.068,NIR (analizador infrarrojo),Cuarentena
EN-00017,L202506-00370,2025-06-08,2025-06,BIP-CLA-DIS,BiPro Classic Display sachets,Sachets & Display,24.0,24.2,True,3.08,545,0.06,Microbiología,Aprobado
EN-00018,L202601-00899,2026-01-10,2026-01,BIP-CLA-2C,BiPro Classic Chocolate 2 lb,Polvos & Envasado,22.8,22.8,True,2.97,1998,0.165,NIR (analizador infrarrojo),Aprobado
EN-00019,L202502-00142,2025-02-10,2025-02,STK-BUR-TAR,Burner Stack 360 g,Polvos & Envasado,25.0,26.7,True,4.2,136,0.328,NIR (analizador infrarrojo),Aprobado
EN-00020,L202506-00413,2025-06-09,2025-06,RAD-RES-24,Rescue · paca x24,Bebidas RTD (lata),25.3,24.7,True,3.51,306,0.028,Kjeldahl,Aprobado
EN-00021,L202603-01086,2026-03-11,2026-03,BIP-CLA-DIS,BiPro Classic Display sachets,Sachets & Display,22.9,24.1,True,2.57,2493,0.007,NIR (analizador infrarrojo),Aprobado
EN-00022,L202608-01505,2026-08-12,2026-08,MEG-CRE-2,Megaplex Creatine Power 2 lb,Polvos & Envasado,23.9,23.5,True,2.97,1270,0.053,Absorción atómica,Aprobado
EN-00023,L202604-01153,2026-04-04,2026-04,ALI-PAN-TRA,Protein Pancake Tradicional,Horneados & Mezclas,26.5,27.7,True,2.71,1853,0.026,NIR (analizador infrarrojo),Aprobado
EN-00024,L202601-00928,2026-01-24,2026-01,MEG-CRE-2,Megaplex Creatine Power 2 lb,Polvos & Envasado,22.4,22.5,True,2.96,329,0.07,NIR (analizador infrarrojo),Aprobado
EN-00025,L202512-00836,2025-12-22,2025-12,MEG-GAI-3,Gainz 3 lb,Polvos & Envasado,25.4,26.2,True,1.21,853,0.157,NIR (analizador infrarrojo),Aprobado
EN-00026,L202505-00279,2025-05-22,2025-05,ALI-CAK-CHO,Protein Cake Chocolate,Horneados & Mezclas,24.3,22.1,False,2.64,858,0.01,Kjeldahl,Aprobado
EN-00027,L202607-01395,2026-07-13,2026-07,ALI-PAN-WAF,Protein Pancake & Waffle,Horneados & Mezclas,24.3,26.5,True,3.67,2774,0.124,NIR (analizador infrarrojo),Aprobado
EN-00028,L202509-00622,2025-09-09,2025-09,NUT-RX,Nut-Rx Vainilla 400 g,Polvos & Envasado,26.6,28.1,True,3.65,1660,0.008,NIR (analizador infrarrojo),Aprobado
EN-00029,L202508-00541,2025-08-13,2025-08,MEG-NIT-FR,Nitro Shock Frutos Rojos,Polvos & Envasado,24.9,24.9,True,2.09,1764,0.012,NIR (analizador infrarrojo),Aprobado
EN-00030,L202509-00596,2025-09-22,2025-09,BIP-CLA-2V,BiPro Classic Vainilla 2 lb,Polvos & Envasado,22.8,23.0,True,3.44,384,0.153,NIR (analizador infrarrojo),Aprobado
EN-00031,L202507-00493,2025-07-13,2025-07,RAD-PWD,Radical Power Drink polvo,Polvos & Envasado,25.8,25.7,True,4.73,377,0.029,NIR (analizador infrarrojo),Aprobado
EN-00032,L202607-01392,2026-07-14,2026-07,ALI-PAN-TRA,Protein Pancake Tradicional,Horneados & Mezclas,22.1,22.9,True,3.07,2021,0.085,NIR (analizador infrarrojo),Aprobado
EN-00033,L202512-00880,2025-12-25,2025-12,STK-CRE-TAR,Crea Stack 1.3 lb,Polvos & Envasado,24.8,25.1,True,5.36,1424,0.075,Microbiología,Aprobado
EN-00034,L202603-01063,2026-03-04,2026-03,ALI-CAK-CHO,Protein Cake Chocolate,Horneados & Mezclas,26.9,24.9,False,4.02,247,0.03,NIR (analizador infrarrojo),Cuarentena
EN-00035,L202506-00379,2025-06-06,2025-06,MEG-CAR-COC,Mega Carbs Limonada de Coco,Polvos & Envasado,23.4,24.2,True,4.28,268,0.039,Absorción atómica,Aprobado
EN-00036,L202508-00531,2025-08-16,2025-08,MEG-CAR-CER,Mega Carbs Limón Cereza,Polvos & Envasado,25.0,25.7,True,3.36,555,0.049,Kjeldahl,Aprobado
EN-00037,L202602-00996,2026-02-01,2026-02,BIP-CLA-2V,BiPro Classic Vainilla 2 lb,Polvos & Envasado,24.3,23.3,True,4.31,768,0.163,NIR (analizador infrarrojo),Aprobado
EN-00038,L202605-01282,2026-05-16,2026-05,RAD-RES-4,Rescue · paca x4,Bebidas RTD (lata),26.7,26.2,True,3.74,509,0.114,NIR (analizador infrarrojo),Aprobado
EN-00039,L202512-00863,2025-12-06,2025-12,RAD-ENX,Energy X,Polvos & Envasado,25.9,26.3,True,3.81,689,0.18,Microbiología,Aprobado
EN-00040,L202602-00998,2026-02-19,2026-02,BIP-CLA-3CC,BiPro Classic Cookies 3 lb,Polvos & Envasado,25.1,26.5,True,4.6,373,0.109,NIR (analizador infrarrojo),Aprobado
EN-00041,L202510-00650,2025-10-20,2025-10,ALI-FIT-COC,Fitbar Coco,Barras & Snacks,23.8,24.9,True,3.01,698,0.032,Kjeldahl,Aprobado
EN-00042,L202511-00737,2025-11-17,2025-11,BIP-CLA-2C,BiPro Classic Chocolate 2 lb,Polvos & Envasado,26.1,24.4,False,3.67,2765,0.079,Absorción atómica,Aprobado
EN-00043,L202502-00096,2025-02-06,2025-02,BIP-CLA-2V,BiPro Classic Vainilla 2 lb,Polvos & Envasado,26.7,27.8,True,2.7,359,0.032,Kjeldahl,Aprobado
EN-00044,L202504-00264,2025-04-17,2025-04,RAD-PWD,Radical Power Drink polvo,Polvos & Envasado,24.8,24.9,True,4.27,198,0.076,NIR (analizador infrarrojo),Aprobado
EN-00045,L202501-00072,2025-01-18,2025-01,STK-BUR-TAR,Burner Stack 360 g,Polvos & Envasado,23.9,24.6,True,3.62,476,0.077,NIR (analizador infrarrojo),Aprobado
EN-00046,L202501-00038,2025-01-03,2025-01,MEG-NIT-FR,Nitro Shock Frutos Rojos,Polvos & Envasado,23.8,24.5,True,2.61,582,0.051,Kjeldahl,Aprobado
EN-00047,L202502-00112,2025-02-07,2025-02,MEG-NIT-FR,Nitro Shock Frutos Rojos,Polvos & Envasado,26.7,26.4,True,5.1,920,0.067,Absorción atómica,Cuarentena
EN-00048,L202605-01229,2026-05-01,2026-05,BIP-CLA-09V,BiPro Classic Vainilla 0.9 lb,Polvos & Envasado,25.3,24.6,True,3.32,186,0.047,NIR (analizador infrarrojo),Aprobado
EN-00049,L202510-00699,2025-10-01,2025-10,NUT-ZOL,Zolé Vainilla 450 g,Polvos & Envasado,24.9,26.2,True,2.78,1348,0.158,NIR (analizador infrarrojo),Aprobado
EN-00050,L202507-00431,2025-07-14,2025-07,ALI-FIT-CHO,Fitbar Chocolate,Barras & Snacks,24.8,26.3,True,4.84,208,0.051,Kjeldahl,Aprobado
EN-00051,L202604-01150,2026-04-26,2026-04,ALI-CAK-VAN,Protein Cake Vainilla,Horneados & Mezclas,22.8,22.6,True,3.14,5115,0.033,NIR (analizador infrarrojo),Aprobado
EN-00052,L202502-00102,2025-02-06,2025-02,MEG-CAR-CER,Mega Carbs Limón Cereza,Polvos & Envasado,25.9,26.9,True,3.63,1417,0.127,NIR (analizador infrarrojo),Aprobado
EN-00053,L202606-01307,2026-06-07,2026-06,BIP-CLA-2C,BiPro Classic Chocolate 2 lb,Polvos & Envasado,24.0,23.8,True,2.37,696,0.035,Microbiología,Aprobado
EN-00054,L202506-00393,2025-06-23,2025-06,NUT-BAL,Nutra Balance x8 sobres,Sachets & Display,26.5,27.8,True,2.82,635,0.022,NIR (analizador infrarrojo),Aprobado
EN-00055,L202511-00741,2025-11-13,2025-11,BIP-CLA-2V,BiPro Classic Vainilla 2 lb,Polvos & Envasado,22.8,23.3,True,4.4,346,0.0,Kjeldahl,Aprobado
EN-00056,L202512-00826,2025-12-17,2025-12,BIP-CLA-DIS,BiPro Classic Display sachets,Sachets & Display,26.4,26.5,True,3.27,1136,0.13,NIR (analizador infrarrojo),Aprobado
EN-00057,L202501-00061,2025-01-06,2025-01,NUT-VEG-400,Nutra Vegan Protein Mocaccino,Polvos & Envasado,23.1,22.7,True,3.18,478,0.208,NIR (analizador infrarrojo),Aprobado
EN-00058,L202510-00652,2025-10-24,2025-10,ALI-PAN-TRA,Protein Pancake Tradicional,Horneados & Mezclas,23.2,23.9,True,3.43,239,0.032,Kjeldahl,Aprobado
EN-00059,L202505-00331,2025-05-13,2025-05,RAD-ENX,Energy X,Polvos & Envasado,25.9,24.8,True,4.09,187,0.06,NIR (analizador infrarrojo),Rechazado
EN-00060,L202608-01485,2026-08-03,2026-08,BIP-CLA-2V,BiPro Classic Vainilla 2 lb,Polvos & Envasado,24.6,25.4,True,3.54,163,0.034,Kjeldahl,Aprobado
EN-00061,L202512-00872,2025-12-25,2025-12,RAD-RES-4,Rescue · paca x4,Bebidas RTD (lata),26.3,27.0,True,2.95,1827,0.025,NIR (analizador infrarrojo),Aprobado
EN-00062,L202504-00211,2025-04-12,2025-04,ALI-CAK-CHO,Protein Cake Chocolate,Horneados & Mezclas,25.7,25.7,True,4.88,8449,0.006,NIR (analizador infrarrojo),Aprobado
EN-00063,L202505-00288,2025-05-08,2025-05,BIP-CLA-09V,BiPro Classic Vainilla 0.9 lb,Polvos & Envasado,25.0,26.3,True,4.25,1223,0.105,Kjeldahl,Aprobado
EN-00064,L202604-01165,2026-04-06,2026-04,BIP-CLA-2V,BiPro Classic Vainilla 2 lb,Polvos & Envasado,23.6,24.8,True,3.91,437,0.041,NIR (analizador infrarrojo),Aprobado
EN-00065,L202508-00511,2025-08-16,2025-08,ALI-CAK-VAN,Protein Cake Vainilla,Horneados & Mezclas,24.5,25.4,True,3.89,669,0.034,Kjeldahl,Aprobado
EN-00066,L202504-00276,2025-04-08,2025-04,STK-GLU,Gluta Stack,Polvos & Envasado,24.5,25.3,True,2.48,863,0.132,NIR (analizador infrarrojo),Aprobado
EN-00067,L202608-01533,2026-08-16,2026-08,RAD-MYT-24,Myth Legendary Pre-Workout x24,Bebidas RTD (lata),24.6,24.3,True,4.78,829,0.098,NIR (analizador infrarrojo),Aprobado
EN-00068,L202507-00448,2025-07-27,2025-07,BIP-CLA-DIS,BiPro Classic Display sachets,Sachets & Display,23.2,24.0,True,3.75,904,0.152,NIR (analizador infrarrojo),Aprobado
EN-00069,L202502-00117,2025-02-21,2025-02,NUT-BAL,Nutra Balance x8 sobres,Sachets & Display,26.7,27.1,True,3.3,72,0.008,NIR (analizador infrarrojo),Aprobado
EN-00070,L202604-01187,2026-04-01,2026-04,MEG-SOY,Mega Soy,Polvos & Envasado,26.1,23.5,False,3.43,260,0.085,Kjeldahl,Aprobado
EN-00071,L202604-01166,2026-04-07,2026-04,BIP-CLA-2V,BiPro Classic Vainilla 2 lb,Polvos & Envasado,23.9,24.2,True,3.58,2020,0.106,NIR (analizador infrarrojo),Aprobado
EN-00072,L202512-00817,2025-12-19,2025-12,BIP-CLA-2C,BiPro Classic Chocolate 2 lb,Polvos & Envasado,26.9,27.4,True,2.21,218,0.324,Microbiología,Aprobado
EN-00073,L202505-00285,2025-05-18,2025-05,ALI-PAN-TRA,Protein Pancake Tradicional,Horneados & Mezclas,24.6,23.9,True,2.98,238,0.026,Kjeldahl,Aprobado
EN-00074,L202510-00713,2025-10-04,2025-10,STK-BUR-L24,Burner Stack Lata · paca x24,Bebidas RTD (lata),26.2,25.2,True,4.87,401,0.126,Microbiología,Aprobado
EN-00075,L202505-00314,2025-05-08,2025-05,MEG-NIT-FR,Nitro Shock Frutos Rojos,Polvos & Envasado,23.5,22.8,True,3.53,867,0.116,NIR (analizador infrarrojo),Aprobado
EN-00076,L202509-00643,2025-09-21,2025-09,STK-CRE-SAC,Crea Stack Display sachets,Sachets & Display,24.6,24.6,True,1.79,49,0.115,Kjeldahl,Rechazado
EN-00077,L202602-01028,2026-02-15,2026-02,NUT-POP-CAJ,Nutra Pops caja,Polvos & Envasado,25.2,24.7,True,5.33,479,0.081,Kjeldahl,Aprobado
EN-00078,L202603-01085,2026-03-17,2026-03,BIP-CLA-DIS,BiPro Classic Display sachets,Sachets & Display,22.1,22.1,True,4.07,1127,0.099,NIR (analizador infrarrojo),Aprobado
EN-00079,L202601-00956,2026-01-12,2026-01,RAD-MYT-12,Myth Legendary Pre-Workout x12,Bebidas RTD (lata),23.7,25.3,True,3.06,1893,0.018,NIR (analizador infrarrojo),Aprobado
EN-00080,L202510-00684,2025-10-24,2025-10,MEG-SOY,Mega Soy,Polvos & Envasado,26.7,26.7,True,3.0,456,0.006,NIR (analizador infrarrojo),Aprobado
EN-00081,L202503-00205,2025-03-01,2025-03,STK-BUR-TAR,Burner Stack 360 g,Polvos & Envasado,25.0,24.9,True,4.82,779,0.042,Kjeldahl,Aprobado
EN-00082,L202505-00287,2025-05-12,2025-05,ALI-PAN-WAF,Protein Pancake & Waffle,Horneados & Mezclas,26.5,29.0,True,3.82,1053,0.154,NIR (analizador infrarrojo),Aprobado
EN-00083,L202512-00829,2025-12-24,2025-12,BIP-MAS-3,BiPro Mass 3 lb,Polvos & Envasado,23.9,24.2,True,3.64,884,0.008,NIR (analizador infrarrojo),Aprobado
EN-00084,L202512-00839,2025-12-18,2025-12,MEG-NIT-FR,Nitro Shock Frutos Rojos,Polvos & Envasado,23.9,24.4,True,2.57,852,0.021,Kjeldahl,Cuarentena
EN-00085,L202510-00649,2025-10-21,2025-10,ALI-FIT-CHO,Fitbar Chocolate,Barras & Snacks,23.1,23.3,True,3.45,868,0.009,NIR (analizador infrarrojo),Aprobado
EN-00086,L202606-01316,2026-06-07,2026-06,BIP-CLA-DIS,BiPro Classic Display sachets,Sachets & Display,23.3,23.9,True,2.07,1164,0.016,NIR (analizador infrarrojo),Aprobado
EN-00087,L202606-01339,2026-06-08,2026-06,NUT-C,Nutra-C Ácido Ascórbico 200 g,Polvos & Envasado,25.8,27.5,True,2.51,244,0.161,NIR (analizador infrarrojo),Aprobado
EN-00088,L202501-00064,2025-01-05,2025-01,NUT-ZOL,Zolé Vainilla 450 g,Polvos & Envasado,22.7,23.9,True,4.2,1020,0.04,NIR (analizador infrarrojo),Aprobado
EN-00089,L202510-00673,2025-10-24,2025-10,MEG-CAR-CER,Mega Carbs Limón Cereza,Polvos & Envasado,23.8,23.5,True,3.97,687,0.003,Microbiología,Aprobado
EN-00090,L202608-01479,2026-08-24,2026-08,BIP-CLA-09V,BiPro Classic Vainilla 0.9 lb,Polvos & Envasado,24.5,25.6,True,4.1,568,0.105,NIR (analizador infrarrojo),Aprobado
EN-00091,L202501-00059,2025-01-20,2025-01,NUT-RX,Nut-Rx Vainilla 400 g,Polvos & Envasado,25.1,25.1,True,4.33,210,0.071,NIR (analizador infrarrojo),Aprobado
EN-00092,L202512-00867,2025-12-20,2025-12,RAD-MYT-24,Myth Legendary Pre-Workout x24,Bebidas RTD (lata),22.5,22.2,True,3.77,317,0.037,NIR (analizador infrarrojo),Aprobado
EN-00093,L202505-00309,2025-05-22,2025-05,MEG-CRE-2,Megaplex Creatine Power 2 lb,Polvos & Envasado,25.8,25.1,True,1.83,786,0.008,NIR (analizador infrarrojo),Aprobado
EN-00094,L202502-00141,2025-02-01,2025-02,RAD-RES-4,Rescue · paca x4,Bebidas RTD (lata),22.5,22.7,True,2.34,1180,0.083,NIR (analizador infrarrojo),Aprobado
EN-00095,L202509-00631,2025-09-26,2025-09,RAD-PWD,Radical Power Drink polvo,Polvos & Envasado,23.7,22.1,False,4.01,613,0.058,Kjeldahl,Aprobado
EN-00096,L202507-00508,2025-07-14,2025-07,STK-GLU,Gluta Stack,Polvos & Envasado,26.5,26.7,True,4.24,253,0.158,NIR (analizador infrarrojo),Aprobado
EN-00097,L202601-00971,2026-01-14,2026-01,STK-COL,Collagen Stack 585 g,Polvos & Envasado,25.7,24.5,True,3.46,1260,0.06,NIR (analizador infrarrojo),Aprobado
EN-00098,L202511-00770,2025-11-03,2025-11,NUT-POP-PK,Nutra Pops pack x12,Polvos & Envasado,26.5,28.0,True,2.59,181,0.118,NIR (analizador infrarrojo),Aprobado
EN-00099,L202503-00207,2025-03-12,2025-03,STK-CRE-TAR,Crea Stack 1.3 lb,Polvos & Envasado,25.0,25.3,True,3.46,229,0.313,NIR (analizador infrarrojo),Aprobado
EN-00100,L202510-00694,2025-10-10,2025-10,NUT-POP-PK,Nutra Pops pack x12,Polvos & Envasado,23.2,23.6,True,3.56,800,0.001,NIR (analizador infrarrojo),Aprobado
EN-00101,L202601-00965,2026-01-03,2026-01,RAD-RES-4,Rescue · paca x4,Bebidas RTD (lata),25.9,28.1,True,2.85,2114,0.206,Kjeldahl,Aprobado
EN-00102,L202603-01079,2026-03-17,2026-03,BIP-CLA-2V,BiPro Classic Vainilla 2 lb,Polvos & Envasado,23.4,25.5,True,3.59,196,0.082,NIR (analizador infrarrojo),Aprobado
EN-00103,L202602-01042,2026-02-10,2026-02,RAD-ENX,Energy X,Polvos & Envasado,26.0,27.5,True,3.48,432,0.105,NIR (analizador infrarrojo),Aprobado
EN-00104,L202607-01441,2026-07-25,2026-07,NUT-SB-DIS,Nutra Smart Baby Display,Sachets & Display,26.1,27.4,True,3.8,1189,0.018,NIR (analizador infrarrojo),Aprobado
EN-00105,L202509-00586,2025-09-03,2025-09,ALI-PAN-TRA,Protein Pancake Tradicional,Horneados & Mezclas,24.6,24.4,True,4.6,486,0.027,Kjeldahl,Aprobado
EN-00106,L202607-01452,2026-07-09,2026-07,RAD-PWD-TAR,Radical Power Drink tarro,Polvos & Envasado,24.1,25.0,True,3.81,60,0.227,NIR (analizador infrarrojo),Aprobado
EN-00107,L202601-00936,2026-01-08,2026-01,MER-BAC,Nutramerican Backpack,Maquila externa,24.2,24.7,True,2.59,655,0.081,NIR (analizador infrarrojo),Aprobado
EN-00108,L202504-00250,2025-04-15,2025-04,MEG-SOY,Mega Soy,Polvos & Envasado,24.1,23.7,True,3.19,375,0.106,NIR (analizador infrarrojo),Aprobado
EN-00109,L202608-01476,2026-08-20,2026-08,ALI-PAN-TRA,Protein Pancake Tradicional,Horneados & Mezclas,23.1,24.2,True,3.79,1143,0.127,NIR (analizador infrarrojo),Aprobado
EN-00110,L202501-00028,2025-01-20,2025-01,MEG-CAR-CER,Mega Carbs Limón Cereza,Polvos & Envasado,26.9,29.7,True,4.53,1611,0.0,NIR (analizador infrarrojo),Aprobado
EN-00111,L202502-00118,2025-02-21,2025-02,NUT-C,Nutra-C Ácido Ascórbico 200 g,Polvos & Envasado,24.6,25.5,True,4.38,254,0.179,Kjeldahl,Aprobado
EN-00112,L202501-00010,2025-01-19,2025-01,BIP-CLA-09V,BiPro Classic Vainilla 0.9 lb,Polvos & Envasado,26.1,24.3,False,2.78,2207,0.006,NIR (analizador infrarrojo),Aprobado
EN-00113,L202602-00987,2026-02-27,2026-02,BIP-CLA-09V,BiPro Classic Vainilla 0.9 lb,Polvos & Envasado,26.5,28.3,True,3.63,292,0.145,Microbiología,Aprobado
EN-00114,L202507-00489,2025-07-27,2025-07,RAD-MYT-12,Myth Legendary Pre-Workout x12,Bebidas RTD (lata),25.9,28.1,True,3.57,1137,0.022,NIR (analizador infrarrojo),Aprobado
EN-00115,L202608-01509,2026-08-05,2026-08,MEG-SOY,Mega Soy,Polvos & Envasado,22.7,22.2,True,2.81,2081,0.139,NIR (analizador infrarrojo),Aprobado
EN-00116,L202508-00548,2025-08-14,2025-08,NUT-POP-CAJ,Nutra Pops caja,Polvos & Envasado,23.4,23.5,True,3.24,1335,0.001,NIR (analizador infrarrojo),Aprobado
EN-00117,L202606-01333,2026-06-08,2026-06,MEG-NIT-FR,Nitro Shock Frutos Rojos,Polvos & Envasado,24.0,22.9,True,4.41,396,0.165,Microbiología,Aprobado
EN-00118,L202603-01065,2026-03-10,2026-03,ALI-CAK-VAN,Protein Cake Vainilla,Horneados & Mezclas,25.3,25.1,True,2.87,416,0.066,NIR (analizador infrarrojo),Aprobado
EN-00119,L202606-01320,2026-06-17,2026-06,BIP-LIT-24,BiPro Lite 2.4 lb,Polvos & Envasado,23.7,24.5,True,3.74,377,0.029,Absorción atómica,Aprobado
EN-00120,L202601-00972,2026-01-13,2026-01,STK-COL,Collagen Stack 585 g,Polvos & Envasado,24.6,24.7,True,2.94,240,0.028,NIR (analizador infrarrojo),Aprobado
EN-00121,L202511-00733,2025-11-13,2025-11,ALI-PAN-WAF,Protein Pancake & Waffle,Horneados & Mezclas,24.5,24.4,True,3.54,339,0.047,NIR (analizador infrarrojo),Aprobado
EN-00122,L202605-01288,2026-05-17,2026-05,STK-CRE-SAC,Crea Stack Display sachets,Sachets & Display,22.1,23.2,True,3.56,509,0.1,NIR (analizador infrarrojo),Cuarentena
EN-00123,L202602-01003,2026-02-10,2026-02,BIP-CLA-DIS,BiPro Classic Display sachets,Sachets & Display,26.1,26.6,True,4.41,796,0.025,NIR (analizador infrarrojo),Aprobado
EN-00124,L202512-00849,2025-12-14,2025-12,NUT-POP-CAJ,Nutra Pops caja,Polvos & Envasado,26.9,28.2,True,4.39,188,0.031,NIR (analizador infrarrojo),Aprobado
EN-00125,L202505-00295,2025-05-10,2025-05,BIP-CLA-2V,BiPro Classic Vainilla 2 lb,Polvos & Envasado,24.0,23.8,True,3.45,825,0.005,NIR (analizador infrarrojo),Aprobado
EN-00126,L202506-00371,2025-06-22,2025-06,BIP-CLA-DIS,BiPro Classic Display sachets,Sachets & Display,24.6,25.7,True,2.87,229,0.007,NIR (analizador infrarrojo),Aprobado
EN-00127,L202508-00547,2025-08-18,2025-08,NUT-POP-CAJ,Nutra Pops caja,Polvos & Envasado,26.7,26.6,True,4.55,375,0.004,NIR (analizador infrarrojo),Cuarentena
EN-00128,L202608-01494,2026-08-05,2026-08,BIP-COM-21,BiPro Complex Vainilla 2.1 lb,Polvos & Envasado,26.2,27.2,True,4.23,1939,0.168,NIR (analizador infrarrojo),Aprobado
EN-00129,L202507-00472,2025-07-02,2025-07,NUT-BAL,Nutra Balance x8 sobres,Sachets & Display,22.7,23.3,True,4.07,1231,0.24,Microbiología,Aprobado
EN-00130,L202503-00173,2025-03-16,2025-03,MEG-GAI-3,Gainz 3 lb,Polvos & Envasado,25.8,24.0,False,3.0,6791,0.008,NIR (analizador infrarrojo),Aprobado
EN-00131,L202509-00639,2025-09-07,2025-09,STK-BUR-TAR,Burner Stack 360 g,Polvos & Envasado,24.6,23.9,True,4.2,178,0.036,Kjeldahl,Aprobado
EN-00132,L202501-00018,2025-01-21,2025-01,BIP-CLA-2N,BiPro Classic Natural 2 lb,Polvos & Envasado,23.8,23.9,True,2.81,90,0.075,NIR (analizador infrarrojo),Aprobado
EN-00133,L202506-00384,2025-06-22,2025-06,MEG-GAI-64,Gainz Vainilla 6.4 lb,Polvos & Envasado,25.3,26.8,True,3.82,229,0.088,NIR (analizador infrarrojo),Aprobado
EN-00134,L202507-00507,2025-07-10,2025-07,STK-CRE-TAR,Crea Stack 1.3 lb,Polvos & Envasado,23.0,22.8,True,4.28,595,0.172,Microbiología,Aprobado
EN-00135,L202502-00147,2025-02-27,2025-02,STK-GLU,Gluta Stack,Polvos & Envasado,26.6,26.1,True,3.92,470,0.302,Kjeldahl,Aprobado
EN-00136,L202503-00201,2025-03-27,2025-03,RAD-RES-4,Rescue · paca x4,Bebidas RTD (lata),25.6,26.7,True,4.11,365,0.104,Kjeldahl,Aprobado
EN-00137,L202505-00347,2025-05-27,2025-05,STK-COL,Collagen Stack 585 g,Polvos & Envasado,23.6,24.0,True,3.42,348,0.124,NIR (analizador infrarrojo),Aprobado
EN-00138,L202502-00119,2025-02-08,2025-02,NUT-POP-CAJ,Nutra Pops caja,Polvos & Envasado,23.7,23.7,True,2.94,230,0.084,Microbiología,Rechazado
EN-00139,L202607-01405,2026-07-13,2026-07,BIP-CLA-3CC,BiPro Classic Cookies 3 lb,Polvos & Envasado,24.4,25.5,True,4.23,462,0.141,NIR (analizador infrarrojo),Aprobado
EN-00140,L202605-01289,2026-05-02,2026-05,STK-CRE-SAC,Crea Stack Display sachets,Sachets & Display,22.6,22.2,True,3.73,363,0.035,NIR (analizador infrarrojo),Aprobado
EN-00141,L202603-01099,2026-03-04,2026-03,MEG-GAI-3,Gainz 3 lb,Polvos & Envasado,23.7,23.7,True,2.16,834,0.071,NIR (analizador infrarrojo),Aprobado
EN-00142,L202603-01074,2026-03-22,2026-03,BIP-CLA-09V,BiPro Classic Vainilla 0.9 lb,Polvos & Envasado,22.4,23.1,True,3.56,510,0.0,NIR (analizador infrarrojo),Aprobado
EN-00143,L202605-01292,2026-05-06,2026-05,STK-GLU,Gluta Stack,Polvos & Envasado,25.6,26.2,True,3.48,492,0.099,Absorción atómica,Aprobado
EN-00144,L202511-00780,2025-11-04,2025-11,RAD-ENX,Energy X,Polvos & Envasado,24.7,27.2,True,5.04,609,0.001,NIR (analizador infrarrojo),Aprobado
EN-00145,L202506-00397,2025-06-21,2025-06,NUT-POP-PK,Nutra Pops pack x12,Polvos & Envasado,25.2,25.4,True,3.56,1282,0.063,NIR (analizador infrarrojo),Aprobado
EN-00146,L202510-00706,2025-10-21,2025-10,RAD-MYT-24,Myth Legendary Pre-Workout x24,Bebidas RTD (lata),22.6,23.1,True,4.06,575,0.071,Microbiología,Aprobado
EN-00147,L202512-00807,2025-12-01,2025-12,ALI-CAK-VAN,Protein Cake Vainilla,Horneados & Mezclas,25.5,26.6,True,3.07,297,0.19,NIR (analizador infrarrojo),Aprobado
EN-00148,L202511-00758,2025-11-08,2025-11,MEG-NIT-FR,Nitro Shock Frutos Rojos,Polvos & Envasado,22.1,21.1,True,3.1,834,0.188,NIR (analizador infrarrojo),Aprobado
EN-00149,L202508-00566,2025-08-17,2025-08,RAD-PWD-TAR,Radical Power Drink tarro,Polvos & Envasado,25.2,25.3,True,2.87,768,0.08,Microbiología,Aprobado
EN-00150,L202511-00799,2025-11-21,2025-11,STK-CRE-SAC,Crea Stack Display sachets,Sachets & Display,25.1,26.4,True,2.55,1326,0.008,NIR (analizador infrarrojo),Aprobado
EN-00151,L202501-00024,2025-01-12,2025-01,BIP-COM-21,BiPro Complex Vainilla 2.1 lb,Polvos & Envasado,25.1,25.8,True,2.99,329,0.436,NIR (analizador infrarrojo),Aprobado
EN-00152,L202504-00253,2025-04-08,2025-04,NUT-C,Nutra-C Ácido Ascórbico 200 g,Polvos & Envasado,24.8,25.6,True,2.65,510,0.377,NIR (analizador infrarrojo),Aprobado
EN-00153,L202601-00952,2026-01-26,2026-01,RAD-ENX,Energy X,Polvos & Envasado,25.7,26.3,True,2.79,459,0.025,NIR (analizador infrarrojo),Aprobado
EN-00154,L202507-00455,2025-07-19,2025-07,MEG-CAR-CER,Mega Carbs Limón Cereza,Polvos & Envasado,22.7,23.6,True,3.46,1306,0.064,NIR (analizador infrarrojo),Aprobado
EN-00155,L202503-00168,2025-03-24,2025-03,MEG-CAR-COC,Mega Carbs Limonada de Coco,Polvos & Envasado,23.9,23.7,True,3.94,51,0.036,NIR (analizador infrarrojo),Aprobado
EN-00156,L202605-01227,2026-05-26,2026-05,ALI-PAN-WAF,Protein Pancake & Waffle,Horneados & Mezclas,24.3,24.7,True,3.05,316,0.073,Microbiología,Aprobado
EN-00157,L202603-01064,2026-03-24,2026-03,ALI-CAK-VAN,Protein Cake Vainilla,Horneados & Mezclas,23.8,24.9,True,3.84,835,0.109,NIR (analizador infrarrojo),Aprobado
EN-00158,L202601-00958,2026-01-26,2026-01,RAD-PWD,Radical Power Drink polvo,Polvos & Envasado,25.3,26.2,True,2.85,1358,0.319,NIR (analizador infrarrojo),Aprobado
EN-00159,L202511-00761,2025-11-04,2025-11,MEG-SOY,Mega Soy,Polvos & Envasado,23.2,23.4,True,3.4,1080,0.025,NIR (analizador infrarrojo),Aprobado
EN-00160,L202510-00678,2025-10-23,2025-10,MEG-CRE-2,Megaplex Creatine Power 2 lb,Polvos & Envasado,23.8,24.0,True,3.0,1452,0.069,NIR (analizador infrarrojo),Aprobado
EN-00161,L202512-00884,2025-12-25,2025-12,STK-GLU,Gluta Stack,Polvos & Envasado,25.0,26.0,True,4.48,470,0.033,Microbiología,Aprobado
EN-00162,L202601-00923,2026-01-06,2026-01,MEG-CAR-COC,Mega Carbs Limonada de Coco,Polvos & Envasado,25.6,26.7,True,3.19,253,0.01,NIR (analizador infrarrojo),Aprobado
EN-00163,L202506-00364,2025-06-21,2025-06,BIP-CLA-09V,BiPro Classic Vainilla 0.9 lb,Polvos & Envasado,24.2,24.5,True,3.6,602,0.01,NIR (analizador infrarrojo),Aprobado
EN-00164,L202605-01225,2026-05-12,2026-05,ALI-PAN-TRA,Protein Pancake Tradicional,Horneados & Mezclas,25.9,26.4,True,3.66,293,0.076,NIR (analizador infrarrojo),Aprobado
EN-00165,L202607-01435,2026-07-21,2026-07,NUT-RX,Nut-Rx Vainilla 400 g,Polvos & Envasado,23.3,24.3,True,3.15,327,0.024,Absorción atómica,Aprobado
EN-00166,L202606-01370,2026-06-08,2026-06,RAD-RES-4,Rescue · paca x4,Bebidas RTD (lata),25.1,24.1,True,3.16,4939,0.049,Kjeldahl,Aprobado
EN-00167,L202607-01421,2026-07-18,2026-07,MEG-CRE-2,Megaplex Creatine Power 2 lb,Polvos & Envasado,24.9,25.0,True,3.24,688,0.151,Microbiología,Aprobado
EN-00168,L202603-01141,2026-03-09,2026-03,STK-CRE-TAR,Crea Stack 1.3 lb,Polvos & Envasado,25.7,23.7,False,3.54,3601,0.364,Kjeldahl,Aprobado
EN-00169,L202501-00014,2025-01-20,2025-01,BIP-CLA-2C,BiPro Classic Chocolate 2 lb,Polvos & Envasado,22.9,25.0,True,2.63,360,0.005,Microbiología,Aprobado
EN-00170,L202502-00109,2025-02-17,2025-02,MEG-CRE-2,Megaplex Creatine Power 2 lb,Polvos & Envasado,23.6,24.5,True,3.92,623,0.022,NIR (analizador infrarrojo),Aprobado
EN-00171,L202505-00326,2025-05-23,2025-05,NUT-VEG-400,Nutra Vegan Protein Mocaccino,Polvos & Envasado,22.2,23.1,True,3.93,1758,0.017,Kjeldahl,Cuarentena
EN-00172,L202602-01051,2026-02-13,2026-02,RAD-RES-24,Rescue · paca x24,Bebidas RTD (lata),26.5,26.6,True,3.13,2577,0.019,NIR (analizador infrarrojo),Aprobado
EN-00173,L202608-01498,2026-08-18,2026-08,MEG-CAR-CER,Mega Carbs Limón Cereza,Polvos & Envasado,25.6,26.8,True,4.74,264,0.029,Kjeldahl,Aprobado
EN-00174,L202504-00263,2025-04-08,2025-04,RAD-ENX,Energy X,Polvos & Envasado,22.7,23.1,True,3.46,539,0.001,Kjeldahl,Aprobado
EN-00175,L202501-00035,2025-01-24,2025-01,MEG-CRE-2,Megaplex Creatine Power 2 lb,Polvos & Envasado,25.0,25.2,True,3.93,321,0.032,Microbiología,Aprobado
EN-00176,L202608-01512,2026-08-09,2026-08,NUT-BAL,Nutra Balance x8 sobres,Sachets & Display,26.0,26.7,True,4.05,136,0.046,Absorción atómica,Cuarentena
EN-00177,L202502-00099,2025-02-01,2025-02,BIP-COM-21,BiPro Complex Vainilla 2.1 lb,Polvos & Envasado,22.8,21.3,False,3.63,144,0.025,Kjeldahl,Aprobado
EN-00178,L202603-01073,2026-03-24,2026-03,BIP-CLA-09V,BiPro Classic Vainilla 0.9 lb,Polvos & Envasado,25.7,26.1,True,3.99,269,0.123,Absorción atómica,Aprobado
EN-00179,L202603-01090,2026-03-20,2026-03,BIP-MAS-3,BiPro Mass 3 lb,Polvos & Envasado,22.7,24.6,True,2.69,988,0.179,Microbiología,Aprobado
EN-00180,L202606-01379,2026-06-12,2026-06,STK-CRE-SAC,Crea Stack Display sachets,Sachets & Display,24.7,24.5,True,3.69,1835,0.217,NIR (analizador infrarrojo),Aprobado
EN-00181,L202608-01548,2026-08-09,2026-08,STK-CRE-TAR,Crea Stack 1.3 lb,Polvos & Envasado,25.0,26.0,True,3.45,307,0.02,NIR (analizador infrarrojo),Aprobado
EN-00182,L202603-01103,2026-03-20,2026-03,MEG-SOY,Mega Soy,Polvos & Envasado,22.1,22.1,True,4.04,565,0.023,NIR (analizador infrarrojo),Aprobado
EN-00183,L202606-01319,2026-06-02,2026-06,BIP-LIT-24,BiPro Lite 2.4 lb,Polvos & Envasado,23.3,24.4,True,3.75,323,0.072,NIR (analizador infrarrojo),Rechazado
EN-00184,L202509-00638,2025-09-03,2025-09,STK-BUR-L24,Burner Stack Lata · paca x24,Bebidas RTD (lata),27.0,26.4,True,2.82,302,0.086,Kjeldahl,Aprobado
EN-00185,L202511-00730,2025-11-05,2025-11,ALI-FIT-COC,Fitbar Coco,Barras & Snacks,22.8,23.9,True,4.73,233,0.298,NIR (analizador infrarrojo),Cuarentena
EN-00186,L202605-01226,2026-05-03,2026-05,ALI-PAN-TRA,Protein Pancake Tradicional,Horneados & Mezclas,23.4,24.6,True,4.51,1533,0.058,NIR (analizador infrarrojo),Aprobado
EN-00187,L202503-00187,2025-03-05,2025-03,NUT-POP-PK,Nutra Pops pack x12,Polvos & Envasado,27.0,27.7,True,3.73,3046,0.265,NIR (analizador infrarrojo),Aprobado
EN-00188,L202512-00814,2025-12-14,2025-12,BIP-CLA-09V,BiPro Classic Vainilla 0.9 lb,Polvos & Envasado,26.3,26.5,True,3.0,1406,0.029,Absorción atómica,Aprobado
EN-00189,L202607-01408,2026-07-10,2026-07,BIP-CLA-DIS,BiPro Classic Display sachets,Sachets & Display,25.3,24.5,True,2.41,867,0.39,Kjeldahl,Aprobado
EN-00190,L202501-00025,2025-01-13,2025-01,BIP-LIT-24,BiPro Lite 2.4 lb,Polvos & Envasado,22.6,24.2,True,4.86,211,0.092,NIR (analizador infrarrojo),Rechazado
EN-00191,L202502-00111,2025-02-14,2025-02,MEG-GAI-64,Gainz Vainilla 6.4 lb,Polvos & Envasado,26.3,27.1,True,2.7,1157,0.19,Kjeldahl,Aprobado
EN-00192,L202501-00016,2025-01-25,2025-01,BIP-CLA-2C,BiPro Classic Chocolate 2 lb,Polvos & Envasado,26.4,27.8,True,4.09,150,0.183,NIR (analizador infrarrojo),Aprobado
EN-00193,L202505-00349,2025-05-11,2025-05,STK-GLU,Gluta Stack,Polvos & Envasado,24.7,25.9,True,4.15,796,0.01,NIR (analizador infrarrojo),Aprobado
EN-00194,L202601-00934,2026-01-21,2026-01,MEG-SOY,Mega Soy,Polvos & Envasado,23.2,24.5,True,4.26,711,0.197,NIR (analizador infrarrojo),Aprobado
EN-00195,L202512-00838,2025-12-11,2025-12,MEG-NIT-FR,Nitro Shock Frutos Rojos,Polvos & Envasado,23.3,22.9,True,3.95,1059,0.083,NIR (analizador infrarrojo),Aprobado
EN-00196,L202505-00312,2025-05-13,2025-05,MEG-NIT-FR,Nitro Shock Frutos Rojos,Polvos & Envasado,26.7,28.7,True,4.17,153,0.224,NIR (analizador infrarrojo),Aprobado
EN-00197,L202503-00148,2025-03-18,2025-03,ALI-FIT-CHO,Fitbar Chocolate,Barras & Snacks,24.4,24.1,True,4.58,159,0.024,NIR (analizador infrarrojo),Aprobado
EN-00198,L202603-01142,2026-03-17,2026-03,STK-CRE-TAR,Crea Stack 1.3 lb,Polvos & Envasado,25.1,25.5,True,4.77,1276,0.133,Microbiología,Aprobado
EN-00199,L202606-01321,2026-06-16,2026-06,BIP-MAS-3,BiPro Mass 3 lb,Polvos & Envasado,23.6,23.0,True,2.65,183,0.098,NIR (analizador infrarrojo),Aprobado
EN-00200,L202507-00502,2025-07-20,2025-07,STK-BUR-TAR,Burner Stack 360 g,Polvos & Envasado,26.2,25.8,True,2.99,862,0.013,Microbiología,Aprobado
EN-00201,L202507-00464,2025-07-15,2025-07,MEG-NIT-FR,Nitro Shock Frutos Rojos,Polvos & Envasado,24.2,25.7,True,3.93,1880,0.042,Kjeldahl,Aprobado
EN-00202,L202606-01384,2026-06-16,2026-06,STK-GLU,Gluta Stack,Polvos & Envasado,25.4,25.2,True,3.63,553,0.089,NIR (analizador infrarrojo),Cuarentena
EN-00203,L202511-00772,2025-11-21,2025-11,NUT-RX,Nut-Rx Vainilla 400 g,Polvos & Envasado,26.2,27.0,True,5.09,7518,0.092,NIR (analizador infrarrojo),Aprobado
EN-00204,L202503-00186,2025-03-24,2025-03,NUT-POP-PK,Nutra Pops pack x12,Polvos & Envasado,25.6,26.9,True,3.53,2941,0.09,Microbiología,Aprobado
EN-00205,L202601-00947,2026-01-02,2026-01,NUT-VEG-400,Nutra Vegan Protein Mocaccino,Polvos & Envasado,22.8,23.6,True,2.37,882,0.054,NIR (analizador infrarrojo),Aprobado
EN-00206,L202607-01391,2026-07-02,2026-07,ALI-FIT-COC,Fitbar Coco,Barras & Snacks,25.8,25.7,True,4.53,14979,0.191,Microbiología,Aprobado
EN-00207,L202602-01014,2026-02-27,2026-02,MEG-GAI-3,Gainz 3 lb,Polvos & Envasado,22.1,22.8,True,2.39,92,0.105,NIR (analizador infrarrojo),Aprobado
EN-00208,L202511-00759,2025-11-26,2025-11,MEG-NIT-FR,Nitro Shock Frutos Rojos,Polvos & Envasado,25.3,24.5,True,3.48,1029,0.041,NIR (analizador infrarrojo),Aprobado
EN-00209,L202502-00100,2025-02-03,2025-02,BIP-LIT-24,BiPro Lite 2.4 lb,Polvos & Envasado,22.1,22.7,True,2.23,74,0.114,Kjeldahl,Aprobado
EN-00210,L202501-00005,2025-01-18,2025-01,ALI-PAN-TRA,Protein Pancake Tradicional,Horneados & Mezclas,25.6,25.9,True,3.04,1546,0.039,NIR (analizador infrarrojo),Aprobado
EN-00211,L202601-00946,2026-01-06,2026-01,NUT-RX,Nut-Rx Vainilla 400 g,Polvos & Envasado,25.6,26.1,True,3.58,892,0.157,Kjeldahl,Aprobado
EN-00212,L202501-00047,2025-01-19,2025-01,NUT-C,Nutra-C Ácido Ascórbico 200 g,Polvos & Envasado,24.4,24.8,True,3.53,1387,0.012,Kjeldahl,Aprobado
EN-00213,L202507-00485,2025-07-17,2025-07,NUT-ZOL,Zolé Vainilla 450 g,Polvos & Envasado,22.1,21.6,True,2.37,167,0.028,Absorción atómica,Aprobado
EN-00214,L202510-00672,2025-10-23,2025-10,BIP-MAS-3,BiPro Mass 3 lb,Polvos & Envasado,26.1,26.0,True,2.67,360,0.548,Absorción atómica,Aprobado
EN-00215,L202503-00194,2025-03-27,2025-03,RAD-ENX,Energy X,Polvos & Envasado,22.5,23.9,True,2.7,212,0.287,Kjeldahl,Aprobado
EN-00216,L202505-00329,2025-05-14,2025-05,RAD-ENX,Energy X,Polvos & Envasado,24.3,24.8,True,4.39,163,0.085,NIR (analizador infrarrojo),Aprobado
EN-00217,L202605-01269,2026-05-02,2026-05,NUT-VEG-400,Nutra Vegan Protein Mocaccino,Polvos & Envasado,25.1,25.7,True,3.76,212,0.109,Kjeldahl,Aprobado
EN-00218,L202512-00810,2025-12-04,2025-12,ALI-PAN-TRA,Protein Pancake Tradicional,Horneados & Mezclas,23.0,23.0,True,3.22,448,0.179,NIR (analizador infrarrojo),Aprobado
EN-00219,L202602-01038,2026-02-11,2026-02,NUT-ZOL,Zolé Vainilla 450 g,Polvos & Envasado,26.0,26.0,True,5.0,124,0.202,Absorción atómica,Aprobado
EN-00220,L202503-00190,2025-03-16,2025-03,NUT-VEG-400,Nutra Vegan Protein Mocaccino,Polvos & Envasado,24.8,25.4,True,5.13,274,0.007,Kjeldahl,Aprobado
EN-00221,L202512-00877,2025-12-01,2025-12,STK-COL,Collagen Stack 585 g,Polvos & Envasado,25.7,24.6,True,3.24,830,0.043,Kjeldahl,Aprobado
EN-00222,L202501-00027,2025-01-27,2025-01,BIP-MAS-3,BiPro Mass 3 lb,Polvos & Envasado,26.4,28.1,True,4.81,304,0.375,NIR (analizador infrarrojo),Aprobado
EN-00223,L202605-01238,2026-05-01,2026-05,BIP-CLA-3CC,BiPro Classic Cookies 3 lb,Polvos & Envasado,26.0,25.5,True,4.23,1256,0.207,Microbiología,Aprobado
EN-00224,L202607-01432,2026-07-06,2026-07,NUT-POP-PK,Nutra Pops pack x12,Polvos & Envasado,26.7,25.6,True,4.16,211,0.005,Microbiología,Rechazado
EN-00225,L202602-01021,2026-02-07,2026-02,MER-BAC,Nutramerican Backpack,Maquila externa,24.9,26.2,True,3.59,151,0.26,NIR (analizador infrarrojo),Aprobado
EN-00226,L202605-01242,2026-05-10,2026-05,BIP-CLA-DIS,BiPro Classic Display sachets,Sachets & Display,25.7,25.0,True,4.65,352,0.156,NIR (analizador infrarrojo),Aprobado
EN-00227,L202604-01158,2026-04-07,2026-04,BIP-CLA-09V,BiPro Classic Vainilla 0.9 lb,Polvos & Envasado,26.8,27.1,True,3.37,1114,0.31,Microbiología,Aprobado
EN-00228,L202605-01262,2026-05-09,2026-05,NUT-POP-CAJ,Nutra Pops caja,Polvos & Envasado,24.3,23.5,True,4.66,853,0.003,NIR (analizador infrarrojo),Aprobado
EN-00229,L202608-01545,2026-08-15,2026-08,STK-COMBO,Combo BiPro Lite + Burner Stack,Polvos & Envasado,22.7,24.1,True,3.25,287,0.108,NIR (analizador infrarrojo),Aprobado
EN-00230,L202506-00415,2025-06-15,2025-06,RAD-RES-4,Rescue · paca x4,Bebidas RTD (lata),26.7,27.6,True,3.24,388,0.1,Microbiología,Aprobado
EN-00231,L202604-01146,2026-04-21,2026-04,ALI-CAK-CHO,Protein Cake Chocolate,Horneados & Mezclas,22.0,22.7,True,4.22,520,0.391,NIR (analizador infrarrojo),Aprobado
EN-00232,L202507-00490,2025-07-03,2025-07,RAD-MYT-24,Myth Legendary Pre-Workout x24,Bebidas RTD (lata),25.5,24.2,True,3.73,1341,0.02,NIR (analizador infrarrojo),Aprobado
EN-00233,L202603-01118,2026-03-10,2026-03,NUT-VEG-400,Nutra Vegan Protein Mocaccino,Polvos & Envasado,26.4,27.4,True,2.71,145,0.184,NIR (analizador infrarrojo),Aprobado
EN-00234,L202507-00465,2025-07-19,2025-07,MEG-NIT-FR,Nitro Shock Frutos Rojos,Polvos & Envasado,24.3,24.7,True,2.43,294,0.087,Absorción atómica,Aprobado
EN-00235,L202603-01117,2026-03-26,2026-03,NUT-VEG-400,Nutra Vegan Protein Mocaccino,Polvos & Envasado,25.0,26.8,True,3.13,616,0.08,NIR (analizador infrarrojo),Aprobado
EN-00236,L202502-00114,2025-02-03,2025-02,MEG-SOY,Mega Soy,Polvos & Envasado,23.9,24.1,True,3.77,1073,0.039,NIR (analizador infrarrojo),Aprobado
EN-00237,L202504-00229,2025-04-08,2025-04,BIP-CLA-2N,BiPro Classic Natural 2 lb,Polvos & Envasado,22.9,24.3,True,3.34,221,0.134,Kjeldahl,Aprobado
EN-00238,L202608-01516,2026-08-19,2026-08,NUT-POP-CAJ,Nutra Pops caja,Polvos & Envasado,22.9,23.4,True,3.96,1175,0.071,NIR (analizador infrarrojo),Aprobado
EN-00239,L202501-00052,2025-01-03,2025-01,NUT-POP-CAJ,Nutra Pops caja,Polvos & Envasado,25.3,25.7,True,2.35,444,0.08,NIR (analizador infrarrojo),Aprobado
EN-00240,L202507-00501,2025-07-01,2025-07,STK-BUR-TAR,Burner Stack 360 g,Polvos & Envasado,22.4,22.1,True,2.29,962,0.012,Microbiología,Aprobado
EN-00241,L202504-00260,2025-04-03,2025-04,NUT-VEG-400,Nutra Vegan Protein Mocaccino,Polvos & Envasado,22.9,23.9,True,3.67,673,0.04,Microbiología,Aprobado
EN-00242,L202607-01389,2026-07-17,2026-07,ALI-CAK-VAN,Protein Cake Vainilla,Horneados & Mezclas,25.4,25.9,True,3.37,197,0.024,NIR (analizador infrarrojo),Aprobado
EN-00243,L202512-00861,2025-12-17,2025-12,RAD-ENX,Energy X,Polvos & Envasado,25.0,26.4,True,3.87,895,0.166,Microbiología,Aprobado
EN-00244,L202604-01152,2026-04-11,2026-04,ALI-FIT-COC,Fitbar Coco,Barras & Snacks,24.1,24.8,True,4.45,632,0.007,NIR (analizador infrarrojo),Aprobado
EN-00245,L202601-00948,2026-01-24,2026-01,NUT-VEG-400,Nutra Vegan Protein Mocaccino,Polvos & Envasado,22.2,22.5,True,2.78,98,0.054,NIR (analizador infrarrojo),Aprobado
EN-00246,L202606-01383,2026-06-27,2026-06,STK-CRE-TAR,Crea Stack 1.3 lb,Polvos & Envasado,25.6,26.2,True,3.89,275,0.013,NIR (analizador infrarrojo),Aprobado
EN-00247,L202604-01161,2026-04-08,2026-04,BIP-CLA-2C,BiPro Classic Chocolate 2 lb,Polvos & Envasado,24.1,24.7,True,5.21,853,0.081,NIR (analizador infrarrojo),Aprobado
EN-00248,L202602-01049,2026-02-12,2026-02,RAD-PWD-TAR,Radical Power Drink tarro,Polvos & Envasado,22.4,23.0,True,3.38,911,0.035,Absorción atómica,Aprobado
EN-00249,L202601-00889,2026-01-18,2026-01,ALI-FIT-CHO,Fitbar Chocolate,Barras & Snacks,26.3,24.5,False,3.63,1697,0.185,NIR (analizador infrarrojo),Aprobado
EN-00250,L202607-01461,2026-07-15,2026-07,STK-BUR-TAR,Burner Stack 360 g,Polvos & Envasado,23.3,23.1,True,5.47,408,0.162,Kjeldahl,Aprobado
EN-00251,L202606-01305,2026-06-11,2026-06,BIP-CLA-09V,BiPro Classic Vainilla 0.9 lb,Polvos & Envasado,22.1,21.0,False,3.4,162,0.031,NIR (analizador infrarrojo),Aprobado
EN-00252,L202510-00667,2025-10-20,2025-10,BIP-CLA-DIS,BiPro Classic Display sachets,Sachets & Display,26.9,26.4,True,3.09,289,0.154,Microbiología,Aprobado
EN-00253,L202510-00702,2025-10-02,2025-10,RAD-ENX,Energy X,Polvos & Envasado,23.8,24.0,True,3.72,1634,0.05,NIR (analizador infrarrojo),Aprobado
EN-00254,L202511-00783,2025-11-16,2025-11,RAD-ENX,Energy X,Polvos & Envasado,26.0,27.3,True,3.06,1205,0.142,Microbiología,Aprobado
EN-00255,L202503-00165,2025-03-11,2025-03,BIP-MAS-3,BiPro Mass 3 lb,Polvos & Envasado,26.7,26.6,True,2.33,476,0.001,NIR (analizador infrarrojo),Aprobado
EN-00256,L202507-00433,2025-07-11,2025-07,ALI-PAN-TRA,Protein Pancake Tradicional,Horneados & Mezclas,24.7,24.8,True,3.15,1141,0.016,NIR (analizador infrarrojo),Aprobado
EN-00257,L202508-00563,2025-08-20,2025-08,RAD-MYT-12,Myth Legendary Pre-Workout x12,Bebidas RTD (lata),26.8,26.6,True,2.29,1063,0.372,Kjeldahl,Aprobado
EN-00258,L202503-00208,2025-03-02,2025-03,STK-CRE-TAR,Crea Stack 1.3 lb,Polvos & Envasado,22.6,22.8,True,3.2,1853,0.029,NIR (analizador infrarrojo),Aprobado
EN-00259,L202505-00286,2025-05-10,2025-05,ALI-PAN-WAF,Protein Pancake & Waffle,Horneados & Mezclas,23.5,24.4,True,2.6,228,0.021,Absorción atómica,Aprobado
EN-00260,L202605-01253,2026-05-14,2026-05,MEG-GAI-3,Gainz 3 lb,Polvos & Envasado,22.7,23.6,True,3.18,2622,0.01,NIR (analizador infrarrojo),Aprobado
EN-00261,L202511-00747,2025-11-09,2025-11,BIP-LIT-24,BiPro Lite 2.4 lb,Polvos & Envasado,22.5,23.2,True,2.54,672,0.072,NIR (analizador infrarrojo),Aprobado
EN-00262,L202508-00519,2025-08-05,2025-08,BIP-CLA-09V,BiPro Classic Vainilla 0.9 lb,Polvos & Envasado,26.9,27.3,True,3.62,498,0.153,Absorción atómica,Aprobado
EN-00263,L202501-00021,2025-01-08,2025-01,BIP-CLA-DIS,BiPro Classic Display sachets,Sachets & Display,25.3,25.6,True,3.64,1682,0.068,NIR (analizador infrarrojo),Aprobado
EN-00264,L202603-01098,2026-03-16,2026-03,MEG-CRE-2,Megaplex Creatine Power 2 lb,Polvos & Envasado,24.9,25.8,True,3.64,246,0.036,Kjeldahl,Aprobado
EN-00265,L202601-00929,2026-01-24,2026-01,MEG-CRE-2,Megaplex Creatine Power 2 lb,Polvos & Envasado,23.2,24.7,True,5.51,173,0.049,Absorción atómica,Aprobado
EN-00266,L202508-00532,2025-08-01,2025-08,MEG-CAR-CER,Mega Carbs Limón Cereza,Polvos & Envasado,22.4,24.4,True,2.56,395,0.129,NIR (analizador infrarrojo),Aprobado
EN-00267,L202604-01191,2026-04-11,2026-04,NUT-POP-CAJ,Nutra Pops caja,Polvos & Envasado,24.6,25.2,True,4.34,6317,0.06,NIR (analizador infrarrojo),Aprobado
EN-00268,L202605-01260,2026-05-18,2026-05,NUT-BAL,Nutra Balance x8 sobres,Sachets & Display,24.8,26.7,True,2.76,541,0.25,NIR (analizador infrarrojo),Aprobado
EN-00269,L202601-00913,2026-01-06,2026-01,BIP-CLA-DIS,BiPro Classic Display sachets,Sachets & Display,23.6,23.9,True,3.43,3141,0.032,NIR (analizador infrarrojo),Aprobado
EN-00270,L202602-01029,2026-02-01,2026-02,NUT-POP-PK,Nutra Pops pack x12,Polvos & Envasado,22.5,22.6,True,2.69,637,0.078,NIR (analizador infrarrojo),Aprobado
EN-00271,L202506-00352,2025-06-16,2025-06,ALI-CAK-CHO,Protein Cake Chocolate,Horneados & Mezclas,22.5,23.6,True,4.26,51,0.044,Microbiología,Aprobado
EN-00272,L202605-01270,2026-05-02,2026-05,NUT-VEG-400,Nutra Vegan Protein Mocaccino,Polvos & Envasado,24.8,25.9,True,4.42,1191,0.067,NIR (analizador infrarrojo),Aprobado
EN-00273,L202510-00705,2025-10-06,2025-10,RAD-MYT-12,Myth Legendary Pre-Workout x12,Bebidas RTD (lata),26.9,25.0,False,4.45,1817,0.046,NIR (analizador infrarrojo),Aprobado
EN-00274,L202603-01124,2026-03-19,2026-03,RAD-ENX,Energy X,Polvos & Envasado,26.5,27.2,True,3.16,1007,0.078,Kjeldahl,Aprobado
EN-00275,L202511-00789,2025-11-14,2025-11,RAD-RES-24,Rescue · paca x24,Bebidas RTD (lata),25.7,25.4,True,3.96,165,0.123,Absorción atómica,Aprobado
EN-00276,L202506-00362,2025-06-20,2025-06,BIP-CLA-09V,BiPro Classic Vainilla 0.9 lb,Polvos & Envasado,22.5,22.3,True,3.61,1460,0.053,NIR (analizador infrarrojo),Aprobado
EN-00277,L202607-01387,2026-07-16,2026-07,ALI-CAK-CHO,Protein Cake Chocolate,Horneados & Mezclas,23.2,22.5,True,4.13,898,0.021,Microbiología,Aprobado
EN-00278,L202607-01463,2026-07-18,2026-07,STK-COL,Collagen Stack 585 g,Polvos & Envasado,26.5,25.6,True,2.91,676,0.095,NIR (analizador infrarrojo),Aprobado
EN-00279,L202502-00129,2025-02-23,2025-02,NUT-ZOL,Zolé Vainilla 450 g,Polvos & Envasado,26.7,25.6,True,5.13,849,0.065,Kjeldahl,Aprobado
EN-00280,L202604-01183,2026-04-05,2026-04,MEG-GAI-3,Gainz 3 lb,Polvos & Envasado,24.4,23.7,True,3.87,2097,0.039,NIR (analizador infrarrojo),Aprobado
EN-00281,L202506-00411,2025-06-19,2025-06,RAD-PWD-TAR,Radical Power Drink tarro,Polvos & Envasado,24.7,23.4,False,3.6,647,0.077,NIR (analizador infrarrojo),Aprobado
EN-00282,L202606-01364,2026-06-12,2026-06,RAD-MYT-24,Myth Legendary Pre-Workout x24,Bebidas RTD (lata),26.5,27.3,True,3.09,1230,0.011,Absorción atómica,Aprobado
EN-00283,L202511-00739,2025-11-01,2025-11,BIP-CLA-2N,BiPro Classic Natural 2 lb,Polvos & Envasado,26.5,27.0,True,4.97,236,0.043,NIR (analizador infrarrojo),Cuarentena
EN-00284,L202507-00466,2025-07-04,2025-07,MEG-NIT-FR,Nitro Shock Frutos Rojos,Polvos & Envasado,24.0,24.0,True,4.21,515,0.517,NIR (analizador infrarrojo),Aprobado
EN-00285,L202505-00325,2025-05-27,2025-05,NUT-VEG-400,Nutra Vegan Protein Mocaccino,Polvos & Envasado,26.3,25.9,True,3.39,377,0.305,NIR (analizador infrarrojo),Aprobado
EN-00286,L202503-00152,2025-03-11,2025-03,ALI-PAN-WAF,Protein Pancake & Waffle,Horneados & Mezclas,23.8,24.0,True,2.3,1472,0.101,NIR (analizador infrarrojo),Aprobado
EN-00287,L202505-00327,2025-05-15,2025-05,NUT-ZOL,Zolé Vainilla 450 g,Polvos & Envasado,23.1,22.5,True,3.73,603,0.034,NIR (analizador infrarrojo),Aprobado
EN-00288,L202603-01119,2026-03-13,2026-03,NUT-VEG-400,Nutra Vegan Protein Mocaccino,Polvos & Envasado,23.5,23.0,True,3.89,198,0.093,Microbiología,Aprobado
EN-00289,L202512-00858,2025-12-09,2025-12,NUT-ZOL,Zolé Vainilla 450 g,Polvos & Envasado,26.6,27.9,True,4.8,191,0.029,NIR (analizador infrarrojo),Aprobado
EN-00290,L202605-01222,2026-05-10,2026-05,ALI-CAK-VAN,Protein Cake Vainilla,Horneados & Mezclas,23.3,24.3,True,3.57,712,0.048,Kjeldahl,Aprobado
EN-00291,L202602-01026,2026-02-20,2026-02,NUT-POP-CAJ,Nutra Pops caja,Polvos & Envasado,25.2,26.3,True,3.79,2052,0.005,NIR (analizador infrarrojo),Aprobado
EN-00292,L202602-01035,2026-02-06,2026-02,NUT-VEG-400,Nutra Vegan Protein Mocaccino,Polvos & Envasado,23.9,23.6,True,3.63,919,0.051,NIR (analizador infrarrojo),Aprobado
EN-00293,L202508-00542,2025-08-08,2025-08,MEG-SOY,Mega Soy,Polvos & Envasado,23.0,22.4,True,2.43,407,0.06,Kjeldahl,Aprobado
EN-00294,L202510-00717,2025-10-17,2025-10,STK-COMBO,Combo BiPro Lite + Burner Stack,Polvos & Envasado,26.1,26.6,True,2.95,114,0.554,Kjeldahl,Aprobado
EN-00295,L202601-00888,2026-01-05,2026-01,ALI-CAK-VAN,Protein Cake Vainilla,Horneados & Mezclas,26.8,25.6,True,4.49,524,0.043,NIR (analizador infrarrojo),Aprobado
EN-00296,L202512-00805,2025-12-09,2025-12,ALI-CAK-CHO,Protein Cake Chocolate,Horneados & Mezclas,26.4,27.1,True,3.46,543,0.006,Absorción atómica,Aprobado
EN-00297,L202511-00766,2025-11-12,2025-11,NUT-BAL,Nutra Balance x8 sobres,Sachets & Display,22.4,23.2,True,2.93,97,0.032,NIR (analizador infrarrojo),Aprobado
EN-00298,L202510-00700,2025-10-12,2025-10,NUT-ZOL,Zolé Vainilla 450 g,Polvos & Envasado,26.0,26.3,True,3.79,332,0.207,Microbiología,Aprobado
EN-00299,L202602-01043,2026-02-24,2026-02,RAD-MYT-12,Myth Legendary Pre-Workout x12,Bebidas RTD (lata),23.5,24.6,True,4.12,533,0.016,NIR (analizador infrarrojo),Aprobado
EN-00300,L202606-01348,2026-06-22,2026-06,NUT-SB,Nutra Smart Baby,Polvos & Envasado,22.6,23.1,True,3.79,499,0.059,NIR (analizador infrarrojo),Aprobado
EN-00301,L202510-00681,2025-10-01,2025-10,MEG-GAI-64,Gainz Vainilla 6.4 lb,Polvos & Envasado,26.5,27.0,True,2.79,105,0.016,NIR (analizador infrarrojo),Aprobado
EN-00302,L202511-00782,2025-11-22,2025-11,RAD-ENX,Energy X,Polvos & Envasado,23.4,25.2,True,3.89,4375,0.05,NIR (analizador infrarrojo),Aprobado
EN-00303,L202511-00729,2025-11-13,2025-11,ALI-FIT-CHO,Fitbar Chocolate,Barras & Snacks,22.4,22.7,True,5.01,1542,0.05,Microbiología,Aprobado
EN-00304,L202508-00559,2025-08-24,2025-08,NUT-ZOL,Zolé Vainilla 450 g,Polvos & Envasado,25.5,25.5,True,3.55,882,0.001,Absorción atómica,Aprobado
EN-00305,L202508-00554,2025-08-27,2025-08,NUT-RX,Nut-Rx Vainilla 400 g,Polvos & Envasado,25.5,24.9,True,3.06,2773,0.01,Kjeldahl,Aprobado
EN-00306,L202501-00056,2025-01-07,2025-01,NUT-POP-PK,Nutra Pops pack x12,Polvos & Envasado,26.6,26.0,True,3.8,207,0.021,Kjeldahl,Aprobado
EN-00307,L202512-00818,2025-12-21,2025-12,BIP-CLA-2C,BiPro Classic Chocolate 2 lb,Polvos & Envasado,26.2,26.4,True,5.28,2448,0.07,NIR (analizador infrarrojo),Aprobado
EN-00308,L202506-00416,2025-06-19,2025-06,STK-BUR-L12,Burner Stack Lata · paca x12,Bebidas RTD (lata),24.0,24.4,True,5.25,2521,0.012,NIR (analizador infrarrojo),Aprobado
EN-00309,L202603-01106,2026-03-07,2026-03,MER-BAC,Nutramerican Backpack,Maquila externa,22.5,21.7,True,5.63,2283,0.006,Absorción atómica,Aprobado
EN-00310,L202607-01456,2026-07-20,2026-07,RAD-RES-4,Rescue · paca x4,Bebidas RTD (lata),22.4,23.3,True,2.9,855,0.045,NIR (analizador infrarrojo),Aprobado
EN-00311,L202608-01500,2026-08-02,2026-08,MEG-CAR-CER,Mega Carbs Limón Cereza,Polvos & Envasado,25.3,25.6,True,4.11,3439,0.207,NIR (analizador infrarrojo),Aprobado
EN-00312,L202608-01481,2026-08-24,2026-08,BIP-CLA-2C,BiPro Classic Chocolate 2 lb,Polvos & Envasado,22.9,23.9,True,4.08,218,0.052,Microbiología,Aprobado
EN-00313,L202503-00171,2025-03-16,2025-03,MEG-CRE-2,Megaplex Creatine Power 2 lb,Polvos & Envasado,24.7,24.7,True,4.9,619,0.358,NIR (analizador infrarrojo),Aprobado
EN-00314,L202511-00769,2025-11-13,2025-11,NUT-POP-CAJ,Nutra Pops caja,Polvos & Envasado,22.8,23.3,True,4.09,913,0.041,Kjeldahl,Aprobado
EN-00315,L202508-00565,2025-08-09,2025-08,RAD-PWD,Radical Power Drink polvo,Polvos & Envasado,22.8,23.0,True,3.96,215,0.086,NIR (analizador infrarrojo),Aprobado
EN-00316,L202607-01386,2026-07-02,2026-07,ALI-CAK-CHO,Protein Cake Chocolate,Horneados & Mezclas,26.2,29.0,True,2.72,980,0.001,NIR (analizador infrarrojo),Aprobado
EN-00317,L202606-01306,2026-06-15,2026-06,BIP-CLA-2C,BiPro Classic Chocolate 2 lb,Polvos & Envasado,26.5,27.7,True,4.48,1243,0.043,NIR (analizador infrarrojo),Aprobado
EN-00318,L202504-00265,2025-04-19,2025-04,RAD-PWD-TAR,Radical Power Drink tarro,Polvos & Envasado,22.3,21.0,False,4.96,353,0.053,NIR (analizador infrarrojo),Aprobado
EN-00319,L202605-01257,2026-05-10,2026-05,MEG-SOY,Mega Soy,Polvos & Envasado,26.4,26.7,True,3.79,2583,0.119,NIR (analizador infrarrojo),Cuarentena
EN-00320,L202505-00298,2025-05-27,2025-05,BIP-COM-21,BiPro Complex Vainilla 2.1 lb,Polvos & Envasado,24.6,26.9,True,3.61,792,0.314,NIR (analizador infrarrojo),Aprobado
EN-00321,L202508-00526,2025-08-02,2025-08,BIP-CLA-DIS,BiPro Classic Display sachets,Sachets & Display,24.7,23.7,True,4.22,436,0.001,NIR (analizador infrarrojo),Aprobado
EN-00322,L202608-01490,2026-08-02,2026-08,BIP-CLA-DIS,BiPro Classic Display sachets,Sachets & Display,25.1,25.7,True,4.06,2068,0.069,Microbiología,Aprobado
EN-00323,L202506-00398,2025-06-02,2025-06,NUT-POP-PK,Nutra Pops pack x12,Polvos & Envasado,23.4,22.8,True,3.51,302,0.104,NIR (analizador infrarrojo),Aprobado
EN-00324,L202505-00345,2025-05-15,2025-05,STK-BUR-TAR,Burner Stack 360 g,Polvos & Envasado,25.2,26.2,True,2.97,286,0.079,NIR (analizador infrarrojo),Aprobado
EN-00325,L202508-00518,2025-08-27,2025-08,BIP-CLA-09V,BiPro Classic Vainilla 0.9 lb,Polvos & Envasado,23.0,23.2,True,3.85,3620,0.009,NIR (analizador infrarrojo),Aprobado
EN-00326,L202506-00351,2025-06-26,2025-06,ALI-CAK-CHO,Protein Cake Chocolate,Horneados & Mezclas,22.9,22.7,True,3.56,428,0.009,Microbiología,Aprobado
EN-00327,L202506-00375,2025-06-24,2025-06,MEG-CAR-CER,Mega Carbs Limón Cereza,Polvos & Envasado,22.1,22.4,True,4.03,618,0.013,NIR (analizador infrarrojo),Aprobado
EN-00328,L202608-01478,2026-08-17,2026-08,ALI-PAN-WAF,Protein Pancake & Waffle,Horneados & Mezclas,22.4,22.4,True,2.34,58,0.073,NIR (analizador infrarrojo),Aprobado
EN-00329,L202507-00427,2025-07-04,2025-07,ALI-CAK-CHO,Protein Cake Chocolate,Horneados & Mezclas,26.9,27.6,True,3.96,514,0.013,Kjeldahl,Aprobado
EN-00330,L202608-01550,2026-08-17,2026-08,STK-PRW,Prime W Collagen Stack,Polvos & Envasado,26.9,28.0,True,4.28,860,0.033,Kjeldahl,Aprobado
EN-00331,L202606-01299,2026-06-04,2026-06,ALI-FIT-COC,Fitbar Coco,Barras & Snacks,23.6,25.7,True,3.2,891,0.045,NIR (analizador infrarrojo),Aprobado
EN-00332,L202504-00214,2025-04-08,2025-04,ALI-CAK-VAN,Protein Cake Vainilla,Horneados & Mezclas,22.3,22.3,True,5.64,484,0.091,NIR (analizador infrarrojo),Aprobado
EN-00333,L202512-00859,2025-12-16,2025-12,NUT-ZOL,Zolé Vainilla 450 g,Polvos & Envasado,25.5,26.5,True,3.19,301,0.015,Absorción atómica,Aprobado
EN-00334,L202604-01212,2026-04-18,2026-04,STK-BUR-TAR,Burner Stack 360 g,Polvos & Envasado,24.6,25.4,True,3.87,1112,0.027,NIR (analizador infrarrojo),Aprobado
EN-00335,L202608-01515,2026-08-22,2026-08,NUT-POP-CAJ,Nutra Pops caja,Polvos & Envasado,24.3,25.0,True,3.97,203,0.087,NIR (analizador infrarrojo),Aprobado
EN-00336,L202506-00355,2025-06-21,2025-06,ALI-FIT-COC,Fitbar Coco,Barras & Snacks,23.2,22.9,True,3.35,1534,0.079,Microbiología,Aprobado
EN-00337,L202605-01275,2026-05-14,2026-05,RAD-MYT-12,Myth Legendary Pre-Workout x12,Bebidas RTD (lata),26.5,27.9,True,4.08,1525,0.023,Absorción atómica,Cuarentena
EN-00338,L202510-00719,2025-10-19,2025-10,STK-CRE-SAC,Crea Stack Display sachets,Sachets & Display,24.9,26.5,True,2.76,2036,0.094,Kjeldahl,Aprobado
EN-00339,L202503-00200,2025-03-26,2025-03,RAD-RES-24,Rescue · paca x24,Bebidas RTD (lata),26.5,27.8,True,3.97,4879,0.025,NIR (analizador infrarrojo),Aprobado
EN-00340,L202511-00790,2025-11-09,2025-11,RAD-RES-4,Rescue · paca x4,Bebidas RTD (lata),25.4,26.1,True,3.8,120,0.017,NIR (analizador infrarrojo),Aprobado
EN-00341,L202603-01123,2026-03-03,2026-03,RAD-ENX,Energy X,Polvos & Envasado,26.2,26.3,True,4.07,437,0.056,Microbiología,Aprobado
EN-00342,L202605-01286,2026-05-07,2026-05,STK-COL,Collagen Stack 585 g,Polvos & Envasado,22.6,24.4,True,3.45,1898,0.094,Absorción atómica,Aprobado
EN-00343,L202606-01325,2026-06-13,2026-06,MEG-CAR-COC,Mega Carbs Limonada de Coco,Polvos & Envasado,22.4,22.5,True,4.07,498,0.003,Microbiología,Aprobado
EN-00344,L202607-01465,2026-07-15,2026-07,STK-CRE-SAC,Crea Stack Display sachets,Sachets & Display,22.6,24.0,True,2.9,435,0.059,Kjeldahl,Aprobado
EN-00345,L202504-00217,2025-04-09,2025-04,ALI-FIT-COC,Fitbar Coco,Barras & Snacks,26.7,27.7,True,4.95,744,0.058,Kjeldahl,Aprobado
EN-00346,L202604-01196,2026-04-06,2026-04,NUT-VEG-400,Nutra Vegan Protein Mocaccino,Polvos & Envasado,26.4,24.9,False,3.73,660,0.026,NIR (analizador infrarrojo),Aprobado
EN-00347,L202504-00254,2025-04-02,2025-04,NUT-POP-CAJ,Nutra Pops caja,Polvos & Envasado,25.2,24.8,True,3.05,235,0.141,Absorción atómica,Aprobado
EN-00348,L202503-00153,2025-03-02,2025-03,BIP-CLA-09V,BiPro Classic Vainilla 0.9 lb,Polvos & Envasado,22.3,21.9,True,3.11,388,0.245,NIR (analizador infrarrojo),Aprobado
EN-00349,L202503-00195,2025-03-05,2025-03,RAD-ENX,Energy X,Polvos & Envasado,23.6,24.7,True,2.6,166,0.042,NIR (analizador infrarrojo),Aprobado
EN-00350,L202506-00410,2025-06-23,2025-06,RAD-PWD,Radical Power Drink polvo,Polvos & Envasado,23.8,24.1,True,2.44,186,0.163,Microbiología,Aprobado
EN-00351,L202509-00612,2025-09-12,2025-09,MEG-NIT-FR,Nitro Shock Frutos Rojos,Polvos & Envasado,26.5,26.3,True,3.15,391,0.007,NIR (analizador infrarrojo),Aprobado
EN-00352,L202601-00919,2026-01-02,2026-01,MEG-CAR-CER,Mega Carbs Limón Cereza,Polvos & Envasado,23.7,24.0,True,5.05,1325,0.434,Kjeldahl,Aprobado
EN-00353,L202501-00069,2025-01-25,2025-01,RAD-PWD,Radical Power Drink polvo,Polvos & Envasado,24.3,24.9,True,4.36,141,0.183,Microbiología,Aprobado
EN-00354,L202506-00408,2025-06-14,2025-06,RAD-MYT-24,Myth Legendary Pre-Workout x24,Bebidas RTD (lata),22.6,22.8,True,3.91,433,0.011,NIR (analizador infrarrojo),Aprobado
EN-00355,L202502-00131,2025-02-25,2025-02,RAD-ENX,Energy X,Polvos & Envasado,26.3,26.1,True,2.71,1359,0.119,Microbiología,Aprobado
EN-00356,L202506-00359,2025-06-24,2025-06,ALI-PAN-WAF,Protein Pancake & Waffle,Horneados & Mezclas,23.8,24.2,True,4.89,781,0.196,Kjeldahl,Aprobado
EN-00357,L202608-01484,2026-08-18,2026-08,BIP-CLA-2V,BiPro Classic Vainilla 2 lb,Polvos & Envasado,24.0,24.5,True,2.36,730,0.045,Microbiología,Aprobado
EN-00358,L202505-00301,2025-05-13,2025-05,BIP-MAS-3,BiPro Mass 3 lb,Polvos & Envasado,23.8,25.2,True,3.3,1518,0.025,NIR (analizador infrarrojo),Aprobado
EN-00359,L202608-01501,2026-08-07,2026-08,MEG-CAR-COC,Mega Carbs Limonada de Coco,Polvos & Envasado,26.4,25.2,True,4.24,481,0.017,Absorción atómica,Aprobado
EN-00360,L202605-01290,2026-05-07,2026-05,STK-CRE-TAR,Crea Stack 1.3 lb,Polvos & Envasado,23.2,23.9,True,4.03,817,0.171,NIR (analizador infrarrojo),Aprobado
EN-00361,L202608-01496,2026-08-11,2026-08,BIP-MAS-3,BiPro Mass 3 lb,Polvos & Envasado,26.9,27.2,True,3.08,1326,0.037,Kjeldahl,Aprobado
EN-00362,L202608-01483,2026-08-14,2026-08,BIP-CLA-2N,BiPro Classic Natural 2 lb,Polvos & Envasado,24.0,26.8,True,3.96,3291,0.235,Microbiología,Aprobado
EN-00363,L202601-00916,2026-01-25,2026-01,BIP-LIT-24,BiPro Lite 2.4 lb,Polvos & Envasado,24.0,24.4,True,3.48,4535,0.013,Absorción atómica,Aprobado
EN-00364,L202504-00241,2025-04-12,2025-04,MEG-CRE-10,Megaplex Creatine Power 10 lb,Polvos & Envasado,22.1,21.8,True,2.18,2772,0.037,NIR (analizador infrarrojo),Aprobado
EN-00365,L202511-00798,2025-11-23,2025-11,STK-CRE-SAC,Crea Stack Display sachets,Sachets & Display,22.7,24.4,True,2.44,609,0.02,NIR (analizador infrarrojo),Cuarentena
EN-00366,L202601-00926,2026-01-27,2026-01,MEG-CRE-2,Megaplex Creatine Power 2 lb,Polvos & Envasado,26.0,26.1,True,4.37,843,0.081,Microbiología,Aprobado
EN-00367,L202608-01480,2026-08-09,2026-08,BIP-CLA-09V,BiPro Classic Vainilla 0.9 lb,Polvos & Envasado,23.9,23.2,True,4.07,2089,0.032,NIR (analizador infrarrojo),Rechazado
EN-00368,L202503-00188,2025-03-15,2025-03,NUT-RX,Nut-Rx Vainilla 400 g,Polvos & Envasado,23.8,22.4,False,3.85,398,0.096,Kjeldahl,Aprobado
EN-00369,L202602-01016,2026-02-06,2026-02,MEG-NIT-FR,Nitro Shock Frutos Rojos,Polvos & Envasado,26.5,25.8,True,2.74,1896,0.046,Absorción atómica,Aprobado
EN-00370,L202603-01139,2026-03-15,2026-03,STK-COMBO,Combo BiPro Lite + Burner Stack,Polvos & Envasado,23.4,22.3,True,4.79,394,0.105,Absorción atómica,Aprobado
EN-00371,L202603-01076,2026-03-05,2026-03,BIP-CLA-2C,BiPro Classic Chocolate 2 lb,Polvos & Envasado,24.6,25.6,True,4.65,3862,0.069,Kjeldahl,Aprobado
EN-00372,L202605-01279,2026-05-12,2026-05,RAD-PWD-TAR,Radical Power Drink tarro,Polvos & Envasado,23.3,23.3,True,4.04,111,0.075,Microbiología,Aprobado
EN-00373,L202503-00181,2025-03-11,2025-03,NUT-BAL,Nutra Balance x8 sobres,Sachets & Display,26.3,26.5,True,2.69,308,0.042,Microbiología,Aprobado
EN-00374,L202505-00303,2025-05-23,2025-05,MEG-CAR-CER,Mega Carbs Limón Cereza,Polvos & Envasado,26.7,28.9,True,4.83,109,0.041,Kjeldahl,Aprobado
EN-00375,L202505-00284,2025-05-21,2025-05,ALI-PAN-TRA,Protein Pancake Tradicional,Horneados & Mezclas,23.1,23.1,True,4.04,449,0.011,Kjeldahl,Aprobado
EN-00376,L202510-00709,2025-10-05,2025-10,RAD-RES-12,Rescue · paca x12,Bebidas RTD (lata),24.7,24.7,True,4.77,118,0.028,NIR (analizador infrarrojo),Aprobado
EN-00377,L202605-01284,2026-05-16,2026-05,STK-BUR-L24,Burner Stack Lata · paca x24,Bebidas RTD (lata),26.1,27.1,True,3.76,1435,0.295,NIR (analizador infrarrojo),Aprobado
EN-00378,L202608-01520,2026-08-05,2026-08,NUT-RX,Nut-Rx Vainilla 400 g,Polvos & Envasado,24.9,25.9,True,3.46,327,0.019,NIR (analizador infrarrojo),Aprobado
EN-00379,L202508-00572,2025-08-03,2025-08,STK-BUR-L24,Burner Stack Lata · paca x24,Bebidas RTD (lata),26.1,25.5,True,3.57,353,0.001,Absorción atómica,Aprobado
EN-00380,L202604-01171,2026-04-26,2026-04,BIP-CLA-DIS,BiPro Classic Display sachets,Sachets & Display,24.8,24.9,True,4.38,3172,0.021,Microbiología,Aprobado
EN-00381,L202502-00110,2025-02-25,2025-02,MEG-GAI-3,Gainz 3 lb,Polvos & Envasado,27.0,27.9,True,4.09,610,0.15,NIR (analizador infrarrojo),Aprobado
EN-00382,L202606-01345,2026-06-26,2026-06,NUT-RX,Nut-Rx Vainilla 400 g,Polvos & Envasado,25.9,25.4,True,3.67,1190,0.022,NIR (analizador infrarrojo),Aprobado
EN-00383,L202502-00123,2025-02-18,2025-02,NUT-POP-PK,Nutra Pops pack x12,Polvos & Envasado,23.7,23.3,True,4.69,5714,0.007,NIR (analizador infrarrojo),Aprobado
EN-00384,L202603-01115,2026-03-09,2026-03,NUT-RX,Nut-Rx Vainilla 400 g,Polvos & Envasado,26.0,26.5,True,3.55,1126,0.07,Absorción atómica,Aprobado
EN-00385,L202505-00281,2025-05-17,2025-05,ALI-CAK-VAN,Protein Cake Vainilla,Horneados & Mezclas,25.2,24.2,True,3.68,425,0.168,Microbiología,Aprobado
EN-00386,L202509-00582,2025-09-25,2025-09,ALI-FIT-CHO,Fitbar Chocolate,Barras & Snacks,26.1,27.4,True,3.63,3268,0.174,Kjeldahl,Aprobado
EN-00387,L202510-00701,2025-10-26,2025-10,RAD-ENX,Energy X,Polvos & Envasado,22.3,21.9,True,3.4,391,0.392,NIR (analizador infrarrojo),Aprobado
EN-00388,L202601-00949,2026-01-17,2026-01,NUT-ZOL,Zolé Vainilla 450 g,Polvos & Envasado,26.4,27.2,True,3.26,504,0.041,NIR (analizador infrarrojo),Aprobado
EN-00389,L202607-01403,2026-07-02,2026-07,BIP-CLA-2V,BiPro Classic Vainilla 2 lb,Polvos & Envasado,24.5,24.3,True,3.58,1830,0.12,NIR (analizador infrarrojo),Aprobado
EN-00390,L202508-00557,2025-08-15,2025-08,NUT-VEG-400,Nutra Vegan Protein Mocaccino,Polvos & Envasado,23.1,23.1,True,4.54,110,0.059,NIR (analizador infrarrojo),Aprobado
EN-00391,L202507-00475,2025-07-24,2025-07,NUT-POP-CAJ,Nutra Pops caja,Polvos & Envasado,25.7,27.3,True,3.61,315,0.084,Microbiología,Aprobado
EN-00392,L202603-01145,2026-03-20,2026-03,STK-GLU,Gluta Stack,Polvos & Envasado,24.2,24.8,True,4.13,435,0.372,NIR (analizador infrarrojo),Aprobado
EN-00393,L202604-01169,2026-04-16,2026-04,BIP-CLA-3V,BiPro Classic Vainilla 3 lb,Polvos & Envasado,24.7,25.2,True,5.37,2251,0.144,Kjeldahl,Aprobado
EN-00394,L202605-01277,2026-05-04,2026-05,RAD-PWD,Radical Power Drink polvo,Polvos & Envasado,26.8,28.3,True,3.19,3058,0.195,Kjeldahl,Aprobado
EN-00395,L202603-01096,2026-03-20,2026-03,MEG-CRE-10,Megaplex Creatine Power 10 lb,Polvos & Envasado,23.7,23.8,True,2.0,1018,0.408,Absorción atómica,Aprobado
EN-00396,L202506-00417,2025-06-20,2025-06,STK-BUR-L24,Burner Stack Lata · paca x24,Bebidas RTD (lata),23.9,24.8,True,4.61,856,0.019,NIR (analizador infrarrojo),Cuarentena
EN-00397,L202604-01163,2026-04-17,2026-04,BIP-CLA-2N,BiPro Classic Natural 2 lb,Polvos & Envasado,26.9,26.7,True,3.95,522,0.044,Microbiología,Aprobado
EN-00398,L202501-00068,2025-01-19,2025-01,RAD-ENX,Energy X,Polvos & Envasado,24.6,23.7,True,4.25,990,0.02,NIR (analizador infrarrojo),Aprobado
EN-00399,L202601-00968,2026-01-25,2026-01,STK-BUR-L24,Burner Stack Lata · paca x24,Bebidas RTD (lata),25.5,26.6,True,3.92,102,0.087,NIR (analizador infrarrojo),Aprobado
EN-00400,L202605-01233,2026-05-02,2026-05,BIP-CLA-2N,BiPro Classic Natural 2 lb,Polvos & Envasado,22.2,22.6,True,2.78,181,0.075,NIR (analizador infrarrojo),Aprobado
EN-00401,L202608-01510,2026-08-20,2026-08,MEG-SOY,Mega Soy,Polvos & Envasado,23.2,23.8,True,2.68,1660,0.102,NIR (analizador infrarrojo),Aprobado
EN-00402,L202510-00669,2025-10-18,2025-10,BIP-CLA-DIS,BiPro Classic Display sachets,Sachets & Display,24.8,25.2,True,4.18,712,0.083,NIR (analizador infrarrojo),Aprobado
EN-00403,L202507-00499,2025-07-20,2025-07,STK-BUR-L12,Burner Stack Lata · paca x12,Bebidas RTD (lata),24.5,24.5,True,3.12,396,0.178,Kjeldahl,Aprobado
EN-00404,L202512-00875,2025-12-18,2025-12,STK-BUR-TAR,Burner Stack 360 g,Polvos & Envasado,26.5,26.9,True,3.13,802,0.112,NIR (analizador infrarrojo),Aprobado
EN-00405,L202509-00621,2025-09-12,2025-09,NUT-POP-PK,Nutra Pops pack x12,Polvos & Envasado,23.6,25.1,True,3.4,489,0.071,Kjeldahl,Aprobado
EN-00406,L202506-00390,2025-06-14,2025-06,MEG-SOY,Mega Soy,Polvos & Envasado,25.5,24.8,True,4.21,717,0.037,Kjeldahl,Aprobado
EN-00407,L202607-01443,2026-07-18,2026-07,NUT-VEG-400,Nutra Vegan Protein Mocaccino,Polvos & Envasado,25.9,26.3,True,2.55,196,0.075,NIR (analizador infrarrojo),Aprobado
EN-00408,L202507-00451,2025-07-07,2025-07,BIP-COM-21,BiPro Complex Vainilla 2.1 lb,Polvos & Envasado,25.2,26.9,True,3.71,945,0.167,NIR (analizador infrarrojo),Aprobado
EN-00409,L202506-00373,2025-06-01,2025-06,BIP-LIT-24,BiPro Lite 2.4 lb,Polvos & Envasado,23.0,23.0,True,2.84,710,0.094,NIR (analizador infrarrojo),Aprobado
EN-00410,L202608-01527,2026-08-07,2026-08,NUT-ZOL,Zolé Vainilla 450 g,Polvos & Envasado,26.9,27.6,True,3.72,5264,0.035,NIR (analizador infrarrojo),Aprobado
EN-00411,L202507-00453,2025-07-27,2025-07,BIP-LIT-24,BiPro Lite 2.4 lb,Polvos & Envasado,22.6,22.9,True,2.72,848,0.091,NIR (analizador infrarrojo),Aprobado
EN-00412,L202505-00319,2025-05-09,2025-05,NUT-C,Nutra-C Ácido Ascórbico 200 g,Polvos & Envasado,24.6,24.3,True,3.51,1053,0.038,Absorción atómica,Aprobado
EN-00413,L202602-00983,2026-02-22,2026-02,ALI-FIT-COC,Fitbar Coco,Barras & Snacks,26.5,27.4,True,4.24,250,0.027,NIR (analizador infrarrojo),Aprobado
EN-00414,L202509-00598,2025-09-02,2025-09,BIP-COM-21,BiPro Complex Vainilla 2.1 lb,Polvos & Envasado,24.7,25.2,True,4.84,725,0.306,NIR (analizador infrarrojo),Aprobado
EN-00415,L202509-00603,2025-09-17,2025-09,MEG-CAR-COC,Mega Carbs Limonada de Coco,Polvos & Envasado,25.8,25.0,True,3.08,958,0.231,NIR (analizador infrarrojo),Aprobado
EN-00416,L202602-01011,2026-02-10,2026-02,MEG-CRE-10,Megaplex Creatine Power 10 lb,Polvos & Envasado,23.8,24.9,True,4.32,374,0.131,NIR (analizador infrarrojo),Aprobado
EN-00417,L202502-00133,2025-02-27,2025-02,RAD-ENX,Energy X,Polvos & Envasado,24.6,24.9,True,4.47,1022,0.078,NIR (analizador infrarrojo),Aprobado
EN-00418,L202511-00740,2025-11-16,2025-11,BIP-CLA-2V,BiPro Classic Vainilla 2 lb,Polvos & Envasado,22.8,22.9,True,2.98,675,0.029,NIR (analizador infrarrojo),Aprobado
EN-00419,L202509-00588,2025-09-19,2025-09,ALI-PAN-WAF,Protein Pancake & Waffle,Horneados & Mezclas,22.8,22.8,True,4.58,817,0.009,NIR (analizador infrarrojo),Aprobado
EN-00420,L202507-00452,2025-07-23,2025-07,BIP-COM-21,BiPro Complex Vainilla 2.1 lb,Polvos & Envasado,23.0,23.0,True,3.05,1002,0.289,Absorción atómica,Aprobado
EN-00421,L202508-00512,2025-08-08,2025-08,ALI-FIT-CHO,Fitbar Chocolate,Barras & Snacks,26.5,27.3,True,3.21,748,0.028,NIR (analizador infrarrojo),Aprobado
EN-00422,L202606-01324,2026-06-21,2026-06,MEG-CAR-CER,Mega Carbs Limón Cereza,Polvos & Envasado,24.6,25.3,True,2.69,1478,0.039,NIR (analizador infrarrojo),Aprobado
EN-00423,L202511-00735,2025-11-20,2025-11,BIP-CLA-09V,BiPro Classic Vainilla 0.9 lb,Polvos & Envasado,23.2,22.9,True,4.54,61,0.098,NIR (analizador infrarrojo),Aprobado
EN-00424,L202606-01309,2026-06-18,2026-06,BIP-CLA-2N,BiPro Classic Natural 2 lb,Polvos & Envasado,26.0,26.1,True,3.61,3019,0.078,NIR (analizador infrarrojo),Aprobado
EN-00425,L202602-01052,2026-02-16,2026-02,RAD-RES-4,Rescue · paca x4,Bebidas RTD (lata),22.9,23.7,True,2.69,157,0.031,NIR (analizador infrarrojo),Aprobado
EN-00426,L202502-00126,2025-02-01,2025-02,NUT-RX,Nut-Rx Vainilla 400 g,Polvos & Envasado,24.5,25.2,True,4.41,2493,0.01,NIR (analizador infrarrojo),Aprobado
EN-00427,L202507-00505,2025-07-09,2025-07,STK-CRE-TAR,Crea Stack 1.3 lb,Polvos & Envasado,23.7,23.7,True,3.07,544,0.082,Kjeldahl,Aprobado
EN-00428,L202603-01125,2026-03-08,2026-03,RAD-MYT-12,Myth Legendary Pre-Workout x12,Bebidas RTD (lata),22.4,22.7,True,3.24,208,0.528,Microbiología,Aprobado
EN-00429,L202603-01068,2026-03-16,2026-03,ALI-PAN-TRA,Protein Pancake Tradicional,Horneados & Mezclas,26.2,26.8,True,2.95,784,0.099,Microbiología,Aprobado
EN-00430,L202603-01138,2026-03-22,2026-03,STK-COL,Collagen Stack 585 g,Polvos & Envasado,22.1,21.7,True,3.4,860,0.025,NIR (analizador infrarrojo),Aprobado
EN-00431,L202511-00743,2025-11-22,2025-11,BIP-CLA-DIS,BiPro Classic Display sachets,Sachets & Display,25.3,26.3,True,3.16,482,0.086,Microbiología,Aprobado
EN-00432,L202506-00387,2025-06-16,2025-06,MEG-NIT-FR,Nitro Shock Frutos Rojos,Polvos & Envasado,22.9,23.2,True,4.11,116,0.028,NIR (analizador infrarrojo),Aprobado
EN-00433,L202505-00290,2025-05-06,2025-05,BIP-CLA-2C,BiPro Classic Chocolate 2 lb,Polvos & Envasado,23.1,23.5,True,5.04,147,0.239,NIR (analizador infrarrojo),Aprobado
EN-00434,L202602-01050,2026-02-14,2026-02,RAD-RES-12,Rescue · paca x12,Bebidas RTD (lata),26.0,25.9,True,3.89,4068,0.077,Kjeldahl,Aprobado
EN-00435,L202601-00902,2026-01-17,2026-01,BIP-CLA-2C,BiPro Classic Chocolate 2 lb,Polvos & Envasado,23.8,25.7,True,2.63,879,0.042,NIR (analizador infrarrojo),Aprobado
EN-00436,L202608-01543,2026-08-11,2026-08,STK-BUR-TAR,Burner Stack 360 g,Polvos & Envasado,26.2,27.0,True,4.51,148,0.006,Microbiología,Aprobado
EN-00437,L202501-00054,2025-01-04,2025-01,NUT-POP-PK,Nutra Pops pack x12,Polvos & Envasado,23.3,22.6,True,3.97,1614,0.27,Microbiología,Aprobado
EN-00438,L202509-00611,2025-09-24,2025-09,MEG-NIT-FR,Nitro Shock Frutos Rojos,Polvos & Envasado,24.7,25.1,True,3.13,497,0.115,Microbiología,Aprobado
EN-00439,L202509-00636,2025-09-23,2025-09,RAD-RES-4,Rescue · paca x4,Bebidas RTD (lata),22.4,23.5,True,3.61,1506,0.254,NIR (analizador infrarrojo),Aprobado
EN-00440,L202607-01390,2026-07-04,2026-07,ALI-FIT-CHO,Fitbar Chocolate,Barras & Snacks,26.7,25.2,False,2.88,231,0.044,NIR (analizador infrarrojo),Aprobado
EN-00441,L202604-01181,2026-04-18,2026-04,MEG-CRE-2,Megaplex Creatine Power 2 lb,Polvos & Envasado,25.1,24.6,True,3.94,172,0.324,NIR (analizador infrarrojo),Aprobado
EN-00442,L202501-00041,2025-01-18,2025-01,MEG-SOY,Mega Soy,Polvos & Envasado,23.9,23.6,True,3.93,276,0.035,NIR (analizador infrarrojo),Aprobado
EN-00443,L202505-00340,2025-05-09,2025-05,RAD-RES-4,Rescue · paca x4,Bebidas RTD (lata),23.7,23.9,True,4.0,1024,0.075,Microbiología,Aprobado
EN-00444,L202511-00749,2025-11-27,2025-11,MEG-CAR-CER,Mega Carbs Limón Cereza,Polvos & Envasado,24.7,24.3,True,1.39,280,0.126,Microbiología,Aprobado
EN-00445,L202601-00931,2026-01-01,2026-01,MEG-GAI-64,Gainz Vainilla 6.4 lb,Polvos & Envasado,27.0,26.6,True,3.34,2057,0.077,Microbiología,Aprobado
EN-00446,L202608-01495,2026-08-04,2026-08,BIP-LIT-24,BiPro Lite 2.4 lb,Polvos & Envasado,26.8,27.3,True,4.64,1349,0.112,Kjeldahl,Aprobado
EN-00447,L202605-01267,2026-05-07,2026-05,NUT-RX,Nut-Rx Vainilla 400 g,Polvos & Envasado,26.2,26.3,True,3.64,1980,0.028,NIR (analizador infrarrojo),Aprobado
EN-00448,L202502-00084,2025-02-08,2025-02,ALI-PAN-TRA,Protein Pancake Tradicional,Horneados & Mezclas,22.2,23.4,True,4.02,423,0.044,NIR (analizador infrarrojo),Aprobado
EN-00449,L202502-00116,2025-02-13,2025-02,MEG-SOY,Mega Soy,Polvos & Envasado,22.5,22.0,True,3.76,1942,0.004,NIR (analizador infrarrojo),Aprobado
EN-00450,L202604-01194,2026-04-11,2026-04,NUT-RX,Nut-Rx Vainilla 400 g,Polvos & Envasado,25.9,27.7,True,3.83,414,0.038,NIR (analizador infrarrojo),Aprobado
EN-00451,L202506-00354,2025-06-23,2025-06,ALI-FIT-CHO,Fitbar Chocolate,Barras & Snacks,22.9,22.8,True,3.2,328,0.177,NIR (analizador infrarrojo),Aprobado
EN-00452,L202603-01127,2026-03-02,2026-03,RAD-PWD,Radical Power Drink polvo,Polvos & Envasado,24.5,24.7,True,3.6,225,0.058,Microbiología,Aprobado
EN-00453,L202603-01075,2026-03-20,2026-03,BIP-CLA-09V,BiPro Classic Vainilla 0.9 lb,Polvos & Envasado,22.6,22.9,True,4.71,2064,0.123,NIR (analizador infrarrojo),Aprobado
EN-00454,L202608-01474,2026-08-11,2026-08,ALI-FIT-CHO,Fitbar Chocolate,Barras & Snacks,22.2,22.4,True,3.98,244,0.069,Absorción atómica,Aprobado
EN-00455,L202504-00271,2025-04-21,2025-04,STK-BUR-L24,Burner Stack Lata · paca x24,Bebidas RTD (lata),23.3,25.3,True,3.02,514,0.289,NIR (analizador infrarrojo),Aprobado
EN-00456,L202602-00982,2026-02-11,2026-02,ALI-FIT-CHO,Fitbar Chocolate,Barras & Snacks,24.8,24.2,True,3.26,1728,0.039,Absorción atómica,Aprobado
EN-00457,L202605-01293,2026-05-12,2026-05,STK-GLU,Gluta Stack,Polvos & Envasado,24.2,24.9,True,3.04,4032,0.083,NIR (analizador infrarrojo),Aprobado
EN-00458,L202509-00610,2025-09-18,2025-09,MEG-GAI-64,Gainz Vainilla 6.4 lb,Polvos & Envasado,23.9,22.5,False,2.03,953,0.118,Absorción atómica,Cuarentena
EN-00459,L202605-01232,2026-05-20,2026-05,BIP-CLA-2C,BiPro Classic Chocolate 2 lb,Polvos & Envasado,26.4,26.8,True,2.33,41,0.277,NIR (analizador infrarrojo),Aprobado
EN-00460,L202506-00378,2025-06-17,2025-06,MEG-CAR-COC,Mega Carbs Limonada de Coco,Polvos & Envasado,26.8,26.8,True,3.34,55,0.03,Kjeldahl,Aprobado
EN-00461,L202512-00834,2025-12-21,2025-12,MEG-CRE-10,Megaplex Creatine Power 10 lb,Polvos & Envasado,26.7,26.8,True,3.54,188,0.252,Microbiología,Aprobado
EN-00462,L202502-00097,2025-02-14,2025-02,BIP-CLA-DIS,BiPro Classic Display sachets,Sachets & Display,22.7,22.3,True,5.49,327,0.039,NIR (analizador infrarrojo),Aprobado
EN-00463,L202510-00651,2025-10-27,2025-10,ALI-FIT-COC,Fitbar Coco,Barras & Snacks,24.5,26.6,True,3.9,475,0.016,Microbiología,Aprobado
EN-00464,L202507-00504,2025-07-17,2025-07,STK-CRE-SAC,Crea Stack Display sachets,Sachets & Display,26.2,25.9,True,4.23,113,0.005,Kjeldahl,Aprobado
EN-00465,L202607-01411,2026-07-12,2026-07,BIP-LIT-24,BiPro Lite 2.4 lb,Polvos & Envasado,22.1,22.3,True,4.3,2301,0.02,NIR (analizador infrarrojo),Aprobado
EN-00466,L202509-00594,2025-09-11,2025-09,BIP-CLA-2N,BiPro Classic Natural 2 lb,Polvos & Envasado,24.1,24.5,True,5.07,192,0.025,Absorción atómica,Aprobado
EN-00467,L202501-00049,2025-01-02,2025-01,NUT-POP-CAJ,Nutra Pops caja,Polvos & Envasado,26.0,27.0,True,4.34,1170,0.202,Absorción atómica,Aprobado
EN-00468,L202608-01529,2026-08-26,2026-08,RAD-ENX,Energy X,Polvos & Envasado,25.6,24.8,True,4.75,2171,0.472,NIR (analizador infrarrojo),Rechazado
EN-00469,L202604-01151,2026-04-27,2026-04,ALI-FIT-CHO,Fitbar Chocolate,Barras & Snacks,26.9,28.5,True,4.3,325,0.007,Kjeldahl,Aprobado
EN-00470,L202507-00468,2025-07-02,2025-07,MEG-SOY,Mega Soy,Polvos & Envasado,26.9,27.4,True,4.11,277,0.225,NIR (analizador infrarrojo),Aprobado
EN-00471,L202603-01088,2026-03-18,2026-03,BIP-COM-21,BiPro Complex Vainilla 2.1 lb,Polvos & Envasado,24.4,25.0,True,5.01,3024,0.011,NIR (analizador infrarrojo),Aprobado
EN-00472,L202503-00154,2025-03-04,2025-03,BIP-CLA-09V,BiPro Classic Vainilla 0.9 lb,Polvos & Envasado,23.3,24.6,True,2.97,124,0.039,Kjeldahl,Aprobado
EN-00473,L202504-00238,2025-04-11,2025-04,MEG-CAR-CER,Mega Carbs Limón Cereza,Polvos & Envasado,23.7,24.0,True,2.77,1300,0.043,NIR (analizador infrarrojo),Rechazado
EN-00474,L202501-00055,2025-01-15,2025-01,NUT-POP-PK,Nutra Pops pack x12,Polvos & Envasado,22.1,22.7,True,3.22,2394,0.03,Absorción atómica,Aprobado
EN-00475,L202506-00395,2025-06-16,2025-06,NUT-POP-CAJ,Nutra Pops caja,Polvos & Envasado,23.5,23.4,True,3.38,351,0.268,NIR (analizador infrarrojo),Aprobado
EN-00476,L202502-00124,2025-02-16,2025-02,NUT-POP-PK,Nutra Pops pack x12,Polvos & Envasado,22.1,22.8,True,4.18,1018,0.087,NIR (analizador infrarrojo),Aprobado
EN-00477,L202506-00356,2025-06-25,2025-06,ALI-FIT-COC,Fitbar Coco,Barras & Snacks,26.9,27.5,True,3.53,1792,0.009,NIR (analizador infrarrojo),Aprobado
EN-00478,L202507-00432,2025-07-24,2025-07,ALI-FIT-COC,Fitbar Coco,Barras & Snacks,24.2,23.4,True,3.86,335,0.082,NIR (analizador infrarrojo),Aprobado
EN-00479,L202502-00135,2025-02-06,2025-02,RAD-PWD,Radical Power Drink polvo,Polvos & Envasado,25.5,26.3,True,3.18,2032,0.083,NIR (analizador infrarrojo),Aprobado
EN-00480,L202507-00474,2025-07-07,2025-07,NUT-POP-CAJ,Nutra Pops caja,Polvos & Envasado,24.8,24.7,True,2.37,481,0.058,Kjeldahl,Aprobado
EN-00481,L202504-00269,2025-04-25,2025-04,RAD-RES-4,Rescue · paca x4,Bebidas RTD (lata),24.1,23.6,True,2.24,416,0.079,Microbiología,Aprobado
EN-00482,L202506-00386,2025-06-26,2025-06,MEG-NIT-FR,Nitro Shock Frutos Rojos,Polvos & Envasado,25.0,25.7,True,3.24,1610,0.073,Kjeldahl,Aprobado
EN-00483,L202502-00098,2025-02-14,2025-02,BIP-CLA-DIS,BiPro Classic Display sachets,Sachets & Display,22.2,22.6,True,4.8,430,0.425,Kjeldahl,Aprobado
EN-00484,L202504-00221,2025-04-11,2025-04,ALI-PAN-WAF,Protein Pancake & Waffle,Horneados & Mezclas,26.9,27.9,True,3.92,855,0.263,NIR (analizador infrarrojo),Aprobado
EN-00485,L202501-00042,2025-01-08,2025-01,MEG-SOY,Mega Soy,Polvos & Envasado,23.3,22.5,True,2.76,1352,0.035,NIR (analizador infrarrojo),Aprobado
EN-00486,L202504-00220,2025-04-27,2025-04,ALI-PAN-TRA,Protein Pancake Tradicional,Horneados & Mezclas,22.8,22.4,True,3.5,1247,0.069,NIR (analizador infrarrojo),Aprobado
EN-00487,L202608-01513,2026-08-27,2026-08,NUT-BAL,Nutra Balance x8 sobres,Sachets & Display,26.0,27.8,True,4.12,41,0.004,Kjeldahl,Aprobado
EN-00488,L202601-00921,2026-01-27,2026-01,MEG-CAR-CER,Mega Carbs Limón Cereza,Polvos & Envasado,24.2,24.7,True,2.88,149,0.046,NIR (analizador infrarrojo),Aprobado
EN-00489,L202512-00830,2025-12-08,2025-12,MEG-CAR-CER,Mega Carbs Limón Cereza,Polvos & Envasado,25.2,26.0,True,4.61,302,0.068,Microbiología,Aprobado
EN-00490,L202601-00908,2026-01-25,2026-01,BIP-CLA-3CC,BiPro Classic Cookies 3 lb,Polvos & Envasado,25.4,24.5,True,3.88,1389,0.037,Absorción atómica,Aprobado
EN-00491,L202510-00665,2025-10-02,2025-10,BIP-CLA-2V,BiPro Classic Vainilla 2 lb,Polvos & Envasado,24.1,24.2,True,3.33,1227,0.094,Microbiología,Aprobado
EN-00492,L202607-01427,2026-07-25,2026-07,MER-BAC,Nutramerican Backpack,Maquila externa,24.0,25.0,True,2.48,496,0.005,Kjeldahl,Aprobado
EN-00493,L202501-00013,2025-01-02,2025-01,BIP-CLA-09V,BiPro Classic Vainilla 0.9 lb,Polvos & Envasado,22.0,23.3,True,3.93,598,0.013,NIR (analizador infrarrojo),Aprobado
EN-00494,L202604-01197,2026-04-20,2026-04,NUT-ZOL,Zolé Vainilla 450 g,Polvos & Envasado,24.4,24.7,True,4.51,196,0.037,NIR (analizador infrarrojo),Aprobado
EN-00495,L202601-00944,2026-01-18,2026-01,NUT-POP-PK,Nutra Pops pack x12,Polvos & Envasado,22.4,22.6,True,2.56,761,0.013,Kjeldahl,Aprobado
EN-00496,L202509-00644,2025-09-05,2025-09,STK-CRE-TAR,Crea Stack 1.3 lb,Polvos & Envasado,24.0,22.3,False,4.61,1955,0.274,Kjeldahl,Aprobado
EN-00497,L202608-01482,2026-08-26,2026-08,BIP-CLA-2C,BiPro Classic Chocolate 2 lb,Polvos & Envasado,25.7,25.6,True,3.37,2332,0.008,Microbiología,Aprobado
EN-00498,L202512-00857,2025-12-19,2025-12,NUT-VEG-400,Nutra Vegan Protein Mocaccino,Polvos & Envasado,25.5,25.2,True,3.6,443,0.105,Microbiología,Aprobado
EN-00499,L202512-00831,2025-12-14,2025-12,MEG-CAR-CER,Mega Carbs Limón Cereza,Polvos & Envasado,22.8,23.0,True,2.87,667,0.011,NIR (analizador infrarrojo),Aprobado
EN-00500,L202510-00682,2025-10-24,2025-10,MEG-NIT-FR,Nitro Shock Frutos Rojos,Polvos & Envasado,25.2,24.3,True,3.13,235,0.009,Microbiología,Aprobado
EN-00501,L202605-01254,2026-05-10,2026-05,MEG-GAI-64,Gainz Vainilla 6.4 lb,Polvos & Envasado,23.4,23.7,True,2.86,560,0.03,NIR (analizador infrarrojo),Aprobado
EN-00502,L202601-00975,2026-01-20,2026-01,STK-CRE-TAR,Crea Stack 1.3 lb,Polvos & Envasado,24.2,24.8,True,3.64,377,0.187,Microbiología,Aprobado
EN-00503,L202606-01368,2026-06-12,2026-06,RAD-RES-12,Rescue · paca x12,Bebidas RTD (lata),23.6,24.4,True,3.92,1014,0.098,Kjeldahl,Aprobado
EN-00504,L202606-01375,2026-06-19,2026-06,STK-BUR-TAR,Burner Stack 360 g,Polvos & Envasado,26.4,26.3,True,3.59,179,0.126,NIR (analizador infrarrojo),Aprobado
EN-00505,L202606-01304,2026-06-21,2026-06,BIP-CLA-09V,BiPro Classic Vainilla 0.9 lb,Polvos & Envasado,25.0,26.4,True,4.92,398,0.022,Microbiología,Aprobado
EN-00506,L202510-00654,2025-10-14,2025-10,ALI-PAN-WAF,Protein Pancake & Waffle,Horneados & Mezclas,24.0,24.7,True,2.87,555,0.011,NIR (analizador infrarrojo),Aprobado
EN-00507,L202606-01372,2026-06-06,2026-06,RAD-RES-4,Rescue · paca x4,Bebidas RTD (lata),23.3,23.2,True,3.79,431,0.016,Microbiología,Aprobado
EN-00508,L202604-01168,2026-04-10,2026-04,BIP-CLA-3CC,BiPro Classic Cookies 3 lb,Polvos & Envasado,23.2,23.6,True,3.08,1377,0.0,NIR (analizador infrarrojo),Aprobado
EN-00509,L202607-01401,2026-07-10,2026-07,BIP-CLA-2V,BiPro Classic Vainilla 2 lb,Polvos & Envasado,25.1,25.0,True,2.79,218,0.003,NIR (analizador infrarrojo),Aprobado
EN-00510,L202602-00993,2026-02-24,2026-02,BIP-CLA-2V,BiPro Classic Vainilla 2 lb,Polvos & Envasado,23.8,23.5,True,3.91,876,0.018,NIR (analizador infrarrojo),Aprobado
EN-00511,L202603-01134,2026-03-10,2026-03,STK-BUR-L24,Burner Stack Lata · paca x24,Bebidas RTD (lata),22.1,22.0,True,2.36,686,0.068,NIR (analizador infrarrojo),Aprobado
EN-00512,L202504-00225,2025-04-10,2025-04,BIP-CLA-2C,BiPro Classic Chocolate 2 lb,Polvos & Envasado,23.7,24.8,True,2.98,3635,0.008,NIR (analizador infrarrojo),Aprobado
EN-00513,L202505-00337,2025-05-06,2025-05,RAD-RES-12,Rescue · paca x12,Bebidas RTD (lata),26.6,25.7,True,3.64,266,0.25,NIR (analizador infrarrojo),Aprobado
EN-00514,L202504-00233,2025-04-14,2025-04,BIP-CLA-DIS,BiPro Classic Display sachets,Sachets & Display,24.7,25.3,True,4.55,457,0.151,Microbiología,Aprobado
EN-00515,L202510-00674,2025-10-07,2025-10,MEG-CAR-CER,Mega Carbs Limón Cereza,Polvos & Envasado,22.3,21.2,True,4.28,67,0.155,NIR (analizador infrarrojo),Aprobado
EN-00516,L202511-00732,2025-11-23,2025-11,ALI-PAN-TRA,Protein Pancake Tradicional,Horneados & Mezclas,23.9,24.9,True,3.94,1745,0.112,NIR (analizador infrarrojo),Aprobado
EN-00517,L202507-00469,2025-07-20,2025-07,MEG-SOY,Mega Soy,Polvos & Envasado,25.1,25.2,True,4.74,983,0.25,NIR (analizador infrarrojo),Rechazado
EN-00518,L202512-00852,2025-12-10,2025-12,NUT-POP-PK,Nutra Pops pack x12,Polvos & Envasado,25.1,27.3,True,3.45,760,0.026,Absorción atómica,Aprobado
EN-00519,L202510-00675,2025-10-15,2025-10,MEG-CAR-COC,Mega Carbs Limonada de Coco,Polvos & Envasado,22.9,23.4,True,2.59,1595,0.029,NIR (analizador infrarrojo),Aprobado
EN-00520,L202503-00206,2025-03-26,2025-03,STK-COL,Collagen Stack 585 g,Polvos & Envasado,25.5,25.3,True,2.86,437,0.086,NIR (analizador infrarrojo),Aprobado
EN-00521,L202501-00004,2025-01-23,2025-01,ALI-PAN-TRA,Protein Pancake Tradicional,Horneados & Mezclas,25.6,26.2,True,2.29,3648,0.041,Microbiología,Cuarentena
EN-00522,L202511-00784,2025-11-15,2025-11,RAD-MYT-12,Myth Legendary Pre-Workout x12,Bebidas RTD (lata),26.1,25.8,True,4.12,1212,0.083,NIR (analizador infrarrojo),Aprobado
EN-00523,L202603-01082,2026-03-15,2026-03,BIP-CLA-3CC,BiPro Classic Cookies 3 lb,Polvos & Envasado,26.2,27.6,True,2.37,461,0.036,Kjeldahl,Aprobado
EN-00524,L202601-00954,2026-01-02,2026-01,RAD-ENX,Energy X,Polvos & Envasado,23.5,23.9,True,4.51,336,0.001,NIR (analizador infrarrojo),Aprobado
EN-00525,L202607-01420,2026-07-18,2026-07,MEG-CRE-2,Megaplex Creatine Power 2 lb,Polvos & Envasado,23.2,23.5,True,5.04,389,0.091,Kjeldahl,Aprobado
EN-00526,L202512-00873,2025-12-18,2025-12,STK-BUR-L12,Burner Stack Lata · paca x12,Bebidas RTD (lata),24.8,24.1,True,3.16,363,0.319,NIR (analizador infrarrojo),Aprobado
EN-00527,L202601-00906,2026-01-23,2026-01,BIP-CLA-2V,BiPro Classic Vainilla 2 lb,Polvos & Envasado,22.3,22.3,True,3.66,112,0.129,NIR (analizador infrarrojo),Aprobado
EN-00528,L202605-01276,2026-05-18,2026-05,RAD-MYT-24,Myth Legendary Pre-Workout x24,Bebidas RTD (lata),23.7,22.7,True,4.56,2266,0.011,Absorción atómica,Aprobado
EN-00529,L202511-00757,2025-11-16,2025-11,MEG-GAI-64,Gainz Vainilla 6.4 lb,Polvos & Envasado,25.8,25.9,True,2.83,774,0.144,NIR (analizador infrarrojo),Aprobado
EN-00530,L202608-01540,2026-08-26,2026-08,STK-BUR-L12,Burner Stack Lata · paca x12,Bebidas RTD (lata),26.6,27.8,True,3.04,1309,0.141,Kjeldahl,Aprobado
EN-00531,L202509-00604,2025-09-23,2025-09,MEG-CAR-COC,Mega Carbs Limonada de Coco,Polvos & Envasado,25.7,28.0,True,3.06,1126,0.273,Microbiología,Aprobado
EN-00532,L202510-00657,2025-10-05,2025-10,BIP-CLA-09V,BiPro Classic Vainilla 0.9 lb,Polvos & Envasado,25.5,25.9,True,4.21,3494,0.067,Kjeldahl,Aprobado
EN-00533,L202601-00978,2026-01-22,2026-01,STK-GLU,Gluta Stack,Polvos & Envasado,25.5,24.5,True,3.69,1070,0.254,Kjeldahl,Aprobado
EN-00534,L202512-00846,2025-12-09,2025-12,NUT-C,Nutra-C Ácido Ascórbico 200 g,Polvos & Envasado,25.4,26.0,True,5.81,872,0.072,NIR (analizador infrarrojo),Aprobado
EN-00535,L202503-00158,2025-03-21,2025-03,BIP-CLA-2N,BiPro Classic Natural 2 lb,Polvos & Envasado,25.4,26.4,True,4.61,990,0.019,NIR (analizador infrarrojo),Aprobado
EN-00536,L202510-00714,2025-10-08,2025-10,STK-BUR-TAR,Burner Stack 360 g,Polvos & Envasado,24.4,24.7,True,2.96,47,0.046,NIR (analizador infrarrojo),Aprobado
EN-00537,L202507-00463,2025-07-19,2025-07,MEG-GAI-64,Gainz Vainilla 6.4 lb,Polvos & Envasado,26.4,27.7,True,3.82,2103,0.085,NIR (analizador infrarrojo),Aprobado
EN-00538,L202503-00161,2025-03-09,2025-03,BIP-CLA-DIS,BiPro Classic Display sachets,Sachets & Display,26.8,27.6,True,1.74,316,0.075,Kjeldahl,Aprobado
EN-00539,L202505-00306,2025-05-02,2025-05,MEG-CRE-10,Megaplex Creatine Power 10 lb,Polvos & Envasado,26.5,27.7,True,4.46,2211,0.116,Absorción atómica,Aprobado
EN-00540,L202506-00396,2025-06-06,2025-06,NUT-POP-CAJ,Nutra Pops caja,Polvos & Envasado,24.9,24.5,True,4.19,181,0.06,Kjeldahl,Aprobado
EN-00541,L202506-00400,2025-06-10,2025-06,NUT-RX,Nut-Rx Vainilla 400 g,Polvos & Envasado,22.4,22.8,True,2.88,558,0.004,Kjeldahl,Aprobado
EN-00542,L202606-01360,2026-06-08,2026-06,RAD-ENX,Energy X,Polvos & Envasado,25.5,25.4,True,5.27,508,0.029,NIR (analizador infrarrojo),Aprobado
EN-00543,L202607-01459,2026-07-20,2026-07,STK-BUR-L24,Burner Stack Lata · paca x24,Bebidas RTD (lata),23.1,23.2,True,3.62,2321,0.01,NIR (analizador infrarrojo),Aprobado
EN-00544,L202605-01250,2026-05-24,2026-05,MEG-CRE-2,Megaplex Creatine Power 2 lb,Polvos & Envasado,25.7,24.7,True,4.11,183,0.147,NIR (analizador infrarrojo),Aprobado
EN-00545,L202606-01294,2026-06-12,2026-06,ALI-CAK-CHO,Protein Cake Chocolate,Horneados & Mezclas,24.8,26.0,True,3.43,336,0.121,NIR (analizador infrarrojo),Aprobado
EN-00546,L202509-00587,2025-09-09,2025-09,ALI-PAN-WAF,Protein Pancake & Waffle,Horneados & Mezclas,23.9,24.4,True,1.8,430,0.022,Kjeldahl,Aprobado
EN-00547,L202511-00801,2025-11-03,2025-11,STK-CRE-TAR,Crea Stack 1.3 lb,Polvos & Envasado,22.7,23.0,True,4.85,1438,0.065,NIR (analizador infrarrojo),Aprobado
EN-00548,L202501-00063,2025-01-09,2025-01,NUT-ZOL,Zolé Vainilla 450 g,Polvos & Envasado,25.3,25.3,True,2.4,1070,0.0,Kjeldahl,Aprobado
EN-00549,L202607-01414,2026-07-25,2026-07,MEG-CAR-CER,Mega Carbs Limón Cereza,Polvos & Envasado,22.3,23.7,True,3.15,1895,0.008,NIR (analizador infrarrojo),Aprobado
EN-00550,L202507-00458,2025-07-02,2025-07,MEG-CAR-COC,Mega Carbs Limonada de Coco,Polvos & Envasado,22.5,22.8,True,3.28,930,0.222,NIR (analizador infrarrojo),Aprobado
EN-00551,L202512-00869,2025-12-09,2025-12,RAD-PWD-TAR,Radical Power Drink tarro,Polvos & Envasado,26.5,27.4,True,4.37,169,0.189,NIR (analizador infrarrojo),Aprobado
EN-00552,L202507-00479,2025-07-24,2025-07,NUT-RX,Nut-Rx Vainilla 400 g,Polvos & Envasado,26.7,26.7,True,4.41,827,0.051,NIR (analizador infrarrojo),Cuarentena
EN-00553,L202511-00748,2025-11-02,2025-11,BIP-MAS-3,BiPro Mass 3 lb,Polvos & Envasado,24.9,23.4,False,4.09,715,0.167,Absorción atómica,Aprobado
EN-00554,L202604-01157,2026-04-14,2026-04,BIP-CLA-09V,BiPro Classic Vainilla 0.9 lb,Polvos & Envasado,23.8,25.2,True,2.77,2520,0.108,NIR (analizador infrarrojo),Aprobado
EN-00555,L202607-01429,2026-07-26,2026-07,NUT-C,Nutra-C Ácido Ascórbico 200 g,Polvos & Envasado,23.7,23.5,True,3.74,912,0.279,NIR (analizador infrarrojo),Aprobado
EN-00556,L202510-00653,2025-10-12,2025-10,ALI-PAN-TRA,Protein Pancake Tradicional,Horneados & Mezclas,25.4,26.2,True,4.3,853,0.044,Microbiología,Aprobado
EN-00557,L202604-01170,2026-04-21,2026-04,BIP-CLA-DIS,BiPro Classic Display sachets,Sachets & Display,23.4,23.5,True,3.47,342,0.031,Kjeldahl,Aprobado
EN-00558,L202607-01393,2026-07-16,2026-07,ALI-PAN-TRA,Protein Pancake Tradicional,Horneados & Mezclas,24.9,27.0,True,3.17,1112,0.048,Kjeldahl,Aprobado
EN-00559,L202505-00348,2025-05-27,2025-05,STK-CRE-TAR,Crea Stack 1.3 lb,Polvos & Envasado,25.0,25.5,True,3.74,218,0.251,Kjeldahl,Aprobado
EN-00560,L202507-00447,2025-07-24,2025-07,BIP-CLA-DIS,BiPro Classic Display sachets,Sachets & Display,23.6,22.9,True,3.96,177,0.003,NIR (analizador infrarrojo),Aprobado
EN-00561,L202606-01382,2026-06-14,2026-06,STK-CRE-TAR,Crea Stack 1.3 lb,Polvos & Envasado,22.5,23.4,True,3.43,155,0.136,NIR (analizador infrarrojo),Aprobado
EN-00562,L202506-00380,2025-06-24,2025-06,MEG-CRE-10,Megaplex Creatine Power 10 lb,Polvos & Envasado,23.1,24.1,True,5.27,346,0.042,Kjeldahl,Aprobado
EN-00563,L202606-01337,2026-06-03,2026-06,MER-BAC,Nutramerican Backpack,Maquila externa,24.2,25.1,True,3.24,1983,0.004,NIR (analizador infrarrojo),Aprobado
EN-00564,L202604-01195,2026-04-27,2026-04,NUT-VEG-400,Nutra Vegan Protein Mocaccino,Polvos & Envasado,25.6,26.5,True,3.76,82,0.021,Kjeldahl,Aprobado
EN-00565,L202508-00573,2025-08-05,2025-08,STK-BUR-TAR,Burner Stack 360 g,Polvos & Envasado,22.3,22.4,True,2.73,626,0.237,Absorción atómica,Aprobado
EN-00566,L202504-00232,2025-04-10,2025-04,BIP-CLA-DIS,BiPro Classic Display sachets,Sachets & Display,26.8,27.7,True,3.16,132,0.044,NIR (analizador infrarrojo),Aprobado
EN-00567,L202506-00383,2025-06-24,2025-06,MEG-GAI-3,Gainz 3 lb,Polvos & Envasado,24.9,24.2,True,4.77,337,0.072,NIR (analizador infrarrojo),Aprobado
EN-00568,L202510-00716,2025-10-06,2025-10,STK-COL,Collagen Stack 585 g,Polvos & Envasado,23.8,24.5,True,3.9,179,0.057,Kjeldahl,Aprobado
EN-00569,L202501-00073,2025-01-05,2025-01,STK-BUR-TAR,Burner Stack 360 g,Polvos & Envasado,22.2,21.7,True,3.74,403,0.047,NIR (analizador infrarrojo),Aprobado
EN-00570,L202501-00071,2025-01-10,2025-01,STK-BUR-TAR,Burner Stack 360 g,Polvos & Envasado,23.6,24.2,True,3.04,1249,0.025,Kjeldahl,Aprobado
EN-00571,L202510-00718,2025-10-09,2025-10,STK-CRE-SAC,Crea Stack Display sachets,Sachets & Display,25.6,25.5,True,2.94,1670,0.07,NIR (analizador infrarrojo),Aprobado
EN-00572,L202509-00618,2025-09-18,2025-09,NUT-C,Nutra-C Ácido Ascórbico 200 g,Polvos & Envasado,22.0,23.0,True,3.55,511,0.022,NIR (analizador infrarrojo),Aprobado
EN-00573,L202503-00172,2025-03-15,2025-03,MEG-CRE-2,Megaplex Creatine Power 2 lb,Polvos & Envasado,26.9,27.9,True,4.76,747,0.052,Kjeldahl,Aprobado
EN-00574,L202503-00169,2025-03-11,2025-03,MEG-CAR-COC,Mega Carbs Limonada de Coco,Polvos & Envasado,23.6,24.4,True,4.39,350,0.065,NIR (analizador infrarrojo),Aprobado
EN-00575,L202507-00494,2025-07-13,2025-07,RAD-PWD-TAR,Radical Power Drink tarro,Polvos & Envasado,26.7,27.0,True,3.98,274,0.142,NIR (analizador infrarrojo),Aprobado
EN-00576,L202509-00620,2025-09-02,2025-09,NUT-POP-CAJ,Nutra Pops caja,Polvos & Envasado,23.1,23.8,True,3.42,2753,0.02,NIR (analizador infrarrojo),Aprobado
EN-00577,L202510-00721,2025-10-14,2025-10,STK-CRE-TAR,Crea Stack 1.3 lb,Polvos & Envasado,24.5,24.7,True,3.94,160,0.038,Kjeldahl,Aprobado
EN-00578,L202504-00273,2025-04-04,2025-04,STK-COL,Collagen Stack 585 g,Polvos & Envasado,23.7,25.3,True,3.27,625,0.199,Microbiología,Aprobado
EN-00579,L202602-00981,2026-02-01,2026-02,ALI-CAK-VAN,Protein Cake Vainilla,Horneados & Mezclas,23.7,23.1,True,3.78,1003,0.158,Kjeldahl,Aprobado
EN-00580,L202506-00421,2025-06-04,2025-06,STK-COL,Collagen Stack 585 g,Polvos & Envasado,23.2,23.1,True,3.31,535,0.085,Microbiología,Aprobado
EN-00581,L202502-00095,2025-02-21,2025-02,BIP-CLA-2V,BiPro Classic Vainilla 2 lb,Polvos & Envasado,26.4,28.1,True,3.29,261,0.172,NIR (analizador infrarrojo),Aprobado
EN-00582,L202606-01317,2026-06-12,2026-06,BIP-CLA-DIS,BiPro Classic Display sachets,Sachets & Display,24.7,24.7,True,2.86,827,0.047,NIR (analizador infrarrojo),Aprobado
EN-00583,L202605-01230,2026-05-13,2026-05,BIP-CLA-09V,BiPro Classic Vainilla 0.9 lb,Polvos & Envasado,24.7,24.4,True,4.3,229,0.047,Microbiología,Aprobado
EN-00584,L202501-00043,2025-01-16,2025-01,NUT-BAL,Nutra Balance x8 sobres,Sachets & Display,23.4,23.6,True,3.1,955,0.088,NIR (analizador infrarrojo),Aprobado
EN-00585,L202501-00057,2025-01-07,2025-01,NUT-RX,Nut-Rx Vainilla 400 g,Polvos & Envasado,26.7,27.6,True,3.46,367,0.35,NIR (analizador infrarrojo),Aprobado
EN-00586,L202605-01234,2026-05-16,2026-05,BIP-CLA-2V,BiPro Classic Vainilla 2 lb,Polvos & Envasado,22.4,22.8,True,2.0,1432,0.152,NIR (analizador infrarrojo),Aprobado
EN-00587,L202605-01219,2026-05-21,2026-05,ALI-CAK-CHO,Protein Cake Chocolate,Horneados & Mezclas,23.9,24.4,True,3.03,237,0.021,Kjeldahl,Aprobado
EN-00588,L202510-00670,2025-10-20,2025-10,BIP-COM-21,BiPro Complex Vainilla 2.1 lb,Polvos & Envasado,24.5,26.2,True,4.1,1080,0.033,NIR (analizador infrarrojo),Aprobado
EN-00589,L202501-00039,2025-01-20,2025-01,MEG-NIT-FR,Nitro Shock Frutos Rojos,Polvos & Envasado,24.3,26.5,True,3.5,797,0.064,NIR (analizador infrarrojo),Cuarentena
EN-00590,L202505-00307,2025-05-07,2025-05,MEG-CRE-2,Megaplex Creatine Power 2 lb,Polvos & Envasado,25.5,27.4,True,5.6,94,0.242,NIR (analizador infrarrojo),Aprobado
EN-00591,L202510-00703,2025-10-07,2025-10,RAD-ENX,Energy X,Polvos & Envasado,23.9,24.5,True,3.09,120,0.0,Absorción atómica,Aprobado
EN-00592,L202510-00659,2025-10-03,2025-10,BIP-CLA-2C,BiPro Classic Chocolate 2 lb,Polvos & Envasado,23.4,22.6,True,2.94,343,0.096,Kjeldahl,Aprobado
EN-00593,L202506-00409,2025-06-20,2025-06,RAD-PWD,Radical Power Drink polvo,Polvos & Envasado,25.7,24.9,True,2.89,752,0.098,Kjeldahl,Aprobado
EN-00594,L202503-00167,2025-03-13,2025-03,MEG-CAR-CER,Mega Carbs Limón Cereza,Polvos & Envasado,23.9,25.7,True,3.68,1556,0.009,Microbiología,Aprobado
EN-00595,L202508-00535,2025-08-02,2025-08,MEG-CAR-COC,Mega Carbs Limonada de Coco,Polvos & Envasado,23.2,23.1,True,3.11,455,0.072,Kjeldahl,Aprobado
EN-00596,L202603-01133,2026-03-18,2026-03,STK-BUR-L12,Burner Stack Lata · paca x12,Bebidas RTD (lata),26.4,26.1,True,2.97,892,0.081,Kjeldahl,Aprobado
EN-00597,L202601-00922,2026-01-06,2026-01,MEG-CAR-COC,Mega Carbs Limonada de Coco,Polvos & Envasado,26.3,25.4,True,3.67,540,0.026,Kjeldahl,Aprobado
EN-00598,L202607-01468,2026-07-08,2026-07,STK-GLU,Gluta Stack,Polvos & Envasado,25.2,26.2,True,4.5,1305,0.207,NIR (analizador infrarrojo),Aprobado
EN-00599,L202607-01396,2026-07-01,2026-07,BIP-CLA-09V,BiPro Classic Vainilla 0.9 lb,Polvos & Envasado,26.3,25.9,True,2.0,5103,0.125,NIR (analizador infrarrojo),Cuarentena
EN-00600,L202607-01458,2026-07-03,2026-07,STK-BUR-L12,Burner Stack Lata · paca x12,Bebidas RTD (lata),26.4,26.3,True,2.34,364,0.126,Microbiología,Aprobado
EN-00601,L202511-00738,2025-11-11,2025-11,BIP-CLA-2C,BiPro Classic Chocolate 2 lb,Polvos & Envasado,26.1,26.7,True,4.64,921,0.004,NIR (analizador infrarrojo),Aprobado
EN-00602,L202510-00666,2025-10-10,2025-10,BIP-CLA-DIS,BiPro Classic Display sachets,Sachets & Display,24.4,24.2,True,3.5,325,0.108,Kjeldahl,Aprobado
EN-00603,L202505-00317,2025-05-03,2025-05,NUT-BAL,Nutra Balance x8 sobres,Sachets & Display,26.0,25.2,True,3.64,727,0.015,Kjeldahl,Aprobado
EN-00604,L202608-01549,2026-08-23,2026-08,STK-GLU,Gluta Stack,Polvos & Envasado,24.0,23.2,True,3.08,509,0.083,Kjeldahl,Aprobado
EN-00605,L202606-01328,2026-06-05,2026-06,MEG-CRE-10,Megaplex Creatine Power 10 lb,Polvos & Envasado,23.8,24.5,True,2.77,677,0.078,Kjeldahl,Cuarentena
EN-00606,L202508-00517,2025-08-11,2025-08,ALI-PAN-WAF,Protein Pancake & Waffle,Horneados & Mezclas,24.0,25.9,True,4.28,158,0.044,NIR (analizador infrarrojo),Aprobado
EN-00607,L202602-01034,2026-02-22,2026-02,NUT-VEG-400,Nutra Vegan Protein Mocaccino,Polvos & Envasado,24.8,25.6,True,4.1,233,0.189,NIR (analizador infrarrojo),Aprobado
EN-00608,L202508-00534,2025-08-02,2025-08,MEG-CAR-COC,Mega Carbs Limonada de Coco,Polvos & Envasado,24.3,24.1,True,4.92,103,0.04,NIR (analizador infrarrojo),Aprobado
EN-00609,L202510-00695,2025-10-18,2025-10,NUT-POP-PK,Nutra Pops pack x12,Polvos & Envasado,24.7,25.9,True,4.82,460,0.015,NIR (analizador infrarrojo),Aprobado
EN-00610,L202509-00641,2025-09-16,2025-09,STK-COMBO,Combo BiPro Lite + Burner Stack,Polvos & Envasado,22.6,23.2,True,4.21,470,0.121,Kjeldahl,Aprobado
EN-00611,L202602-01027,2026-02-18,2026-02,NUT-POP-CAJ,Nutra Pops caja,Polvos & Envasado,22.0,22.6,True,3.42,477,0.095,NIR (analizador infrarrojo),Aprobado
EN-00612,L202508-00549,2025-08-07,2025-08,NUT-POP-CAJ,Nutra Pops caja,Polvos & Envasado,23.2,22.8,True,3.69,120,0.006,NIR (analizador infrarrojo),Aprobado
EN-00613,L202507-00454,2025-07-03,2025-07,BIP-MAS-3,BiPro Mass 3 lb,Polvos & Envasado,22.4,22.4,True,3.35,643,0.193,NIR (analizador infrarrojo),Cuarentena
EN-00614,L202509-00607,2025-09-02,2025-09,MEG-CRE-2,Megaplex Creatine Power 2 lb,Polvos & Envasado,24.9,25.8,True,3.69,641,0.039,Microbiología,Aprobado
EN-00615,L202606-01310,2026-06-04,2026-06,BIP-CLA-2V,BiPro Classic Vainilla 2 lb,Polvos & Envasado,23.6,24.6,True,4.15,234,0.28,Kjeldahl,Aprobado
EN-00616,L202605-01261,2026-05-21,2026-05,NUT-C,Nutra-C Ácido Ascórbico 200 g,Polvos & Envasado,26.6,28.6,True,3.38,616,0.104,NIR (analizador infrarrojo),Aprobado
EN-00617,L202509-00599,2025-09-11,2025-09,BIP-LIT-24,BiPro Lite 2.4 lb,Polvos & Envasado,23.3,24.1,True,3.11,149,0.006,Absorción atómica,Aprobado
EN-00618,L202510-00692,2025-10-02,2025-10,NUT-POP-CAJ,Nutra Pops caja,Polvos & Envasado,25.2,23.3,False,3.23,116,0.062,NIR (analizador infrarrojo),Aprobado
EN-00619,L202508-00571,2025-08-15,2025-08,STK-BUR-L12,Burner Stack Lata · paca x12,Bebidas RTD (lata),25.9,25.5,True,3.66,38,0.008,NIR (analizador infrarrojo),Aprobado
EN-00620,L202510-00685,2025-10-19,2025-10,MEG-SOY,Mega Soy,Polvos & Envasado,26.9,29.1,True,3.94,887,0.041,NIR (analizador infrarrojo),Aprobado
EN-00621,L202501-00062,2025-01-01,2025-01,NUT-VEG-400,Nutra Vegan Protein Mocaccino,Polvos & Envasado,23.8,24.4,True,3.05,72,0.093,Microbiología,Aprobado
EN-00622,L202606-01376,2026-06-08,2026-06,STK-BUR-TAR,Burner Stack 360 g,Polvos & Envasado,25.6,26.2,True,3.42,2850,0.027,Kjeldahl,Aprobado
EN-00623,L202508-00537,2025-08-27,2025-08,MEG-CRE-2,Megaplex Creatine Power 2 lb,Polvos & Envasado,26.8,28.5,True,3.2,675,0.05,NIR (analizador infrarrojo),Aprobado
EN-00624,L202608-01532,2026-08-26,2026-08,RAD-MYT-12,Myth Legendary Pre-Workout x12,Bebidas RTD (lata),22.1,23.4,True,3.71,158,0.056,Kjeldahl,Aprobado
EN-00625,L202602-01055,2026-02-27,2026-02,STK-BUR-L24,Burner Stack Lata · paca x24,Bebidas RTD (lata),25.8,27.0,True,3.64,450,0.018,Kjeldahl,Aprobado
EN-00626,L202504-00245,2025-04-21,2025-04,MEG-GAI-3,Gainz 3 lb,Polvos & Envasado,23.4,23.0,True,3.81,288,0.027,NIR (analizador infrarrojo),Aprobado
EN-00627,L202501-00026,2025-01-26,2025-01,BIP-LIT-24,BiPro Lite 2.4 lb,Polvos & Envasado,24.7,26.8,True,4.21,111,0.103,Microbiología,Aprobado
EN-00628,L202504-00223,2025-04-19,2025-04,BIP-CLA-09V,BiPro Classic Vainilla 0.9 lb,Polvos & Envasado,24.6,24.8,True,4.68,191,0.31,NIR (analizador infrarrojo),Aprobado
EN-00629,L202601-00976,2026-01-10,2026-01,STK-CRE-TAR,Crea Stack 1.3 lb,Polvos & Envasado,26.1,26.8,True,3.17,440,0.114,NIR (analizador infrarrojo),Aprobado
EN-00630,L202502-00106,2025-02-11,2025-02,MEG-CAR-COC,Mega Carbs Limonada de Coco,Polvos & Envasado,26.6,27.7,True,3.4,565,0.09,Microbiología,Aprobado
EN-00631,L202601-00961,2026-01-22,2026-01,RAD-RES-12,Rescue · paca x12,Bebidas RTD (lata),25.9,26.8,True,6.01,1871,0.043,Kjeldahl,Aprobado
EN-00632,L202508-00510,2025-08-02,2025-08,ALI-CAK-CHO,Protein Cake Chocolate,Horneados & Mezclas,25.6,25.8,True,4.03,2679,0.02,NIR (analizador infrarrojo),Aprobado
EN-00633,L202502-00132,2025-02-22,2025-02,RAD-ENX,Energy X,Polvos & Envasado,23.4,24.3,True,3.52,611,0.08,NIR (analizador infrarrojo),Aprobado
EN-00634,L202602-01047,2026-02-25,2026-02,RAD-PWD,Radical Power Drink polvo,Polvos & Envasado,24.7,26.3,True,4.36,493,0.28,Absorción atómica,Aprobado
EN-00635,L202507-00445,2025-07-17,2025-07,BIP-CLA-2V,BiPro Classic Vainilla 2 lb,Polvos & Envasado,26.6,26.6,True,4.52,529,0.046,NIR (analizador infrarrojo),Aprobado
EN-00636,L202510-00688,2025-10-15,2025-10,NUT-BAL,Nutra Balance x8 sobres,Sachets & Display,26.3,26.6,True,3.32,359,0.068,NIR (analizador infrarrojo),Aprobado
EN-00637,L202507-00509,2025-07-19,2025-07,STK-GLU,Gluta Stack,Polvos & Envasado,25.1,26.1,True,4.37,1915,0.083,NIR (analizador infrarrojo),Aprobado
EN-00638,L202608-01546,2026-08-02,2026-08,STK-CRE-SAC,Crea Stack Display sachets,Sachets & Display,22.7,24.6,True,6.09,899,0.014,NIR (analizador infrarrojo),Aprobado
EN-00639,L202501-00076,2025-01-18,2025-01,STK-CRE-TAR,Crea Stack 1.3 lb,Polvos & Envasado,25.4,25.5,True,3.09,482,0.061,NIR (analizador infrarrojo),Aprobado
EN-00640,L202501-00037,2025-01-17,2025-01,MEG-GAI-64,Gainz Vainilla 6.4 lb,Polvos & Envasado,22.2,22.7,True,4.42,466,0.063,Kjeldahl,Aprobado
EN-00641,L202606-01363,2026-06-16,2026-06,RAD-MYT-12,Myth Legendary Pre-Workout x12,Bebidas RTD (lata),25.8,25.7,True,3.44,678,0.23,NIR (analizador infrarrojo),Aprobado
EN-00642,L202501-00058,2025-01-06,2025-01,NUT-RX,Nut-Rx Vainilla 400 g,Polvos & Envasado,22.3,22.8,True,4.14,296,0.151,Absorción atómica,Aprobado
EN-00643,L202503-00197,2025-03-16,2025-03,RAD-PWD-TAR,Radical Power Drink tarro,Polvos & Envasado,24.6,25.1,True,3.59,174,0.037,Microbiología,Aprobado
EN-00644,L202605-01280,2026-05-07,2026-05,RAD-RES-12,Rescue · paca x12,Bebidas RTD (lata),26.0,27.6,True,3.18,269,0.034,NIR (analizador infrarrojo),Aprobado
EN-00645,L202511-00755,2025-11-10,2025-11,MEG-CRE-2,Megaplex Creatine Power 2 lb,Polvos & Envasado,22.5,23.5,True,5.07,102,0.0,Microbiología,Aprobado
EN-00646,L202601-00894,2026-01-05,2026-01,ALI-PAN-WAF,Protein Pancake & Waffle,Horneados & Mezclas,26.9,28.2,True,3.89,460,0.055,Kjeldahl,Aprobado
EN-00647,L202510-00708,2025-10-06,2025-10,RAD-PWD-TAR,Radical Power Drink tarro,Polvos & Envasado,24.7,26.0,True,3.1,604,0.034,NIR (analizador infrarrojo),Aprobado
EN-00648,L202507-00478,2025-07-23,2025-07,NUT-POP-PK,Nutra Pops pack x12,Polvos & Envasado,25.3,26.9,True,4.73,1023,0.002,Microbiología,Cuarentena
EN-00649,L202502-00087,2025-02-17,2025-02,ALI-PAN-WAF,Protein Pancake & Waffle,Horneados & Mezclas,25.3,25.3,True,3.26,328,0.123,NIR (analizador infrarrojo),Aprobado
EN-00650,L202607-01425,2026-07-10,2026-07,MEG-SOY,Mega Soy,Polvos & Envasado,22.1,22.5,True,3.39,1058,0.096,Kjeldahl,Aprobado
EN-00651,L202508-00562,2025-08-03,2025-08,RAD-ENX,Energy X,Polvos & Envasado,24.2,24.5,True,4.58,854,0.052,NIR (analizador infrarrojo),Aprobado
EN-00652,L202505-00335,2025-05-09,2025-05,RAD-PWD,Radical Power Drink polvo,Polvos & Envasado,24.6,25.2,True,5.44,454,0.049,Absorción atómica,Aprobado
EN-00653,L202604-01200,2026-04-15,2026-04,RAD-ENX,Energy X,Polvos & Envasado,27.0,29.2,True,3.9,2743,0.097,NIR (analizador infrarrojo),Aprobado
EN-00654,L202512-00870,2025-12-03,2025-12,RAD-RES-12,Rescue · paca x12,Bebidas RTD (lata),23.8,23.7,True,4.33,2133,0.124,NIR (analizador infrarrojo),Aprobado
EN-00655,L202601-00962,2026-01-17,2026-01,RAD-RES-24,Rescue · paca x24,Bebidas RTD (lata),24.4,24.9,True,3.68,353,0.049,NIR (analizador infrarrojo),Aprobado
EN-00656,L202604-01198,2026-04-13,2026-04,NUT-ZOL,Zolé Vainilla 450 g,Polvos & Envasado,27.0,26.9,True,2.31,292,0.238,NIR (analizador infrarrojo),Aprobado
EN-00657,L202604-01218,2026-04-18,2026-04,STK-GLU,Gluta Stack,Polvos & Envasado,24.2,25.1,True,3.03,515,0.101,NIR (analizador infrarrojo),Aprobado
EN-00658,L202508-00539,2025-08-20,2025-08,MEG-GAI-64,Gainz Vainilla 6.4 lb,Polvos & Envasado,25.2,25.7,True,3.34,389,0.019,NIR (analizador infrarrojo),Aprobado
EN-00659,L202606-01296,2026-06-26,2026-06,ALI-CAK-VAN,Protein Cake Vainilla,Horneados & Mezclas,22.1,22.0,True,4.47,38,0.029,Kjeldahl,Aprobado
EN-00660,L202603-01107,2026-03-18,2026-03,NUT-BAL,Nutra Balance x8 sobres,Sachets & Display,24.7,24.7,True,3.48,2489,0.008,NIR (analizador infrarrojo),Aprobado
EN-00661,L202506-00419,2025-06-17,2025-06,STK-BUR-TAR,Burner Stack 360 g,Polvos & Envasado,26.7,27.6,True,2.61,218,0.134,Microbiología,Aprobado
EN-00662,L202602-01009,2026-02-02,2026-02,MEG-CAR-COC,Mega Carbs Limonada de Coco,Polvos & Envasado,22.7,23.3,True,3.1,2195,0.105,NIR (analizador infrarrojo),Aprobado
EN-00663,L202607-01445,2026-07-06,2026-07,NUT-ZOL,Zolé Vainilla 450 g,Polvos & Envasado,24.3,25.4,True,5.06,332,0.023,NIR (analizador infrarrojo),Aprobado
EN-00664,L202607-01422,2026-07-02,2026-07,MEG-GAI-3,Gainz 3 lb,Polvos & Envasado,22.2,21.6,True,4.04,951,0.012,NIR (analizador infrarrojo),Aprobado
EN-00665,L202508-00574,2025-08-26,2025-08,STK-COL,Collagen Stack 585 g,Polvos & Envasado,25.8,25.3,True,3.95,1800,0.014,Kjeldahl,Aprobado
EN-00666,L202606-01331,2026-06-06,2026-06,MEG-GAI-3,Gainz 3 lb,Polvos & Envasado,23.4,23.8,True,4.47,374,0.033,Absorción atómica,Aprobado
EN-00667,L202608-01477,2026-08-26,2026-08,ALI-PAN-TRA,Protein Pancake Tradicional,Horneados & Mezclas,22.1,21.8,True,3.82,62,0.024,NIR (analizador infrarrojo),Aprobado
EN-00668,L202505-00333,2025-05-04,2025-05,RAD-MYT-24,Myth Legendary Pre-Workout x24,Bebidas RTD (lata),25.6,27.5,True,4.08,334,0.062,Kjeldahl,Aprobado
EN-00669,L202512-00879,2025-12-27,2025-12,STK-CRE-SAC,Crea Stack Display sachets,Sachets & Display,22.7,24.0,True,3.09,1064,0.094,NIR (analizador infrarrojo),Aprobado
EN-00670,L202508-00575,2025-08-25,2025-08,STK-CRE-SAC,Crea Stack Display sachets,Sachets & Display,23.2,23.7,True,5.5,1309,0.024,NIR (analizador infrarrojo),Aprobado
EN-00671,L202606-01326,2026-06-11,2026-06,MEG-CAR-COC,Mega Carbs Limonada de Coco,Polvos & Envasado,23.1,23.5,True,4.31,202,0.141,Absorción atómica,Aprobado
EN-00672,L202603-01131,2026-03-25,2026-03,RAD-RES-24,Rescue · paca x24,Bebidas RTD (lata),25.4,27.4,True,3.16,226,0.016,NIR (analizador infrarrojo),Aprobado
EN-00673,L202603-01126,2026-03-23,2026-03,RAD-MYT-24,Myth Legendary Pre-Workout x24,Bebidas RTD (lata),22.4,23.3,True,4.0,394,0.031,Kjeldahl,Aprobado
EN-00674,L202607-01409,2026-07-06,2026-07,BIP-COM-21,BiPro Complex Vainilla 2.1 lb,Polvos & Envasado,25.7,26.0,True,2.11,2519,0.102,NIR (analizador infrarrojo),Aprobado
EN-00675,L202608-01489,2026-08-15,2026-08,BIP-CLA-3V,BiPro Classic Vainilla 3 lb,Polvos & Envasado,22.3,23.7,True,1.88,1294,0.228,Microbiología,Aprobado
EN-00676,L202606-01338,2026-06-04,2026-06,NUT-BAL,Nutra Balance x8 sobres,Sachets & Display,26.2,28.6,True,3.15,65,0.12,Microbiología,Aprobado
EN-00677,L202604-01211,2026-04-26,2026-04,STK-BUR-TAR,Burner Stack 360 g,Polvos & Envasado,25.9,25.2,True,4.09,988,0.091,Microbiología,Aprobado
EN-00678,L202501-00009,2025-01-14,2025-01,ALI-PAN-WAF,Protein Pancake & Waffle,Horneados & Mezclas,24.0,23.9,True,3.57,281,0.278,NIR (analizador infrarrojo),Aprobado
EN-00679,L202602-00984,2026-02-26,2026-02,ALI-PAN-TRA,Protein Pancake Tradicional,Horneados & Mezclas,22.6,21.7,True,3.46,196,0.012,NIR (analizador infrarrojo),Aprobado
EN-00680,L202606-01329,2026-06-04,2026-06,MEG-CRE-2,Megaplex Creatine Power 2 lb,Polvos & Envasado,22.1,24.1,True,2.41,175,0.149,NIR (analizador infrarrojo),Aprobado
EN-00681,L202601-00900,2026-01-05,2026-01,BIP-CLA-2C,BiPro Classic Chocolate 2 lb,Polvos & Envasado,23.1,24.9,True,3.65,6688,0.17,NIR (analizador infrarrojo),Aprobado
EN-00682,L202505-00305,2025-05-13,2025-05,MEG-CAR-COC,Mega Carbs Limonada de Coco,Polvos & Envasado,23.7,23.5,True,3.11,784,0.168,Absorción atómica,Aprobado
EN-00683,L202604-01167,2026-04-09,2026-04,BIP-CLA-3CA,BiPro Classic Capuccino 3 lb,Polvos & Envasado,24.3,24.9,True,2.38,162,0.092,Microbiología,Aprobado
EN-00684,L202511-00803,2025-11-05,2025-11,STK-GLU,Gluta Stack,Polvos & Envasado,24.9,24.5,True,3.79,849,0.036,Kjeldahl,Aprobado
EN-00685,L202501-00075,2025-01-06,2025-01,STK-CRE-TAR,Crea Stack 1.3 lb,Polvos & Envasado,24.5,25.1,True,4.53,276,0.032,NIR (analizador infrarrojo),Aprobado
EN-00686,L202601-00907,2026-01-12,2026-01,BIP-CLA-3CA,BiPro Classic Capuccino 3 lb,Polvos & Envasado,26.2,25.8,True,3.08,1057,0.004,Microbiología,Aprobado
EN-00687,L202508-00523,2025-08-13,2025-08,BIP-CLA-2V,BiPro Classic Vainilla 2 lb,Polvos & Envasado,24.1,24.7,True,4.3,1132,0.051,NIR (analizador infrarrojo),Aprobado
EN-00688,L202505-00336,2025-05-27,2025-05,RAD-PWD-TAR,Radical Power Drink tarro,Polvos & Envasado,23.5,23.9,True,1.25,532,0.001,NIR (analizador infrarrojo),Aprobado
EN-00689,L202508-00570,2025-08-02,2025-08,RAD-RES-4,Rescue · paca x4,Bebidas RTD (lata),22.4,24.8,True,3.41,310,0.094,Microbiología,Aprobado
EN-00690,L202509-00591,2025-09-21,2025-09,BIP-CLA-2C,BiPro Classic Chocolate 2 lb,Polvos & Envasado,22.8,23.6,True,4.36,374,0.064,Microbiología,Aprobado
EN-00691,L202502-00089,2025-02-01,2025-02,BIP-CLA-09V,BiPro Classic Vainilla 0.9 lb,Polvos & Envasado,22.1,22.1,True,3.69,2552,0.168,Absorción atómica,Aprobado
EN-00692,L202511-00778,2025-11-20,2025-11,NUT-ZOL,Zolé Vainilla 450 g,Polvos & Envasado,23.0,22.1,True,2.51,819,0.008,Microbiología,Aprobado
EN-00693,L202504-00218,2025-04-07,2025-04,ALI-FIT-COC,Fitbar Coco,Barras & Snacks,25.1,23.5,False,3.32,440,0.04,NIR (analizador infrarrojo),Aprobado
EN-00694,L202602-01059,2026-02-04,2026-02,STK-CRE-SAC,Crea Stack Display sachets,Sachets & Display,24.1,23.6,True,4.67,731,0.321,NIR (analizador infrarrojo),Aprobado
EN-00695,L202503-00174,2025-03-27,2025-03,MEG-GAI-64,Gainz Vainilla 6.4 lb,Polvos & Envasado,22.9,23.9,True,3.16,341,0.066,NIR (analizador infrarrojo),Aprobado
EN-00696,L202608-01542,2026-08-21,2026-08,STK-BUR-TAR,Burner Stack 360 g,Polvos & Envasado,24.3,24.5,True,5.0,647,0.065,Kjeldahl,Aprobado
EN-00697,L202504-00222,2025-04-12,2025-04,ALI-PAN-WAF,Protein Pancake & Waffle,Horneados & Mezclas,23.4,25.0,True,3.33,1440,0.091,NIR (analizador infrarrojo),Aprobado
EN-00698,L202505-00320,2025-05-01,2025-05,NUT-POP-CAJ,Nutra Pops caja,Polvos & Envasado,22.3,23.1,True,2.84,208,0.197,NIR (analizador infrarrojo),Aprobado
EN-00699,L202606-01347,2026-06-12,2026-06,NUT-SB,Nutra Smart Baby,Polvos & Envasado,24.8,23.9,True,3.75,83,0.049,Kjeldahl,Aprobado
EN-00700,L202606-01385,2026-06-11,2026-06,STK-GLU,Gluta Stack,Polvos & Envasado,26.8,26.7,True,3.82,10654,0.308,NIR (analizador infrarrojo),Aprobado
EN-00701,L202608-01493,2026-08-17,2026-08,BIP-COM-21,BiPro Complex Vainilla 2.1 lb,Polvos & Envasado,26.5,27.5,True,5.39,248,0.161,Absorción atómica,Aprobado
EN-00702,L202504-00267,2025-04-26,2025-04,RAD-RES-24,Rescue · paca x24,Bebidas RTD (lata),23.2,24.2,True,4.53,1421,0.029,Microbiología,Cuarentena
EN-00703,L202501-00007,2025-01-20,2025-01,ALI-PAN-TRA,Protein Pancake Tradicional,Horneados & Mezclas,23.3,21.5,False,3.15,2139,0.005,Microbiología,Aprobado
EN-00704,L202511-00756,2025-11-22,2025-11,MEG-GAI-3,Gainz 3 lb,Polvos & Envasado,25.5,26.0,True,3.63,159,0.004,Microbiología,Aprobado
EN-00705,L202608-01518,2026-08-23,2026-08,NUT-POP-PK,Nutra Pops pack x12,Polvos & Envasado,26.2,27.4,True,3.4,186,0.032,NIR (analizador infrarrojo),Aprobado
EN-00706,L202502-00139,2025-02-04,2025-02,RAD-RES-24,Rescue · paca x24,Bebidas RTD (lata),26.7,29.5,True,2.9,5704,0.004,NIR (analizador infrarrojo),Aprobado
EN-00707,L202503-00164,2025-03-23,2025-03,BIP-LIT-24,BiPro Lite 2.4 lb,Polvos & Envasado,22.5,22.0,True,3.81,338,0.172,NIR (analizador infrarrojo),Aprobado
EN-00708,L202605-01274,2026-05-16,2026-05,RAD-ENX,Energy X,Polvos & Envasado,22.7,22.5,True,3.5,1488,0.136,Kjeldahl,Aprobado
EN-00709,L202509-00595,2025-09-10,2025-09,BIP-CLA-2V,BiPro Classic Vainilla 2 lb,Polvos & Envasado,26.8,28.1,True,4.09,813,0.189,Kjeldahl,Aprobado
EN-00710,L202607-01460,2026-07-17,2026-07,STK-BUR-TAR,Burner Stack 360 g,Polvos & Envasado,25.3,25.6,True,4.0,1655,0.409,Kjeldahl,Aprobado
EN-00711,L202606-01367,2026-06-16,2026-06,RAD-PWD-TAR,Radical Power Drink tarro,Polvos & Envasado,24.7,26.0,True,3.44,252,0.04,NIR (analizador infrarrojo),Cuarentena
EN-00712,L202603-01122,2026-03-18,2026-03,RAD-ENX,Energy X,Polvos & Envasado,22.3,22.8,True,2.77,219,0.042,Kjeldahl,Aprobado
EN-00713,L202607-01470,2026-07-20,2026-07,STK-PRW,Prime W Collagen Stack,Polvos & Envasado,22.5,22.5,True,3.53,294,0.066,NIR (analizador infrarrojo),Aprobado
EN-00714,L202508-00524,2025-08-26,2025-08,BIP-CLA-2V,BiPro Classic Vainilla 2 lb,Polvos & Envasado,26.9,25.3,False,3.58,249,0.229,NIR (analizador infrarrojo),Aprobado
EN-00715,L202601-00904,2026-01-11,2026-01,BIP-CLA-2N,BiPro Classic Natural 2 lb,Polvos & Envasado,24.0,23.8,True,2.71,288,0.031,NIR (analizador infrarrojo),Aprobado
EN-00716,L202512-00862,2025-12-27,2025-12,RAD-ENX,Energy X,Polvos & Envasado,25.1,23.9,True,2.84,1782,0.258,Microbiología,Aprobado
EN-00717,L202508-00579,2025-08-12,2025-08,STK-GLU,Gluta Stack,Polvos & Envasado,23.0,24.3,True,3.46,688,0.127,NIR (analizador infrarrojo),Aprobado
EN-00718,L202512-00811,2025-12-04,2025-12,ALI-PAN-TRA,Protein Pancake Tradicional,Horneados & Mezclas,23.6,23.6,True,3.32,2372,0.035,NIR (analizador infrarrojo),Aprobado
EN-00719,L202501-00020,2025-01-14,2025-01,BIP-CLA-2V,BiPro Classic Vainilla 2 lb,Polvos & Envasado,26.4,28.6,True,1.51,398,0.077,Kjeldahl,Cuarentena
EN-00720,L202511-00736,2025-11-26,2025-11,BIP-CLA-09V,BiPro Classic Vainilla 0.9 lb,Polvos & Envasado,26.1,26.1,True,2.92,2206,0.005,NIR (analizador infrarrojo),Aprobado
EN-00721,L202509-00634,2025-09-08,2025-09,RAD-RES-24,Rescue · paca x24,Bebidas RTD (lata),24.7,26.5,True,3.46,1975,0.092,Absorción atómica,Aprobado
EN-00722,L202605-01224,2026-05-10,2026-05,ALI-FIT-COC,Fitbar Coco,Barras & Snacks,25.9,24.9,True,4.41,263,0.159,Kjeldahl,Aprobado
EN-00723,L202509-00619,2025-09-07,2025-09,NUT-POP-CAJ,Nutra Pops caja,Polvos & Envasado,24.8,24.2,True,2.99,1141,0.019,Microbiología,Aprobado
EN-00724,L202512-00821,2025-12-23,2025-12,BIP-CLA-2V,BiPro Classic Vainilla 2 lb,Polvos & Envasado,26.4,28.0,True,3.63,149,0.082,Microbiología,Aprobado
EN-00725,L202510-00656,2025-10-26,2025-10,BIP-CLA-09V,BiPro Classic Vainilla 0.9 lb,Polvos & Envasado,24.3,24.3,True,3.53,3248,0.06,NIR (analizador infrarrojo),Aprobado
EN-00726,L202601-00886,2026-01-07,2026-01,ALI-CAK-CHO,Protein Cake Chocolate,Horneados & Mezclas,24.3,24.2,True,4.62,460,0.06,Kjeldahl,Aprobado
EN-00727,L202511-00792,2025-11-03,2025-11,STK-BUR-L24,Burner Stack Lata · paca x24,Bebidas RTD (lata),22.8,23.1,True,2.24,699,0.06,NIR (analizador infrarrojo),Aprobado
EN-00728,L202502-00138,2025-02-06,2025-02,RAD-RES-12,Rescue · paca x12,Bebidas RTD (lata),26.7,28.5,True,5.25,646,0.043,NIR (analizador infrarrojo),Aprobado
EN-00729,L202508-00558,2025-08-26,2025-08,NUT-ZOL,Zolé Vainilla 450 g,Polvos & Envasado,25.0,24.6,True,3.23,210,0.119,NIR (analizador infrarrojo),Aprobado
EN-00730,L202510-00698,2025-10-16,2025-10,NUT-VEG-400,Nutra Vegan Protein Mocaccino,Polvos & Envasado,22.5,22.8,True,3.07,394,0.032,Kjeldahl,Aprobado
EN-00731,L202605-01268,2026-05-10,2026-05,NUT-VEG-400,Nutra Vegan Protein Mocaccino,Polvos & Envasado,26.8,25.9,True,3.21,292,0.004,NIR (analizador infrarrojo),Aprobado
EN-00732,L202607-01412,2026-07-20,2026-07,BIP-LIT-24,BiPro Lite 2.4 lb,Polvos & Envasado,26.8,27.4,True,5.2,9839,0.107,NIR (analizador infrarrojo),Aprobado
EN-00733,L202601-00914,2026-01-23,2026-01,BIP-COM-21,BiPro Complex Vainilla 2.1 lb,Polvos & Envasado,24.1,24.3,True,3.38,378,0.233,Kjeldahl,Aprobado
EN-00734,L202602-00985,2026-02-12,2026-02,ALI-PAN-WAF,Protein Pancake & Waffle,Horneados & Mezclas,24.5,24.8,True,3.92,3220,0.065,NIR (analizador infrarrojo),Aprobado
EN-00735,L202506-00369,2025-06-03,2025-06,BIP-CLA-DIS,BiPro Classic Display sachets,Sachets & Display,22.6,22.5,True,3.3,905,0.005,Kjeldahl,Aprobado
EN-00736,L202607-01455,2026-07-24,2026-07,RAD-RES-24,Rescue · paca x24,Bebidas RTD (lata),24.5,24.1,True,3.19,404,0.059,Microbiología,Aprobado
EN-00737,L202608-01514,2026-08-16,2026-08,NUT-C,Nutra-C Ácido Ascórbico 200 g,Polvos & Envasado,26.0,24.7,True,3.25,2404,0.036,Kjeldahl,Aprobado
EN-00738,L202505-00328,2025-05-20,2025-05,RAD-ENX,Energy X,Polvos & Envasado,24.5,25.5,True,4.59,1832,0.125,Kjeldahl,Aprobado
EN-00739,L202505-00318,2025-05-26,2025-05,NUT-BAL,Nutra Balance x8 sobres,Sachets & Display,23.5,23.4,True,4.97,564,0.131,Microbiología,Aprobado
EN-00740,L202605-01265,2026-05-17,2026-05,NUT-POP-PK,Nutra Pops pack x12,Polvos & Envasado,23.7,24.1,True,3.33,704,0.026,NIR (analizador infrarrojo),Aprobado
EN-00741,L202603-01140,2026-03-02,2026-03,STK-CRE-SAC,Crea Stack Display sachets,Sachets & Display,22.6,23.1,True,4.6,57,0.1,Absorción atómica,Aprobado
EN-00742,L202508-00529,2025-08-08,2025-08,BIP-MAS-3,BiPro Mass 3 lb,Polvos & Envasado,25.1,24.7,True,3.78,3624,0.111,Microbiología,Aprobado
EN-00743,L202508-00527,2025-08-12,2025-08,BIP-COM-21,BiPro Complex Vainilla 2.1 lb,Polvos & Envasado,22.6,24.2,True,4.0,139,0.306,NIR (analizador infrarrojo),Aprobado
EN-00744,L202502-00088,2025-02-27,2025-02,BIP-CLA-09V,BiPro Classic Vainilla 0.9 lb,Polvos & Envasado,25.7,27.0,True,3.42,371,0.174,NIR (analizador infrarrojo),Aprobado
EN-00745,L202507-00480,2025-07-20,2025-07,NUT-RX,Nut-Rx Vainilla 400 g,Polvos & Envasado,23.2,23.7,True,3.32,195,0.046,Kjeldahl,Aprobado
EN-00746,L202505-00339,2025-05-19,2025-05,RAD-RES-4,Rescue · paca x4,Bebidas RTD (lata),26.6,27.0,True,4.26,314,0.021,Kjeldahl,Aprobado
EN-00747,L202511-00800,2025-11-02,2025-11,STK-CRE-TAR,Crea Stack 1.3 lb,Polvos & Envasado,25.7,27.0,True,3.48,974,0.003,NIR (analizador infrarrojo),Aprobado
EN-00748,L202510-00658,2025-10-09,2025-10,BIP-CLA-09V,BiPro Classic Vainilla 0.9 lb,Polvos & Envasado,26.5,27.4,True,4.55,814,0.097,Microbiología,Aprobado
EN-00749,L202503-00149,2025-03-16,2025-03,ALI-FIT-COC,Fitbar Coco,Barras & Snacks,25.6,26.3,True,3.61,303,0.086,NIR (analizador infrarrojo),Aprobado
EN-00750,L202605-01252,2026-05-05,2026-05,MEG-CRE-2,Megaplex Creatine Power 2 lb,Polvos & Envasado,23.9,23.6,True,2.96,396,0.123,Kjeldahl,Aprobado
EN-00751,L202607-01428,2026-07-27,2026-07,NUT-BAL,Nutra Balance x8 sobres,Sachets & Display,23.6,23.8,True,3.74,439,0.019,Absorción atómica,Aprobado
EN-00752,L202501-00029,2025-01-25,2025-01,MEG-CAR-CER,Mega Carbs Limón Cereza,Polvos & Envasado,24.1,23.5,True,4.72,179,0.075,NIR (analizador infrarrojo),Aprobado
EN-00753,L202504-00247,2025-04-23,2025-04,MEG-NIT-FR,Nitro Shock Frutos Rojos,Polvos & Envasado,23.2,23.6,True,2.85,736,0.07,NIR (analizador infrarrojo),Aprobado
EN-00754,L202506-00366,2025-06-04,2025-06,BIP-CLA-2C,BiPro Classic Chocolate 2 lb,Polvos & Envasado,25.5,28.3,True,3.31,184,0.042,Kjeldahl,Aprobado
EN-00755,L202601-00903,2026-01-04,2026-01,BIP-CLA-2N,BiPro Classic Natural 2 lb,Polvos & Envasado,23.1,22.9,True,4.19,445,0.02,NIR (analizador infrarrojo),Aprobado
EN-00756,L202603-01095,2026-03-26,2026-03,MEG-CAR-COC,Mega Carbs Limonada de Coco,Polvos & Envasado,23.6,23.9,True,2.89,349,0.019,Absorción atómica,Aprobado
EN-00757,L202605-01251,2026-05-01,2026-05,MEG-CRE-2,Megaplex Creatine Power 2 lb,Polvos & Envasado,25.4,26.9,True,4.54,1012,0.001,Microbiología,Aprobado
EN-00758,L202503-00199,2025-03-10,2025-03,RAD-RES-12,Rescue · paca x12,Bebidas RTD (lata),22.5,24.2,True,1.64,821,0.221,NIR (analizador infrarrojo),Aprobado
EN-00759,L202602-01000,2026-02-04,2026-02,BIP-CLA-3V,BiPro Classic Vainilla 3 lb,Polvos & Envasado,22.3,23.8,True,4.72,472,0.113,NIR (analizador infrarrojo),Aprobado
EN-00760,L202511-00745,2025-11-10,2025-11,BIP-COM-21,BiPro Complex Vainilla 2.1 lb,Polvos & Envasado,23.6,23.7,True,3.58,407,0.031,Microbiología,Aprobado
EN-00761,L202601-00979,2026-01-17,2026-01,STK-GLU,Gluta Stack,Polvos & Envasado,24.4,25.6,True,4.33,2090,0.021,Kjeldahl,Aprobado
EN-00762,L202506-00405,2025-06-17,2025-06,RAD-ENX,Energy X,Polvos & Envasado,24.2,24.3,True,3.09,7532,0.135,Kjeldahl,Aprobado
EN-00763,L202601-00955,2026-01-10,2026-01,RAD-ENX,Energy X,Polvos & Envasado,22.1,21.0,True,4.82,2303,0.025,NIR (analizador infrarrojo),Aprobado
EN-00764,L202507-00484,2025-07-22,2025-07,NUT-ZOL,Zolé Vainilla 450 g,Polvos & Envasado,25.1,26.5,True,3.61,300,0.369,NIR (analizador infrarrojo),Aprobado
EN-00765,L202503-00159,2025-03-03,2025-03,BIP-CLA-2N,BiPro Classic Natural 2 lb,Polvos & Envasado,23.3,23.4,True,3.07,1175,0.012,Absorción atómica,Aprobado
EN-00766,L202505-00316,2025-05-04,2025-05,MEG-SOY,Mega Soy,Polvos & Envasado,22.8,23.6,True,3.54,342,0.391,NIR (analizador infrarrojo),Aprobado
EN-00767,L202504-00257,2025-04-21,2025-04,NUT-POP-PK,Nutra Pops pack x12,Polvos & Envasado,25.1,26.7,True,2.79,327,0.014,Absorción atómica,Aprobado
EN-00768,L202501-00008,2025-01-23,2025-01,ALI-PAN-WAF,Protein Pancake & Waffle,Horneados & Mezclas,25.1,26.7,True,3.95,548,0.025,NIR (analizador infrarrojo),Aprobado
EN-00769,L202605-01228,2026-05-15,2026-05,ALI-PAN-WAF,Protein Pancake & Waffle,Horneados & Mezclas,25.7,25.7,True,4.56,361,0.17,Microbiología,Aprobado
EN-00770,L202506-00385,2025-06-06,2025-06,MEG-NIT-FR,Nitro Shock Frutos Rojos,Polvos & Envasado,26.7,28.2,True,5.03,1194,0.042,NIR (analizador infrarrojo),Aprobado
EN-00771,L202512-00871,2025-12-19,2025-12,RAD-RES-24,Rescue · paca x24,Bebidas RTD (lata),23.4,24.9,True,5.8,217,0.486,Kjeldahl,Cuarentena
EN-00772,L202503-00178,2025-03-17,2025-03,MEG-SOY,Mega Soy,Polvos & Envasado,26.3,25.5,True,3.53,360,0.456,Kjeldahl,Aprobado
EN-00773,L202603-01132,2026-03-01,2026-03,RAD-RES-4,Rescue · paca x4,Bebidas RTD (lata),25.1,25.4,True,3.54,329,0.042,NIR (analizador infrarrojo),Aprobado
EN-00774,L202505-00315,2025-05-27,2025-05,MEG-SOY,Mega Soy,Polvos & Envasado,26.8,25.7,True,3.08,105,0.009,NIR (analizador infrarrojo),Aprobado
EN-00775,L202506-00358,2025-06-03,2025-06,ALI-PAN-TRA,Protein Pancake Tradicional,Horneados & Mezclas,23.8,24.4,True,3.06,650,0.013,NIR (analizador infrarrojo),Aprobado
EN-00776,L202505-00299,2025-05-02,2025-05,BIP-LIT-24,BiPro Lite 2.4 lb,Polvos & Envasado,26.0,26.4,True,2.93,651,0.297,Microbiología,Aprobado
EN-00777,L202507-00456,2025-07-08,2025-07,MEG-CAR-CER,Mega Carbs Limón Cereza,Polvos & Envasado,24.1,24.7,True,2.94,929,0.044,NIR (analizador infrarrojo),Aprobado
EN-00778,L202508-00544,2025-08-19,2025-08,NUT-BAL,Nutra Balance x8 sobres,Sachets & Display,22.7,22.7,True,4.06,4016,0.07,NIR (analizador infrarrojo),Aprobado
EN-00779,L202510-00663,2025-10-15,2025-10,BIP-CLA-2V,BiPro Classic Vainilla 2 lb,Polvos & Envasado,26.3,23.9,False,5.58,2666,0.064,Microbiología,Aprobado
EN-00780,L202509-00597,2025-09-19,2025-09,BIP-CLA-DIS,BiPro Classic Display sachets,Sachets & Display,27.0,26.4,True,3.12,192,0.031,NIR (analizador infrarrojo),Aprobado
EN-00781,L202601-00896,2026-01-07,2026-01,BIP-CLA-09V,BiPro Classic Vainilla 0.9 lb,Polvos & Envasado,24.5,23.2,False,3.62,184,0.037,NIR (analizador infrarrojo),Aprobado
EN-00782,L202603-01080,2026-03-01,2026-03,BIP-CLA-2V,BiPro Classic Vainilla 2 lb,Polvos & Envasado,22.4,23.0,True,4.78,358,0.051,NIR (analizador infrarrojo),Aprobado
EN-00783,L202601-00957,2026-01-15,2026-01,RAD-MYT-24,Myth Legendary Pre-Workout x24,Bebidas RTD (lata),22.9,23.0,True,3.71,1750,0.015,NIR (analizador infrarrojo),Aprobado
EN-00784,L202508-00528,2025-08-03,2025-08,BIP-LIT-24,BiPro Lite 2.4 lb,Polvos & Envasado,22.4,23.3,True,3.34,111,0.194,NIR (analizador infrarrojo),Aprobado
EN-00785,L202606-01295,2026-06-14,2026-06,ALI-CAK-CHO,Protein Cake Chocolate,Horneados & Mezclas,25.0,24.6,True,3.06,499,0.563,NIR (analizador infrarrojo),Aprobado
EN-00786,L202503-00160,2025-03-11,2025-03,BIP-CLA-2V,BiPro Classic Vainilla 2 lb,Polvos & Envasado,26.9,27.2,True,3.0,299,0.206,NIR (analizador infrarrojo),Aprobado
EN-00787,L202606-01318,2026-06-08,2026-06,BIP-COM-21,BiPro Complex Vainilla 2.1 lb,Polvos & Envasado,25.3,25.8,True,4.3,576,0.08,Kjeldahl,Aprobado
EN-00788,L202506-00361,2025-06-02,2025-06,ALI-PAN-WAF,Protein Pancake & Waffle,Horneados & Mezclas,24.2,25.1,True,4.05,257,0.075,NIR (analizador infrarrojo),Aprobado
EN-00789,L202606-01362,2026-06-11,2026-06,RAD-ENX,Energy X,Polvos & Envasado,26.0,27.9,True,3.87,50,0.031,NIR (analizador infrarrojo),Aprobado
EN-00790,L202503-00203,2025-03-16,2025-03,STK-BUR-L24,Burner Stack Lata · paca x24,Bebidas RTD (lata),23.8,23.7,True,3.26,2104,0.082,NIR (analizador infrarrojo),Aprobado
EN-00791,L202605-01264,2026-05-05,2026-05,NUT-POP-PK,Nutra Pops pack x12,Polvos & Envasado,26.9,26.6,True,2.77,414,0.002,NIR (analizador infrarrojo),Aprobado
EN-00792,L202605-01247,2026-05-27,2026-05,MEG-CAR-COC,Mega Carbs Limonada de Coco,Polvos & Envasado,25.3,25.4,True,2.31,312,0.093,NIR (analizador infrarrojo),Aprobado
EN-00793,L202502-00113,2025-02-15,2025-02,MEG-SOY,Mega Soy,Polvos & Envasado,24.7,25.5,True,3.4,677,0.136,NIR (analizador infrarrojo),Aprobado
EN-00794,L202604-01213,2026-04-24,2026-04,STK-COL,Collagen Stack 585 g,Polvos & Envasado,22.9,23.0,True,3.67,715,0.144,Kjeldahl,Aprobado
EN-00795,L202505-00308,2025-05-25,2025-05,MEG-CRE-2,Megaplex Creatine Power 2 lb,Polvos & Envasado,22.8,22.3,True,2.97,1157,0.034,NIR (analizador infrarrojo),Aprobado
EN-00796,L202605-01241,2026-05-07,2026-05,BIP-CLA-DIS,BiPro Classic Display sachets,Sachets & Display,26.9,25.6,True,3.64,708,0.025,NIR (analizador infrarrojo),Aprobado
EN-00797,L202506-00423,2025-06-07,2025-06,STK-CRE-SAC,Crea Stack Display sachets,Sachets & Display,24.8,24.7,True,3.02,1379,0.114,Kjeldahl,Aprobado
EN-00798,L202604-01179,2026-04-21,2026-04,MEG-CAR-COC,Mega Carbs Limonada de Coco,Polvos & Envasado,22.9,22.7,True,3.85,1677,0.154,Microbiología,Aprobado
EN-00799,L202604-01193,2026-04-24,2026-04,NUT-RX,Nut-Rx Vainilla 400 g,Polvos & Envasado,22.5,22.7,True,3.2,440,0.005,NIR (analizador infrarrojo),Aprobado
EN-00800,L202607-01413,2026-07-10,2026-07,BIP-MAS-3,BiPro Mass 3 lb,Polvos & Envasado,23.9,23.6,True,3.68,213,0.066,NIR (analizador infrarrojo),Aprobado
EN-00801,L202507-00460,2025-07-15,2025-07,MEG-CRE-2,Megaplex Creatine Power 2 lb,Polvos & Envasado,22.6,23.0,True,4.55,225,0.049,NIR (analizador infrarrojo),Aprobado
EN-00802,L202509-00590,2025-09-02,2025-09,BIP-CLA-09V,BiPro Classic Vainilla 0.9 lb,Polvos & Envasado,26.3,25.9,True,3.87,228,0.061,NIR (analizador infrarrojo),Aprobado
EN-00803,L202606-01336,2026-06-01,2026-06,MEG-SOY,Mega Soy,Polvos & Envasado,23.2,22.6,True,2.51,3240,0.02,Kjeldahl,Aprobado
EN-00804,L202511-00763,2025-11-27,2025-11,MEG-SOY,Mega Soy,Polvos & Envasado,26.4,26.8,True,3.89,3221,0.03,Microbiología,Aprobado
EN-00805,L202601-00977,2026-01-17,2026-01,STK-CRE-TAR,Crea Stack 1.3 lb,Polvos & Envasado,23.8,23.8,True,4.97,513,0.172,Microbiología,Aprobado
EN-00806,L202607-01450,2026-07-24,2026-07,RAD-MYT-24,Myth Legendary Pre-Workout x24,Bebidas RTD (lata),22.0,22.5,True,4.35,1153,0.037,NIR (analizador infrarrojo),Aprobado
EN-00807,L202507-00450,2025-07-12,2025-07,BIP-CLA-DIS,BiPro Classic Display sachets,Sachets & Display,25.2,26.3,True,3.72,545,0.204,Kjeldahl,Aprobado
EN-00808,L202604-01209,2026-04-01,2026-04,STK-BUR-L12,Burner Stack Lata · paca x12,Bebidas RTD (lata),26.5,26.9,True,2.52,83,0.178,Kjeldahl,Aprobado
EN-00809,L202510-00680,2025-10-02,2025-10,MEG-GAI-3,Gainz 3 lb,Polvos & Envasado,25.9,26.0,True,4.52,451,0.049,NIR (analizador infrarrojo),Aprobado
EN-00810,L202510-00693,2025-10-01,2025-10,NUT-POP-CAJ,Nutra Pops caja,Polvos & Envasado,26.8,27.8,True,3.33,2272,0.24,Kjeldahl,Aprobado
EN-00811,L202606-01352,2026-06-14,2026-06,NUT-VEG-400,Nutra Vegan Protein Mocaccino,Polvos & Envasado,25.2,25.8,True,4.68,2575,0.139,Microbiología,Aprobado
EN-00812,L202502-00081,2025-02-14,2025-02,ALI-FIT-COC,Fitbar Coco,Barras & Snacks,27.0,27.5,True,3.42,1774,0.02,NIR (analizador infrarrojo),Aprobado
EN-00813,L202606-01351,2026-06-05,2026-06,NUT-SB-DIS,Nutra Smart Baby Display,Sachets & Display,26.0,26.7,True,3.45,48,0.162,Microbiología,Aprobado
EN-00814,L202605-01273,2026-05-07,2026-05,RAD-ENX,Energy X,Polvos & Envasado,22.4,23.2,True,3.78,888,0.034,Microbiología,Aprobado
EN-00815,L202602-01039,2026-02-14,2026-02,RAD-ENX,Energy X,Polvos & Envasado,25.2,25.8,True,3.35,405,0.092,Absorción atómica,Aprobado
EN-00816,L202603-01094,2026-03-21,2026-03,MEG-CAR-COC,Mega Carbs Limonada de Coco,Polvos & Envasado,23.8,22.2,False,4.48,2081,0.143,Microbiología,Aprobado
EN-00817,L202504-00216,2025-04-25,2025-04,ALI-FIT-CHO,Fitbar Chocolate,Barras & Snacks,23.8,24.2,True,2.29,1411,0.05,Microbiología,Aprobado
EN-00818,L202604-01204,2026-04-06,2026-04,RAD-PWD-TAR,Radical Power Drink tarro,Polvos & Envasado,22.7,24.1,True,3.55,185,0.014,NIR (analizador infrarrojo),Aprobado
EN-00819,L202501-00031,2025-01-03,2025-01,MEG-CAR-COC,Mega Carbs Limonada de Coco,Polvos & Envasado,22.5,22.3,True,3.97,225,0.103,Kjeldahl,Aprobado
EN-00820,L202504-00243,2025-04-11,2025-04,MEG-CRE-2,Megaplex Creatine Power 2 lb,Polvos & Envasado,24.9,25.1,True,2.97,161,0.034,Microbiología,Aprobado
EN-00821,L202607-01426,2026-07-21,2026-07,MEG-SOY,Mega Soy,Polvos & Envasado,23.7,23.9,True,3.83,256,0.061,Microbiología,Aprobado
EN-00822,L202509-00642,2025-09-23,2025-09,STK-CRE-SAC,Crea Stack Display sachets,Sachets & Display,25.3,26.2,True,3.04,553,0.07,NIR (analizador infrarrojo),Aprobado
EN-00823,L202510-00697,2025-10-15,2025-10,NUT-VEG-400,Nutra Vegan Protein Mocaccino,Polvos & Envasado,24.9,25.1,True,3.17,1042,0.14,NIR (analizador infrarrojo),Aprobado
EN-00824,L202503-00210,2025-03-16,2025-03,STK-GLU,Gluta Stack,Polvos & Envasado,26.8,27.5,True,2.82,1358,0.384,Microbiología,Aprobado
EN-00825,L202512-00883,2025-12-14,2025-12,STK-GLU,Gluta Stack,Polvos & Envasado,23.0,23.9,True,3.16,1493,0.288,NIR (analizador infrarrojo),Aprobado
EN-00826,L202511-00771,2025-11-01,2025-11,NUT-POP-PK,Nutra Pops pack x12,Polvos & Envasado,26.4,28.4,True,3.24,331,0.161,NIR (analizador infrarrojo),Aprobado
EN-00827,L202511-00753,2025-11-26,2025-11,MEG-CRE-2,Megaplex Creatine Power 2 lb,Polvos & Envasado,25.9,27.7,True,4.54,265,0.067,Kjeldahl,Aprobado
EN-00828,L202606-01346,2026-06-26,2026-06,NUT-SB,Nutra Smart Baby,Polvos & Envasado,25.3,27.0,True,3.75,1884,0.287,Microbiología,Aprobado
EN-00829,L202507-00436,2025-07-10,2025-07,ALI-PAN-TRA,Protein Pancake Tradicional,Horneados & Mezclas,24.7,25.2,True,3.05,501,0.057,NIR (analizador infrarrojo),Aprobado
EN-00830,L202606-01354,2026-06-02,2026-06,NUT-VEG-400,Nutra Vegan Protein Mocaccino,Polvos & Envasado,22.4,22.3,True,4.51,105,0.145,Absorción atómica,Aprobado
EN-00831,L202607-01448,2026-07-06,2026-07,RAD-ENX,Energy X,Polvos & Envasado,24.6,24.3,True,3.21,244,0.171,Kjeldahl,Aprobado
EN-00832,L202603-01128,2026-03-18,2026-03,RAD-PWD-TAR,Radical Power Drink tarro,Polvos & Envasado,25.0,25.9,True,4.02,236,0.012,NIR (analizador infrarrojo),Aprobado
EN-00833,L202607-01410,2026-07-05,2026-07,BIP-COM-21,BiPro Complex Vainilla 2.1 lb,Polvos & Envasado,25.8,26.2,True,3.2,3825,0.054,NIR (analizador infrarrojo),Aprobado
EN-00834,L202510-00689,2025-10-25,2025-10,NUT-BAL,Nutra Balance x8 sobres,Sachets & Display,22.3,23.8,True,4.24,1127,0.038,NIR (analizador infrarrojo),Aprobado
EN-00835,L202508-00552,2025-08-04,2025-08,NUT-POP-PK,Nutra Pops pack x12,Polvos & Envasado,26.8,26.2,True,3.48,598,0.045,NIR (analizador infrarrojo),Aprobado
EN-00836,L202508-00545,2025-08-20,2025-08,NUT-BAL,Nutra Balance x8 sobres,Sachets & Display,22.2,22.0,True,2.77,497,0.169,NIR (analizador infrarrojo),Aprobado
EN-00837,L202603-01077,2026-03-11,2026-03,BIP-CLA-2C,BiPro Classic Chocolate 2 lb,Polvos & Envasado,23.7,24.4,True,3.62,723,0.049,NIR (analizador infrarrojo),Aprobado
EN-00838,L202512-00833,2025-12-06,2025-12,MEG-CAR-COC,Mega Carbs Limonada de Coco,Polvos & Envasado,23.7,24.2,True,5.06,95,0.136,Microbiología,Aprobado
EN-00839,L202603-01084,2026-03-25,2026-03,BIP-CLA-DIS,BiPro Classic Display sachets,Sachets & Display,24.6,27.0,True,4.56,1597,0.088,NIR (analizador infrarrojo),Aprobado
EN-00840,L202605-01258,2026-05-19,2026-05,MEG-SOY,Mega Soy,Polvos & Envasado,26.5,27.4,True,3.0,1831,0.066,Kjeldahl,Aprobado
EN-00841,L202510-00715,2025-10-04,2025-10,STK-BUR-TAR,Burner Stack 360 g,Polvos & Envasado,25.4,26.4,True,2.63,266,0.358,Absorción atómica,Aprobado
EN-00842,L202506-00404,2025-06-23,2025-06,NUT-ZOL,Zolé Vainilla 450 g,Polvos & Envasado,22.5,22.7,True,5.23,5222,0.255,NIR (analizador infrarrojo),Aprobado
EN-00843,L202608-01528,2026-08-09,2026-08,NUT-ZOL,Zolé Vainilla 450 g,Polvos & Envasado,26.7,28.2,True,3.11,228,0.281,Kjeldahl,Aprobado
EN-00844,L202506-00363,2025-06-24,2025-06,BIP-CLA-09V,BiPro Classic Vainilla 0.9 lb,Polvos & Envasado,22.3,23.2,True,4.64,861,0.076,Kjeldahl,Aprobado
EN-00845,L202504-00272,2025-04-22,2025-04,STK-BUR-TAR,Burner Stack 360 g,Polvos & Envasado,25.2,25.2,True,3.75,179,0.006,Microbiología,Aprobado
EN-00846,L202507-00467,2025-07-17,2025-07,MEG-SOY,Mega Soy,Polvos & Envasado,23.5,23.8,True,4.82,965,0.248,Microbiología,Aprobado
EN-00847,L202606-01380,2026-06-19,2026-06,STK-CRE-SAC,Crea Stack Display sachets,Sachets & Display,22.7,23.5,True,4.35,103,0.104,Microbiología,Aprobado
EN-00848,L202603-01135,2026-03-01,2026-03,STK-BUR-TAR,Burner Stack 360 g,Polvos & Envasado,23.2,23.6,True,3.3,84,0.036,Kjeldahl,Aprobado
EN-00849,L202602-00994,2026-02-16,2026-02,BIP-CLA-2V,BiPro Classic Vainilla 2 lb,Polvos & Envasado,23.5,24.4,True,5.1,144,0.029,NIR (analizador infrarrojo),Aprobado
EN-00850,L202505-00278,2025-05-23,2025-05,ALI-CAK-CHO,Protein Cake Chocolate,Horneados & Mezclas,24.4,24.9,True,3.69,327,0.068,NIR (analizador infrarrojo),Aprobado
EN-00851,L202606-01378,2026-06-17,2026-06,STK-COMBO,Combo BiPro Lite + Burner Stack,Polvos & Envasado,22.8,22.6,True,3.9,10856,0.028,Absorción atómica,Aprobado
EN-00852,L202607-01466,2026-07-05,2026-07,STK-CRE-TAR,Crea Stack 1.3 lb,Polvos & Envasado,25.1,25.1,True,2.5,79,0.05,Kjeldahl,Aprobado
EN-00853,L202602-01019,2026-02-02,2026-02,MEG-SOY,Mega Soy,Polvos & Envasado,24.8,27.4,True,3.99,3119,0.02,Microbiología,Aprobado
EN-00854,L202507-00442,2025-07-02,2025-07,BIP-CLA-2C,BiPro Classic Chocolate 2 lb,Polvos & Envasado,24.4,24.3,True,2.41,258,0.137,NIR (analizador infrarrojo),Aprobado
EN-00855,L202510-00723,2025-10-10,2025-10,STK-GLU,Gluta Stack,Polvos & Envasado,24.5,24.7,True,4.04,550,0.144,Microbiología,Cuarentena
EN-00856,L202511-00787,2025-11-13,2025-11,RAD-PWD-TAR,Radical Power Drink tarro,Polvos & Envasado,26.2,25.0,True,3.85,2018,0.001,Kjeldahl,Aprobado
EN-00857,L202604-01188,2026-04-23,2026-04,MER-BAC,Nutramerican Backpack,Maquila externa,26.8,26.6,True,4.42,173,0.019,NIR (analizador infrarrojo),Aprobado
EN-00858,L202507-00443,2025-07-08,2025-07,BIP-CLA-2C,BiPro Classic Chocolate 2 lb,Polvos & Envasado,23.9,24.3,True,3.3,424,0.079,NIR (analizador infrarrojo),Aprobado
EN-00859,L202505-00300,2025-05-04,2025-05,BIP-LIT-24,BiPro Lite 2.4 lb,Polvos & Envasado,23.7,24.2,True,3.12,149,0.081,Absorción atómica,Aprobado
EN-00860,L202604-01189,2026-04-16,2026-04,NUT-BAL,Nutra Balance x8 sobres,Sachets & Display,23.2,24.3,True,3.57,1464,0.165,NIR (analizador infrarrojo),Aprobado
EN-00861,L202506-00376,2025-06-10,2025-06,MEG-CAR-CER,Mega Carbs Limón Cereza,Polvos & Envasado,22.8,22.6,True,3.64,213,0.174,Absorción atómica,Aprobado
EN-00862,L202602-01057,2026-02-08,2026-02,STK-COL,Collagen Stack 585 g,Polvos & Envasado,26.4,26.4,True,4.24,2023,0.017,Kjeldahl,Aprobado
EN-00863,L202604-01154,2026-04-19,2026-04,ALI-PAN-TRA,Protein Pancake Tradicional,Horneados & Mezclas,23.3,22.3,True,4.15,342,0.01,Kjeldahl,Aprobado
EN-00864,L202608-01475,2026-08-15,2026-08,ALI-FIT-COC,Fitbar Coco,Barras & Snacks,25.2,26.6,True,4.57,1039,0.014,Microbiología,Aprobado
EN-00865,L202602-01045,2026-02-03,2026-02,RAD-MYT-12,Myth Legendary Pre-Workout x12,Bebidas RTD (lata),24.4,23.4,True,3.63,550,0.12,NIR (analizador infrarrojo),Aprobado
EN-00866,L202602-01040,2026-02-10,2026-02,RAD-ENX,Energy X,Polvos & Envasado,25.6,24.8,True,2.44,2522,0.094,Kjeldahl,Aprobado
EN-00867,L202507-00473,2025-07-03,2025-07,NUT-C,Nutra-C Ácido Ascórbico 200 g,Polvos & Envasado,24.6,24.6,True,3.24,413,0.011,NIR (analizador infrarrojo),Aprobado
EN-00868,L202601-00937,2026-01-26,2026-01,NUT-BAL,Nutra Balance x8 sobres,Sachets & Display,24.7,24.9,True,4.5,778,0.115,NIR (analizador infrarrojo),Aprobado
EN-00869,L202508-00564,2025-08-25,2025-08,RAD-MYT-24,Myth Legendary Pre-Workout x24,Bebidas RTD (lata),24.6,25.1,True,4.49,201,0.019,Kjeldahl,Aprobado
EN-00870,L202607-01402,2026-07-20,2026-07,BIP-CLA-2V,BiPro Classic Vainilla 2 lb,Polvos & Envasado,22.1,23.0,True,3.82,348,0.023,Kjeldahl,Aprobado
EN-00871,L202511-00751,2025-11-26,2025-11,MEG-CAR-COC,Mega Carbs Limonada de Coco,Polvos & Envasado,23.4,26.0,True,3.11,1040,0.007,NIR (analizador infrarrojo),Aprobado
EN-00872,L202506-00389,2025-06-18,2025-06,MEG-SOY,Mega Soy,Polvos & Envasado,24.1,23.7,True,3.33,687,0.059,NIR (analizador infrarrojo),Aprobado
EN-00873,L202501-00023,2025-01-18,2025-01,BIP-COM-21,BiPro Complex Vainilla 2.1 lb,Polvos & Envasado,22.2,22.7,True,2.32,481,0.168,Absorción atómica,Aprobado
EN-00874,L202512-00876,2025-12-04,2025-12,STK-BUR-TAR,Burner Stack 360 g,Polvos & Envasado,23.1,23.1,True,2.52,168,0.13,Microbiología,Aprobado
EN-00875,L202604-01217,2026-04-24,2026-04,STK-CRE-TAR,Crea Stack 1.3 lb,Polvos & Envasado,26.7,27.2,True,5.03,337,0.066,NIR (analizador infrarrojo),Aprobado
EN-00876,L202502-00125,2025-02-09,2025-02,NUT-RX,Nut-Rx Vainilla 400 g,Polvos & Envasado,23.5,24.4,True,3.28,698,0.127,Microbiología,Aprobado
EN-00877,L202506-00424,2025-06-22,2025-06,STK-CRE-TAR,Crea Stack 1.3 lb,Polvos & Envasado,26.3,25.1,True,4.62,453,0.173,Kjeldahl,Aprobado
EN-00878,L202511-00774,2025-11-04,2025-11,NUT-RX,Nut-Rx Vainilla 400 g,Polvos & Envasado,23.4,22.4,True,4.43,138,0.01,Kjeldahl,Aprobado
EN-00879,L202607-01388,2026-07-11,2026-07,ALI-CAK-VAN,Protein Cake Vainilla,Horneados & Mezclas,24.8,25.5,True,3.53,1086,0.104,NIR (analizador infrarrojo),Rechazado
EN-00880,L202507-00471,2025-07-17,2025-07,NUT-BAL,Nutra Balance x8 sobres,Sachets & Display,24.1,24.4,True,3.47,627,0.05,NIR (analizador infrarrojo),Aprobado
EN-00881,L202510-00722,2025-10-05,2025-10,STK-GLU,Gluta Stack,Polvos & Envasado,23.4,23.4,True,2.94,3136,0.013,NIR (analizador infrarrojo),Aprobado
EN-00882,L202603-01062,2026-03-19,2026-03,ALI-CAK-CHO,Protein Cake Chocolate,Horneados & Mezclas,24.6,25.5,True,3.64,477,0.048,Kjeldahl,Aprobado
EN-00883,L202608-01547,2026-08-22,2026-08,STK-CRE-TAR,Crea Stack 1.3 lb,Polvos & Envasado,24.4,23.9,True,3.92,508,0.224,NIR (analizador infrarrojo),Aprobado
EN-00884,L202502-00143,2025-02-24,2025-02,STK-BUR-TAR,Burner Stack 360 g,Polvos & Envasado,26.3,26.2,True,3.28,436,0.247,NIR (analizador infrarrojo),Aprobado
EN-00885,L202501-00051,2025-01-26,2025-01,NUT-POP-CAJ,Nutra Pops caja,Polvos & Envasado,23.7,23.4,True,3.69,504,0.088,NIR (analizador infrarrojo),Aprobado
EN-00886,L202512-00864,2025-12-11,2025-12,RAD-ENX,Energy X,Polvos & Envasado,23.5,23.3,True,4.27,224,0.022,NIR (analizador infrarrojo),Aprobado
EN-00887,L202607-01442,2026-07-09,2026-07,NUT-VEG-400,Nutra Vegan Protein Mocaccino,Polvos & Envasado,25.4,25.7,True,2.79,373,0.211,Microbiología,Aprobado
EN-00888,L202603-01078,2026-03-11,2026-03,BIP-CLA-2N,BiPro Classic Natural 2 lb,Polvos & Envasado,26.3,27.3,True,2.93,130,0.193,NIR (analizador infrarrojo),Aprobado
EN-00889,L202509-00624,2025-09-24,2025-09,NUT-VEG-400,Nutra Vegan Protein Mocaccino,Polvos & Envasado,23.2,23.7,True,2.7,3442,0.028,Kjeldahl,Aprobado
EN-00890,L202603-01121,2026-03-08,2026-03,NUT-ZOL,Zolé Vainilla 450 g,Polvos & Envasado,25.7,26.4,True,2.9,398,0.05,NIR (analizador infrarrojo),Aprobado
EN-00891,L202502-00082,2025-02-12,2025-02,ALI-FIT-COC,Fitbar Coco,Barras & Snacks,26.8,28.2,True,2.02,563,0.088,NIR (analizador infrarrojo),Aprobado
EN-00892,L202510-00704,2025-10-06,2025-10,RAD-ENX,Energy X,Polvos & Envasado,25.9,25.9,True,3.68,474,0.16,NIR (analizador infrarrojo),Aprobado
EN-00893,L202507-00483,2025-07-13,2025-07,NUT-ZOL,Zolé Vainilla 450 g,Polvos & Envasado,25.6,25.6,True,2.89,188,0.189,Kjeldahl,Aprobado
EN-00894,L202505-00322,2025-05-16,2025-05,NUT-POP-PK,Nutra Pops pack x12,Polvos & Envasado,25.2,23.3,False,3.48,158,0.04,Microbiología,Aprobado
EN-00895,L202606-01355,2026-06-02,2026-06,NUT-ZOL,Zolé Vainilla 450 g,Polvos & Envasado,23.5,24.0,True,3.29,123,0.012,Absorción atómica,Aprobado
EN-00896,L202507-00506,2025-07-10,2025-07,STK-CRE-TAR,Crea Stack 1.3 lb,Polvos & Envasado,24.2,24.9,True,3.2,442,0.003,NIR (analizador infrarrojo),Aprobado
EN-00897,L202608-01526,2026-08-13,2026-08,NUT-ZOL,Zolé Vainilla 450 g,Polvos & Envasado,26.3,27.0,True,4.53,297,0.132,NIR (analizador infrarrojo),Aprobado
EN-00898,L202512-00842,2025-12-14,2025-12,MEG-SOY,Mega Soy,Polvos & Envasado,24.9,24.4,True,3.39,201,0.149,Microbiología,Aprobado
EN-00899,L202501-00067,2025-01-15,2025-01,RAD-ENX,Energy X,Polvos & Envasado,22.0,22.0,True,3.54,778,0.015,NIR (analizador infrarrojo),Aprobado
EN-00900,L202606-01322,2026-06-20,2026-06,MEG-CAR-CER,Mega Carbs Limón Cereza,Polvos & Envasado,26.5,26.3,True,4.18,1132,0.319,NIR (analizador infrarrojo),Aprobado
EN-00901,L202601-00973,2026-01-01,2026-01,STK-COMBO,Combo BiPro Lite + Burner Stack,Polvos & Envasado,24.2,26.3,True,3.6,1925,0.055,NIR (analizador infrarrojo),Aprobado
EN-00902,L202606-01369,2026-06-22,2026-06,RAD-RES-24,Rescue · paca x24,Bebidas RTD (lata),25.8,27.2,True,4.34,132,0.01,Absorción atómica,Aprobado
EN-00903,L202511-00802,2025-11-16,2025-11,STK-GLU,Gluta Stack,Polvos & Envasado,26.9,26.8,True,2.93,1418,0.1,Kjeldahl,Aprobado
EN-00904,L202608-01530,2026-08-05,2026-08,RAD-ENX,Energy X,Polvos & Envasado,24.4,25.3,True,3.25,1651,0.02,NIR (analizador infrarrojo),Aprobado
EN-00905,L202501-00032,2025-01-23,2025-01,MEG-CAR-COC,Mega Carbs Limonada de Coco,Polvos & Envasado,25.3,24.4,True,4.48,269,0.416,Microbiología,Aprobado
EN-00906,L202511-00796,2025-11-14,2025-11,STK-COL,Collagen Stack 585 g,Polvos & Envasado,26.7,27.5,True,3.76,832,0.089,Absorción atómica,Aprobado
EN-00907,L202506-00418,2025-06-09,2025-06,STK-BUR-TAR,Burner Stack 360 g,Polvos & Envasado,23.6,24.4,True,4.4,475,0.091,Microbiología,Aprobado
EN-00908,L202512-00882,2025-12-20,2025-12,STK-CRE-TAR,Crea Stack 1.3 lb,Polvos & Envasado,26.2,27.0,True,4.94,125,0.059,NIR (analizador infrarrojo),Aprobado
EN-00909,L202509-00633,2025-09-13,2025-09,RAD-RES-12,Rescue · paca x12,Bebidas RTD (lata),23.1,23.7,True,2.68,165,0.008,NIR (analizador infrarrojo),Aprobado
EN-00910,L202604-01201,2026-04-25,2026-04,RAD-MYT-12,Myth Legendary Pre-Workout x12,Bebidas RTD (lata),22.5,23.7,True,3.48,2562,0.17,NIR (analizador infrarrojo),Aprobado
EN-00911,L202608-01472,2026-08-19,2026-08,ALI-CAK-CHO,Protein Cake Chocolate,Horneados & Mezclas,22.2,21.3,True,4.12,636,0.016,Microbiología,Aprobado
EN-00912,L202501-00065,2025-01-12,2025-01,NUT-ZOL,Zolé Vainilla 450 g,Polvos & Envasado,26.1,26.2,True,3.98,278,0.09,NIR (analizador infrarrojo),Aprobado
EN-00913,L202502-00140,2025-02-26,2025-02,RAD-RES-4,Rescue · paca x4,Bebidas RTD (lata),26.5,25.9,True,5.17,1776,0.094,Kjeldahl,Aprobado
EN-00914,L202605-01245,2026-05-26,2026-05,BIP-MAS-3,BiPro Mass 3 lb,Polvos & Envasado,23.5,25.5,True,3.32,237,0.017,Kjeldahl,Aprobado
EN-00915,L202605-01239,2026-05-16,2026-05,BIP-CLA-3V,BiPro Classic Vainilla 3 lb,Polvos & Envasado,25.8,23.9,False,3.75,349,0.054,Kjeldahl,Rechazado
EN-00916,L202501-00078,2025-01-27,2025-01,STK-GLU,Gluta Stack,Polvos & Envasado,25.9,26.6,True,4.25,127,0.015,Microbiología,Aprobado
EN-00917,L202507-00492,2025-07-14,2025-07,RAD-PWD,Radical Power Drink polvo,Polvos & Envasado,24.1,24.8,True,4.23,484,0.072,NIR (analizador infrarrojo),Aprobado
EN-00918,L202603-01089,2026-03-18,2026-03,BIP-LIT-24,BiPro Lite 2.4 lb,Polvos & Envasado,26.9,26.3,True,3.39,609,0.031,Microbiología,Aprobado
EN-00919,L202604-01173,2026-04-08,2026-04,BIP-LIT-24,BiPro Lite 2.4 lb,Polvos & Envasado,22.5,23.5,True,2.8,3096,0.129,NIR (analizador infrarrojo),Aprobado
EN-00920,L202508-00533,2025-08-21,2025-08,MEG-CAR-CER,Mega Carbs Limón Cereza,Polvos & Envasado,22.5,23.3,True,3.77,388,0.27,Microbiología,Aprobado
EN-00921,L202501-00066,2025-01-18,2025-01,RAD-ENX,Energy X,Polvos & Envasado,22.5,22.3,True,3.71,531,0.05,Kjeldahl,Cuarentena
EN-00922,L202606-01303,2026-06-14,2026-06,ALI-PAN-WAF,Protein Pancake & Waffle,Horneados & Mezclas,22.2,23.0,True,2.66,190,0.09,Kjeldahl,Aprobado
EN-00923,L202601-00964,2026-01-27,2026-01,RAD-RES-4,Rescue · paca x4,Bebidas RTD (lata),25.2,25.5,True,3.21,689,0.036,NIR (analizador infrarrojo),Aprobado
EN-00924,L202606-01298,2026-06-07,2026-06,ALI-FIT-CHO,Fitbar Chocolate,Barras & Snacks,26.1,25.5,True,4.16,1208,0.001,NIR (analizador infrarrojo),Aprobado
EN-00925,L202505-00297,2025-05-17,2025-05,BIP-CLA-DIS,BiPro Classic Display sachets,Sachets & Display,23.8,24.5,True,3.77,476,0.064,NIR (analizador infrarrojo),Aprobado
EN-00926,L202509-00592,2025-09-13,2025-09,BIP-CLA-2C,BiPro Classic Chocolate 2 lb,Polvos & Envasado,25.9,27.3,True,3.23,207,0.084,NIR (analizador infrarrojo),Aprobado
EN-00927,L202506-00420,2025-06-01,2025-06,STK-BUR-TAR,Burner Stack 360 g,Polvos & Envasado,25.1,24.7,True,3.03,310,0.056,NIR (analizador infrarrojo),Aprobado
EN-00928,L202511-00768,2025-11-14,2025-11,NUT-C,Nutra-C Ácido Ascórbico 200 g,Polvos & Envasado,23.4,23.8,True,4.37,30,0.025,Absorción atómica,Aprobado
EN-00929,L202601-00893,2026-01-20,2026-01,ALI-PAN-TRA,Protein Pancake Tradicional,Horneados & Mezclas,24.7,25.2,True,2.86,960,0.042,Microbiología,Aprobado
EN-00930,L202507-00439,2025-07-18,2025-07,BIP-CLA-09V,BiPro Classic Vainilla 0.9 lb,Polvos & Envasado,22.2,22.8,True,4.21,393,0.007,Kjeldahl,Aprobado
EN-00931,L202504-00262,2025-04-14,2025-04,RAD-ENX,Energy X,Polvos & Envasado,26.2,27.3,True,2.83,114,0.116,NIR (analizador infrarrojo),Aprobado
EN-00932,L202607-01417,2026-07-17,2026-07,MEG-CAR-COC,Mega Carbs Limonada de Coco,Polvos & Envasado,24.6,23.3,False,3.39,473,0.034,Kjeldahl,Aprobado
EN-00933,L202511-00725,2025-11-13,2025-11,ALI-CAK-CHO,Protein Cake Chocolate,Horneados & Mezclas,23.2,23.8,True,2.28,618,0.044,NIR (analizador infrarrojo),Aprobado
EN-00934,L202607-01431,2026-07-10,2026-07,NUT-POP-CAJ,Nutra Pops caja,Polvos & Envasado,23.2,22.6,True,4.22,649,0.084,NIR (analizador infrarrojo),Aprobado
EN-00935,L202505-00282,2025-05-23,2025-05,ALI-FIT-CHO,Fitbar Chocolate,Barras & Snacks,26.4,26.9,True,4.72,1314,0.143,NIR (analizador infrarrojo),Aprobado
EN-00936,L202509-00627,2025-09-03,2025-09,RAD-ENX,Energy X,Polvos & Envasado,24.3,24.6,True,5.21,1077,0.026,NIR (analizador infrarrojo),Aprobado
EN-00937,L202602-01054,2026-02-14,2026-02,STK-BUR-L12,Burner Stack Lata · paca x12,Bebidas RTD (lata),22.5,23.0,True,4.23,1175,0.013,Absorción atómica,Aprobado
EN-00938,L202603-01087,2026-03-04,2026-03,BIP-COM-21,BiPro Complex Vainilla 2.1 lb,Polvos & Envasado,26.6,26.7,True,3.36,3768,0.363,NIR (analizador infrarrojo),Aprobado
EN-00939,L202608-01497,2026-08-07,2026-08,MEG-CAR-CER,Mega Carbs Limón Cereza,Polvos & Envasado,24.5,25.4,True,5.11,1509,0.322,NIR (analizador infrarrojo),Aprobado
EN-00940,L202503-00189,2025-03-15,2025-03,NUT-RX,Nut-Rx Vainilla 400 g,Polvos & Envasado,23.7,25.3,True,3.54,1582,0.01,Kjeldahl,Aprobado
EN-00941,L202605-01243,2026-05-26,2026-05,BIP-COM-21,BiPro Complex Vainilla 2.1 lb,Polvos & Envasado,25.8,26.9,True,3.53,611,0.099,Microbiología,Aprobado
EN-00942,L202504-00252,2025-04-07,2025-04,NUT-BAL,Nutra Balance x8 sobres,Sachets & Display,22.7,23.4,True,3.26,1217,0.063,NIR (analizador infrarrojo),Aprobado
EN-00943,L202509-00584,2025-09-08,2025-09,ALI-FIT-COC,Fitbar Coco,Barras & Snacks,24.6,24.4,True,1.2,623,0.025,Kjeldahl,Aprobado
EN-00944,L202606-01341,2026-06-13,2026-06,NUT-POP-CAJ,Nutra Pops caja,Polvos & Envasado,22.4,24.5,True,3.05,767,0.021,Kjeldahl,Aprobado
EN-00945,L202608-01503,2026-08-23,2026-08,MEG-CRE-2,Megaplex Creatine Power 2 lb,Polvos & Envasado,24.6,25.8,True,4.25,4359,0.004,NIR (analizador infrarrojo),Aprobado
EN-00946,L202602-01024,2026-02-15,2026-02,NUT-C,Nutra-C Ácido Ascórbico 200 g,Polvos & Envasado,23.8,24.7,True,3.21,782,0.175,Kjeldahl,Cuarentena
EN-00947,L202508-00515,2025-08-09,2025-08,ALI-PAN-TRA,Protein Pancake Tradicional,Horneados & Mezclas,25.4,25.5,True,3.18,138,0.085,Absorción atómica,Aprobado
EN-00948,L202606-01359,2026-06-02,2026-06,RAD-ENX,Energy X,Polvos & Envasado,23.1,23.3,True,4.62,103,0.027,Kjeldahl,Aprobado
EN-00949,L202602-01006,2026-02-12,2026-02,BIP-MAS-3,BiPro Mass 3 lb,Polvos & Envasado,25.6,27.0,True,2.67,264,0.017,Kjeldahl,Aprobado
EN-00950,L202607-01462,2026-07-27,2026-07,STK-COL,Collagen Stack 585 g,Polvos & Envasado,25.3,26.6,True,5.82,427,0.249,Kjeldahl,Aprobado
EN-00951,L202510-00707,2025-10-08,2025-10,RAD-PWD,Radical Power Drink polvo,Polvos & Envasado,25.7,24.9,True,2.39,723,0.317,Microbiología,Aprobado
EN-00952,L202507-00488,2025-07-11,2025-07,RAD-ENX,Energy X,Polvos & Envasado,26.3,26.5,True,2.89,198,0.102,NIR (analizador infrarrojo),Aprobado
EN-00953,L202510-00664,2025-10-13,2025-10,BIP-CLA-2V,BiPro Classic Vainilla 2 lb,Polvos & Envasado,23.1,22.9,True,2.42,146,0.26,Absorción atómica,Aprobado
EN-00954,L202604-01172,2026-04-15,2026-04,BIP-COM-21,BiPro Complex Vainilla 2.1 lb,Polvos & Envasado,25.6,26.0,True,4.4,929,0.058,Microbiología,Aprobado
EN-00955,L202604-01180,2026-04-05,2026-04,MEG-CRE-10,Megaplex Creatine Power 10 lb,Polvos & Envasado,24.1,23.5,True,4.45,1185,0.085,NIR (analizador infrarrojo),Aprobado
EN-00956,L202504-00274,2025-04-06,2025-04,STK-CRE-TAR,Crea Stack 1.3 lb,Polvos & Envasado,25.3,26.1,True,3.98,903,0.083,Absorción atómica,Aprobado
EN-00957,L202510-00686,2025-10-10,2025-10,MEG-SOY,Mega Soy,Polvos & Envasado,23.5,24.1,True,5.66,1000,0.151,NIR (analizador infrarrojo),Aprobado
EN-00958,L202604-01159,2026-04-27,2026-04,BIP-CLA-2C,BiPro Classic Chocolate 2 lb,Polvos & Envasado,23.5,24.0,True,3.64,597,0.065,Microbiología,Aprobado
EN-00959,L202605-01287,2026-05-13,2026-05,STK-COMBO,Combo BiPro Lite + Burner Stack,Polvos & Envasado,25.5,25.2,True,4.84,1490,0.016,NIR (analizador infrarrojo),Aprobado
EN-00960,L202512-00878,2025-12-22,2025-12,STK-COMBO,Combo BiPro Lite + Burner Stack,Polvos & Envasado,22.5,22.2,True,3.41,2019,0.088,NIR (analizador infrarrojo),Aprobado
EN-00961,L202603-01083,2026-03-24,2026-03,BIP-CLA-3V,BiPro Classic Vainilla 3 lb,Polvos & Envasado,23.9,24.2,True,3.61,604,0.023,NIR (analizador infrarrojo),Aprobado
EN-00962,L202607-01394,2026-07-27,2026-07,ALI-PAN-WAF,Protein Pancake & Waffle,Horneados & Mezclas,25.2,26.6,True,3.68,962,0.065,NIR (analizador infrarrojo),Aprobado
EN-00963,L202507-00449,2025-07-03,2025-07,BIP-CLA-DIS,BiPro Classic Display sachets,Sachets & Display,26.1,27.4,True,2.73,599,0.15,NIR (analizador infrarrojo),Aprobado
EN-00964,L202506-00412,2025-06-05,2025-06,RAD-RES-12,Rescue · paca x12,Bebidas RTD (lata),22.2,21.3,True,2.13,249,0.106,NIR (analizador infrarrojo),Aprobado
EN-00965,L202507-00459,2025-07-07,2025-07,MEG-CRE-10,Megaplex Creatine Power 10 lb,Polvos & Envasado,22.9,23.8,True,4.26,251,0.191,NIR (analizador infrarrojo),Aprobado
EN-00966,L202506-00377,2025-06-04,2025-06,MEG-CAR-COC,Mega Carbs Limonada de Coco,Polvos & Envasado,23.6,22.5,True,3.39,1883,0.11,NIR (analizador infrarrojo),Aprobado
EN-00967,L202608-01524,2026-08-08,2026-08,NUT-VEG-400,Nutra Vegan Protein Mocaccino,Polvos & Envasado,24.2,24.2,True,5.33,2021,0.039,Kjeldahl,Aprobado
EN-00968,L202510-00668,2025-10-16,2025-10,BIP-CLA-DIS,BiPro Classic Display sachets,Sachets & Display,24.7,26.2,True,4.62,1644,0.0,Microbiología,Aprobado
EN-00969,L202605-01281,2026-05-07,2026-05,RAD-RES-24,Rescue · paca x24,Bebidas RTD (lata),23.0,23.1,True,4.37,1539,0.088,Microbiología,Aprobado
EN-00970,L202503-00150,2025-03-08,2025-03,ALI-PAN-TRA,Protein Pancake Tradicional,Horneados & Mezclas,25.4,26.2,True,4.96,285,0.029,Microbiología,Aprobado
EN-00971,L202602-00986,2026-02-07,2026-02,ALI-PAN-WAF,Protein Pancake & Waffle,Horneados & Mezclas,26.2,28.2,True,4.27,404,0.066,Kjeldahl,Aprobado
EN-00972,L202605-01237,2026-05-03,2026-05,BIP-CLA-3CA,BiPro Classic Capuccino 3 lb,Polvos & Envasado,26.1,27.1,True,4.69,634,0.096,Kjeldahl,Aprobado
EN-00973,L202511-00734,2025-11-15,2025-11,ALI-PAN-WAF,Protein Pancake & Waffle,Horneados & Mezclas,22.7,23.5,True,2.6,5086,0.041,Microbiología,Aprobado
EN-00974,L202504-00219,2025-04-20,2025-04,ALI-PAN-TRA,Protein Pancake Tradicional,Horneados & Mezclas,23.8,24.9,True,3.06,1951,0.047,NIR (analizador infrarrojo),Aprobado
EN-00975,L202504-00240,2025-04-18,2025-04,MEG-CAR-COC,Mega Carbs Limonada de Coco,Polvos & Envasado,25.6,26.1,True,4.4,1001,0.084,NIR (analizador infrarrojo),Aprobado
EN-00976,L202603-01114,2026-03-18,2026-03,NUT-POP-PK,Nutra Pops pack x12,Polvos & Envasado,22.2,22.9,True,4.41,1099,0.181,Microbiología,Aprobado
EN-00977,L202512-00868,2025-12-11,2025-12,RAD-PWD,Radical Power Drink polvo,Polvos & Envasado,25.6,24.6,True,4.76,478,0.06,NIR (analizador infrarrojo),Aprobado
EN-00978,L202511-00726,2025-11-18,2025-11,ALI-CAK-CHO,Protein Cake Chocolate,Horneados & Mezclas,23.4,23.4,True,4.02,1081,0.027,Kjeldahl,Aprobado
EN-00979,L202503-00193,2025-03-14,2025-03,NUT-ZOL,Zolé Vainilla 450 g,Polvos & Envasado,25.4,25.6,True,4.06,2136,0.006,Kjeldahl,Aprobado
EN-00980,L202511-00793,2025-11-20,2025-11,STK-BUR-TAR,Burner Stack 360 g,Polvos & Envasado,25.5,27.1,True,2.91,653,0.06,Microbiología,Aprobado
EN-00981,L202503-00192,2025-03-09,2025-03,NUT-ZOL,Zolé Vainilla 450 g,Polvos & Envasado,24.4,22.6,False,3.69,153,0.105,Kjeldahl,Aprobado
EN-00982,L202602-01012,2026-02-09,2026-02,MEG-CRE-2,Megaplex Creatine Power 2 lb,Polvos & Envasado,24.3,24.2,True,2.95,91,0.05,NIR (analizador infrarrojo),Aprobado
EN-00983,L202602-01018,2026-02-06,2026-02,MEG-SOY,Mega Soy,Polvos & Envasado,24.1,24.6,True,3.63,268,0.034,Kjeldahl,Aprobado
EN-00984,L202602-01022,2026-02-20,2026-02,NUT-BAL,Nutra Balance x8 sobres,Sachets & Display,22.5,23.3,True,4.0,603,0.195,Kjeldahl,Aprobado
EN-00985,L202601-00963,2026-01-05,2026-01,RAD-RES-4,Rescue · paca x4,Bebidas RTD (lata),23.6,23.2,True,4.03,777,0.001,Microbiología,Aprobado
EN-00986,L202509-00645,2025-09-04,2025-09,STK-GLU,Gluta Stack,Polvos & Envasado,22.9,23.1,True,2.85,350,0.075,Kjeldahl,Aprobado
EN-00987,L202506-00360,2025-06-01,2025-06,ALI-PAN-WAF,Protein Pancake & Waffle,Horneados & Mezclas,25.6,24.7,True,2.45,576,0.139,Kjeldahl,Aprobado
EN-00988,L202602-01017,2026-02-15,2026-02,MEG-NIT-FR,Nitro Shock Frutos Rojos,Polvos & Envasado,25.8,26.7,True,5.13,295,0.129,Kjeldahl,Aprobado
EN-00989,L202608-01499,2026-08-19,2026-08,MEG-CAR-CER,Mega Carbs Limón Cereza,Polvos & Envasado,22.6,22.3,True,2.7,2269,0.055,NIR (analizador infrarrojo),Aprobado
EN-00990,L202501-00017,2025-01-23,2025-01,BIP-CLA-2N,BiPro Classic Natural 2 lb,Polvos & Envasado,26.3,27.0,True,3.68,1000,0.036,NIR (analizador infrarrojo),Aprobado
EN-00991,L202505-00334,2025-05-22,2025-05,RAD-PWD,Radical Power Drink polvo,Polvos & Envasado,24.3,24.7,True,4.96,40,0.054,Microbiología,Cuarentena
EN-00992,L202605-01246,2026-05-16,2026-05,MEG-CAR-CER,Mega Carbs Limón Cereza,Polvos & Envasado,22.2,22.7,True,3.88,1089,0.161,Microbiología,Aprobado
EN-00993,L202509-00583,2025-09-09,2025-09,ALI-FIT-COC,Fitbar Coco,Barras & Snacks,24.0,23.4,True,3.34,2551,0.092,Kjeldahl,Aprobado
EN-00994,L202607-01467,2026-07-04,2026-07,STK-CRE-TAR,Crea Stack 1.3 lb,Polvos & Envasado,23.3,23.2,True,3.76,1017,0.002,NIR (analizador infrarrojo),Aprobado
EN-00995,L202603-01105,2026-03-07,2026-03,MEG-SOY,Mega Soy,Polvos & Envasado,26.1,27.1,True,4.05,792,0.218,NIR (analizador infrarrojo),Aprobado
EN-00996,L202512-00840,2025-12-03,2025-12,MEG-NIT-FR,Nitro Shock Frutos Rojos,Polvos & Envasado,26.3,25.9,True,4.41,123,0.097,NIR (analizador infrarrojo),Aprobado
EN-00997,L202509-00628,2025-09-17,2025-09,RAD-ENX,Energy X,Polvos & Envasado,23.5,24.6,True,4.1,725,0.11,NIR (analizador infrarrojo),Aprobado
EN-00998,L202607-01436,2026-07-18,2026-07,NUT-RX,Nut-Rx Vainilla 400 g,Polvos & Envasado,23.7,23.7,True,3.85,651,0.105,NIR (analizador infrarrojo),Aprobado
EN-00999,L202505-00324,2025-05-19,2025-05,NUT-RX,Nut-Rx Vainilla 400 g,Polvos & Envasado,22.8,22.7,True,3.5,159,0.054,NIR (analizador infrarrojo),Aprobado
EN-01000,L202512-00825,2025-12-09,2025-12,BIP-CLA-DIS,BiPro Classic Display sachets,Sachets & Display,26.3,26.4,True,2.85,129,0.017,NIR (analizador infrarrojo),Aprobado
EN-01001,L202605-01266,2026-05-11,2026-05,NUT-RX,Nut-Rx Vainilla 400 g,Polvos & Envasado,23.2,22.5,True,3.74,1143,0.067,NIR (analizador infrarrojo),Aprobado
EN-01002,L202509-00632,2025-09-02,2025-09,RAD-PWD-TAR,Radical Power Drink tarro,Polvos & Envasado,22.2,22.6,True,3.17,5196,0.027,NIR (analizador infrarrojo),Aprobado
EN-01003,L202603-01070,2026-03-01,2026-03,ALI-PAN-TRA,Protein Pancake Tradicional,Horneados & Mezclas,26.8,26.8,True,4.11,847,0.013,Microbiología,Aprobado
EN-01004,L202605-01263,2026-05-08,2026-05,NUT-POP-CAJ,Nutra Pops caja,Polvos & Envasado,23.0,22.7,True,2.81,354,0.027,NIR (analizador infrarrojo),Aprobado
EN-01005,L202511-00779,2025-11-05,2025-11,RAD-ENX,Energy X,Polvos & Envasado,23.2,22.9,True,3.57,687,0.009,Kjeldahl,Aprobado
EN-01006,L202603-01071,2026-03-04,2026-03,ALI-PAN-TRA,Protein Pancake Tradicional,Horneados & Mezclas,22.5,22.9,True,2.83,686,0.077,Kjeldahl,Aprobado
EN-01007,L202601-00940,2026-01-10,2026-01,NUT-POP-CAJ,Nutra Pops caja,Polvos & Envasado,24.3,24.2,True,3.55,854,0.073,NIR (analizador infrarrojo),Aprobado
EN-01008,L202512-00856,2025-12-06,2025-12,NUT-VEG-400,Nutra Vegan Protein Mocaccino,Polvos & Envasado,24.1,24.6,True,2.65,463,0.045,Kjeldahl,Aprobado
EN-01009,L202507-00438,2025-07-25,2025-07,ALI-PAN-WAF,Protein Pancake & Waffle,Horneados & Mezclas,26.1,25.6,True,4.03,136,0.011,NIR (analizador infrarrojo),Aprobado
EN-01010,L202502-00120,2025-02-26,2025-02,NUT-POP-CAJ,Nutra Pops caja,Polvos & Envasado,23.6,25.1,True,4.2,404,0.046,NIR (analizador infrarrojo),Aprobado
EN-01011,L202603-01091,2026-03-25,2026-03,MEG-CAR-CER,Mega Carbs Limón Cereza,Polvos & Envasado,24.8,25.7,True,4.61,435,0.061,Kjeldahl,Aprobado
EN-01012,L202602-01048,2026-02-24,2026-02,RAD-PWD,Radical Power Drink polvo,Polvos & Envasado,24.7,25.6,True,4.35,5439,0.044,Kjeldahl,Aprobado
EN-01013,L202604-01202,2026-04-08,2026-04,RAD-MYT-24,Myth Legendary Pre-Workout x24,Bebidas RTD (lata),24.6,25.3,True,4.0,712,0.31,NIR (analizador infrarrojo),Aprobado
EN-01014,L202511-00791,2025-11-25,2025-11,STK-BUR-L12,Burner Stack Lata · paca x12,Bebidas RTD (lata),25.3,25.3,True,3.84,3509,0.055,NIR (analizador infrarrojo),Aprobado
EN-01015,L202505-00342,2025-05-05,2025-05,RAD-RES-4,Rescue · paca x4,Bebidas RTD (lata),24.5,26.0,True,3.11,1865,0.014,Microbiología,Aprobado
EN-01016,L202512-00816,2025-12-08,2025-12,BIP-CLA-09V,BiPro Classic Vainilla 0.9 lb,Polvos & Envasado,23.7,24.1,True,2.89,119,0.045,NIR (analizador infrarrojo),Aprobado
EN-01017,L202501-00003,2025-01-13,2025-01,ALI-FIT-COC,Fitbar Coco,Barras & Snacks,25.8,26.4,True,2.77,1697,0.443,NIR (analizador infrarrojo),Aprobado
EN-01018,L202504-00230,2025-04-15,2025-04,BIP-CLA-2V,BiPro Classic Vainilla 2 lb,Polvos & Envasado,24.0,23.1,True,4.39,1469,0.204,NIR (analizador infrarrojo),Aprobado
EN-01019,L202604-01160,2026-04-19,2026-04,BIP-CLA-2C,BiPro Classic Chocolate 2 lb,Polvos & Envasado,26.7,26.7,True,3.39,1534,0.06,NIR (analizador infrarrojo),Aprobado
EN-01020,L202608-01488,2026-08-14,2026-08,BIP-CLA-3CC,BiPro Classic Cookies 3 lb,Polvos & Envasado,22.7,24.2,True,3.34,103,0.072,Kjeldahl,Aprobado
EN-01021,L202501-00077,2025-01-22,2025-01,STK-GLU,Gluta Stack,Polvos & Envasado,25.2,24.9,True,3.13,143,0.205,NIR (analizador infrarrojo),Aprobado
EN-01022,L202607-01430,2026-07-13,2026-07,NUT-POP-CAJ,Nutra Pops caja,Polvos & Envasado,26.1,28.1,True,3.0,967,0.308,NIR (analizador infrarrojo),Aprobado
EN-01023,L202601-00901,2026-01-19,2026-01,BIP-CLA-2C,BiPro Classic Chocolate 2 lb,Polvos & Envasado,25.6,26.2,True,4.68,278,0.127,NIR (analizador infrarrojo),Aprobado
EN-01024,L202605-01248,2026-05-19,2026-05,MEG-CAR-COC,Mega Carbs Limonada de Coco,Polvos & Envasado,26.5,28.3,True,2.51,1201,0.201,NIR (analizador infrarrojo),Aprobado
EN-01025,L202506-00372,2025-06-26,2025-06,BIP-COM-21,BiPro Complex Vainilla 2.1 lb,Polvos & Envasado,23.1,23.9,True,2.86,1540,0.14,NIR (analizador infrarrojo),Aprobado
EN-01026,L202603-01110,2026-03-17,2026-03,NUT-POP-CAJ,Nutra Pops caja,Polvos & Envasado,22.4,20.8,False,4.34,1462,0.005,Absorción atómica,Aprobado
EN-01027,L202608-01521,2026-08-21,2026-08,NUT-SB,Nutra Smart Baby,Polvos & Envasado,22.4,22.4,True,3.93,1769,0.318,NIR (analizador infrarrojo),Aprobado
EN-01028,L202601-00942,2026-01-16,2026-01,NUT-POP-CAJ,Nutra Pops caja,Polvos & Envasado,22.1,22.2,True,3.61,2998,0.074,Kjeldahl,Aprobado
EN-01029,L202508-00578,2025-08-05,2025-08,STK-GLU,Gluta Stack,Polvos & Envasado,25.7,27.2,True,2.57,479,0.041,NIR (analizador infrarrojo),Aprobado
EN-01030,L202512-00820,2025-12-06,2025-12,BIP-CLA-2N,BiPro Classic Natural 2 lb,Polvos & Envasado,25.2,27.5,True,2.7,656,0.131,NIR (analizador infrarrojo),Aprobado
EN-01031,L202603-01129,2026-03-02,2026-03,RAD-PWD-TAR,Radical Power Drink tarro,Polvos & Envasado,24.2,22.8,False,3.57,171,0.1,Kjeldahl,Aprobado
EN-01032,L202604-01147,2026-04-15,2026-04,ALI-CAK-CHO,Protein Cake Chocolate,Horneados & Mezclas,22.1,22.2,True,5.27,973,0.044,Microbiología,Aprobado
EN-01033,L202606-01330,2026-06-19,2026-06,MEG-CRE-2,Megaplex Creatine Power 2 lb,Polvos & Envasado,23.2,22.1,True,3.47,1510,0.122,NIR (analizador infrarrojo),Aprobado
EN-01034,L202601-00887,2026-01-05,2026-01,ALI-CAK-VAN,Protein Cake Vainilla,Horneados & Mezclas,26.3,27.4,True,4.45,1010,0.006,NIR (analizador infrarrojo),Aprobado
EN-01035,L202601-00969,2026-01-06,2026-01,STK-BUR-TAR,Burner Stack 360 g,Polvos & Envasado,22.3,22.6,True,3.45,230,0.059,Kjeldahl,Aprobado
EN-01036,L202511-00786,2025-11-14,2025-11,RAD-PWD,Radical Power Drink polvo,Polvos & Envasado,24.1,23.7,True,4.61,325,0.089,Microbiología,Aprobado
EN-01037,L202604-01184,2026-04-15,2026-04,MEG-GAI-64,Gainz Vainilla 6.4 lb,Polvos & Envasado,25.0,25.3,True,3.04,1149,0.002,Absorción atómica,Aprobado
EN-01038,L202607-01451,2026-07-26,2026-07,RAD-PWD,Radical Power Drink polvo,Polvos & Envasado,26.1,26.8,True,4.38,235,0.025,NIR (analizador infrarrojo),Aprobado
EN-01039,L202505-00302,2025-05-26,2025-05,MEG-CAR-CER,Mega Carbs Limón Cereza,Polvos & Envasado,23.4,22.9,True,3.88,1287,0.379,NIR (analizador infrarrojo),Aprobado
EN-01040,L202510-00690,2025-10-15,2025-10,NUT-C,Nutra-C Ácido Ascórbico 200 g,Polvos & Envasado,22.2,22.4,True,4.41,701,0.036,NIR (analizador infrarrojo),Aprobado
EN-01041,L202512-00813,2025-12-02,2025-12,BIP-CLA-09V,BiPro Classic Vainilla 0.9 lb,Polvos & Envasado,25.4,27.3,True,2.77,513,0.165,Kjeldahl,Aprobado
EN-01042,L202504-00237,2025-04-22,2025-04,MEG-CAR-CER,Mega Carbs Limón Cereza,Polvos & Envasado,24.6,23.8,True,2.53,224,0.074,Kjeldahl,Aprobado
EN-01043,L202603-01116,2026-03-11,2026-03,NUT-RX,Nut-Rx Vainilla 400 g,Polvos & Envasado,24.3,25.5,True,2.86,181,0.042,Microbiología,Aprobado
EN-01044,L202507-00500,2025-07-22,2025-07,STK-BUR-L24,Burner Stack Lata · paca x24,Bebidas RTD (lata),22.7,22.2,True,3.28,141,0.058,NIR (analizador infrarrojo),Aprobado
EN-01045,L202605-01278,2026-05-07,2026-05,RAD-PWD,Radical Power Drink polvo,Polvos & Envasado,22.4,22.6,True,2.08,2345,0.165,NIR (analizador infrarrojo),Aprobado
EN-01046,L202511-00795,2025-11-25,2025-11,STK-BUR-TAR,Burner Stack 360 g,Polvos & Envasado,22.8,22.2,True,3.33,117,0.016,NIR (analizador infrarrojo),Aprobado
EN-01047,L202604-01178,2026-04-25,2026-04,MEG-CAR-COC,Mega Carbs Limonada de Coco,Polvos & Envasado,24.3,24.1,True,2.97,313,0.04,Kjeldahl,Aprobado
EN-01048,L202602-00991,2026-02-02,2026-02,BIP-CLA-2C,BiPro Classic Chocolate 2 lb,Polvos & Envasado,22.6,24.2,True,2.25,437,0.027,NIR (analizador infrarrojo),Aprobado
EN-01049,L202606-01314,2026-06-20,2026-06,BIP-CLA-3CC,BiPro Classic Cookies 3 lb,Polvos & Envasado,23.2,24.0,True,2.41,1267,0.076,Kjeldahl,Aprobado
EN-01050,L202601-00935,2026-01-18,2026-01,MEG-SOY,Mega Soy,Polvos & Envasado,24.8,25.1,True,3.88,473,0.003,NIR (analizador infrarrojo),Aprobado
EN-01051,L202506-00388,2025-06-14,2025-06,MEG-SOY,Mega Soy,Polvos & Envasado,22.6,22.5,True,2.51,107,0.168,NIR (analizador infrarrojo),Aprobado
EN-01052,L202506-00391,2025-06-26,2025-06,MEG-SOY,Mega Soy,Polvos & Envasado,22.9,24.0,True,3.46,202,0.113,NIR (analizador infrarrojo),Aprobado
EN-01053,L202511-00744,2025-11-15,2025-11,BIP-CLA-DIS,BiPro Classic Display sachets,Sachets & Display,23.2,24.2,True,3.36,2147,0.374,NIR (analizador infrarrojo),Aprobado
EN-01054,L202506-00353,2025-06-14,2025-06,ALI-CAK-VAN,Protein Cake Vainilla,Horneados & Mezclas,26.9,26.8,True,3.56,546,0.103,NIR (analizador infrarrojo),Aprobado
EN-01055,L202504-00236,2025-04-15,2025-04,BIP-MAS-3,BiPro Mass 3 lb,Polvos & Envasado,23.3,23.8,True,4.97,936,0.146,NIR (analizador infrarrojo),Aprobado
EN-01056,L202606-01313,2026-06-15,2026-06,BIP-CLA-3CA,BiPro Classic Capuccino 3 lb,Polvos & Envasado,26.7,26.9,True,4.05,480,0.067,NIR (analizador infrarrojo),Aprobado
EN-01057,L202507-00481,2025-07-11,2025-07,NUT-VEG-400,Nutra Vegan Protein Mocaccino,Polvos & Envasado,22.4,22.8,True,3.75,828,0.054,NIR (analizador infrarrojo),Aprobado
EN-01058,L202508-00568,2025-08-01,2025-08,RAD-RES-24,Rescue · paca x24,Bebidas RTD (lata),23.4,24.3,True,3.27,274,0.05,NIR (analizador infrarrojo),Aprobado
EN-01059,L202606-01297,2026-06-08,2026-06,ALI-CAK-VAN,Protein Cake Vainilla,Horneados & Mezclas,23.8,24.7,True,2.69,1281,0.051,Kjeldahl,Aprobado
EN-01060,L202607-01434,2026-07-16,2026-07,NUT-POP-PK,Nutra Pops pack x12,Polvos & Envasado,24.8,27.1,True,3.18,217,0.126,NIR (analizador infrarrojo),Aprobado
EN-01061,L202607-01433,2026-07-11,2026-07,NUT-POP-PK,Nutra Pops pack x12,Polvos & Envasado,25.6,25.5,True,2.97,321,0.001,Microbiología,Aprobado
EN-01062,L202502-00121,2025-02-04,2025-02,NUT-POP-CAJ,Nutra Pops caja,Polvos & Envasado,25.3,25.3,True,3.08,79,0.212,Kjeldahl,Aprobado
EN-01063,L202606-01327,2026-06-27,2026-06,MEG-CAR-COC,Mega Carbs Limonada de Coco,Polvos & Envasado,22.8,21.9,True,3.5,3850,0.085,NIR (analizador infrarrojo),Aprobado
EN-01064,L202602-01025,2026-02-16,2026-02,NUT-C,Nutra-C Ácido Ascórbico 200 g,Polvos & Envasado,24.6,24.9,True,2.95,1696,0.043,Kjeldahl,Aprobado
EN-01065,L202601-00927,2026-01-02,2026-01,MEG-CRE-2,Megaplex Creatine Power 2 lb,Polvos & Envasado,25.7,26.6,True,3.75,320,0.023,Kjeldahl,Aprobado
EN-01066,L202508-00516,2025-08-09,2025-08,ALI-PAN-WAF,Protein Pancake & Waffle,Horneados & Mezclas,24.3,24.7,True,4.19,463,0.356,Microbiología,Aprobado
EN-01067,L202504-00224,2025-04-22,2025-04,BIP-CLA-09V,BiPro Classic Vainilla 0.9 lb,Polvos & Envasado,24.0,24.5,True,4.42,285,0.026,Kjeldahl,Aprobado
EN-01068,L202604-01216,2026-04-10,2026-04,STK-CRE-TAR,Crea Stack 1.3 lb,Polvos & Envasado,23.6,24.9,True,4.12,195,0.135,NIR (analizador infrarrojo),Aprobado
EN-01069,L202509-00614,2025-09-23,2025-09,MEG-SOY,Mega Soy,Polvos & Envasado,23.8,25.5,True,2.82,1352,0.043,Kjeldahl,Aprobado
EN-01070,L202512-00844,2025-12-25,2025-12,NUT-BAL,Nutra Balance x8 sobres,Sachets & Display,26.3,27.5,True,2.98,302,0.085,NIR (analizador infrarrojo),Aprobado
EN-01071,L202501-00053,2025-01-12,2025-01,NUT-POP-PK,Nutra Pops pack x12,Polvos & Envasado,23.8,24.6,True,4.16,1611,0.184,Kjeldahl,Aprobado
EN-01072,L202607-01418,2026-07-12,2026-07,MEG-CRE-10,Megaplex Creatine Power 10 lb,Polvos & Envasado,23.3,25.1,True,5.41,211,0.032,NIR (analizador infrarrojo),Aprobado
EN-01073,L202507-00486,2025-07-01,2025-07,RAD-ENX,Energy X,Polvos & Envasado,23.6,25.1,True,2.07,331,0.037,NIR (analizador infrarrojo),Aprobado
EN-01074,L202608-01471,2026-08-20,2026-08,ALI-CAK-CHO,Protein Cake Chocolate,Horneados & Mezclas,24.0,25.8,True,4.11,1119,0.045,Kjeldahl,Rechazado
EN-01075,L202512-00819,2025-12-22,2025-12,BIP-CLA-2C,BiPro Classic Chocolate 2 lb,Polvos & Envasado,26.3,25.7,True,3.97,462,0.123,NIR (analizador infrarrojo),Aprobado
EN-01076,L202503-00156,2025-03-24,2025-03,BIP-CLA-2C,BiPro Classic Chocolate 2 lb,Polvos & Envasado,25.1,25.0,True,3.75,1572,0.04,NIR (analizador infrarrojo),Aprobado
EN-01077,L202509-00601,2025-09-09,2025-09,MEG-CAR-CER,Mega Carbs Limón Cereza,Polvos & Envasado,26.7,27.1,True,2.61,622,0.012,Absorción atómica,Aprobado
EN-01078,L202606-01344,2026-06-05,2026-06,NUT-RX,Nut-Rx Vainilla 400 g,Polvos & Envasado,26.9,25.9,True,3.33,329,0.043,Kjeldahl,Aprobado
EN-01079,L202504-00249,2025-04-22,2025-04,MEG-SOY,Mega Soy,Polvos & Envasado,25.6,27.7,True,3.3,554,0.032,NIR (analizador infrarrojo),Aprobado
EN-01080,L202511-00762,2025-11-13,2025-11,MEG-SOY,Mega Soy,Polvos & Envasado,25.0,25.0,True,4.31,1175,0.032,Microbiología,Aprobado
EN-01081,L202607-01406,2026-07-07,2026-07,BIP-CLA-3V,BiPro Classic Vainilla 3 lb,Polvos & Envasado,24.3,24.8,True,4.46,1853,0.073,NIR (analizador infrarrojo),Aprobado
EN-01082,L202508-00543,2025-08-18,2025-08,MER-BAC,Nutramerican Backpack,Maquila externa,23.4,24.1,True,3.91,1267,0.066,NIR (analizador infrarrojo),Aprobado
EN-01083,L202511-00794,2025-11-24,2025-11,STK-BUR-TAR,Burner Stack 360 g,Polvos & Envasado,24.7,24.7,True,2.54,290,0.031,Absorción atómica,Aprobado
EN-01084,L202608-01544,2026-08-14,2026-08,STK-COL,Collagen Stack 585 g,Polvos & Envasado,25.3,26.5,True,3.78,193,0.028,NIR (analizador infrarrojo),Aprobado
EN-01085,L202509-00629,2025-09-27,2025-09,RAD-MYT-12,Myth Legendary Pre-Workout x12,Bebidas RTD (lata),22.9,23.0,True,3.74,1733,0.051,Kjeldahl,Aprobado
EN-01086,L202503-00151,2025-03-18,2025-03,ALI-PAN-TRA,Protein Pancake Tradicional,Horneados & Mezclas,24.4,26.1,True,3.64,599,0.06,NIR (analizador infrarrojo),Aprobado
EN-01087,L202505-00292,2025-05-14,2025-05,BIP-CLA-2C,BiPro Classic Chocolate 2 lb,Polvos & Envasado,24.0,24.1,True,4.64,226,0.125,NIR (analizador infrarrojo),Aprobado
EN-01088,L202506-00382,2025-06-03,2025-06,MEG-CRE-2,Megaplex Creatine Power 2 lb,Polvos & Envasado,23.3,22.7,True,3.41,186,0.175,NIR (analizador infrarrojo),Aprobado
EN-01089,L202510-00687,2025-10-24,2025-10,MER-BAC,Nutramerican Backpack,Maquila externa,26.3,28.5,True,4.36,1443,0.118,Kjeldahl,Aprobado
EN-01090,L202601-00898,2026-01-19,2026-01,BIP-CLA-09V,BiPro Classic Vainilla 0.9 lb,Polvos & Envasado,22.9,21.8,True,3.28,1642,0.073,Kjeldahl,Aprobado
EN-01091,L202512-00855,2025-12-07,2025-12,NUT-RX,Nut-Rx Vainilla 400 g,Polvos & Envasado,25.5,25.2,True,1.3,217,0.021,NIR (analizador infrarrojo),Aprobado
EN-01092,L202603-01072,2026-03-02,2026-03,ALI-PAN-WAF,Protein Pancake & Waffle,Horneados & Mezclas,25.1,25.5,True,3.96,353,0.045,NIR (analizador infrarrojo),Aprobado
EN-01093,L202608-01538,2026-08-06,2026-08,RAD-RES-24,Rescue · paca x24,Bebidas RTD (lata),22.5,22.5,True,2.39,4631,0.09,NIR (analizador infrarrojo),Aprobado
EN-01094,L202604-01175,2026-04-13,2026-04,MEG-CAR-CER,Mega Carbs Limón Cereza,Polvos & Envasado,22.3,22.7,True,1.8,614,0.014,NIR (analizador infrarrojo),Aprobado
EN-01095,L202606-01302,2026-06-02,2026-06,ALI-PAN-TRA,Protein Pancake Tradicional,Horneados & Mezclas,24.9,24.9,True,2.52,1865,0.144,NIR (analizador infrarrojo),Aprobado
EN-01096,L202601-00892,2026-01-14,2026-01,ALI-PAN-TRA,Protein Pancake Tradicional,Horneados & Mezclas,25.8,27.5,True,2.78,7262,0.034,NIR (analizador infrarrojo),Aprobado
EN-01097,L202608-01541,2026-08-03,2026-08,STK-BUR-L24,Burner Stack Lata · paca x24,Bebidas RTD (lata),25.5,24.6,True,3.99,1243,0.124,NIR (analizador infrarrojo),Aprobado
EN-01098,L202509-00616,2025-09-13,2025-09,NUT-BAL,Nutra Balance x8 sobres,Sachets & Display,26.7,26.0,True,5.08,508,0.087,Absorción atómica,Aprobado
EN-01099,L202503-00155,2025-03-16,2025-03,BIP-CLA-09V,BiPro Classic Vainilla 0.9 lb,Polvos & Envasado,26.6,27.5,True,4.25,545,0.139,Kjeldahl,Aprobado
EN-01100,L202608-01536,2026-08-14,2026-08,RAD-PWD-TAR,Radical Power Drink tarro,Polvos & Envasado,26.8,28.2,True,2.86,1653,0.018,NIR (analizador infrarrojo),Aprobado
EN-01101,L202505-00323,2025-05-02,2025-05,NUT-RX,Nut-Rx Vainilla 400 g,Polvos & Envasado,25.5,26.8,True,3.67,514,0.042,NIR (analizador infrarrojo),Aprobado
EN-01102,L202604-01190,2026-04-03,2026-04,NUT-C,Nutra-C Ácido Ascórbico 200 g,Polvos & Envasado,22.8,23.2,True,2.82,1476,0.174,NIR (analizador infrarrojo),Aprobado
EN-01103,L202502-00083,2025-02-20,2025-02,ALI-PAN-TRA,Protein Pancake Tradicional,Horneados & Mezclas,25.2,25.8,True,3.68,68,0.088,Kjeldahl,Aprobado
EN-01104,L202508-00513,2025-08-21,2025-08,ALI-FIT-COC,Fitbar Coco,Barras & Snacks,24.3,24.9,True,4.45,234,0.067,Microbiología,Aprobado
EN-01105,L202604-01174,2026-04-03,2026-04,BIP-MAS-3,BiPro Mass 3 lb,Polvos & Envasado,26.8,27.5,True,3.64,970,0.006,NIR (analizador infrarrojo),Aprobado
EN-01106,L202601-00930,2026-01-10,2026-01,MEG-GAI-3,Gainz 3 lb,Polvos & Envasado,22.9,22.1,True,3.27,808,0.07,NIR (analizador infrarrojo),Aprobado
EN-01107,L202607-01419,2026-07-08,2026-07,MEG-CRE-2,Megaplex Creatine Power 2 lb,Polvos & Envasado,23.6,22.7,True,2.84,2119,0.054,Kjeldahl,Aprobado
EN-01108,L202501-00011,2025-01-19,2025-01,BIP-CLA-09V,BiPro Classic Vainilla 0.9 lb,Polvos & Envasado,24.6,23.9,True,2.52,69,0.035,Microbiología,Aprobado
EN-01109,L202512-00832,2025-12-17,2025-12,MEG-CAR-COC,Mega Carbs Limonada de Coco,Polvos & Envasado,26.9,28.1,True,3.41,631,0.013,Microbiología,Cuarentena
EN-01110,L202501-00033,2025-01-26,2025-01,MEG-CRE-10,Megaplex Creatine Power 10 lb,Polvos & Envasado,23.1,24.0,True,3.6,1706,0.268,Kjeldahl,Aprobado
EN-01111,L202506-00414,2025-06-19,2025-06,RAD-RES-4,Rescue · paca x4,Bebidas RTD (lata),22.2,22.5,True,3.24,5928,0.08,NIR (analizador infrarrojo),Aprobado
EN-01112,L202509-00581,2025-09-22,2025-09,ALI-CAK-VAN,Protein Cake Vainilla,Horneados & Mezclas,24.4,25.2,True,3.55,314,0.036,NIR (analizador infrarrojo),Aprobado
EN-01113,L202608-01535,2026-08-25,2026-08,RAD-PWD-TAR,Radical Power Drink tarro,Polvos & Envasado,23.4,24.0,True,4.86,241,0.029,Kjeldahl,Aprobado
EN-01114,L202607-01464,2026-07-21,2026-07,STK-COMBO,Combo BiPro Lite + Burner Stack,Polvos & Envasado,25.6,25.2,True,2.9,258,0.014,NIR (analizador infrarrojo),Aprobado
EN-01115,L202509-00615,2025-09-10,2025-09,MER-BAC,Nutramerican Backpack,Maquila externa,24.0,24.6,True,3.19,1110,0.057,NIR (analizador infrarrojo),Aprobado
EN-01116,L202602-01046,2026-02-27,2026-02,RAD-MYT-24,Myth Legendary Pre-Workout x24,Bebidas RTD (lata),25.9,25.0,True,3.27,574,0.027,NIR (analizador infrarrojo),Aprobado
EN-01117,L202602-01015,2026-02-18,2026-02,MEG-GAI-64,Gainz Vainilla 6.4 lb,Polvos & Envasado,25.8,24.7,True,3.79,606,0.021,Kjeldahl,Aprobado
EN-01118,L202502-00090,2025-02-04,2025-02,BIP-CLA-09V,BiPro Classic Vainilla 0.9 lb,Polvos & Envasado,26.9,25.9,True,4.09,395,0.014,Absorción atómica,Aprobado
EN-01119,L202606-01308,2026-06-23,2026-06,BIP-CLA-2N,BiPro Classic Natural 2 lb,Polvos & Envasado,22.9,24.4,True,3.22,3084,0.135,Microbiología,Aprobado
EN-01120,L202509-00602,2025-09-18,2025-09,MEG-CAR-CER,Mega Carbs Limón Cereza,Polvos & Envasado,22.6,22.9,True,3.22,35,0.018,Microbiología,Aprobado
EN-01121,L202502-00134,2025-02-03,2025-02,RAD-PWD,Radical Power Drink polvo,Polvos & Envasado,22.8,23.4,True,2.42,89,0.02,Kjeldahl,Aprobado
EN-01122,L202508-00556,2025-08-07,2025-08,NUT-VEG-400,Nutra Vegan Protein Mocaccino,Polvos & Envasado,26.3,26.8,True,3.15,957,0.055,Kjeldahl,Aprobado
EN-01123,L202602-01032,2026-02-21,2026-02,NUT-RX,Nut-Rx Vainilla 400 g,Polvos & Envasado,24.3,24.7,True,2.71,4244,0.032,Microbiología,Aprobado
EN-01124,L202604-01206,2026-04-24,2026-04,RAD-RES-24,Rescue · paca x24,Bebidas RTD (lata),26.8,26.9,True,2.59,1312,0.102,Kjeldahl,Aprobado
EN-01125,L202505-00321,2025-05-06,2025-05,NUT-POP-CAJ,Nutra Pops caja,Polvos & Envasado,24.6,23.5,True,2.72,930,0.157,Microbiología,Aprobado
EN-01126,L202606-01358,2026-06-19,2026-06,RAD-ENX,Energy X,Polvos & Envasado,23.6,22.7,True,3.83,72,0.14,NIR (analizador infrarrojo),Aprobado
EN-01127,L202606-01335,2026-06-24,2026-06,MEG-SOY,Mega Soy,Polvos & Envasado,25.9,25.9,True,4.58,2248,0.027,Kjeldahl,Cuarentena
EN-01128,L202509-00635,2025-09-26,2025-09,RAD-RES-4,Rescue · paca x4,Bebidas RTD (lata),25.5,26.1,True,2.74,1303,0.023,Microbiología,Aprobado
EN-01129,L202508-00553,2025-08-27,2025-08,NUT-RX,Nut-Rx Vainilla 400 g,Polvos & Envasado,23.8,24.1,True,2.96,300,0.073,NIR (analizador infrarrojo),Aprobado
EN-01130,L202602-01056,2026-02-10,2026-02,STK-BUR-TAR,Burner Stack 360 g,Polvos & Envasado,26.5,26.3,True,2.83,255,0.067,Kjeldahl,Aprobado
EN-01131,L202604-01199,2026-04-05,2026-04,RAD-ENX,Energy X,Polvos & Envasado,23.0,22.2,True,4.57,289,0.214,Kjeldahl,Aprobado
EN-01132,L202511-00797,2025-11-27,2025-11,STK-COMBO,Combo BiPro Lite + Burner Stack,Polvos & Envasado,22.9,23.1,True,3.28,743,0.054,NIR (analizador infrarrojo),Aprobado
EN-01133,L202605-01283,2026-05-11,2026-05,STK-BUR-L12,Burner Stack Lata · paca x12,Bebidas RTD (lata),25.0,24.9,True,2.09,1412,0.014,Kjeldahl,Cuarentena
EN-01134,L202606-01315,2026-06-02,2026-06,BIP-CLA-3V,BiPro Classic Vainilla 3 lb,Polvos & Envasado,25.7,25.6,True,4.82,102,0.053,NIR (analizador infrarrojo),Aprobado
EN-01135,L202503-00175,2025-03-05,2025-03,MEG-NIT-FR,Nitro Shock Frutos Rojos,Polvos & Envasado,26.0,27.1,True,4.19,1263,0.069,Kjeldahl,Aprobado
EN-01136,L202511-00767,2025-11-12,2025-11,NUT-C,Nutra-C Ácido Ascórbico 200 g,Polvos & Envasado,22.0,23.5,True,4.46,1821,0.089,Microbiología,Aprobado
EN-01137,L202504-00246,2025-04-01,2025-04,MEG-GAI-64,Gainz Vainilla 6.4 lb,Polvos & Envasado,24.8,24.7,True,4.22,750,0.158,NIR (analizador infrarrojo),Aprobado
EN-01138,L202603-01081,2026-03-08,2026-03,BIP-CLA-3CA,BiPro Classic Capuccino 3 lb,Polvos & Envasado,23.8,25.0,True,4.17,504,0.005,Kjeldahl,Aprobado
EN-01139,L202606-01334,2026-06-04,2026-06,MEG-NIT-FR,Nitro Shock Frutos Rojos,Polvos & Envasado,25.8,27.1,True,2.26,276,0.217,Kjeldahl,Aprobado
EN-01140,L202502-00146,2025-02-08,2025-02,STK-GLU,Gluta Stack,Polvos & Envasado,22.6,23.9,True,4.46,2895,0.019,Microbiología,Aprobado
EN-01141,L202502-00091,2025-02-26,2025-02,BIP-CLA-2C,BiPro Classic Chocolate 2 lb,Polvos & Envasado,25.4,24.9,True,2.05,410,0.051,NIR (analizador infrarrojo),Aprobado
EN-01142,L202510-00683,2025-10-27,2025-10,MEG-NIT-FR,Nitro Shock Frutos Rojos,Polvos & Envasado,24.2,24.5,True,2.08,497,0.122,NIR (analizador infrarrojo),Aprobado
EN-01143,L202505-00311,2025-05-13,2025-05,MEG-GAI-64,Gainz Vainilla 6.4 lb,Polvos & Envasado,24.1,24.7,True,5.07,747,0.28,NIR (analizador infrarrojo),Aprobado
EN-01144,L202502-00094,2025-02-02,2025-02,BIP-CLA-2N,BiPro Classic Natural 2 lb,Polvos & Envasado,24.0,24.6,True,3.29,373,0.115,Kjeldahl,Aprobado
EN-01145,L202607-01397,2026-07-11,2026-07,BIP-CLA-09V,BiPro Classic Vainilla 0.9 lb,Polvos & Envasado,23.8,22.7,True,5.39,484,0.019,Absorción atómica,Aprobado
EN-01146,L202601-00925,2026-01-19,2026-01,MEG-CRE-10,Megaplex Creatine Power 10 lb,Polvos & Envasado,25.6,25.7,True,4.47,334,0.028,NIR (analizador infrarrojo),Aprobado
EN-01147,L202606-01301,2026-06-13,2026-06,ALI-PAN-TRA,Protein Pancake Tradicional,Horneados & Mezclas,24.6,25.5,True,4.26,879,0.201,Absorción atómica,Aprobado
EN-01148,L202602-01036,2026-02-18,2026-02,NUT-ZOL,Zolé Vainilla 450 g,Polvos & Envasado,24.6,25.0,True,3.04,653,0.017,NIR (analizador infrarrojo),Aprobado
EN-01149,L202504-00244,2025-04-03,2025-04,MEG-CRE-2,Megaplex Creatine Power 2 lb,Polvos & Envasado,24.6,24.7,True,3.39,269,0.152,Microbiología,Aprobado
EN-01150,L202603-01112,2026-03-05,2026-03,NUT-POP-PK,Nutra Pops pack x12,Polvos & Envasado,23.1,21.9,False,3.79,326,0.028,Kjeldahl,Aprobado
EN-01151,L202504-00215,2025-04-18,2025-04,ALI-CAK-VAN,Protein Cake Vainilla,Horneados & Mezclas,25.7,26.3,True,4.54,1064,0.028,NIR (analizador infrarrojo),Aprobado
EN-01152,L202602-00999,2026-02-17,2026-02,BIP-CLA-3V,BiPro Classic Vainilla 3 lb,Polvos & Envasado,22.7,23.3,True,4.14,1113,0.008,Kjeldahl,Aprobado
EN-01153,L202512-00854,2025-12-19,2025-12,NUT-RX,Nut-Rx Vainilla 400 g,Polvos & Envasado,23.2,23.9,True,3.07,358,0.381,NIR (analizador infrarrojo),Aprobado
EN-01154,L202506-00426,2025-06-22,2025-06,STK-GLU,Gluta Stack,Polvos & Envasado,24.4,24.6,True,1.81,118,0.063,Kjeldahl,Aprobado
EN-01155,L202606-01353,2026-06-17,2026-06,NUT-VEG-400,Nutra Vegan Protein Mocaccino,Polvos & Envasado,24.8,25.2,True,3.36,1773,0.005,NIR (analizador infrarrojo),Aprobado
EN-01156,L202603-01143,2026-03-05,2026-03,STK-CRE-TAR,Crea Stack 1.3 lb,Polvos & Envasado,26.9,26.9,True,3.91,391,0.116,Absorción atómica,Aprobado
EN-01157,L202603-01144,2026-03-10,2026-03,STK-GLU,Gluta Stack,Polvos & Envasado,23.3,23.9,True,3.33,445,0.042,Kjeldahl,Aprobado
EN-01158,L202504-00227,2025-04-13,2025-04,BIP-CLA-2C,BiPro Classic Chocolate 2 lb,Polvos & Envasado,22.0,21.8,True,4.53,1539,0.033,NIR (analizador infrarrojo),Aprobado
EN-01159,L202606-01343,2026-06-19,2026-06,NUT-POP-PK,Nutra Pops pack x12,Polvos & Envasado,25.0,23.6,False,3.27,322,0.032,Kjeldahl,Aprobado
EN-01160,L202501-00001,2025-01-23,2025-01,ALI-FIT-CHO,Fitbar Chocolate,Barras & Snacks,24.0,24.7,True,4.49,1609,0.147,NIR (analizador infrarrojo),Aprobado
EN-01161,L202506-00402,2025-06-15,2025-06,NUT-VEG-400,Nutra Vegan Protein Mocaccino,Polvos & Envasado,24.9,24.7,True,3.6,977,0.029,NIR (analizador infrarrojo),Aprobado
EN-01162,L202603-01104,2026-03-24,2026-03,MEG-SOY,Mega Soy,Polvos & Envasado,22.2,22.9,True,3.27,492,0.09,NIR (analizador infrarrojo),Aprobado
EN-01163,L202502-00085,2025-02-16,2025-02,ALI-PAN-TRA,Protein Pancake Tradicional,Horneados & Mezclas,23.8,22.8,True,3.62,139,0.102,Microbiología,Aprobado
EN-01164,L202503-00163,2025-03-08,2025-03,BIP-COM-21,BiPro Complex Vainilla 2.1 lb,Polvos & Envasado,26.4,27.0,True,3.74,267,0.431,NIR (analizador infrarrojo),Aprobado
EN-01165,L202502-00115,2025-02-02,2025-02,MEG-SOY,Mega Soy,Polvos & Envasado,25.7,26.4,True,3.71,1319,0.005,Microbiología,Aprobado
EN-01166,L202510-00671,2025-10-08,2025-10,BIP-LIT-24,BiPro Lite 2.4 lb,Polvos & Envasado,25.3,25.8,True,3.65,230,0.026,Microbiología,Aprobado
EN-01167,L202608-01492,2026-08-24,2026-08,BIP-CLA-DIS,BiPro Classic Display sachets,Sachets & Display,22.9,23.2,True,5.05,718,0.013,NIR (analizador infrarrojo),Aprobado
EN-01168,L202601-00890,2026-01-22,2026-01,ALI-FIT-COC,Fitbar Coco,Barras & Snacks,25.5,25.5,True,2.38,528,0.056,NIR (analizador infrarrojo),Aprobado
EN-01169,L202509-00626,2025-09-12,2025-09,NUT-ZOL,Zolé Vainilla 450 g,Polvos & Envasado,22.3,22.5,True,2.89,5614,0.147,NIR (analizador infrarrojo),Aprobado
EN-01170,L202608-01507,2026-08-22,2026-08,MEG-GAI-64,Gainz Vainilla 6.4 lb,Polvos & Envasado,25.2,25.8,True,3.86,501,0.055,NIR (analizador infrarrojo),Aprobado
EN-01171,L202601-00953,2026-01-20,2026-01,RAD-ENX,Energy X,Polvos & Envasado,26.6,28.0,True,3.71,430,0.145,Absorción atómica,Aprobado
EN-01172,L202512-00808,2025-12-21,2025-12,ALI-FIT-CHO,Fitbar Chocolate,Barras & Snacks,22.9,23.5,True,4.64,1308,0.14,Kjeldahl,Aprobado
EN-01173,L202504-00259,2025-04-25,2025-04,NUT-RX,Nut-Rx Vainilla 400 g,Polvos & Envasado,25.5,26.5,True,3.8,360,0.117,Kjeldahl,Aprobado
EN-01174,L202509-00625,2025-09-02,2025-09,NUT-VEG-400,Nutra Vegan Protein Mocaccino,Polvos & Envasado,23.4,24.3,True,4.71,108,0.025,Microbiología,Aprobado
EN-01175,L202512-00827,2025-12-25,2025-12,BIP-COM-21,BiPro Complex Vainilla 2.1 lb,Polvos & Envasado,24.4,24.2,True,2.1,202,0.029,Kjeldahl,Aprobado
EN-01176,L202504-00235,2025-04-16,2025-04,BIP-LIT-24,BiPro Lite 2.4 lb,Polvos & Envasado,22.2,22.0,True,3.4,624,0.047,NIR (analizador infrarrojo),Aprobado
EN-01177,L202502-00136,2025-02-12,2025-02,RAD-PWD,Radical Power Drink polvo,Polvos & Envasado,22.5,23.4,True,2.94,315,0.013,NIR (analizador infrarrojo),Aprobado
EN-01178,L202509-00617,2025-09-16,2025-09,NUT-BAL,Nutra Balance x8 sobres,Sachets & Display,23.4,23.9,True,3.19,110,0.05,Absorción atómica,Aprobado
EN-01179,L202512-00837,2025-12-27,2025-12,MEG-GAI-64,Gainz Vainilla 6.4 lb,Polvos & Envasado,22.1,21.0,False,3.36,696,0.123,NIR (analizador infrarrojo),Aprobado
EN-01180,L202512-00843,2025-12-12,2025-12,MER-BAC,Nutramerican Backpack,Maquila externa,27.0,28.3,True,2.46,150,0.007,Kjeldahl,Aprobado
EN-01181,L202601-00960,2026-01-20,2026-01,RAD-PWD-TAR,Radical Power Drink tarro,Polvos & Envasado,23.0,22.4,True,3.47,1027,0.025,NIR (analizador infrarrojo),Aprobado
EN-01182,L202509-00593,2025-09-24,2025-09,BIP-CLA-2C,BiPro Classic Chocolate 2 lb,Polvos & Envasado,23.3,22.2,True,2.39,12121,0.143,Microbiología,Aprobado
EN-01183,L202505-00344,2025-05-11,2025-05,STK-BUR-L24,Burner Stack Lata · paca x24,Bebidas RTD (lata),24.9,26.7,True,4.06,1976,0.079,Kjeldahl,Aprobado
EN-01184,L202605-01272,2026-05-19,2026-05,NUT-ZOL,Zolé Vainilla 450 g,Polvos & Envasado,27.0,26.9,True,4.59,423,0.516,NIR (analizador infrarrojo),Aprobado
EN-01185,L202505-00294,2025-05-18,2025-05,BIP-CLA-2N,BiPro Classic Natural 2 lb,Polvos & Envasado,24.1,24.0,True,4.02,813,0.26,NIR (analizador infrarrojo),Aprobado
EN-01186,L202506-00365,2025-06-15,2025-06,BIP-CLA-2C,BiPro Classic Chocolate 2 lb,Polvos & Envasado,22.4,22.6,True,3.4,1038,0.046,NIR (analizador infrarrojo),Aprobado
EN-01187,L202503-00179,2025-03-06,2025-03,MEG-SOY,Mega Soy,Polvos & Envasado,24.2,24.0,True,3.51,509,0.248,Microbiología,Aprobado
EN-01188,L202510-00660,2025-10-12,2025-10,BIP-CLA-2C,BiPro Classic Chocolate 2 lb,Polvos & Envasado,25.0,26.2,True,5.22,429,0.023,NIR (analizador infrarrojo),Aprobado
EN-01189,L202602-00997,2026-02-03,2026-02,BIP-CLA-3CA,BiPro Classic Capuccino 3 lb,Polvos & Envasado,23.1,22.4,True,3.14,299,0.017,Kjeldahl,Aprobado
EN-01190,L202501-00015,2025-01-25,2025-01,BIP-CLA-2C,BiPro Classic Chocolate 2 lb,Polvos & Envasado,22.6,23.9,True,2.77,138,0.049,Kjeldahl,Aprobado
EN-01191,L202603-01111,2026-03-09,2026-03,NUT-POP-CAJ,Nutra Pops caja,Polvos & Envasado,22.7,23.9,True,3.37,1117,0.227,NIR (analizador infrarrojo),Aprobado
EN-01192,L202503-00166,2025-03-03,2025-03,MEG-CAR-CER,Mega Carbs Limón Cereza,Polvos & Envasado,25.3,25.3,True,4.0,1239,0.113,NIR (analizador infrarrojo),Aprobado
EN-01193,L202607-01447,2026-07-11,2026-07,RAD-ENX,Energy X,Polvos & Envasado,25.8,25.5,True,3.98,297,0.121,Absorción atómica,Aprobado
EN-01194,L202501-00060,2025-01-09,2025-01,NUT-VEG-400,Nutra Vegan Protein Mocaccino,Polvos & Envasado,23.0,24.0,True,3.13,3703,0.038,Microbiología,Aprobado
EN-01195,L202510-00710,2025-10-02,2025-10,RAD-RES-24,Rescue · paca x24,Bebidas RTD (lata),22.2,22.8,True,4.77,78,0.018,NIR (analizador infrarrojo),Aprobado
EN-01196,L202510-00677,2025-10-06,2025-10,MEG-CRE-10,Megaplex Creatine Power 10 lb,Polvos & Envasado,24.4,22.8,False,2.56,836,0.075,NIR (analizador infrarrojo),Aprobado
EN-01197,L202511-00781,2025-11-23,2025-11,RAD-ENX,Energy X,Polvos & Envasado,25.7,24.4,True,4.16,453,0.082,NIR (analizador infrarrojo),Aprobado
EN-01198,L202506-00425,2025-06-12,2025-06,STK-CRE-TAR,Crea Stack 1.3 lb,Polvos & Envasado,23.1,23.1,True,4.57,552,0.122,NIR (analizador infrarrojo),Aprobado
EN-01199,L202505-00293,2025-05-16,2025-05,BIP-CLA-2N,BiPro Classic Natural 2 lb,Polvos & Envasado,22.7,23.2,True,3.68,494,0.085,NIR (analizador infrarrojo),Aprobado
EN-01200,L202603-01066,2026-03-20,2026-03,ALI-FIT-CHO,Fitbar Chocolate,Barras & Snacks,24.8,25.9,True,3.38,464,0.031,Microbiología,Aprobado
EN-01201,L202606-01377,2026-06-16,2026-06,STK-COL,Collagen Stack 585 g,Polvos & Envasado,26.6,26.1,True,4.15,196,0.097,NIR (analizador infrarrojo),Aprobado
EN-01202,L202505-00330,2025-05-03,2025-05,RAD-ENX,Energy X,Polvos & Envasado,25.2,27.5,True,3.05,150,0.07,NIR (analizador infrarrojo),Aprobado
EN-01203,L202507-00430,2025-07-08,2025-07,ALI-CAK-VAN,Protein Cake Vainilla,Horneados & Mezclas,22.4,23.3,True,2.95,367,0.063,NIR (analizador infrarrojo),Aprobado
EN-01204,L202602-01013,2026-02-01,2026-02,MEG-CRE-2,Megaplex Creatine Power 2 lb,Polvos & Envasado,22.4,23.4,True,3.58,427,0.011,Absorción atómica,Aprobado
EN-01205,L202502-00080,2025-02-22,2025-02,ALI-FIT-CHO,Fitbar Chocolate,Barras & Snacks,25.0,24.7,True,3.52,287,0.13,NIR (analizador infrarrojo),Aprobado
EN-01206,L202602-01053,2026-02-03,2026-02,RAD-RES-4,Rescue · paca x4,Bebidas RTD (lata),26.9,27.9,True,4.12,1533,0.178,NIR (analizador infrarrojo),Aprobado
EN-01207,L202601-00938,2026-01-19,2026-01,NUT-BAL,Nutra Balance x8 sobres,Sachets & Display,26.1,26.5,True,2.15,225,0.005,NIR (analizador infrarrojo),Aprobado
EN-01208,L202512-00835,2025-12-01,2025-12,MEG-CRE-2,Megaplex Creatine Power 2 lb,Polvos & Envasado,23.0,23.3,True,3.67,114,0.038,Kjeldahl,Aprobado
EN-01209,L202511-00750,2025-11-03,2025-11,MEG-CAR-COC,Mega Carbs Limonada de Coco,Polvos & Envasado,22.6,22.2,True,4.61,584,0.141,Absorción atómica,Aprobado
EN-01210,L202601-00891,2026-01-24,2026-01,ALI-PAN-TRA,Protein Pancake Tradicional,Horneados & Mezclas,24.4,22.7,False,4.13,3311,0.349,NIR (analizador infrarrojo),Aprobado
EN-01211,L202504-00255,2025-04-12,2025-04,NUT-POP-CAJ,Nutra Pops caja,Polvos & Envasado,25.6,25.1,True,4.76,81,0.04,NIR (analizador infrarrojo),Aprobado
EN-01212,L202606-01332,2026-06-07,2026-06,MEG-GAI-64,Gainz Vainilla 6.4 lb,Polvos & Envasado,22.7,23.2,True,3.87,448,0.01,Microbiología,Aprobado
EN-01213,L202608-01506,2026-08-27,2026-08,MEG-GAI-3,Gainz 3 lb,Polvos & Envasado,22.4,23.6,True,4.57,240,0.161,Microbiología,Aprobado
EN-01214,L202603-01109,2026-03-15,2026-03,NUT-C,Nutra-C Ácido Ascórbico 200 g,Polvos & Envasado,23.1,23.2,True,2.53,342,0.04,Microbiología,Aprobado
EN-01215,L202502-00137,2025-02-11,2025-02,RAD-PWD-TAR,Radical Power Drink tarro,Polvos & Envasado,24.5,24.0,True,4.52,2485,0.056,NIR (analizador infrarrojo),Aprobado
EN-01216,L202603-01136,2026-03-07,2026-03,STK-BUR-TAR,Burner Stack 360 g,Polvos & Envasado,26.5,26.4,True,3.1,479,0.128,NIR (analizador infrarrojo),Aprobado
EN-01217,L202512-00853,2025-12-13,2025-12,NUT-RX,Nut-Rx Vainilla 400 g,Polvos & Envasado,23.3,24.3,True,1.2,1402,0.173,NIR (analizador infrarrojo),Aprobado
EN-01218,L202604-01203,2026-04-20,2026-04,RAD-PWD,Radical Power Drink polvo,Polvos & Envasado,25.7,28.7,True,2.84,285,0.258,NIR (analizador infrarrojo),Aprobado
EN-01219,L202511-00724,2025-11-21,2025-11,ALI-CAK-CHO,Protein Cake Chocolate,Horneados & Mezclas,25.3,26.7,True,3.02,144,0.479,NIR (analizador infrarrojo),Cuarentena
EN-01220,L202512-00860,2025-12-21,2025-12,RAD-ENX,Energy X,Polvos & Envasado,25.5,25.8,True,2.03,1390,0.208,NIR (analizador infrarrojo),Aprobado
EN-01221,L202601-00970,2026-01-02,2026-01,STK-BUR-TAR,Burner Stack 360 g,Polvos & Envasado,24.2,24.0,True,3.16,1361,0.011,NIR (analizador infrarrojo),Aprobado
EN-01222,L202507-00497,2025-07-22,2025-07,RAD-RES-4,Rescue · paca x4,Bebidas RTD (lata),24.8,24.4,True,3.93,460,0.056,NIR (analizador infrarrojo),Aprobado
EN-01223,L202601-00951,2026-01-12,2026-01,NUT-ZOL,Zolé Vainilla 450 g,Polvos & Envasado,25.7,25.8,True,4.33,2496,0.001,NIR (analizador infrarrojo),Aprobado
EN-01224,L202512-00806,2025-12-06,2025-12,ALI-CAK-VAN,Protein Cake Vainilla,Horneados & Mezclas,23.6,23.2,True,3.36,1157,0.25,Microbiología,Aprobado
EN-01225,L202502-00130,2025-02-26,2025-02,NUT-ZOL,Zolé Vainilla 450 g,Polvos & Envasado,23.9,24.6,True,2.88,1291,0.056,Microbiología,Aprobado
EN-01226,L202505-00338,2025-05-05,2025-05,RAD-RES-24,Rescue · paca x24,Bebidas RTD (lata),24.0,25.1,True,3.6,758,0.029,NIR (analizador infrarrojo),Aprobado
EN-01227,L202608-01537,2026-08-19,2026-08,RAD-RES-12,Rescue · paca x12,Bebidas RTD (lata),23.8,24.0,True,3.22,7782,0.14,NIR (analizador infrarrojo),Aprobado
EN-01228,L202509-00609,2025-09-14,2025-09,MEG-GAI-3,Gainz 3 lb,Polvos & Envasado,24.7,24.9,True,4.21,853,0.035,Kjeldahl,Aprobado
EN-01229,L202604-01149,2026-04-26,2026-04,ALI-CAK-VAN,Protein Cake Vainilla,Horneados & Mezclas,22.4,23.3,True,2.8,531,0.263,Kjeldahl,Aprobado
EN-01230,L202503-00196,2025-03-11,2025-03,RAD-PWD,Radical Power Drink polvo,Polvos & Envasado,25.1,25.7,True,5.13,356,0.011,NIR (analizador infrarrojo),Aprobado
EN-01231,L202608-01523,2026-08-23,2026-08,NUT-SB-DIS,Nutra Smart Baby Display,Sachets & Display,25.6,24.9,True,3.89,466,0.207,NIR (analizador infrarrojo),Aprobado
EN-01232,L202601-00910,2026-01-07,2026-01,BIP-CLA-DIS,BiPro Classic Display sachets,Sachets & Display,22.5,22.9,True,4.16,700,0.121,NIR (analizador infrarrojo),Cuarentena
EN-01233,L202509-00585,2025-09-16,2025-09,ALI-PAN-TRA,Protein Pancake Tradicional,Horneados & Mezclas,22.2,23.2,True,2.49,5407,0.084,NIR (analizador infrarrojo),Aprobado
EN-01234,L202502-00104,2025-02-25,2025-02,MEG-CAR-CER,Mega Carbs Limón Cereza,Polvos & Envasado,24.6,24.8,True,3.33,415,0.068,NIR (analizador infrarrojo),Aprobado
EN-01235,L202607-01424,2026-07-18,2026-07,MEG-NIT-FR,Nitro Shock Frutos Rojos,Polvos & Envasado,22.8,23.1,True,3.65,1170,0.01,Microbiología,Aprobado
EN-01236,L202607-01446,2026-07-08,2026-07,RAD-ENX,Energy X,Polvos & Envasado,22.5,22.8,True,3.55,468,0.003,NIR (analizador infrarrojo),Aprobado
EN-01237,L202510-00720,2025-10-15,2025-10,STK-CRE-TAR,Crea Stack 1.3 lb,Polvos & Envasado,24.4,25.3,True,4.48,466,0.018,NIR (analizador infrarrojo),Aprobado
EN-01238,L202601-00885,2026-01-21,2026-01,ALI-CAK-CHO,Protein Cake Chocolate,Horneados & Mezclas,22.7,23.2,True,2.41,46,0.049,Kjeldahl,Aprobado
EN-01239,L202511-00777,2025-11-01,2025-11,NUT-ZOL,Zolé Vainilla 450 g,Polvos & Envasado,27.0,26.4,True,1.97,3545,0.043,NIR (analizador infrarrojo),Aprobado
EN-01240,L202512-00850,2025-12-22,2025-12,NUT-POP-PK,Nutra Pops pack x12,Polvos & Envasado,22.2,23.9,True,3.9,298,0.054,NIR (analizador infrarrojo),Aprobado
EN-01241,L202601-00895,2026-01-18,2026-01,ALI-PAN-WAF,Protein Pancake & Waffle,Horneados & Mezclas,22.2,21.6,True,3.48,222,0.265,Microbiología,Aprobado
EN-01242,L202504-00228,2025-04-26,2025-04,BIP-CLA-2N,BiPro Classic Natural 2 lb,Polvos & Envasado,22.3,22.4,True,4.24,932,0.147,Kjeldahl,Aprobado
EN-01243,L202607-01449,2026-07-04,2026-07,RAD-MYT-12,Myth Legendary Pre-Workout x12,Bebidas RTD (lata),22.7,22.3,True,4.11,109,0.009,NIR (analizador infrarrojo),Aprobado
EN-01244,L202502-00127,2025-02-27,2025-02,NUT-VEG-400,Nutra Vegan Protein Mocaccino,Polvos & Envasado,27.0,27.9,True,3.63,827,0.043,NIR (analizador infrarrojo),Aprobado
EN-01245,L202506-00406,2025-06-25,2025-06,RAD-ENX,Energy X,Polvos & Envasado,23.3,24.0,True,5.27,180,0.027,NIR (analizador infrarrojo),Aprobado
EN-01246,L202511-00776,2025-11-14,2025-11,NUT-VEG-400,Nutra Vegan Protein Mocaccino,Polvos & Envasado,24.8,25.3,True,4.06,177,0.214,Microbiología,Aprobado
EN-01247,L202512-00822,2025-12-26,2025-12,BIP-CLA-2V,BiPro Classic Vainilla 2 lb,Polvos & Envasado,25.8,25.4,True,3.07,1736,0.055,NIR (analizador infrarrojo),Cuarentena
EN-01248,L202510-00712,2025-10-12,2025-10,STK-BUR-L12,Burner Stack Lata · paca x12,Bebidas RTD (lata),24.3,24.0,True,3.42,2756,0.032,NIR (analizador infrarrojo),Aprobado
EN-01249,L202607-01453,2026-07-19,2026-07,RAD-PWD-TAR,Radical Power Drink tarro,Polvos & Envasado,23.6,24.1,True,2.49,84,0.138,Kjeldahl,Aprobado
EN-01250,L202602-01061,2026-02-16,2026-02,STK-GLU,Gluta Stack,Polvos & Envasado,24.3,23.8,True,2.51,314,0.026,Microbiología,Aprobado
EN-01251,L202604-01164,2026-04-13,2026-04,BIP-CLA-2N,BiPro Classic Natural 2 lb,Polvos & Envasado,23.1,23.9,True,3.18,805,0.014,Microbiología,Aprobado
EN-01252,L202505-00304,2025-05-10,2025-05,MEG-CAR-COC,Mega Carbs Limonada de Coco,Polvos & Envasado,26.5,25.7,True,3.19,785,0.021,Kjeldahl,Aprobado
EN-01253,L202504-00268,2025-04-09,2025-04,RAD-RES-4,Rescue · paca x4,Bebidas RTD (lata),22.5,22.6,True,3.77,559,0.153,Microbiología,Aprobado
EN-01254,L202508-00546,2025-08-18,2025-08,NUT-C,Nutra-C Ácido Ascórbico 200 g,Polvos & Envasado,23.1,23.7,True,3.76,158,0.008,NIR (analizador infrarrojo),Aprobado
EN-01255,L202504-00213,2025-04-10,2025-04,ALI-CAK-VAN,Protein Cake Vainilla,Horneados & Mezclas,22.5,21.5,True,1.87,894,0.012,NIR (analizador infrarrojo),Aprobado
EN-01256,L202601-00897,2026-01-17,2026-01,BIP-CLA-09V,BiPro Classic Vainilla 0.9 lb,Polvos & Envasado,24.1,23.5,True,3.22,777,0.021,NIR (analizador infrarrojo),Aprobado
EN-01257,L202605-01223,2026-05-09,2026-05,ALI-FIT-CHO,Fitbar Chocolate,Barras & Snacks,26.2,25.8,True,3.78,1869,0.073,NIR (analizador infrarrojo),Aprobado
EN-01258,L202601-00917,2026-01-15,2026-01,BIP-LIT-24,BiPro Lite 2.4 lb,Polvos & Envasado,25.2,25.3,True,3.71,576,0.049,Microbiología,Rechazado
EN-01259,L202510-00676,2025-10-18,2025-10,MEG-CAR-COC,Mega Carbs Limonada de Coco,Polvos & Envasado,23.7,25.4,True,3.42,1534,0.023,Kjeldahl,Aprobado
EN-01260,L202512-00815,2025-12-20,2025-12,BIP-CLA-09V,BiPro Classic Vainilla 0.9 lb,Polvos & Envasado,22.7,21.6,True,3.07,471,0.007,NIR (analizador infrarrojo),Aprobado
EN-01261,L202505-00343,2025-05-05,2025-05,STK-BUR-L12,Burner Stack Lata · paca x12,Bebidas RTD (lata),24.5,25.7,True,3.83,160,0.055,NIR (analizador infrarrojo),Aprobado
EN-01262,L202508-00550,2025-08-01,2025-08,NUT-POP-PK,Nutra Pops pack x12,Polvos & Envasado,23.9,24.1,True,2.96,381,0.03,NIR (analizador infrarrojo),Aprobado
EN-01263,L202604-01215,2026-04-26,2026-04,STK-CRE-SAC,Crea Stack Display sachets,Sachets & Display,24.9,24.7,True,3.15,502,0.121,Microbiología,Aprobado
EN-01264,L202601-00967,2026-01-15,2026-01,STK-BUR-L12,Burner Stack Lata · paca x12,Bebidas RTD (lata),24.0,24.2,True,3.64,128,0.006,Kjeldahl,Aprobado
EN-01265,L202605-01231,2026-05-24,2026-05,BIP-CLA-09V,BiPro Classic Vainilla 0.9 lb,Polvos & Envasado,24.2,24.3,True,3.45,361,0.128,NIR (analizador infrarrojo),Aprobado
EN-01266,L202505-00296,2025-05-19,2025-05,BIP-CLA-DIS,BiPro Classic Display sachets,Sachets & Display,24.6,24.3,True,4.25,296,0.087,Kjeldahl,Aprobado
EN-01267,L202510-00696,2025-10-21,2025-10,NUT-RX,Nut-Rx Vainilla 400 g,Polvos & Envasado,22.4,23.3,True,3.51,442,0.033,NIR (analizador infrarrojo),Aprobado
EN-01268,L202501-00074,2025-01-07,2025-01,STK-COL,Collagen Stack 585 g,Polvos & Envasado,26.0,25.4,True,2.64,3225,0.029,Kjeldahl,Aprobado
EN-01269,L202509-00606,2025-09-06,2025-09,MEG-CRE-2,Megaplex Creatine Power 2 lb,Polvos & Envasado,22.5,22.1,True,2.32,2552,0.023,NIR (analizador infrarrojo),Aprobado
EN-01270,L202502-00105,2025-02-27,2025-02,MEG-CAR-COC,Mega Carbs Limonada de Coco,Polvos & Envasado,26.2,25.8,True,5.31,412,0.019,Absorción atómica,Aprobado
EN-01271,L202509-00646,2025-09-03,2025-09,STK-GLU,Gluta Stack,Polvos & Envasado,22.7,24.4,True,3.86,581,0.023,Kjeldahl,Aprobado
EN-01272,L202608-01511,2026-08-23,2026-08,MER-BAC,Nutramerican Backpack,Maquila externa,22.5,21.9,True,3.15,164,0.19,Kjeldahl,Aprobado
EN-01273,L202602-01041,2026-02-17,2026-02,RAD-ENX,Energy X,Polvos & Envasado,22.8,22.5,True,2.83,751,0.219,Kjeldahl,Aprobado
EN-01274,L202507-00440,2025-07-19,2025-07,BIP-CLA-09V,BiPro Classic Vainilla 0.9 lb,Polvos & Envasado,23.6,24.0,True,3.98,262,0.716,NIR (analizador infrarrojo),Aprobado
EN-01275,L202602-01020,2026-02-16,2026-02,MEG-SOY,Mega Soy,Polvos & Envasado,23.3,23.5,True,4.21,828,0.019,NIR (analizador infrarrojo),Aprobado
EN-01276,L202502-00092,2025-02-05,2025-02,BIP-CLA-2C,BiPro Classic Chocolate 2 lb,Polvos & Envasado,23.9,24.9,True,5.46,1313,0.006,NIR (analizador infrarrojo),Cuarentena
EN-01277,L202603-01113,2026-03-14,2026-03,NUT-POP-PK,Nutra Pops pack x12,Polvos & Envasado,23.9,24.4,True,2.94,3324,0.056,NIR (analizador infrarrojo),Aprobado
EN-01278,L202606-01349,2026-06-13,2026-06,NUT-SB,Nutra Smart Baby,Polvos & Envasado,26.1,26.4,True,4.85,533,0.024,NIR (analizador infrarrojo),Aprobado
EN-01279,L202601-00909,2026-01-25,2026-01,BIP-CLA-3V,BiPro Classic Vainilla 3 lb,Polvos & Envasado,24.8,26.0,True,3.0,826,0.193,Kjeldahl,Rechazado
EN-01280,L202502-00103,2025-02-25,2025-02,MEG-CAR-CER,Mega Carbs Limón Cereza,Polvos & Envasado,24.7,26.2,True,3.35,827,0.041,Kjeldahl,Aprobado
EN-01281,L202504-00239,2025-04-06,2025-04,MEG-CAR-CER,Mega Carbs Limón Cereza,Polvos & Envasado,25.8,26.2,True,3.02,303,0.09,NIR (analizador infrarrojo),Aprobado
EN-01282,L202606-01365,2026-06-17,2026-06,RAD-PWD,Radical Power Drink polvo,Polvos & Envasado,22.3,22.9,True,4.18,503,0.263,Kjeldahl,Aprobado
EN-01283,L202601-00943,2026-01-03,2026-01,NUT-POP-PK,Nutra Pops pack x12,Polvos & Envasado,24.0,24.1,True,2.01,468,0.195,Absorción atómica,Aprobado
EN-01284,L202605-01271,2026-05-26,2026-05,NUT-ZOL,Zolé Vainilla 450 g,Polvos & Envasado,25.9,27.2,True,4.74,750,0.103,Kjeldahl,Aprobado
EN-01285,L202601-00939,2026-01-09,2026-01,NUT-C,Nutra-C Ácido Ascórbico 200 g,Polvos & Envasado,24.5,25.6,True,4.83,488,0.038,NIR (analizador infrarrojo),Aprobado
EN-01286,L202604-01182,2026-04-23,2026-04,MEG-CRE-2,Megaplex Creatine Power 2 lb,Polvos & Envasado,23.8,24.5,True,2.81,340,0.043,Absorción atómica,Aprobado
EN-01287,L202501-00006,2025-01-27,2025-01,ALI-PAN-TRA,Protein Pancake Tradicional,Horneados & Mezclas,24.4,23.9,True,4.51,551,0.002,NIR (analizador infrarrojo),Aprobado
EN-01288,L202607-01398,2026-07-02,2026-07,BIP-CLA-2C,BiPro Classic Chocolate 2 lb,Polvos & Envasado,23.5,24.2,True,4.2,125,0.026,Microbiología,Aprobado
EN-01289,L202601-00966,2026-01-14,2026-01,RAD-RES-4,Rescue · paca x4,Bebidas RTD (lata),23.8,24.3,True,3.66,1031,0.141,NIR (analizador infrarrojo),Cuarentena
EN-01290,L202501-00019,2025-01-25,2025-01,BIP-CLA-2V,BiPro Classic Vainilla 2 lb,Polvos & Envasado,24.6,26.1,True,4.49,328,0.011,NIR (analizador infrarrojo),Cuarentena
EN-01291,L202502-00122,2025-02-09,2025-02,NUT-POP-PK,Nutra Pops pack x12,Polvos & Envasado,22.3,23.7,True,3.67,455,0.388,NIR (analizador infrarrojo),Aprobado
EN-01292,L202510-00662,2025-10-20,2025-10,BIP-CLA-2N,BiPro Classic Natural 2 lb,Polvos & Envasado,23.7,24.8,True,1.31,2964,0.126,Absorción atómica,Aprobado
EN-01293,L202606-01300,2026-06-18,2026-06,ALI-PAN-TRA,Protein Pancake Tradicional,Horneados & Mezclas,23.4,23.5,True,4.66,1939,0.013,Microbiología,Aprobado
EN-01294,L202504-00275,2025-04-06,2025-04,STK-CRE-TAR,Crea Stack 1.3 lb,Polvos & Envasado,22.9,22.8,True,3.23,207,0.256,NIR (analizador infrarrojo),Aprobado
EN-01295,L202507-00434,2025-07-23,2025-07,ALI-PAN-TRA,Protein Pancake Tradicional,Horneados & Mezclas,26.6,28.1,True,2.17,1347,0.062,NIR (analizador infrarrojo),Aprobado
EN-01296,L202512-00812,2025-12-06,2025-12,ALI-PAN-WAF,Protein Pancake & Waffle,Horneados & Mezclas,26.8,27.7,True,5.32,2799,0.077,NIR (analizador infrarrojo),Rechazado
EN-01297,L202607-01439,2026-07-22,2026-07,NUT-SB,Nutra Smart Baby,Polvos & Envasado,23.6,25.0,True,2.5,418,0.007,NIR (analizador infrarrojo),Cuarentena
EN-01298,L202607-01454,2026-07-13,2026-07,RAD-RES-12,Rescue · paca x12,Bebidas RTD (lata),24.4,24.3,True,3.9,441,0.054,NIR (analizador infrarrojo),Aprobado
EN-01299,L202503-00182,2025-03-16,2025-03,NUT-C,Nutra-C Ácido Ascórbico 200 g,Polvos & Envasado,26.5,25.7,True,3.44,577,0.119,NIR (analizador infrarrojo),Aprobado
EN-01300,L202503-00185,2025-03-06,2025-03,NUT-POP-CAJ,Nutra Pops caja,Polvos & Envasado,22.2,23.3,True,3.81,1851,0.143,NIR (analizador infrarrojo),Aprobado
EN-01301,L202506-00407,2025-06-18,2025-06,RAD-MYT-12,Myth Legendary Pre-Workout x12,Bebidas RTD (lata),22.6,22.8,True,4.55,639,0.009,Kjeldahl,Aprobado
EN-01302,L202512-00866,2025-12-15,2025-12,RAD-MYT-12,Myth Legendary Pre-Workout x12,Bebidas RTD (lata),23.4,23.5,True,2.96,402,0.01,NIR (analizador infrarrojo),Aprobado
EN-01303,L202508-00521,2025-08-20,2025-08,BIP-CLA-2C,BiPro Classic Chocolate 2 lb,Polvos & Envasado,25.2,25.7,True,3.42,229,0.066,Kjeldahl,Aprobado
EN-01304,L202602-01004,2026-02-02,2026-02,BIP-COM-21,BiPro Complex Vainilla 2.1 lb,Polvos & Envasado,24.2,24.5,True,2.97,599,0.304,NIR (analizador infrarrojo),Aprobado
EN-01305,L202506-00381,2025-06-02,2025-06,MEG-CRE-2,Megaplex Creatine Power 2 lb,Polvos & Envasado,26.2,26.2,True,3.01,383,0.037,NIR (analizador infrarrojo),Cuarentena
EN-01306,L202507-00428,2025-07-11,2025-07,ALI-CAK-CHO,Protein Cake Chocolate,Horneados & Mezclas,22.9,24.8,True,2.81,1232,0.029,Microbiología,Aprobado
EN-01307,L202502-00079,2025-02-10,2025-02,ALI-FIT-CHO,Fitbar Chocolate,Barras & Snacks,24.6,26.3,True,3.65,603,0.092,Microbiología,Aprobado
EN-01308,L202602-01010,2026-02-25,2026-02,MEG-CAR-COC,Mega Carbs Limonada de Coco,Polvos & Envasado,23.9,24.7,True,4.27,5377,0.011,NIR (analizador infrarrojo),Aprobado
EN-01309,L202608-01519,2026-08-18,2026-08,NUT-RX,Nut-Rx Vainilla 400 g,Polvos & Envasado,22.0,22.2,True,2.67,1310,0.396,NIR (analizador infrarrojo),Aprobado
EN-01310,L202509-00608,2025-09-10,2025-09,MEG-CRE-2,Megaplex Creatine Power 2 lb,Polvos & Envasado,24.0,24.7,True,3.45,1009,0.015,NIR (analizador infrarrojo),Aprobado
EN-01311,L202606-01371,2026-06-10,2026-06,RAD-RES-4,Rescue · paca x4,Bebidas RTD (lata),23.0,22.5,True,3.9,654,0.059,Microbiología,Aprobado
EN-01312,L202608-01534,2026-08-02,2026-08,RAD-PWD,Radical Power Drink polvo,Polvos & Envasado,26.8,26.5,True,3.86,166,0.189,Absorción atómica,Aprobado
EN-01313,L202607-01404,2026-07-22,2026-07,BIP-CLA-3CA,BiPro Classic Capuccino 3 lb,Polvos & Envasado,22.1,23.0,True,4.26,3339,0.087,NIR (analizador infrarrojo),Aprobado
EN-01314,L202602-01058,2026-02-07,2026-02,STK-COMBO,Combo BiPro Lite + Burner Stack,Polvos & Envasado,22.6,22.8,True,4.7,1296,0.076,NIR (analizador infrarrojo),Aprobado
EN-01315,L202603-01092,2026-03-23,2026-03,MEG-CAR-CER,Mega Carbs Limón Cereza,Polvos & Envasado,26.5,25.5,True,4.28,1029,0.036,Microbiología,Aprobado
EN-01316,L202603-01102,2026-03-12,2026-03,MEG-NIT-FR,Nitro Shock Frutos Rojos,Polvos & Envasado,24.4,25.3,True,2.63,437,0.049,NIR (analizador infrarrojo),Aprobado
EN-01317,L202603-01130,2026-03-27,2026-03,RAD-RES-12,Rescue · paca x12,Bebidas RTD (lata),23.3,24.0,True,3.2,768,0.128,Kjeldahl,Aprobado
EN-01318,L202605-01236,2026-05-04,2026-05,BIP-CLA-2V,BiPro Classic Vainilla 2 lb,Polvos & Envasado,25.9,27.6,True,2.3,904,0.051,NIR (analizador infrarrojo),Aprobado
EN-01319,L202606-01356,2026-06-01,2026-06,NUT-ZOL,Zolé Vainilla 450 g,Polvos & Envasado,22.7,23.1,True,2.96,120,0.18,Microbiología,Aprobado
EN-01320,L202601-00959,2026-01-04,2026-01,RAD-PWD,Radical Power Drink polvo,Polvos & Envasado,26.3,26.9,True,3.96,846,0.067,NIR (analizador infrarrojo),Aprobado
EN-01321,L202508-00560,2025-08-13,2025-08,RAD-ENX,Energy X,Polvos & Envasado,23.1,23.6,True,3.81,553,0.391,NIR (analizador infrarrojo),Aprobado
EN-01322,L202512-00847,2025-12-23,2025-12,NUT-C,Nutra-C Ácido Ascórbico 200 g,Polvos & Envasado,26.4,28.8,True,5.66,1168,0.147,Microbiología,Aprobado
EN-01323,L202510-00691,2025-10-02,2025-10,NUT-C,Nutra-C Ácido Ascórbico 200 g,Polvos & Envasado,26.7,26.5,True,4.6,771,0.015,NIR (analizador infrarrojo),Aprobado
EN-01324,L202608-01491,2026-08-26,2026-08,BIP-CLA-DIS,BiPro Classic Display sachets,Sachets & Display,22.4,21.6,True,3.8,2465,0.059,Kjeldahl,Aprobado
EN-01325,L202607-01437,2026-07-01,2026-07,NUT-RX,Nut-Rx Vainilla 400 g,Polvos & Envasado,22.4,24.6,True,4.8,6550,0.178,NIR (analizador infrarrojo),Aprobado
EN-01326,L202507-00437,2025-07-21,2025-07,ALI-PAN-WAF,Protein Pancake & Waffle,Horneados & Mezclas,22.6,22.1,True,4.36,493,0.274,Microbiología,Aprobado
EN-01327,L202507-00491,2025-07-09,2025-07,RAD-PWD,Radical Power Drink polvo,Polvos & Envasado,23.7,23.9,True,3.88,70,0.01,NIR (analizador infrarrojo),Aprobado
EN-01328,L202608-01539,2026-08-18,2026-08,RAD-RES-4,Rescue · paca x4,Bebidas RTD (lata),22.1,21.7,True,4.23,705,0.142,NIR (analizador infrarrojo),Aprobado
EN-01329,L202607-01415,2026-07-14,2026-07,MEG-CAR-CER,Mega Carbs Limón Cereza,Polvos & Envasado,23.4,24.4,True,4.47,253,0.179,NIR (analizador infrarrojo),Aprobado
EN-01330,L202501-00070,2025-01-09,2025-01,RAD-PWD-TAR,Radical Power Drink tarro,Polvos & Envasado,22.7,24.0,True,2.84,448,0.034,NIR (analizador infrarrojo),Aprobado
EN-01331,L202512-00809,2025-12-01,2025-12,ALI-FIT-COC,Fitbar Coco,Barras & Snacks,23.7,23.4,True,3.82,711,0.181,NIR (analizador infrarrojo),Aprobado
EN-01332,L202604-01185,2026-04-05,2026-04,MEG-NIT-FR,Nitro Shock Frutos Rojos,Polvos & Envasado,23.3,23.2,True,1.24,155,0.035,NIR (analizador infrarrojo),Aprobado
EN-01333,L202501-00012,2025-01-25,2025-01,BIP-CLA-09V,BiPro Classic Vainilla 0.9 lb,Polvos & Envasado,24.6,26.2,True,3.3,407,0.043,Absorción atómica,Aprobado
EN-01334,L202502-00145,2025-02-10,2025-02,STK-CRE-TAR,Crea Stack 1.3 lb,Polvos & Envasado,22.0,22.1,True,2.39,246,0.039,NIR (analizador infrarrojo),Aprobado
EN-01335,L202601-00918,2026-01-09,2026-01,BIP-MAS-3,BiPro Mass 3 lb,Polvos & Envasado,24.7,24.4,True,2.75,1085,0.041,NIR (analizador infrarrojo),Aprobado
EN-01336,L202509-00640,2025-09-17,2025-09,STK-COL,Collagen Stack 585 g,Polvos & Envasado,24.5,25.4,True,5.07,1897,0.092,Kjeldahl,Aprobado
EN-01337,L202503-00177,2025-03-02,2025-03,MEG-SOY,Mega Soy,Polvos & Envasado,23.4,22.1,False,3.89,346,0.174,NIR (analizador infrarrojo),Aprobado
EN-01338,L202602-00995,2026-02-26,2026-02,BIP-CLA-2V,BiPro Classic Vainilla 2 lb,Polvos & Envasado,22.1,22.7,True,3.51,125,0.04,NIR (analizador infrarrojo),Aprobado
EN-01339,L202507-00441,2025-07-17,2025-07,BIP-CLA-09V,BiPro Classic Vainilla 0.9 lb,Polvos & Envasado,25.6,26.6,True,3.24,1433,0.131,Kjeldahl,Aprobado
EN-01340,L202508-00522,2025-08-21,2025-08,BIP-CLA-2N,BiPro Classic Natural 2 lb,Polvos & Envasado,25.4,25.4,True,3.04,770,0.05,NIR (analizador infrarrojo),Aprobado
EN-01341,L202608-01525,2026-08-03,2026-08,NUT-VEG-400,Nutra Vegan Protein Mocaccino,Polvos & Envasado,26.4,26.2,True,3.66,284,0.197,Kjeldahl,Aprobado
EN-01342,L202602-01005,2026-02-12,2026-02,BIP-LIT-24,BiPro Lite 2.4 lb,Polvos & Envasado,26.4,26.1,True,3.65,520,0.208,NIR (analizador infrarrojo),Aprobado
EN-01343,L202605-01256,2026-05-25,2026-05,MEG-SOY,Mega Soy,Polvos & Envasado,25.5,25.4,True,2.38,1383,0.066,NIR (analizador infrarrojo),Aprobado
EN-01344,L202605-01235,2026-05-27,2026-05,BIP-CLA-2V,BiPro Classic Vainilla 2 lb,Polvos & Envasado,22.4,24.3,True,2.86,945,0.127,NIR (analizador infrarrojo),Aprobado
EN-01345,L202502-00144,2025-02-03,2025-02,STK-COL,Collagen Stack 585 g,Polvos & Envasado,26.7,27.7,True,2.82,587,0.085,NIR (analizador infrarrojo),Aprobado
EN-01346,L202511-00754,2025-11-16,2025-11,MEG-CRE-2,Megaplex Creatine Power 2 lb,Polvos & Envasado,26.3,27.2,True,3.93,1030,0.008,NIR (analizador infrarrojo),Aprobado
EN-01347,L202508-00520,2025-08-09,2025-08,BIP-CLA-2C,BiPro Classic Chocolate 2 lb,Polvos & Envasado,25.9,25.0,True,3.19,359,0.025,NIR (analizador infrarrojo),Aprobado
EN-01348,L202606-01323,2026-06-07,2026-06,MEG-CAR-CER,Mega Carbs Limón Cereza,Polvos & Envasado,23.2,25.2,True,1.74,605,0.075,NIR (analizador infrarrojo),Aprobado
EN-01349,L202512-00823,2025-12-17,2025-12,BIP-CLA-2V,BiPro Classic Vainilla 2 lb,Polvos & Envasado,25.8,26.2,True,3.41,1400,0.02,NIR (analizador infrarrojo),Aprobado
EN-01350,L202507-00429,2025-07-06,2025-07,ALI-CAK-VAN,Protein Cake Vainilla,Horneados & Mezclas,24.9,24.0,True,3.89,310,0.026,Kjeldahl,Aprobado
EN-01351,L202509-00613,2025-09-08,2025-09,MEG-SOY,Mega Soy,Polvos & Envasado,22.4,21.8,True,3.26,1170,0.001,Kjeldahl,Aprobado
EN-01352,L202602-01033,2026-02-22,2026-02,NUT-RX,Nut-Rx Vainilla 400 g,Polvos & Envasado,24.7,25.0,True,3.03,229,0.015,NIR (analizador infrarrojo),Aprobado
EN-01353,L202503-00157,2025-03-21,2025-03,BIP-CLA-2C,BiPro Classic Chocolate 2 lb,Polvos & Envasado,22.1,21.2,True,3.52,330,0.003,NIR (analizador infrarrojo),Aprobado
EN-01354,L202508-00540,2025-08-07,2025-08,MEG-NIT-FR,Nitro Shock Frutos Rojos,Polvos & Envasado,25.7,25.1,True,5.35,196,0.322,NIR (analizador infrarrojo),Aprobado
EN-01355,L202605-01291,2026-05-21,2026-05,STK-CRE-TAR,Crea Stack 1.3 lb,Polvos & Envasado,25.9,26.8,True,3.33,400,0.115,NIR (analizador infrarrojo),Aprobado
EN-01356,L202507-00462,2025-07-13,2025-07,MEG-GAI-3,Gainz 3 lb,Polvos & Envasado,24.1,24.4,True,3.62,462,0.082,NIR (analizador infrarrojo),Aprobado
EN-01357,L202508-00577,2025-08-18,2025-08,STK-GLU,Gluta Stack,Polvos & Envasado,26.8,25.8,True,2.82,186,0.056,Microbiología,Aprobado
EN-01358,L202504-00256,2025-04-20,2025-04,NUT-POP-PK,Nutra Pops pack x12,Polvos & Envasado,23.0,24.0,True,4.23,14252,0.142,Kjeldahl,Aprobado
EN-01359,L202602-00980,2026-02-22,2026-02,ALI-CAK-CHO,Protein Cake Chocolate,Horneados & Mezclas,24.1,25.9,True,2.56,1845,0.018,Kjeldahl,Aprobado
EN-01360,L202604-01186,2026-04-08,2026-04,MEG-SOY,Mega Soy,Polvos & Envasado,24.1,22.5,False,2.97,675,0.106,NIR (analizador infrarrojo),Aprobado
EN-01361,L202602-01007,2026-02-27,2026-02,MEG-CAR-CER,Mega Carbs Limón Cereza,Polvos & Envasado,25.5,24.8,True,3.53,39,0.005,Microbiología,Aprobado
EN-01362,L202508-00561,2025-08-05,2025-08,RAD-ENX,Energy X,Polvos & Envasado,26.1,25.3,True,4.24,153,0.023,Absorción atómica,Aprobado
EN-01363,L202503-00209,2025-03-13,2025-03,STK-GLU,Gluta Stack,Polvos & Envasado,26.8,29.1,True,3.2,659,0.077,NIR (analizador infrarrojo),Aprobado
EN-01364,L202601-00911,2026-01-19,2026-01,BIP-CLA-DIS,BiPro Classic Display sachets,Sachets & Display,22.7,24.2,True,4.14,453,0.049,Kjeldahl,Aprobado
EN-01365,L202606-01312,2026-06-14,2026-06,BIP-CLA-3CA,BiPro Classic Capuccino 3 lb,Polvos & Envasado,24.7,25.8,True,4.35,261,0.001,NIR (analizador infrarrojo),Aprobado
EN-01366,L202501-00002,2025-01-19,2025-01,ALI-FIT-COC,Fitbar Coco,Barras & Snacks,23.8,24.5,True,1.71,558,0.207,NIR (analizador infrarrojo),Aprobado
EN-01367,L202606-01366,2026-06-20,2026-06,RAD-PWD,Radical Power Drink polvo,Polvos & Envasado,25.0,26.2,True,2.06,935,0.069,NIR (analizador infrarrojo),Aprobado
EN-01368,L202504-00270,2025-04-16,2025-04,STK-BUR-L12,Burner Stack Lata · paca x12,Bebidas RTD (lata),25.4,25.2,True,5.45,221,0.012,NIR (analizador infrarrojo),Aprobado
EN-01369,L202504-00266,2025-04-12,2025-04,RAD-RES-12,Rescue · paca x12,Bebidas RTD (lata),25.8,26.9,True,4.54,688,0.16,NIR (analizador infrarrojo),Aprobado
EN-01370,L202601-00915,2026-01-03,2026-01,BIP-COM-21,BiPro Complex Vainilla 2.1 lb,Polvos & Envasado,23.4,22.9,True,3.88,740,0.151,Kjeldahl,Aprobado
EN-01371,L202504-00231,2025-04-20,2025-04,BIP-CLA-2V,BiPro Classic Vainilla 2 lb,Polvos & Envasado,26.1,26.8,True,3.71,513,0.003,NIR (analizador infrarrojo),Aprobado
EN-01372,L202608-01522,2026-08-15,2026-08,NUT-SB,Nutra Smart Baby,Polvos & Envasado,25.3,26.3,True,4.32,265,0.094,NIR (analizador infrarrojo),Aprobado
EN-01373,L202603-01120,2026-03-13,2026-03,NUT-ZOL,Zolé Vainilla 450 g,Polvos & Envasado,25.1,24.1,True,4.8,616,0.124,NIR (analizador infrarrojo),Aprobado
EN-01374,L202608-01517,2026-08-03,2026-08,NUT-POP-PK,Nutra Pops pack x12,Polvos & Envasado,23.2,23.8,True,3.26,731,0.02,Kjeldahl,Aprobado
EN-01375,L202512-00865,2025-12-26,2025-12,RAD-MYT-12,Myth Legendary Pre-Workout x12,Bebidas RTD (lata),24.3,23.6,True,3.47,340,0.084,NIR (analizador infrarrojo),Aprobado
EN-01376,L202603-01067,2026-03-15,2026-03,ALI-FIT-COC,Fitbar Coco,Barras & Snacks,23.6,24.4,True,3.85,1551,0.038,NIR (analizador infrarrojo),Aprobado
EN-01377,L202512-00874,2025-12-01,2025-12,STK-BUR-L24,Burner Stack Lata · paca x24,Bebidas RTD (lata),23.1,22.7,True,3.42,2095,0.052,NIR (analizador infrarrojo),Aprobado
EN-01378,L202606-01381,2026-06-06,2026-06,STK-CRE-TAR,Crea Stack 1.3 lb,Polvos & Envasado,26.1,26.9,True,3.28,1276,0.054,Microbiología,Aprobado
EN-01379,L202506-00399,2025-06-01,2025-06,NUT-RX,Nut-Rx Vainilla 400 g,Polvos & Envasado,23.5,23.7,True,3.84,3789,0.026,Kjeldahl,Aprobado
EN-01380,L202607-01407,2026-07-04,2026-07,BIP-CLA-DIS,BiPro Classic Display sachets,Sachets & Display,23.5,23.5,True,2.62,153,0.002,Kjeldahl,Aprobado
EN-01381,L202501-00046,2025-01-25,2025-01,NUT-C,Nutra-C Ácido Ascórbico 200 g,Polvos & Envasado,26.6,28.5,True,4.04,607,0.093,Microbiología,Aprobado
EN-01382,L202503-00162,2025-03-08,2025-03,BIP-CLA-DIS,BiPro Classic Display sachets,Sachets & Display,22.8,23.4,True,3.9,2092,0.049,NIR (analizador infrarrojo),Aprobado
EN-01383,L202602-00992,2026-02-13,2026-02,BIP-CLA-2N,BiPro Classic Natural 2 lb,Polvos & Envasado,24.1,21.9,False,2.01,128,0.183,NIR (analizador infrarrojo),Aprobado
EN-01384,L202511-00728,2025-11-08,2025-11,ALI-CAK-VAN,Protein Cake Vainilla,Horneados & Mezclas,23.9,23.9,True,4.54,587,0.037,NIR (analizador infrarrojo),Aprobado
EN-01385,L202509-00630,2025-09-22,2025-09,RAD-MYT-24,Myth Legendary Pre-Workout x24,Bebidas RTD (lata),23.0,24.1,True,2.96,1098,0.115,Kjeldahl,Aprobado
EN-01386,L202505-00289,2025-05-12,2025-05,BIP-CLA-09V,BiPro Classic Vainilla 0.9 lb,Polvos & Envasado,22.8,22.2,True,4.74,811,0.173,NIR (analizador infrarrojo),Aprobado
EN-01387,L202602-01060,2026-02-07,2026-02,STK-CRE-TAR,Crea Stack 1.3 lb,Polvos & Envasado,24.3,23.0,False,3.93,564,0.17,NIR (analizador infrarrojo),Aprobado
EN-01388,L202608-01504,2026-08-04,2026-08,MEG-CRE-2,Megaplex Creatine Power 2 lb,Polvos & Envasado,23.8,25.8,True,2.14,336,0.006,NIR (analizador infrarrojo),Aprobado
EN-01389,L202508-00576,2025-08-24,2025-08,STK-CRE-TAR,Crea Stack 1.3 lb,Polvos & Envasado,26.2,26.8,True,3.93,85,0.035,Absorción atómica,Aprobado
EN-01390,L202512-00851,2025-12-10,2025-12,NUT-POP-PK,Nutra Pops pack x12,Polvos & Envasado,22.3,23.2,True,3.72,602,0.041,Kjeldahl,Aprobado
EN-01391,L202606-01340,2026-06-11,2026-06,NUT-C,Nutra-C Ácido Ascórbico 200 g,Polvos & Envasado,24.2,23.3,True,3.05,610,0.113,Microbiología,Aprobado
EN-01392,L202601-00912,2026-01-12,2026-01,BIP-CLA-DIS,BiPro Classic Display sachets,Sachets & Display,25.3,25.9,True,1.33,680,0.02,NIR (analizador infrarrojo),Aprobado
EN-01393,L202605-01255,2026-05-03,2026-05,MEG-NIT-FR,Nitro Shock Frutos Rojos,Polvos & Envasado,23.9,23.5,True,3.75,952,0.053,NIR (analizador infrarrojo),Aprobado
EN-01394,L202607-01400,2026-07-07,2026-07,BIP-CLA-2N,BiPro Classic Natural 2 lb,Polvos & Envasado,25.6,25.4,True,3.18,566,0.089,Kjeldahl,Aprobado
EN-01395,L202601-00933,2026-01-09,2026-01,MEG-NIT-FR,Nitro Shock Frutos Rojos,Polvos & Envasado,25.4,26.2,True,3.59,248,0.15,NIR (analizador infrarrojo),Aprobado
EN-01396,L202603-01101,2026-03-03,2026-03,MEG-NIT-FR,Nitro Shock Frutos Rojos,Polvos & Envasado,26.4,28.0,True,3.98,115,0.029,NIR (analizador infrarrojo),Aprobado
EN-01397,L202604-01208,2026-04-23,2026-04,RAD-RES-4,Rescue · paca x4,Bebidas RTD (lata),24.8,25.7,True,4.31,299,0.0,NIR (analizador infrarrojo),Aprobado
EN-01398,L202504-00248,2025-04-03,2025-04,MEG-NIT-FR,Nitro Shock Frutos Rojos,Polvos & Envasado,22.7,22.5,True,2.43,362,0.09,NIR (analizador infrarrojo),Aprobado
EN-01399,L202507-00477,2025-07-09,2025-07,NUT-POP-PK,Nutra Pops pack x12,Polvos & Envasado,23.3,22.4,True,3.21,3024,0.161,Kjeldahl,Aprobado
EN-01400,L202502-00086,2025-02-15,2025-02,ALI-PAN-WAF,Protein Pancake & Waffle,Horneados & Mezclas,23.3,22.8,True,2.93,1069,0.001,NIR (analizador infrarrojo),Aprobado
EN-01401,L202507-00470,2025-07-12,2025-07,MER-BAC,Nutramerican Backpack,Maquila externa,24.5,24.9,True,4.4,40,0.139,NIR (analizador infrarrojo),Aprobado
EN-01402,L202504-00226,2025-04-13,2025-04,BIP-CLA-2C,BiPro Classic Chocolate 2 lb,Polvos & Envasado,25.6,25.1,True,2.81,1472,0.118,NIR (analizador infrarrojo),Aprobado
EN-01403,L202511-00775,2025-11-12,2025-11,NUT-VEG-400,Nutra Vegan Protein Mocaccino,Polvos & Envasado,26.9,27.6,True,2.42,262,0.003,NIR (analizador infrarrojo),Rechazado
EN-01404,L202505-00332,2025-05-07,2025-05,RAD-MYT-12,Myth Legendary Pre-Workout x12,Bebidas RTD (lata),22.9,23.5,True,4.96,489,0.034,Kjeldahl,Aprobado
EN-01405,L202504-00234,2025-04-18,2025-04,BIP-COM-21,BiPro Complex Vainilla 2.1 lb,Polvos & Envasado,24.4,24.5,True,4.26,1514,0.438,Kjeldahl,Aprobado
EN-01406,L202509-00589,2025-09-20,2025-09,BIP-CLA-09V,BiPro Classic Vainilla 0.9 lb,Polvos & Envasado,22.8,22.7,True,2.58,1260,0.113,NIR (analizador infrarrojo),Aprobado
EN-01407,L202507-00476,2025-07-05,2025-07,NUT-POP-CAJ,Nutra Pops caja,Polvos & Envasado,22.6,22.1,True,3.59,699,0.032,Microbiología,Aprobado
EN-01408,L202605-01285,2026-05-14,2026-05,STK-BUR-TAR,Burner Stack 360 g,Polvos & Envasado,25.6,25.5,True,4.38,1957,0.2,Kjeldahl,Aprobado
EN-01409,L202509-00600,2025-09-23,2025-09,BIP-MAS-3,BiPro Mass 3 lb,Polvos & Envasado,23.5,22.6,True,4.18,547,0.108,Kjeldahl,Aprobado
EN-01410,L202506-00422,2025-06-16,2025-06,STK-CRE-SAC,Crea Stack Display sachets,Sachets & Display,24.7,24.9,True,3.29,141,0.051,NIR (analizador infrarrojo),Aprobado
EN-01411,L202503-00183,2025-03-06,2025-03,NUT-C,Nutra-C Ácido Ascórbico 200 g,Polvos & Envasado,23.2,24.0,True,3.89,92,0.016,NIR (analizador infrarrojo),Aprobado
EN-01412,L202602-00989,2026-02-21,2026-02,BIP-CLA-2C,BiPro Classic Chocolate 2 lb,Polvos & Envasado,26.2,25.2,True,3.81,1239,0.075,Microbiología,Aprobado
EN-01413,L202602-01001,2026-02-25,2026-02,BIP-CLA-DIS,BiPro Classic Display sachets,Sachets & Display,23.8,24.4,True,5.16,518,0.116,Kjeldahl,Aprobado
EN-01414,L202606-01357,2026-06-01,2026-06,RAD-ENX,Energy X,Polvos & Envasado,23.3,24.2,True,3.17,896,0.05,NIR (analizador infrarrojo),Aprobado
EN-01415,L202501-00050,2025-01-19,2025-01,NUT-POP-CAJ,Nutra Pops caja,Polvos & Envasado,22.2,23.2,True,4.39,186,0.098,NIR (analizador infrarrojo),Aprobado
EN-01416,L202607-01444,2026-07-10,2026-07,NUT-VEG-400,Nutra Vegan Protein Mocaccino,Polvos & Envasado,26.6,26.9,True,4.68,461,0.099,Kjeldahl,Aprobado
EN-01417,L202602-01030,2026-02-08,2026-02,NUT-POP-PK,Nutra Pops pack x12,Polvos & Envasado,25.3,25.3,True,3.28,1118,0.448,Microbiología,Aprobado
EN-01418,L202508-00530,2025-08-07,2025-08,MEG-CAR-CER,Mega Carbs Limón Cereza,Polvos & Envasado,25.2,26.4,True,1.4,1056,0.041,Kjeldahl,Aprobado
EN-01419,L202605-01259,2026-05-10,2026-05,MER-BAC,Nutramerican Backpack,Maquila externa,23.8,24.6,True,2.68,2447,0.207,Microbiología,Aprobado
EN-01420,L202507-00487,2025-07-26,2025-07,RAD-ENX,Energy X,Polvos & Envasado,24.7,25.8,True,4.07,2365,0.016,NIR (analizador infrarrojo),Aprobado
EN-01421,L202608-01502,2026-08-17,2026-08,MEG-CRE-10,Megaplex Creatine Power 10 lb,Polvos & Envasado,25.6,26.9,True,3.12,569,0.079,Microbiología,Aprobado
EN-01422,L202507-00498,2025-07-09,2025-07,RAD-RES-4,Rescue · paca x4,Bebidas RTD (lata),27.0,26.9,True,2.2,801,0.002,NIR (analizador infrarrojo),Aprobado
EN-01423,L202502-00107,2025-02-21,2025-02,MEG-CRE-10,Megaplex Creatine Power 10 lb,Polvos & Envasado,26.7,27.2,True,3.91,418,0.101,Kjeldahl,Aprobado
EN-01424,L202507-00444,2025-07-25,2025-07,BIP-CLA-2N,BiPro Classic Natural 2 lb,Polvos & Envasado,25.7,26.0,True,3.84,608,0.02,Absorción atómica,Aprobado
EN-01425,L202510-00647,2025-10-27,2025-10,ALI-CAK-CHO,Protein Cake Chocolate,Horneados & Mezclas,22.3,22.5,True,2.81,216,0.025,NIR (analizador infrarrojo),Aprobado
EN-01426,L202602-01037,2026-02-09,2026-02,NUT-ZOL,Zolé Vainilla 450 g,Polvos & Envasado,26.4,25.6,True,2.83,775,0.109,Kjeldahl,Aprobado
EN-01427,L202511-00727,2025-11-07,2025-11,ALI-CAK-VAN,Protein Cake Vainilla,Horneados & Mezclas,26.7,26.2,True,4.82,165,0.123,NIR (analizador infrarrojo),Aprobado
EN-01428,L202503-00191,2025-03-06,2025-03,NUT-VEG-400,Nutra Vegan Protein Mocaccino,Polvos & Envasado,26.1,26.9,True,3.75,468,0.017,Microbiología,Aprobado
EN-01429,L202505-00283,2025-05-08,2025-05,ALI-FIT-COC,Fitbar Coco,Barras & Snacks,24.7,25.2,True,3.31,1119,0.107,NIR (analizador infrarrojo),Aprobado
EN-01430,L202501-00030,2025-01-10,2025-01,MEG-CAR-CER,Mega Carbs Limón Cereza,Polvos & Envasado,24.1,25.4,True,3.43,1010,0.211,Kjeldahl,Aprobado
EN-01431,L202503-00170,2025-03-22,2025-03,MEG-CRE-10,Megaplex Creatine Power 10 lb,Polvos & Envasado,23.4,22.9,True,5.27,384,0.003,NIR (analizador infrarrojo),Aprobado
EN-01432,L202602-01002,2026-02-03,2026-02,BIP-CLA-DIS,BiPro Classic Display sachets,Sachets & Display,26.9,28.3,True,3.35,272,0.133,NIR (analizador infrarrojo),Aprobado
EN-01433,L202604-01205,2026-04-18,2026-04,RAD-RES-12,Rescue · paca x12,Bebidas RTD (lata),22.3,23.2,True,3.26,632,0.078,Microbiología,Aprobado
EN-01434,L202502-00101,2025-02-24,2025-02,BIP-MAS-3,BiPro Mass 3 lb,Polvos & Envasado,24.0,25.5,True,3.42,1143,0.053,Kjeldahl,Aprobado
EN-01435,L202503-00198,2025-03-26,2025-03,RAD-PWD-TAR,Radical Power Drink tarro,Polvos & Envasado,23.5,24.3,True,3.43,644,0.032,NIR (analizador infrarrojo),Aprobado
EN-01436,L202507-00496,2025-07-24,2025-07,RAD-RES-24,Rescue · paca x24,Bebidas RTD (lata),25.6,25.7,True,3.94,2663,0.012,NIR (analizador infrarrojo),Cuarentena
EN-01437,L202510-00648,2025-10-15,2025-10,ALI-CAK-VAN,Protein Cake Vainilla,Horneados & Mezclas,22.5,22.3,True,5.04,445,0.062,Kjeldahl,Aprobado
EN-01438,L202602-00988,2026-02-01,2026-02,BIP-CLA-09V,BiPro Classic Vainilla 0.9 lb,Polvos & Envasado,26.8,28.6,True,3.62,408,0.072,Microbiología,Aprobado
EN-01439,L202501-00045,2025-01-10,2025-01,NUT-BAL,Nutra Balance x8 sobres,Sachets & Display,26.2,25.9,True,2.87,935,0.005,NIR (analizador infrarrojo),Aprobado
EN-01440,L202510-00711,2025-10-19,2025-10,RAD-RES-4,Rescue · paca x4,Bebidas RTD (lata),24.8,24.7,True,3.55,571,0.203,Kjeldahl,Cuarentena
EN-01441,L202506-00374,2025-06-08,2025-06,BIP-MAS-3,BiPro Mass 3 lb,Polvos & Envasado,23.7,24.7,True,3.37,407,0.022,NIR (analizador infrarrojo),Aprobado
EN-01442,L202510-00679,2025-10-22,2025-10,MEG-CRE-2,Megaplex Creatine Power 2 lb,Polvos & Envasado,24.3,24.7,True,2.95,2768,0.008,NIR (analizador infrarrojo),Aprobado
EN-01443,L202508-00567,2025-08-17,2025-08,RAD-RES-12,Rescue · paca x12,Bebidas RTD (lata),26.6,26.9,True,3.23,220,0.028,NIR (analizador infrarrojo),Aprobado
EN-01444,L202512-00848,2025-12-17,2025-12,NUT-POP-CAJ,Nutra Pops caja,Polvos & Envasado,26.2,26.3,True,2.99,683,0.031,Microbiología,Aprobado
EN-01445,L202507-00461,2025-07-11,2025-07,MEG-CRE-2,Megaplex Creatine Power 2 lb,Polvos & Envasado,22.4,23.5,True,3.73,351,0.008,NIR (analizador infrarrojo),Aprobado
EN-01446,L202607-01438,2026-07-22,2026-07,NUT-SB,Nutra Smart Baby,Polvos & Envasado,23.7,25.0,True,4.58,34,0.004,NIR (analizador infrarrojo),Aprobado
EN-01447,L202604-01156,2026-04-23,2026-04,ALI-PAN-WAF,Protein Pancake & Waffle,Horneados & Mezclas,22.1,22.3,True,2.18,905,0.254,Kjeldahl,Aprobado
EN-01448,L202501-00040,2025-01-04,2025-01,MEG-NIT-FR,Nitro Shock Frutos Rojos,Polvos & Envasado,24.8,24.9,True,3.23,642,0.099,Microbiología,Aprobado
EN-01449,L202507-00435,2025-07-06,2025-07,ALI-PAN-TRA,Protein Pancake Tradicional,Horneados & Mezclas,23.7,24.4,True,3.34,674,0.113,Microbiología,Aprobado
EN-01450,L202601-00974,2026-01-06,2026-01,STK-CRE-SAC,Crea Stack Display sachets,Sachets & Display,25.0,24.1,True,2.95,1932,0.019,Microbiología,Aprobado
EN-01451,L202605-01240,2026-05-26,2026-05,BIP-CLA-DIS,BiPro Classic Display sachets,Sachets & Display,22.7,22.7,True,3.17,209,0.076,NIR (analizador infrarrojo),Aprobado
EN-01452,L202602-01008,2026-02-15,2026-02,MEG-CAR-CER,Mega Carbs Limón Cereza,Polvos & Envasado,23.5,23.5,True,4.15,1242,0.093,Microbiología,Aprobado
EN-01453,L202507-00457,2025-07-08,2025-07,MEG-CAR-COC,Mega Carbs Limonada de Coco,Polvos & Envasado,23.4,24.0,True,2.97,575,0.02,Kjeldahl,Aprobado
EN-01454,L202504-00261,2025-04-13,2025-04,NUT-ZOL,Zolé Vainilla 450 g,Polvos & Envasado,24.5,25.3,True,4.31,666,0.11,NIR (analizador infrarrojo),Aprobado
EN-01455,L202501-00036,2025-01-14,2025-01,MEG-GAI-3,Gainz 3 lb,Polvos & Envasado,22.4,21.8,True,3.25,1863,0.029,Kjeldahl,Aprobado
EN-01456,L202512-00828,2025-12-17,2025-12,BIP-LIT-24,BiPro Lite 2.4 lb,Polvos & Envasado,26.8,26.3,True,2.82,506,0.027,NIR (analizador infrarrojo),Aprobado
EN-01457,L202505-00310,2025-05-27,2025-05,MEG-GAI-3,Gainz 3 lb,Polvos & Envasado,26.0,26.4,True,4.57,342,0.013,Microbiología,Aprobado
EN-01458,L202504-00277,2025-04-09,2025-04,STK-GLU,Gluta Stack,Polvos & Envasado,22.0,21.0,True,3.83,167,0.014,NIR (analizador infrarrojo),Aprobado
EN-01459,L202509-00637,2025-09-18,2025-09,STK-BUR-L12,Burner Stack Lata · paca x12,Bebidas RTD (lata),23.5,24.0,True,3.02,521,0.002,NIR (analizador infrarrojo),Cuarentena
EN-01460,L202510-00655,2025-10-07,2025-10,ALI-PAN-WAF,Protein Pancake & Waffle,Horneados & Mezclas,25.3,26.1,True,4.16,128,0.102,NIR (analizador infrarrojo),Aprobado
EN-01461,L202509-00623,2025-09-08,2025-09,NUT-RX,Nut-Rx Vainilla 400 g,Polvos & Envasado,26.4,26.0,True,1.55,541,0.024,NIR (analizador infrarrojo),Aprobado
EN-01462,L202512-00845,2025-12-15,2025-12,NUT-BAL,Nutra Balance x8 sobres,Sachets & Display,22.3,22.2,True,3.7,2808,0.045,Kjeldahl,Aprobado
EN-01463,L202506-00394,2025-06-22,2025-06,NUT-C,Nutra-C Ácido Ascórbico 200 g,Polvos & Envasado,23.9,24.2,True,2.99,125,0.05,NIR (analizador infrarrojo),Aprobado
EN-01464,L202502-00108,2025-02-26,2025-02,MEG-CRE-2,Megaplex Creatine Power 2 lb,Polvos & Envasado,26.5,26.9,True,4.21,133,0.141,NIR (analizador infrarrojo),Cuarentena
EN-01465,L202505-00350,2025-05-18,2025-05,STK-GLU,Gluta Stack,Polvos & Envasado,26.3,26.0,True,3.97,367,0.006,NIR (analizador infrarrojo),Aprobado
EN-01466,L202508-00525,2025-08-27,2025-08,BIP-CLA-DIS,BiPro Classic Display sachets,Sachets & Display,24.9,25.2,True,3.38,513,0.062,NIR (analizador infrarrojo),Aprobado
EN-01467,L202511-00785,2025-11-19,2025-11,RAD-MYT-24,Myth Legendary Pre-Workout x24,Bebidas RTD (lata),23.8,22.9,True,3.72,1370,0.198,NIR (analizador infrarrojo),Aprobado
EN-01468,L202501-00048,2025-01-20,2025-01,NUT-C,Nutra-C Ácido Ascórbico 200 g,Polvos & Envasado,23.4,22.3,True,3.49,559,0.059,NIR (analizador infrarrojo),Aprobado
EN-01469,L202503-00204,2025-03-25,2025-03,STK-BUR-TAR,Burner Stack 360 g,Polvos & Envasado,23.0,24.0,True,3.42,1461,0.032,Microbiología,Aprobado
EN-01470,L202501-00022,2025-01-10,2025-01,BIP-CLA-DIS,BiPro Classic Display sachets,Sachets & Display,25.5,24.6,True,5.16,547,0.055,Kjeldahl,Aprobado
EN-01471,L202506-00403,2025-06-06,2025-06,NUT-ZOL,Zolé Vainilla 450 g,Polvos & Envasado,26.4,26.2,True,3.92,916,0.011,Absorción atómica,Aprobado
EN-01472,L202603-01108,2026-03-06,2026-03,NUT-C,Nutra-C Ácido Ascórbico 200 g,Polvos & Envasado,24.6,25.6,True,4.31,214,0.044,NIR (analizador infrarrojo),Aprobado
EN-01473,L202604-01155,2026-04-16,2026-04,ALI-PAN-WAF,Protein Pancake & Waffle,Horneados & Mezclas,25.1,26.0,True,3.12,356,0.091,NIR (analizador infrarrojo),Aprobado
EN-01474,L202607-01440,2026-07-24,2026-07,NUT-SB-DIS,Nutra Smart Baby Display,Sachets & Display,24.2,24.1,True,3.94,1771,0.062,Kjeldahl,Rechazado
EN-01475,L202602-00990,2026-02-18,2026-02,BIP-CLA-2C,BiPro Classic Chocolate 2 lb,Polvos & Envasado,23.9,24.6,True,3.31,2051,0.458,Kjeldahl,Aprobado
EN-01476,L202511-00742,2025-11-21,2025-11,BIP-CLA-DIS,BiPro Classic Display sachets,Sachets & Display,24.9,25.6,True,2.79,2110,0.227,NIR (analizador infrarrojo),Aprobado
EN-01477,L202606-01311,2026-06-20,2026-06,BIP-CLA-2V,BiPro Classic Vainilla 2 lb,Polvos & Envasado,23.4,24.6,True,3.16,459,0.052,Kjeldahl,Cuarentena
EN-01478,L202604-01148,2026-04-21,2026-04,ALI-CAK-VAN,Protein Cake Vainilla,Horneados & Mezclas,24.3,24.4,True,4.5,1440,0.033,Microbiología,Aprobado
EN-01479,L202501-00034,2025-01-03,2025-01,MEG-CRE-2,Megaplex Creatine Power 2 lb,Polvos & Envasado,26.4,26.7,True,4.47,451,0.125,Microbiología,Aprobado
EN-01480,L202511-00788,2025-11-05,2025-11,RAD-RES-12,Rescue · paca x12,Bebidas RTD (lata),22.1,22.5,True,1.81,3041,0.108,Microbiología,Aprobado
EN-01481,L202601-00924,2026-01-11,2026-01,MEG-CAR-COC,Mega Carbs Limonada de Coco,Polvos & Envasado,24.7,24.1,True,2.95,589,0.035,Microbiología,Aprobado
EN-01482,L202602-01044,2026-02-24,2026-02,RAD-MYT-12,Myth Legendary Pre-Workout x12,Bebidas RTD (lata),26.8,25.4,False,4.37,1698,0.046,Kjeldahl,Aprobado
EN-01483,L202608-01486,2026-08-06,2026-08,BIP-CLA-2V,BiPro Classic Vainilla 2 lb,Polvos & Envasado,24.9,26.2,True,3.32,170,0.087,NIR (analizador infrarrojo),Aprobado
EN-01484,L202605-01244,2026-05-25,2026-05,BIP-LIT-24,BiPro Lite 2.4 lb,Polvos & Envasado,25.6,26.2,True,4.14,283,0.025,NIR (analizador infrarrojo),Aprobado
EN-01485,L202509-00580,2025-09-04,2025-09,ALI-CAK-CHO,Protein Cake Chocolate,Horneados & Mezclas,26.4,25.0,False,2.82,284,0.104,Microbiología,Aprobado
EN-01486,L202507-00482,2025-07-18,2025-07,NUT-VEG-400,Nutra Vegan Protein Mocaccino,Polvos & Envasado,24.8,25.9,True,4.32,631,0.147,NIR (analizador infrarrojo),Aprobado
EN-01487,L202601-00932,2026-01-07,2026-01,MEG-NIT-FR,Nitro Shock Frutos Rojos,Polvos & Envasado,23.9,26.8,True,2.64,417,0.054,NIR (analizador infrarrojo),Aprobado
EN-01488,L202506-00357,2025-06-01,2025-06,ALI-PAN-TRA,Protein Pancake Tradicional,Horneados & Mezclas,25.1,25.5,True,3.95,441,0.058,NIR (analizador infrarrojo),Aprobado
EN-01489,L202605-01249,2026-05-21,2026-05,MEG-CRE-10,Megaplex Creatine Power 10 lb,Polvos & Envasado,24.6,25.4,True,4.42,4252,0.1,NIR (analizador infrarrojo),Aprobado
EN-01490,L202511-00760,2025-11-01,2025-11,MEG-SOY,Mega Soy,Polvos & Envasado,24.5,23.3,True,2.69,378,0.335,Absorción atómica,Aprobado
EN-01491,L202502-00093,2025-02-24,2025-02,BIP-CLA-2C,BiPro Classic Chocolate 2 lb,Polvos & Envasado,25.3,27.6,True,3.99,556,0.393,NIR (analizador infrarrojo),Aprobado
EN-01492,L202604-01176,2026-04-17,2026-04,MEG-CAR-CER,Mega Carbs Limón Cereza,Polvos & Envasado,23.1,23.8,True,3.11,1714,0.007,Absorción atómica,Aprobado
EN-01493,L202607-01416,2026-07-05,2026-07,MEG-CAR-COC,Mega Carbs Limonada de Coco,Polvos & Envasado,25.9,26.0,True,2.79,240,0.03,NIR (analizador infrarrojo),Aprobado
EN-01494,L202606-01342,2026-06-11,2026-06,NUT-POP-PK,Nutra Pops pack x12,Polvos & Envasado,25.0,24.6,True,3.3,1097,0.013,Kjeldahl,Aprobado
EN-01495,L202608-01473,2026-08-12,2026-08,ALI-CAK-VAN,Protein Cake Vainilla,Horneados & Mezclas,23.7,22.3,False,3.81,231,0.029,Kjeldahl,Aprobado
EN-01496,L202512-00804,2025-12-03,2025-12,ALI-CAK-CHO,Protein Cake Chocolate,Horneados & Mezclas,24.0,24.3,True,3.05,283,0.044,Kjeldahl,Aprobado
EN-01497,L202511-00746,2025-11-23,2025-11,BIP-COM-21,BiPro Complex Vainilla 2.1 lb,Polvos & Envasado,24.7,26.8,True,4.25,267,0.034,NIR (analizador infrarrojo),Aprobado
EN-01498,L202505-00280,2025-05-09,2025-05,ALI-CAK-VAN,Protein Cake Vainilla,Horneados & Mezclas,26.4,26.4,True,4.16,516,0.081,Microbiología,Aprobado
EN-01499,L202511-00765,2025-11-13,2025-11,NUT-BAL,Nutra Balance x8 sobres,Sachets & Display,26.4,25.3,True,2.62,511,0.142,NIR (analizador infrarrojo),Aprobado
EN-01500,L202509-00605,2025-09-22,2025-09,MEG-CRE-10,Megaplex Creatine Power 10 lb,Polvos & Envasado,25.6,25.9,True,2.38,414,0.015,NIR (analizador infrarrojo),Aprobado
EN-01501,L202608-01531,2026-08-16,2026-08,RAD-ENX,Energy X,Polvos & Envasado,25.9,26.1,True,4.87,344,0.07,NIR (analizador infrarrojo),Aprobado
EN-01502,L202606-01374,2026-06-10,2026-06,STK-BUR-L24,Burner Stack Lata · paca x24,Bebidas RTD (lata),25.5,25.8,True,3.53,1585,0.139,NIR (analizador infrarrojo),Aprobado
EN-01503,L202607-01399,2026-07-16,2026-07,BIP-CLA-2C,BiPro Classic Chocolate 2 lb,Polvos & Envasado,26.0,26.2,True,4.35,1788,0.104,NIR (analizador infrarrojo),Aprobado
EN-01504,L202506-00401,2025-06-15,2025-06,NUT-VEG-400,Nutra Vegan Protein Mocaccino,Polvos & Envasado,25.7,25.6,True,3.63,907,0.242,NIR (analizador infrarrojo),Aprobado
EN-01505,L202504-00258,2025-04-25,2025-04,NUT-RX,Nut-Rx Vainilla 400 g,Polvos & Envasado,23.3,22.5,True,3.9,1630,0.001,NIR (analizador infrarrojo),Aprobado
EN-01506,L202601-00945,2026-01-07,2026-01,NUT-RX,Nut-Rx Vainilla 400 g,Polvos & Envasado,22.7,21.9,True,3.3,2568,0.024,NIR (analizador infrarrojo),Aprobado
EN-01507,L202603-01097,2026-03-17,2026-03,MEG-CRE-2,Megaplex Creatine Power 2 lb,Polvos & Envasado,25.9,26.4,True,2.64,430,0.229,NIR (analizador infrarrojo),Aprobado
EN-01508,L202605-01220,2026-05-23,2026-05,ALI-CAK-CHO,Protein Cake Chocolate,Horneados & Mezclas,25.3,27.4,True,4.13,349,0.309,NIR (analizador infrarrojo),Aprobado
EN-01509,L202608-01508,2026-08-18,2026-08,MEG-NIT-FR,Nitro Shock Frutos Rojos,Polvos & Envasado,26.0,26.5,True,3.28,4145,0.114,NIR (analizador infrarrojo),Aprobado
EN-01510,L202604-01162,2026-04-09,2026-04,BIP-CLA-2C,BiPro Classic Chocolate 2 lb,Polvos & Envasado,24.0,23.8,True,3.77,386,0.239,Kjeldahl,Aprobado
EN-01511,L202507-00495,2025-07-09,2025-07,RAD-RES-12,Rescue · paca x12,Bebidas RTD (lata),26.3,26.0,True,4.97,128,0.037,Microbiología,Aprobado
EN-01512,L202511-00773,2025-11-24,2025-11,NUT-RX,Nut-Rx Vainilla 400 g,Polvos & Envasado,24.1,25.0,True,4.78,1015,0.022,Microbiología,Aprobado
EN-01513,L202508-00551,2025-08-13,2025-08,NUT-POP-PK,Nutra Pops pack x12,Polvos & Envasado,24.5,26.0,True,4.33,305,0.082,Kjeldahl,Aprobado
EN-01514,L202608-01487,2026-08-27,2026-08,BIP-CLA-3CA,BiPro Classic Capuccino 3 lb,Polvos & Envasado,24.9,26.2,True,2.18,538,0.038,Microbiología,Aprobado
EN-01515,L202503-00202,2025-03-02,2025-03,STK-BUR-L12,Burner Stack Lata · paca x12,Bebidas RTD (lata),24.1,23.7,True,4.08,75,0.034,NIR (analizador infrarrojo),Rechazado
EN-01516,L202505-00313,2025-05-26,2025-05,MEG-NIT-FR,Nitro Shock Frutos Rojos,Polvos & Envasado,22.0,21.6,True,3.29,689,0.045,Microbiología,Aprobado
EN-01517,L202505-00291,2025-05-05,2025-05,BIP-CLA-2C,BiPro Classic Chocolate 2 lb,Polvos & Envasado,23.1,23.6,True,4.5,166,0.123,Microbiología,Aprobado
EN-01518,L202604-01214,2026-04-13,2026-04,STK-COMBO,Combo BiPro Lite + Burner Stack,Polvos & Envasado,24.9,25.2,True,3.29,173,0.1,Microbiología,Aprobado
EN-01519,L202511-00764,2025-11-26,2025-11,MER-BAC,Nutramerican Backpack,Maquila externa,26.2,27.0,True,4.34,1118,0.098,Kjeldahl,Aprobado
EN-01520,L202603-01137,2026-03-10,2026-03,STK-BUR-TAR,Burner Stack 360 g,Polvos & Envasado,23.4,23.0,True,2.1,184,0.027,NIR (analizador infrarrojo),Aprobado
EN-01521,L202601-00950,2026-01-21,2026-01,NUT-ZOL,Zolé Vainilla 450 g,Polvos & Envasado,23.8,24.2,True,2.18,530,0.14,NIR (analizador infrarrojo),Cuarentena
EN-01522,L202503-00184,2025-03-27,2025-03,NUT-POP-CAJ,Nutra Pops caja,Polvos & Envasado,24.4,25.5,True,3.36,275,0.057,Kjeldahl,Aprobado
EN-01523,L202604-01177,2026-04-04,2026-04,MEG-CAR-CER,Mega Carbs Limón Cereza,Polvos & Envasado,22.8,22.9,True,3.79,455,0.241,NIR (analizador infrarrojo),Aprobado
EN-01524,L202606-01350,2026-06-15,2026-06,NUT-SB-DIS,Nutra Smart Baby Display,Sachets & Display,26.9,26.8,True,2.92,884,0.009,Kjeldahl,Aprobado
EN-01525,L202603-01069,2026-03-04,2026-03,ALI-PAN-TRA,Protein Pancake Tradicional,Horneados & Mezclas,22.6,24.0,True,4.51,499,0.248,Absorción atómica,Aprobado
EN-01526,L202607-01469,2026-07-23,2026-07,STK-PRW,Prime W Collagen Stack,Polvos & Envasado,23.9,23.2,True,3.42,244,0.108,NIR (analizador infrarrojo),Aprobado
EN-01527,L202602-01031,2026-02-03,2026-02,NUT-RX,Nut-Rx Vainilla 400 g,Polvos & Envasado,24.3,24.8,True,1.2,347,0.058,Absorción atómica,Aprobado
EN-01528,L202504-00251,2025-04-07,2025-04,MEG-SOY,Mega Soy,Polvos & Envasado,23.2,22.6,True,4.12,398,0.047,Absorción atómica,Aprobado
EN-01529,L202512-00824,2025-12-01,2025-12,BIP-CLA-DIS,BiPro Classic Display sachets,Sachets & Display,23.4,24.3,True,4.85,787,0.079,Microbiología,Aprobado
EN-01530,L202603-01100,2026-03-21,2026-03,MEG-GAI-64,Gainz Vainilla 6.4 lb,Polvos & Envasado,23.8,23.1,True,5.53,1424,0.067,Microbiología,Aprobado
EN-01531,L202601-00941,2026-01-04,2026-01,NUT-POP-CAJ,Nutra Pops caja,Polvos & Envasado,23.4,24.0,True,3.59,177,0.283,Absorción atómica,Aprobado
EN-01532,L202506-00392,2025-06-11,2025-06,NUT-BAL,Nutra Balance x8 sobres,Sachets & Display,26.8,26.5,True,3.94,3652,0.078,Microbiología,Aprobado
EN-01533,L202607-01457,2026-07-24,2026-07,RAD-RES-4,Rescue · paca x4,Bebidas RTD (lata),22.6,22.7,True,2.87,454,0.013,Kjeldahl,Aprobado
EN-01534,L202603-01093,2026-03-18,2026-03,MEG-CAR-CER,Mega Carbs Limón Cereza,Polvos & Envasado,24.9,24.6,True,2.87,436,0.005,Microbiología,Aprobado
EN-01535,L202604-01192,2026-04-16,2026-04,NUT-POP-PK,Nutra Pops pack x12,Polvos & Envasado,22.7,23.8,True,3.9,1060,0.097,NIR (analizador infrarrojo),Aprobado
EN-01536,L202601-00905,2026-01-23,2026-01,BIP-CLA-2V,BiPro Classic Vainilla 2 lb,Polvos & Envasado,24.3,23.4,True,2.98,1810,0.01,Kjeldahl,Aprobado
EN-01537,L202511-00731,2025-11-03,2025-11,ALI-PAN-TRA,Protein Pancake Tradicional,Horneados & Mezclas,24.0,23.7,True,3.52,236,0.005,NIR (analizador infrarrojo),Aprobado
EN-01538,L202508-00555,2025-08-07,2025-08,NUT-RX,Nut-Rx Vainilla 400 g,Polvos & Envasado,24.0,24.0,True,4.15,406,0.018,NIR (analizador infrarrojo),Aprobado
EN-01539,L202506-00367,2025-06-21,2025-06,BIP-CLA-2N,BiPro Classic Natural 2 lb,Polvos & Envasado,23.4,23.2,True,3.68,2442,0.008,Microbiología,Aprobado
EN-01540,L202505-00346,2025-05-03,2025-05,STK-BUR-TAR,Burner Stack 360 g,Polvos & Envasado,22.3,23.3,True,5.15,185,0.17,NIR (analizador infrarrojo),Aprobado
EN-01541,L202508-00536,2025-08-15,2025-08,MEG-CRE-10,Megaplex Creatine Power 10 lb,Polvos & Envasado,27.0,28.5,True,3.68,1843,0.088,NIR (analizador infrarrojo),Aprobado
EN-01542,L202607-01423,2026-07-24,2026-07,MEG-GAI-64,Gainz Vainilla 6.4 lb,Polvos & Envasado,24.3,24.2,True,5.31,714,0.372,Absorción atómica,Aprobado
EN-01543,L202604-01210,2026-04-13,2026-04,STK-BUR-L24,Burner Stack Lata · paca x24,Bebidas RTD (lata),22.8,22.9,True,4.79,1261,0.021,Kjeldahl,Aprobado
EN-01544,L202606-01373,2026-06-02,2026-06,STK-BUR-L12,Burner Stack Lata · paca x12,Bebidas RTD (lata),23.8,23.5,True,3.91,979,0.014,NIR (analizador infrarrojo),Aprobado
EN-01545,L202601-00920,2026-01-18,2026-01,MEG-CAR-CER,Mega Carbs Limón Cereza,Polvos & Envasado,26.2,26.4,True,4.76,542,0.032,NIR (analizador infrarrojo),Aprobado
EN-01546,L202504-00212,2025-04-13,2025-04,ALI-CAK-CHO,Protein Cake Chocolate,Horneados & Mezclas,22.9,22.4,True,2.88,356,0.026,Microbiología,Aprobado
EN-01547,L202507-00503,2025-07-26,2025-07,STK-COL,Collagen Stack 585 g,Polvos & Envasado,24.0,25.5,True,3.02,903,0.148,Microbiología,Aprobado
EN-01548,L202508-00538,2025-08-22,2025-08,MEG-GAI-3,Gainz 3 lb,Polvos & Envasado,23.4,22.7,True,3.06,231,0.045,Microbiología,Aprobado
EN-01549,L202605-01221,2026-05-13,2026-05,ALI-CAK-VAN,Protein Cake Vainilla,Horneados & Mezclas,22.4,24.9,True,2.37,1145,0.13,NIR (analizador infrarrojo),Aprobado
EN-01550,L202503-00176,2025-03-01,2025-03,MEG-NIT-FR,Nitro Shock Frutos Rojos,Polvos & Envasado,24.0,24.2,True,3.02,729,0.054,NIR (analizador infrarrojo),Aprobado
