pqr_id,fecha,mes,motivo,canal,ciudad,estado,horas_primera_respuesta,horas_cierre,cumple_sla_4h,csat,requiere_agente_humano
PQR-202501-00001,2025-01-22,2025-01,Demora en la entrega,WhatsApp,Pereira,Cerrado,0.1,6.0,True,4.0,False
PQR-202501-00002,2025-01-16,2025-01,Contenido incompleto del envase,Chat del sitio,Bogotá,Escalado,2.7,47.7,True,2.0,True
PQR-202501-00003,2025-01-19,2025-01,Duda sobre uso del producto,Línea gratuita #590,Bogotá,Cerrado,1.5,9.0,True,3.0,False
PQR-202501-00004,2025-01-01,2025-01,Faltante en el pedido,Chat del sitio,Barranquilla,Cerrado,1.7,59.4,True,3.0,False
PQR-202501-00005,2025-01-04,2025-01,Demora en la entrega,WhatsApp,Pereira,Cerrado,2.1,31.2,True,4.0,False
PQR-202501-00006,2025-01-26,2025-01,Faltante en el pedido,WhatsApp,Barranquilla,Cerrado,0.6,26.1,True,3.0,False
PQR-202501-00007,2025-01-17,2025-01,Demora en la entrega,WhatsApp,Cartagena,Cerrado,2.2,29.4,True,5.0,False
PQR-202501-00008,2025-01-26,2025-01,Duda sobre uso del producto,Correo electrónico,Bogotá,Cerrado,0.9,24.7,True,3.0,False
PQR-202501-00009,2025-01-01,2025-01,Solicitud de factura electrónica,WhatsApp,Barranquilla,Cerrado,0.1,1.2,True,3.0,False
PQR-202501-00010,2025-01-21,2025-01,Demora en la entrega,Chat del sitio,Manizales,Cerrado,2.1,11.6,True,4.0,False
PQR-202501-00011,2025-01-13,2025-01,Demora en la entrega,Línea gratuita #590,Bogotá,Cerrado,2.6,17.6,True,5.0,False
PQR-202501-00012,2025-01-27,2025-01,Contenido incompleto del envase,WhatsApp,Bogotá,Escalado,0.7,1.7,True,4.0,True
PQR-202501-00013,2025-01-03,2025-01,Contenido incompleto del envase,WhatsApp,Medellín,Cerrado,1.9,16.3,True,3.0,False
PQR-202501-00014,2025-01-08,2025-01,Cambio o garantía,Línea gratuita #590,Medellín,Cerrado,2.6,49.7,True,5.0,False
PQR-202501-00015,2025-01-13,2025-01,Producto averiado en transporte,Línea gratuita #590,Bogotá,Cerrado,2.8,24.8,True,3.0,False
PQR-202501-00016,2025-01-26,2025-01,Contenido incompleto del envase,Chat del sitio,Medellín,Escalado,9.3,106.3,False,2.0,True
PQR-202501-00017,2025-01-06,2025-01,Producto averiado en transporte,WhatsApp,Cali,Cerrado,0.8,36.6,True,4.0,False
PQR-202501-00018,2025-01-15,2025-01,Producto averiado en transporte,Tienda física,Bogotá,Cerrado,3.5,4.5,True,3.0,False
PQR-202501-00019,2025-01-20,2025-01,Camiseta personalizada pendiente,Línea gratuita #590,Bucaramanga,Cerrado,0.1,56.2,True,5.0,False
PQR-202501-00020,2025-01-16,2025-01,Producto averiado en transporte,Chat del sitio,Medellín,Cerrado,1.2,32.1,True,3.0,False
PQR-202501-00021,2025-01-17,2025-01,Faltante en el pedido,WhatsApp,Bogotá,Cerrado,1.7,22.1,True,5.0,False
PQR-202501-00022,2025-01-09,2025-01,Solicitud de factura electrónica,Instagram / redes,Bogotá,Cerrado,1.9,39.7,True,4.0,False
PQR-202501-00023,2025-01-05,2025-01,Contenido incompleto del envase,WhatsApp,Cúcuta,Escalado,0.8,21.5,True,5.0,True
PQR-202501-00024,2025-01-22,2025-01,Faltante en el pedido,WhatsApp,Bogotá,Cerrado,1.4,9.0,True,4.0,False
PQR-202501-00025,2025-01-08,2025-01,Camiseta personalizada pendiente,Chat del sitio,Bogotá,Cerrado,0.2,41.7,True,3.0,False
PQR-202501-00026,2025-01-03,2025-01,Contenido incompleto del envase,WhatsApp,Bucaramanga,Escalado,0.1,10.3,True,4.0,True
PQR-202501-00027,2025-01-10,2025-01,Evento adverso reportado,Tienda física,Cali,Cerrado,24.7,134.8,False,3.0,True
PQR-202501-00028,2025-01-26,2025-01,Reclamo por precio o promoción,Chat del sitio,Bogotá,Cerrado,0.3,5.9,True,4.0,False
PQR-202501-00029,2025-01-09,2025-01,Camiseta personalizada pendiente,WhatsApp,Cartagena,Escalado,0.3,15.7,True,5.0,True
PQR-202501-00030,2025-01-25,2025-01,Demora en la entrega,WhatsApp,Cartagena,Cerrado,3.2,23.0,True,4.0,False
PQR-202501-00031,2025-01-08,2025-01,Cambio o garantía,WhatsApp,Medellín,Cerrado,3.1,23.9,True,4.0,False
PQR-202501-00032,2025-01-18,2025-01,Camiseta personalizada pendiente,Chat del sitio,Cali,Cerrado,9.9,53.4,False,3.0,False
PQR-202501-00033,2025-01-01,2025-01,Demora en la entrega,WhatsApp,Cali,Cerrado,3.0,4.7,True,5.0,False
PQR-202501-00034,2025-01-13,2025-01,Contenido incompleto del envase,Chat del sitio,Bogotá,Escalado,3.0,62.3,True,4.0,True
PQR-202501-00035,2025-01-23,2025-01,Producto averiado en transporte,Correo electrónico,Ibagué,Cerrado,2.4,21.1,True,4.0,False
PQR-202501-00036,2025-01-08,2025-01,Demora en la entrega,Tienda física,Bogotá,Cerrado,6.1,21.0,False,3.0,False
PQR-202501-00037,2025-01-20,2025-01,Producto averiado en transporte,Instagram / redes,Bogotá,Cerrado,0.5,9.1,True,5.0,False
PQR-202501-00038,2025-01-09,2025-01,Solicitud de factura electrónica,Tienda física,Cúcuta,Cerrado,0.7,11.8,True,3.0,False
PQR-202501-00039,2025-01-23,2025-01,Demora en la entrega,Línea gratuita #590,Bogotá,Cerrado,0.1,17.4,True,3.0,False
PQR-202501-00040,2025-01-08,2025-01,Duda sobre uso del producto,Instagram / redes,Cúcuta,Cerrado,1.6,19.9,True,4.0,False
PQR-202501-00041,2025-01-24,2025-01,Faltante en el pedido,Chat del sitio,Medellín,Cerrado,2.3,61.8,True,3.0,False
PQR-202501-00042,2025-01-24,2025-01,Faltante en el pedido,WhatsApp,Cali,Cerrado,1.3,27.5,True,3.0,False
PQR-202501-00043,2025-01-02,2025-01,Evento adverso reportado,Instagram / redes,Pereira,Cerrado,5.0,92.6,False,2.0,True
PQR-202501-00044,2025-01-10,2025-01,Faltante en el pedido,Tienda física,Medellín,Cerrado,10.2,132.7,False,2.0,False
PQR-202501-00045,2025-01-01,2025-01,Faltante en el pedido,WhatsApp,Barranquilla,Cerrado,0.8,1.9,True,4.0,False
PQR-202501-00046,2025-01-05,2025-01,Producto averiado en transporte,WhatsApp,Bogotá,Cerrado,0.2,16.2,True,4.0,False
PQR-202501-00047,2025-01-26,2025-01,Demora en la entrega,WhatsApp,Cúcuta,Cerrado,1.0,3.7,True,4.0,False
PQR-202501-00048,2025-01-20,2025-01,Demora en la entrega,Línea gratuita #590,Pereira,Cerrado,0.3,1.3,True,3.0,False
PQR-202501-00049,2025-01-20,2025-01,Demora en la entrega,Correo electrónico,Bogotá,Cerrado,2.1,16.9,True,3.0,False
PQR-202501-00050,2025-01-09,2025-01,Reclamo por precio o promoción,Línea gratuita #590,Manizales,Cerrado,3.1,51.2,True,5.0,False
PQR-202501-00051,2025-01-23,2025-01,Demora en la entrega,Instagram / redes,Medellín,Cerrado,2.2,11.7,True,3.0,False
PQR-202501-00052,2025-01-10,2025-01,Duda sobre uso del producto,Chat del sitio,Bogotá,Cerrado,0.5,5.6,True,5.0,False
PQR-202501-00053,2025-01-17,2025-01,Camiseta personalizada pendiente,WhatsApp,Bogotá,Escalado,0.4,100.6,True,3.0,True
PQR-202501-00054,2025-01-18,2025-01,Reclamo por precio o promoción,Correo electrónico,Bogotá,Cerrado,3.1,14.5,True,4.0,False
PQR-202501-00055,2025-01-04,2025-01,Producto averiado en transporte,Línea gratuita #590,Medellín,Cerrado,3.8,16.5,True,3.0,False
PQR-202501-00056,2025-01-17,2025-01,Demora en la entrega,Tienda física,Bogotá,Cerrado,3.6,8.7,True,3.0,False
PQR-202501-00057,2025-01-13,2025-01,Camiseta personalizada pendiente,WhatsApp,Bogotá,Escalado,0.1,40.2,True,3.0,True
PQR-202501-00058,2025-01-01,2025-01,Demora en la entrega,WhatsApp,Bogotá,Cerrado,2.9,69.6,True,4.0,False
PQR-202501-00059,2025-01-14,2025-01,Cambio o garantía,WhatsApp,Cali,Cerrado,5.8,103.5,False,2.0,False
PQR-202501-00060,2025-01-24,2025-01,Reclamo por precio o promoción,Tienda física,Barranquilla,Cerrado,0.2,47.1,True,5.0,False
PQR-202501-00061,2025-01-11,2025-01,Faltante en el pedido,WhatsApp,Medellín,Cerrado,1.8,20.1,True,4.0,False
PQR-202501-00062,2025-01-03,2025-01,Contenido incompleto del envase,Línea gratuita #590,Cali,Escalado,4.7,14.9,False,4.0,True
PQR-202501-00063,2025-01-25,2025-01,Demora en la entrega,Línea gratuita #590,Pereira,Cerrado,5.4,129.7,False,4.0,False
PQR-202501-00064,2025-01-02,2025-01,Contenido incompleto del envase,Línea gratuita #590,Medellín,Escalado,3.4,218.4,True,3.0,True
PQR-202501-00065,2025-01-15,2025-01,Camiseta personalizada pendiente,WhatsApp,Cúcuta,Escalado,4.4,88.1,False,2.0,True
PQR-202501-00066,2025-01-08,2025-01,Demora en la entrega,Instagram / redes,Pasto,Cerrado,2.6,18.0,True,3.0,False
PQR-202501-00067,2025-01-16,2025-01,Faltante en el pedido,WhatsApp,Bogotá,Cerrado,0.7,47.5,True,5.0,False
PQR-202501-00068,2025-01-12,2025-01,Evento adverso reportado,Instagram / redes,Cúcuta,Escalado,21.5,209.2,False,2.0,True
PQR-202501-00069,2025-01-20,2025-01,Solicitud de factura electrónica,Línea gratuita #590,Bogotá,Cerrado,0.6,22.5,True,2.0,False
PQR-202501-00070,2025-01-01,2025-01,Faltante en el pedido,WhatsApp,Bogotá,Cerrado,1.4,22.7,True,4.0,False
PQR-202501-00071,2025-01-18,2025-01,Contenido incompleto del envase,Chat del sitio,Cali,Escalado,1.3,34.8,True,4.0,True
PQR-202501-00072,2025-01-22,2025-01,Producto averiado en transporte,WhatsApp,Medellín,Cerrado,0.2,19.9,True,4.0,False
PQR-202501-00073,2025-01-22,2025-01,Reclamo por precio o promoción,WhatsApp,Bucaramanga,Cerrado,1.1,5.3,True,3.0,False
PQR-202501-00074,2025-01-05,2025-01,Solicitud de factura electrónica,Chat del sitio,Barranquilla,Cerrado,0.3,5.6,True,3.0,False
PQR-202501-00075,2025-01-08,2025-01,Faltante en el pedido,WhatsApp,Medellín,Cerrado,0.1,26.2,True,4.0,False
PQR-202501-00076,2025-01-19,2025-01,Demora en la entrega,Tienda física,Bogotá,Cerrado,3.2,24.6,True,4.0,False
PQR-202501-00077,2025-01-07,2025-01,Solicitud de factura electrónica,Línea gratuita #590,Villavicencio,Cerrado,0.2,2.7,True,4.0,False
PQR-202501-00078,2025-01-10,2025-01,Demora en la entrega,Tienda física,Cali,Cerrado,4.8,22.4,False,4.0,False
PQR-202501-00079,2025-01-12,2025-01,Reclamo por precio o promoción,WhatsApp,Barranquilla,Cerrado,0.2,12.5,True,3.0,False
PQR-202501-00080,2025-01-19,2025-01,Solicitud de factura electrónica,WhatsApp,Medellín,Cerrado,0.1,69.8,True,4.0,False
PQR-202501-00081,2025-01-02,2025-01,Duda sobre uso del producto,Instagram / redes,Bogotá,Cerrado,0.2,1.9,True,3.0,False
PQR-202501-00082,2025-01-15,2025-01,Reclamo por precio o promoción,WhatsApp,Bogotá,Cerrado,0.2,1.8,True,5.0,False
PQR-202501-00083,2025-01-08,2025-01,Faltante en el pedido,WhatsApp,Barranquilla,Cerrado,1.9,35.2,True,3.0,False
PQR-202501-00084,2025-01-27,2025-01,Camiseta personalizada pendiente,Línea gratuita #590,Cali,Cerrado,1.4,145.2,True,3.0,False
PQR-202501-00085,2025-01-12,2025-01,Solicitud de factura electrónica,WhatsApp,Pereira,Cerrado,0.6,4.0,True,3.0,False
PQR-202501-00086,2025-01-19,2025-01,Producto averiado en transporte,Chat del sitio,Cali,Cerrado,0.1,24.8,True,4.0,False
PQR-202501-00087,2025-01-20,2025-01,Producto averiado en transporte,Chat del sitio,Manizales,Cerrado,0.6,1.6,True,4.0,False
PQR-202501-00088,2025-01-23,2025-01,Solicitud de factura electrónica,WhatsApp,Manizales,Cerrado,1.1,13.8,True,3.0,False
PQR-202501-00089,2025-01-02,2025-01,Demora en la entrega,Línea gratuita #590,Cali,Cerrado,6.4,15.8,False,4.0,False
PQR-202501-00090,2025-01-12,2025-01,Cambio o garantía,WhatsApp,Medellín,Cerrado,2.1,26.9,True,5.0,False
PQR-202501-00091,2025-01-08,2025-01,Camiseta personalizada pendiente,Chat del sitio,Bogotá,Cerrado,1.8,48.4,True,4.0,False
PQR-202501-00092,2025-01-11,2025-01,Camiseta personalizada pendiente,WhatsApp,Bogotá,Escalado,1.8,26.2,True,4.0,True
PQR-202501-00093,2025-01-12,2025-01,Demora en la entrega,Línea gratuita #590,Santa Marta,Cerrado,4.1,13.6,False,5.0,False
PQR-202501-00094,2025-01-03,2025-01,Producto averiado en transporte,Correo electrónico,Bogotá,Cerrado,7.4,9.4,False,4.0,False
PQR-202501-00095,2025-01-17,2025-01,Demora en la entrega,WhatsApp,Barranquilla,Cerrado,0.6,16.6,True,4.0,False
PQR-202501-00096,2025-01-19,2025-01,Camiseta personalizada pendiente,Tienda física,Cali,Escalado,1.3,15.6,True,3.0,True
PQR-202501-00097,2025-01-19,2025-01,Faltante en el pedido,Chat del sitio,Barranquilla,Cerrado,3.4,6.9,True,4.0,False
PQR-202501-00098,2025-01-10,2025-01,Contenido incompleto del envase,Línea gratuita #590,Manizales,Escalado,4.2,77.9,False,4.0,True
PQR-202501-00099,2025-01-10,2025-01,Producto averiado en transporte,WhatsApp,Cali,Cerrado,0.1,57.8,True,4.0,False
PQR-202501-00100,2025-01-24,2025-01,Producto averiado en transporte,Chat del sitio,Bogotá,Cerrado,0.8,37.2,True,4.0,False
PQR-202501-00101,2025-01-27,2025-01,Contenido incompleto del envase,Línea gratuita #590,Bogotá,Cerrado,10.1,131.4,False,3.0,False
PQR-202501-00102,2025-01-02,2025-01,Contenido incompleto del envase,Tienda física,Medellín,Escalado,0.2,59.1,True,4.0,True
PQR-202501-00103,2025-01-17,2025-01,Faltante en el pedido,WhatsApp,Bogotá,Cerrado,3.5,84.6,True,3.0,False
PQR-202501-00104,2025-01-08,2025-01,Evento adverso reportado,WhatsApp,Cartagena,Escalado,0.1,166.9,True,1.0,True
PQR-202501-00105,2025-01-08,2025-01,Demora en la entrega,Línea gratuita #590,Bogotá,Cerrado,3.9,31.5,True,5.0,False
PQR-202501-00106,2025-01-09,2025-01,Demora en la entrega,Tienda física,Medellín,Cerrado,1.5,50.3,True,4.0,False
PQR-202501-00107,2025-01-15,2025-01,Faltante en el pedido,Chat del sitio,Medellín,Cerrado,1.6,94.8,True,4.0,False
PQR-202501-00108,2025-01-02,2025-01,Reclamo por precio o promoción,Línea gratuita #590,Bogotá,Cerrado,0.2,12.9,True,5.0,False
PQR-202501-00109,2025-01-17,2025-01,Demora en la entrega,Línea gratuita #590,Bogotá,Cerrado,3.8,17.3,True,4.0,False
PQR-202501-00110,2025-01-03,2025-01,Demora en la entrega,WhatsApp,Bogotá,Cerrado,0.8,48.6,True,5.0,False
PQR-202501-00111,2025-01-06,2025-01,Faltante en el pedido,Chat del sitio,Manizales,Cerrado,0.8,35.3,True,4.0,False
PQR-202501-00112,2025-01-11,2025-01,Contenido incompleto del envase,Línea gratuita #590,Pereira,Cerrado,4.0,25.3,False,3.0,False
PQR-202501-00113,2025-01-03,2025-01,Faltante en el pedido,Tienda física,Cúcuta,Cerrado,3.2,25.1,True,4.0,False
PQR-202501-00114,2025-01-16,2025-01,Camiseta personalizada pendiente,WhatsApp,Bogotá,Escalado,0.9,15.9,True,4.0,True
PQR-202501-00115,2025-01-06,2025-01,Demora en la entrega,Instagram / redes,Medellín,Cerrado,6.3,29.1,False,3.0,False
PQR-202501-00116,2025-01-21,2025-01,Cambio o garantía,WhatsApp,Armenia,Cerrado,4.9,25.5,False,5.0,False
PQR-202501-00117,2025-01-19,2025-01,Demora en la entrega,Correo electrónico,Medellín,Cerrado,18.2,33.7,False,3.0,False
PQR-202501-00118,2025-01-08,2025-01,Faltante en el pedido,WhatsApp,Bogotá,Cerrado,1.3,3.4,True,4.0,False
PQR-202501-00119,2025-01-19,2025-01,Faltante en el pedido,Línea gratuita #590,Neiva,Cerrado,0.1,31.9,True,3.0,False
PQR-202501-00120,2025-01-15,2025-01,Cambio o garantía,Línea gratuita #590,Cali,Cerrado,6.6,42.2,False,3.0,False
PQR-202501-00121,2025-01-11,2025-01,Evento adverso reportado,WhatsApp,Santa Marta,Cerrado,8.3,16.1,False,4.0,True
PQR-202501-00122,2025-01-15,2025-01,Faltante en el pedido,Chat del sitio,Bogotá,Cerrado,1.1,23.2,True,3.0,False
PQR-202501-00123,2025-01-14,2025-01,Producto averiado en transporte,Chat del sitio,Bogotá,Cerrado,0.6,73.4,True,4.0,False
PQR-202501-00124,2025-01-02,2025-01,Demora en la entrega,WhatsApp,Cali,Cerrado,0.8,17.5,True,4.0,False
PQR-202501-00125,2025-01-21,2025-01,Evento adverso reportado,Línea gratuita #590,Barranquilla,Cerrado,2.9,3.9,True,4.0,True
PQR-202501-00126,2025-01-21,2025-01,Contenido incompleto del envase,WhatsApp,Bogotá,Escalado,4.3,107.5,False,2.0,True
PQR-202501-00127,2025-01-11,2025-01,Demora en la entrega,Línea gratuita #590,Cartagena,Cerrado,3.6,5.0,True,4.0,False
PQR-202501-00128,2025-01-15,2025-01,Demora en la entrega,WhatsApp,Cartagena,Cerrado,0.1,23.4,True,4.0,False
PQR-202501-00129,2025-01-22,2025-01,Duda sobre uso del producto,WhatsApp,Bogotá,Cerrado,0.3,6.9,True,3.0,False
PQR-202501-00130,2025-01-11,2025-01,Evento adverso reportado,Tienda física,Manizales,Cerrado,4.9,110.2,False,2.0,True
PQR-202501-00131,2025-01-07,2025-01,Contenido incompleto del envase,Tienda física,Barranquilla,Cerrado,3.4,234.5,True,2.0,False
PQR-202501-00132,2025-01-07,2025-01,Reclamo por precio o promoción,WhatsApp,Bogotá,Cerrado,0.1,3.0,True,4.0,False
PQR-202501-00133,2025-01-10,2025-01,Reclamo por precio o promoción,Correo electrónico,Bogotá,Cerrado,10.3,85.3,False,4.0,False
PQR-202501-00134,2025-01-21,2025-01,Faltante en el pedido,WhatsApp,Cali,Cerrado,1.4,85.0,True,4.0,False
PQR-202501-00135,2025-01-11,2025-01,Cambio o garantía,Instagram / redes,Bogotá,Cerrado,11.5,63.4,False,5.0,False
PQR-202501-00136,2025-01-24,2025-01,Reclamo por precio o promoción,WhatsApp,Bogotá,Cerrado,1.8,12.9,True,3.0,False
PQR-202501-00137,2025-01-05,2025-01,Evento adverso reportado,WhatsApp,Cali,Cerrado,3.3,69.2,True,4.0,True
PQR-202501-00138,2025-01-10,2025-01,Demora en la entrega,WhatsApp,Santa Marta,Cerrado,1.1,3.2,True,3.0,False
PQR-202501-00139,2025-01-03,2025-01,Producto averiado en transporte,WhatsApp,Barranquilla,Cerrado,3.0,85.9,True,3.0,False
PQR-202501-00140,2025-01-17,2025-01,Camiseta personalizada pendiente,WhatsApp,Manizales,Escalado,0.1,27.0,True,5.0,True
PQR-202501-00141,2025-01-16,2025-01,Demora en la entrega,Línea gratuita #590,Manizales,Cerrado,1.1,64.0,True,3.0,False
PQR-202501-00142,2025-01-11,2025-01,Duda sobre uso del producto,Línea gratuita #590,Pereira,Cerrado,1.0,45.6,True,3.0,False
PQR-202501-00143,2025-01-27,2025-01,Demora en la entrega,WhatsApp,Bucaramanga,Cerrado,0.1,4.6,True,4.0,False
PQR-202501-00144,2025-01-02,2025-01,Reclamo por precio o promoción,WhatsApp,Barranquilla,Cerrado,0.8,29.5,True,4.0,False
PQR-202501-00145,2025-01-24,2025-01,Demora en la entrega,Línea gratuita #590,Bogotá,Cerrado,0.8,15.1,True,5.0,False
PQR-202501-00146,2025-01-20,2025-01,Contenido incompleto del envase,Instagram / redes,Bogotá,Escalado,10.2,66.3,False,5.0,True
PQR-202501-00147,2025-01-03,2025-01,Contenido incompleto del envase,WhatsApp,Medellín,Cerrado,1.2,35.7,True,4.0,False
PQR-202501-00148,2025-01-13,2025-01,Cambio o garantía,WhatsApp,Bucaramanga,Cerrado,1.1,6.6,True,3.0,False
PQR-202501-00149,2025-01-02,2025-01,Evento adverso reportado,Tienda física,Medellín,Cerrado,2.0,33.1,True,5.0,True
PQR-202501-00150,2025-01-19,2025-01,Demora en la entrega,Chat del sitio,Bucaramanga,Cerrado,3.4,60.6,True,4.0,False
PQR-202501-00151,2025-01-16,2025-01,Demora en la entrega,WhatsApp,Bogotá,Cerrado,0.4,89.9,True,3.0,False
PQR-202501-00152,2025-01-10,2025-01,Producto averiado en transporte,WhatsApp,Medellín,Cerrado,0.3,2.7,True,5.0,False
PQR-202501-00153,2025-01-06,2025-01,Demora en la entrega,Tienda física,Cali,Cerrado,3.6,59.0,True,5.0,False
PQR-202501-00154,2025-01-14,2025-01,Faltante en el pedido,WhatsApp,Bogotá,Cerrado,0.3,11.0,True,4.0,False
PQR-202501-00155,2025-01-27,2025-01,Solicitud de factura electrónica,WhatsApp,Barranquilla,Cerrado,3.2,7.8,True,4.0,False
PQR-202501-00156,2025-01-05,2025-01,Producto averiado en transporte,WhatsApp,Medellín,Cerrado,2.3,52.9,True,4.0,False
PQR-202501-00157,2025-01-19,2025-01,Cambio o garantía,WhatsApp,Cúcuta,Cerrado,0.1,1.5,True,4.0,False
PQR-202501-00158,2025-01-27,2025-01,Camiseta personalizada pendiente,WhatsApp,Cali,Cerrado,4.4,44.0,False,4.0,False
PQR-202501-00159,2025-01-01,2025-01,Evento adverso reportado,WhatsApp,Medellín,Cerrado,12.1,84.7,False,4.0,True
PQR-202501-00160,2025-01-07,2025-01,Cambio o garantía,WhatsApp,Bogotá,Cerrado,3.0,4.2,True,5.0,False
PQR-202501-00161,2025-01-10,2025-01,Faltante en el pedido,Línea gratuita #590,Bogotá,Cerrado,8.4,26.6,False,5.0,False
PQR-202501-00162,2025-01-06,2025-01,Camiseta personalizada pendiente,Chat del sitio,Bogotá,Cerrado,3.1,18.1,True,4.0,False
PQR-202501-00163,2025-01-16,2025-01,Solicitud de factura electrónica,WhatsApp,Medellín,Cerrado,0.7,3.5,True,4.0,False
PQR-202501-00164,2025-01-23,2025-01,Demora en la entrega,WhatsApp,Bogotá,Cerrado,2.1,23.2,True,5.0,False
PQR-202501-00165,2025-01-03,2025-01,Demora en la entrega,Tienda física,Barranquilla,Cerrado,0.2,8.0,True,5.0,False
PQR-202501-00166,2025-01-17,2025-01,Demora en la entrega,Chat del sitio,Medellín,Cerrado,0.9,29.7,True,4.0,False
PQR-202501-00167,2025-01-03,2025-01,Demora en la entrega,Línea gratuita #590,Ibagué,Cerrado,0.1,23.5,True,3.0,False
PQR-202501-00168,2025-01-02,2025-01,Demora en la entrega,Chat del sitio,Bogotá,Cerrado,1.1,7.8,True,3.0,False
PQR-202501-00169,2025-01-10,2025-01,Camiseta personalizada pendiente,WhatsApp,Bogotá,Cerrado,2.0,72.2,True,5.0,False
PQR-202501-00170,2025-01-27,2025-01,Duda sobre uso del producto,WhatsApp,Bogotá,Cerrado,0.2,14.1,True,4.0,False
PQR-202501-00171,2025-01-26,2025-01,Evento adverso reportado,WhatsApp,Medellín,Cerrado,5.5,152.9,False,4.0,True
PQR-202501-00172,2025-01-17,2025-01,Reclamo por precio o promoción,WhatsApp,Ibagué,Cerrado,0.5,5.9,True,5.0,False
PQR-202501-00173,2025-01-19,2025-01,Faltante en el pedido,WhatsApp,Bogotá,Cerrado,1.8,2.8,True,3.0,False
PQR-202501-00174,2025-01-05,2025-01,Faltante en el pedido,Instagram / redes,Bogotá,Cerrado,3.9,53.3,True,4.0,False
PQR-202501-00175,2025-01-12,2025-01,Producto averiado en transporte,Chat del sitio,Bogotá,Cerrado,0.2,40.5,True,4.0,False
PQR-202501-00176,2025-01-01,2025-01,Producto averiado en transporte,Chat del sitio,Medellín,Cerrado,2.8,63.2,True,5.0,False
PQR-202501-00177,2025-01-10,2025-01,Demora en la entrega,WhatsApp,Bogotá,Cerrado,2.2,72.4,True,1.0,False
PQR-202501-00178,2025-01-19,2025-01,Camiseta personalizada pendiente,WhatsApp,Medellín,Escalado,2.4,36.1,True,3.0,True
PQR-202501-00179,2025-01-12,2025-01,Demora en la entrega,WhatsApp,Bogotá,Cerrado,0.1,60.0,True,3.0,False
PQR-202501-00180,2025-01-07,2025-01,Camiseta personalizada pendiente,Chat del sitio,Medellín,Escalado,0.4,57.0,True,4.0,True
PQR-202501-00181,2025-01-23,2025-01,Demora en la entrega,WhatsApp,Cali,Cerrado,1.0,97.8,True,2.0,False
PQR-202501-00182,2025-01-13,2025-01,Demora en la entrega,Línea gratuita #590,Bogotá,Cerrado,2.0,88.7,True,3.0,False
PQR-202501-00183,2025-01-05,2025-01,Reclamo por precio o promoción,Línea gratuita #590,Cali,Cerrado,0.5,11.3,True,5.0,False
PQR-202501-00184,2025-01-22,2025-01,Solicitud de factura electrónica,Chat del sitio,Bogotá,Cerrado,0.4,26.8,True,4.0,False
PQR-202501-00185,2025-01-26,2025-01,Faltante en el pedido,WhatsApp,Bogotá,Cerrado,0.9,7.1,True,4.0,False
PQR-202501-00186,2025-01-20,2025-01,Solicitud de factura electrónica,Línea gratuita #590,Neiva,Cerrado,2.8,8.1,True,3.0,False
PQR-202501-00187,2025-01-22,2025-01,Demora en la entrega,Línea gratuita #590,Barranquilla,Cerrado,1.5,77.4,True,2.0,False
PQR-202501-00188,2025-01-03,2025-01,Camiseta personalizada pendiente,WhatsApp,Bogotá,Cerrado,3.0,41.8,True,4.0,False
PQR-202501-00189,2025-01-03,2025-01,Cambio o garantía,Tienda física,Cali,Cerrado,1.2,57.6,True,3.0,False
PQR-202501-00190,2025-01-26,2025-01,Camiseta personalizada pendiente,WhatsApp,Bogotá,Cerrado,0.6,1.9,True,4.0,False
PQR-202501-00191,2025-01-01,2025-01,Solicitud de factura electrónica,WhatsApp,Cali,Cerrado,0.1,2.2,True,4.0,False
PQR-202501-00192,2025-01-02,2025-01,Solicitud de factura electrónica,Línea gratuita #590,Villavicencio,Cerrado,0.7,16.0,True,3.0,False
PQR-202501-00193,2025-01-04,2025-01,Demora en la entrega,Correo electrónico,Cali,Cerrado,9.0,21.5,False,4.0,False
PQR-202501-00194,2025-01-07,2025-01,Demora en la entrega,Correo electrónico,Bogotá,Cerrado,2.7,7.3,True,5.0,False
PQR-202501-00195,2025-01-07,2025-01,Cambio o garantía,WhatsApp,Bogotá,Cerrado,1.4,17.5,True,3.0,False
PQR-202501-00196,2025-01-19,2025-01,Solicitud de factura electrónica,WhatsApp,Bogotá,Cerrado,2.7,7.3,True,5.0,False
PQR-202501-00197,2025-01-20,2025-01,Faltante en el pedido,Correo electrónico,Bogotá,Cerrado,2.9,5.4,True,5.0,False
PQR-202501-00198,2025-01-10,2025-01,Faltante en el pedido,Chat del sitio,Bogotá,Cerrado,0.6,126.6,True,3.0,False
PQR-202501-00199,2025-01-12,2025-01,Demora en la entrega,WhatsApp,Medellín,Cerrado,0.9,25.1,True,3.0,False
PQR-202501-00200,2025-01-05,2025-01,Contenido incompleto del envase,Instagram / redes,Cartagena,Escalado,9.1,187.9,False,3.0,True
PQR-202501-00201,2025-01-14,2025-01,Producto averiado en transporte,Tienda física,Cartagena,Cerrado,3.3,27.4,True,4.0,False
PQR-202501-00202,2025-01-05,2025-01,Camiseta personalizada pendiente,WhatsApp,Bogotá,Escalado,0.6,52.5,True,5.0,True
PQR-202501-00203,2025-01-21,2025-01,Producto averiado en transporte,Chat del sitio,Bogotá,Cerrado,1.5,14.8,True,5.0,False
PQR-202501-00204,2025-01-15,2025-01,Evento adverso reportado,WhatsApp,Bogotá,Escalado,0.9,105.7,True,3.0,True
PQR-202501-00205,2025-01-04,2025-01,Faltante en el pedido,Línea gratuita #590,Bogotá,Cerrado,1.2,137.8,True,2.0,False
PQR-202501-00206,2025-01-15,2025-01,Solicitud de factura electrónica,Línea gratuita #590,Bogotá,Cerrado,0.1,4.7,True,4.0,False
PQR-202501-00207,2025-01-07,2025-01,Faltante en el pedido,WhatsApp,Bogotá,Cerrado,1.7,7.2,True,4.0,False
PQR-202501-00208,2025-01-24,2025-01,Demora en la entrega,WhatsApp,Cali,Cerrado,1.1,16.9,True,4.0,False
PQR-202501-00209,2025-01-14,2025-01,Faltante en el pedido,Tienda física,Barranquilla,Cerrado,1.4,30.1,True,4.0,False
PQR-202501-00210,2025-01-19,2025-01,Faltante en el pedido,Línea gratuita #590,Cali,Cerrado,4.5,83.5,False,3.0,False
PQR-202501-00211,2025-01-02,2025-01,Evento adverso reportado,Línea gratuita #590,Bogotá,Cerrado,5.7,13.4,False,3.0,True
PQR-202501-00212,2025-01-08,2025-01,Demora en la entrega,WhatsApp,Bogotá,Cerrado,0.3,4.3,True,4.0,False
PQR-202501-00213,2025-01-04,2025-01,Duda sobre uso del producto,Instagram / redes,Bogotá,Cerrado,1.6,10.1,True,4.0,False
PQR-202501-00214,2025-01-24,2025-01,Contenido incompleto del envase,WhatsApp,Medellín,Cerrado,1.1,37.1,True,3.0,False
PQR-202501-00215,2025-01-09,2025-01,Reclamo por precio o promoción,Línea gratuita #590,Medellín,Cerrado,2.3,45.6,True,3.0,False
PQR-202501-00216,2025-01-08,2025-01,Producto averiado en transporte,Chat del sitio,Bogotá,Cerrado,0.2,31.6,True,4.0,False
PQR-202501-00217,2025-01-22,2025-01,Demora en la entrega,Chat del sitio,Bogotá,Cerrado,2.2,3.9,True,3.0,False
PQR-202501-00218,2025-01-07,2025-01,Camiseta personalizada pendiente,Línea gratuita #590,Bogotá,Cerrado,1.4,107.3,True,3.0,False
PQR-202501-00219,2025-01-11,2025-01,Camiseta personalizada pendiente,Tienda física,Bogotá,Escalado,4.3,13.0,False,4.0,True
PQR-202501-00220,2025-01-24,2025-01,Duda sobre uso del producto,Instagram / redes,Medellín,Cerrado,1.8,8.2,True,4.0,False
PQR-202501-00221,2025-01-12,2025-01,Cambio o garantía,WhatsApp,Armenia,Cerrado,0.1,49.4,True,5.0,False
PQR-202501-00222,2025-01-15,2025-01,Reclamo por precio o promoción,Instagram / redes,Bogotá,Cerrado,0.2,3.4,True,3.0,False
PQR-202501-00223,2025-01-01,2025-01,Demora en la entrega,WhatsApp,Barranquilla,Cerrado,1.1,26.6,True,5.0,False
PQR-202501-00224,2025-01-18,2025-01,Producto averiado en transporte,Línea gratuita #590,Barranquilla,Cerrado,3.1,4.4,True,3.0,False
PQR-202501-00225,2025-01-19,2025-01,Demora en la entrega,WhatsApp,Armenia,Cerrado,1.2,27.1,True,5.0,False
PQR-202501-00226,2025-01-18,2025-01,Camiseta personalizada pendiente,WhatsApp,Bogotá,Escalado,5.6,7.0,False,4.0,True
PQR-202501-00227,2025-01-01,2025-01,Demora en la entrega,Línea gratuita #590,Bogotá,Cerrado,0.8,38.3,True,4.0,False
PQR-202501-00228,2025-01-24,2025-01,Camiseta personalizada pendiente,Tienda física,Ibagué,Escalado,11.0,21.0,False,5.0,True
PQR-202501-00229,2025-01-11,2025-01,Faltante en el pedido,WhatsApp,Bucaramanga,Cerrado,0.2,10.4,True,4.0,False
PQR-202501-00230,2025-01-11,2025-01,Demora en la entrega,Tienda física,Barranquilla,Cerrado,2.0,58.7,True,5.0,False
PQR-202501-00231,2025-01-08,2025-01,Demora en la entrega,Instagram / redes,Ibagué,Cerrado,7.2,9.1,False,3.0,False
PQR-202501-00232,2025-01-04,2025-01,Demora en la entrega,WhatsApp,Bogotá,Cerrado,2.5,16.7,True,4.0,False
PQR-202501-00233,2025-01-08,2025-01,Demora en la entrega,Línea gratuita #590,Medellín,Cerrado,12.8,27.3,False,4.0,False
PQR-202501-00234,2025-01-06,2025-01,Reclamo por precio o promoción,WhatsApp,Villavicencio,Cerrado,0.2,44.4,True,3.0,False
PQR-202501-00235,2025-01-27,2025-01,Faltante en el pedido,Línea gratuita #590,Medellín,Cerrado,3.0,5.4,True,5.0,False
PQR-202501-00236,2025-01-20,2025-01,Evento adverso reportado,Chat del sitio,Bogotá,Escalado,3.0,22.4,True,4.0,True
PQR-202501-00237,2025-01-16,2025-01,Producto averiado en transporte,Chat del sitio,Bucaramanga,Cerrado,2.5,4.3,True,3.0,False
PQR-202501-00238,2025-01-12,2025-01,Evento adverso reportado,Tienda física,Bogotá,Cerrado,4.0,74.5,True,2.0,True
PQR-202501-00239,2025-01-03,2025-01,Faltante en el pedido,Chat del sitio,Medellín,Cerrado,0.1,23.8,True,3.0,False
PQR-202501-00240,2025-01-22,2025-01,Solicitud de factura electrónica,Chat del sitio,Bogotá,Cerrado,0.8,4.1,True,4.0,False
PQR-202501-00241,2025-01-17,2025-01,Camiseta personalizada pendiente,Correo electrónico,Cali,Cerrado,12.1,101.6,False,1.0,False
PQR-202501-00242,2025-01-21,2025-01,Faltante en el pedido,Línea gratuita #590,Cúcuta,Cerrado,1.4,29.6,True,4.0,False
PQR-202501-00243,2025-01-27,2025-01,Faltante en el pedido,WhatsApp,Bucaramanga,Cerrado,0.7,10.4,True,3.0,False
PQR-202501-00244,2025-01-21,2025-01,Demora en la entrega,Tienda física,Bucaramanga,Cerrado,1.2,23.0,True,5.0,False
PQR-202501-00245,2025-01-05,2025-01,Contenido incompleto del envase,Tienda física,Bogotá,Cerrado,2.4,131.3,True,3.0,False
PQR-202501-00246,2025-01-26,2025-01,Demora en la entrega,WhatsApp,Cúcuta,Cerrado,1.9,27.6,True,3.0,False
PQR-202501-00247,2025-01-07,2025-01,Duda sobre uso del producto,Chat del sitio,Medellín,Cerrado,1.3,15.3,True,4.0,False
PQR-202501-00248,2025-01-11,2025-01,Camiseta personalizada pendiente,WhatsApp,Bogotá,Cerrado,0.1,77.3,True,1.0,False
PQR-202501-00249,2025-01-13,2025-01,Demora en la entrega,Instagram / redes,Barranquilla,Cerrado,24.4,58.6,False,4.0,False
PQR-202501-00250,2025-01-10,2025-01,Solicitud de factura electrónica,WhatsApp,Ibagué,Cerrado,0.3,27.2,True,3.0,False
PQR-202501-00251,2025-01-25,2025-01,Demora en la entrega,Correo electrónico,Neiva,Cerrado,0.1,5.9,True,3.0,False
PQR-202501-00252,2025-01-09,2025-01,Reclamo por precio o promoción,Línea gratuita #590,Cartagena,Cerrado,2.1,65.0,True,5.0,False
PQR-202501-00253,2025-01-09,2025-01,Producto averiado en transporte,Chat del sitio,Bogotá,Cerrado,0.1,17.4,True,3.0,False
PQR-202501-00254,2025-01-24,2025-01,Reclamo por precio o promoción,Línea gratuita #590,Bogotá,Cerrado,0.2,3.5,True,4.0,False
PQR-202501-00255,2025-01-13,2025-01,Contenido incompleto del envase,Tienda física,Bogotá,Escalado,6.9,37.1,False,2.0,True
PQR-202501-00256,2025-01-04,2025-01,Cambio o garantía,Tienda física,Bucaramanga,Cerrado,5.9,30.7,False,3.0,False
PQR-202501-00257,2025-01-06,2025-01,Camiseta personalizada pendiente,Chat del sitio,Bogotá,Cerrado,0.6,15.2,True,3.0,False
PQR-202501-00258,2025-01-24,2025-01,Camiseta personalizada pendiente,WhatsApp,Barranquilla,Cerrado,1.2,63.9,True,3.0,False
PQR-202501-00259,2025-01-02,2025-01,Faltante en el pedido,WhatsApp,Cali,Cerrado,1.7,16.2,True,4.0,False
PQR-202501-00260,2025-01-12,2025-01,Demora en la entrega,Instagram / redes,Cartagena,Cerrado,0.9,5.1,True,3.0,False
PQR-202501-00261,2025-01-06,2025-01,Solicitud de factura electrónica,Chat del sitio,Bucaramanga,Cerrado,1.2,10.0,True,4.0,False
PQR-202501-00262,2025-01-15,2025-01,Solicitud de factura electrónica,Línea gratuita #590,Cali,Cerrado,2.1,9.3,True,4.0,False
PQR-202501-00263,2025-01-22,2025-01,Solicitud de factura electrónica,WhatsApp,Medellín,Cerrado,0.2,60.9,True,3.0,False
PQR-202501-00264,2025-01-07,2025-01,Producto averiado en transporte,Correo electrónico,Medellín,Cerrado,0.8,43.7,True,5.0,False
PQR-202501-00265,2025-01-08,2025-01,Duda sobre uso del producto,Tienda física,Bucaramanga,Cerrado,0.1,2.4,True,4.0,False
PQR-202501-00266,2025-01-11,2025-01,Evento adverso reportado,Instagram / redes,Bogotá,Cerrado,5.8,47.1,False,5.0,True
PQR-202501-00267,2025-01-16,2025-01,Contenido incompleto del envase,Chat del sitio,Cali,Escalado,2.3,30.9,True,4.0,True
PQR-202501-00268,2025-01-13,2025-01,Demora en la entrega,Instagram / redes,Cúcuta,Cerrado,0.9,63.4,True,3.0,False
PQR-202501-00269,2025-01-13,2025-01,Solicitud de factura electrónica,Línea gratuita #590,Cartagena,Cerrado,1.0,4.6,True,5.0,False
PQR-202501-00270,2025-01-22,2025-01,Producto averiado en transporte,WhatsApp,Medellín,Cerrado,1.5,21.8,True,4.0,False
PQR-202501-00271,2025-01-23,2025-01,Solicitud de factura electrónica,Instagram / redes,Medellín,Cerrado,0.7,10.4,True,4.0,False
PQR-202501-00272,2025-01-11,2025-01,Demora en la entrega,Tienda física,Bogotá,Cerrado,0.5,3.2,True,3.0,False
PQR-202501-00273,2025-01-05,2025-01,Evento adverso reportado,Instagram / redes,Manizales,Escalado,3.4,13.7,True,5.0,True
PQR-202501-00274,2025-01-09,2025-01,Producto averiado en transporte,Línea gratuita #590,Medellín,Cerrado,1.8,20.9,True,5.0,False
PQR-202501-00275,2025-01-25,2025-01,Camiseta personalizada pendiente,WhatsApp,Medellín,Escalado,10.9,26.2,False,3.0,True
PQR-202501-00276,2025-01-09,2025-01,Solicitud de factura electrónica,WhatsApp,Cúcuta,Cerrado,0.7,12.0,True,4.0,False
PQR-202501-00277,2025-01-27,2025-01,Cambio o garantía,WhatsApp,Bogotá,Cerrado,4.1,35.6,False,4.0,False
PQR-202501-00278,2025-01-11,2025-01,Faltante en el pedido,WhatsApp,Pereira,Cerrado,0.5,6.0,True,5.0,False
PQR-202501-00279,2025-01-10,2025-01,Producto averiado en transporte,Línea gratuita #590,Medellín,Cerrado,0.9,39.3,True,3.0,False
PQR-202501-00280,2025-01-15,2025-01,Camiseta personalizada pendiente,Correo electrónico,Manizales,Escalado,2.3,62.5,True,4.0,True
PQR-202501-00281,2025-01-19,2025-01,Reclamo por precio o promoción,Chat del sitio,Manizales,Cerrado,1.2,8.4,True,3.0,False
PQR-202501-00282,2025-01-03,2025-01,Solicitud de factura electrónica,Línea gratuita #590,Cúcuta,Cerrado,1.2,6.9,True,5.0,False
PQR-202501-00283,2025-01-27,2025-01,Camiseta personalizada pendiente,Chat del sitio,Bucaramanga,Escalado,0.5,194.7,True,3.0,True
PQR-202501-00284,2025-01-05,2025-01,Demora en la entrega,Chat del sitio,Bucaramanga,Cerrado,1.3,8.3,True,3.0,False
PQR-202501-00285,2025-01-17,2025-01,Camiseta personalizada pendiente,Instagram / redes,Villavicencio,Escalado,29.7,47.4,False,3.0,True
PQR-202501-00286,2025-01-08,2025-01,Camiseta personalizada pendiente,Tienda física,Bogotá,Cerrado,10.5,113.5,False,3.0,False
PQR-202501-00287,2025-01-09,2025-01,Solicitud de factura electrónica,WhatsApp,Cúcuta,Cerrado,0.5,4.3,True,4.0,False
PQR-202501-00288,2025-01-26,2025-01,Solicitud de factura electrónica,Correo electrónico,Medellín,Cerrado,9.3,12.6,False,2.0,False
PQR-202501-00289,2025-01-06,2025-01,Producto averiado en transporte,Línea gratuita #590,Cartagena,Cerrado,3.2,31.6,True,3.0,False
PQR-202501-00290,2025-01-10,2025-01,Reclamo por precio o promoción,WhatsApp,Bogotá,Cerrado,0.5,2.2,True,4.0,False
PQR-202501-00291,2025-01-24,2025-01,Demora en la entrega,WhatsApp,Cartagena,Cerrado,1.1,6.5,True,4.0,False
PQR-202501-00292,2025-01-09,2025-01,Contenido incompleto del envase,WhatsApp,Ibagué,Cerrado,3.3,34.2,True,5.0,False
PQR-202501-00293,2025-01-12,2025-01,Demora en la entrega,WhatsApp,Cúcuta,Cerrado,1.4,47.3,True,4.0,False
PQR-202501-00294,2025-01-23,2025-01,Camiseta personalizada pendiente,WhatsApp,Barranquilla,Cerrado,3.0,18.8,True,4.0,False
PQR-202501-00295,2025-01-10,2025-01,Contenido incompleto del envase,WhatsApp,Cartagena,Cerrado,0.7,24.4,True,3.0,False
PQR-202501-00296,2025-01-08,2025-01,Demora en la entrega,Instagram / redes,Bucaramanga,Cerrado,4.9,145.4,False,3.0,False
PQR-202501-00297,2025-01-22,2025-01,Producto averiado en transporte,Instagram / redes,Medellín,Cerrado,1.8,18.9,True,4.0,False
PQR-202501-00298,2025-01-14,2025-01,Demora en la entrega,Tienda física,Cartagena,Cerrado,10.0,41.6,False,4.0,False
PQR-202501-00299,2025-01-03,2025-01,Producto averiado en transporte,Tienda física,Bogotá,Cerrado,0.7,28.6,True,3.0,False
PQR-202501-00300,2025-01-05,2025-01,Camiseta personalizada pendiente,Línea gratuita #590,Medellín,Escalado,1.8,23.3,True,4.0,True
PQR-202501-00301,2025-01-09,2025-01,Demora en la entrega,WhatsApp,Bogotá,Cerrado,4.0,13.7,False,4.0,False
PQR-202501-00302,2025-01-05,2025-01,Faltante en el pedido,Instagram / redes,Cartagena,Cerrado,2.4,28.8,True,3.0,False
PQR-202501-00303,2025-01-01,2025-01,Solicitud de factura electrónica,Tienda física,Ibagué,Cerrado,1.3,39.9,True,4.0,False
PQR-202501-00304,2025-01-10,2025-01,Contenido incompleto del envase,WhatsApp,Pereira,Escalado,0.6,13.0,True,3.0,True
PQR-202501-00305,2025-01-20,2025-01,Producto averiado en transporte,WhatsApp,Pereira,Cerrado,0.2,23.4,True,4.0,False
PQR-202501-00306,2025-01-08,2025-01,Faltante en el pedido,Chat del sitio,Medellín,Cerrado,0.2,17.7,True,2.0,False
PQR-202501-00307,2025-01-08,2025-01,Demora en la entrega,Tienda física,Cali,Cerrado,9.1,50.8,False,4.0,False
PQR-202501-00308,2025-01-27,2025-01,Demora en la entrega,WhatsApp,Villavicencio,Cerrado,1.8,7.4,True,4.0,False
PQR-202501-00309,2025-01-20,2025-01,Faltante en el pedido,WhatsApp,Cali,Cerrado,2.1,46.3,True,4.0,False
PQR-202501-00310,2025-01-17,2025-01,Evento adverso reportado,WhatsApp,Bogotá,Escalado,0.2,33.8,True,4.0,True
PQR-202501-00311,2025-01-02,2025-01,Producto averiado en transporte,Tienda física,Bogotá,Cerrado,4.3,5.9,False,5.0,False
PQR-202501-00312,2025-01-12,2025-01,Reclamo por precio o promoción,Tienda física,Cali,Cerrado,7.7,55.2,False,5.0,False
PQR-202501-00313,2025-01-10,2025-01,Producto averiado en transporte,WhatsApp,Cartagena,Cerrado,1.2,70.3,True,4.0,False
PQR-202501-00314,2025-01-18,2025-01,Camiseta personalizada pendiente,Correo electrónico,Bucaramanga,Cerrado,29.8,120.0,False,2.0,False
PQR-202501-00315,2025-01-12,2025-01,Faltante en el pedido,Chat del sitio,Medellín,Cerrado,0.1,16.2,True,4.0,False
PQR-202501-00316,2025-01-21,2025-01,Producto averiado en transporte,Chat del sitio,Bogotá,Cerrado,0.7,27.7,True,4.0,False
PQR-202501-00317,2025-01-22,2025-01,Contenido incompleto del envase,Chat del sitio,Santa Marta,Escalado,0.3,9.4,True,4.0,True
PQR-202501-00318,2025-01-21,2025-01,Reclamo por precio o promoción,Línea gratuita #590,Bogotá,Cerrado,0.1,1.1,True,4.0,False
PQR-202501-00319,2025-01-16,2025-01,Solicitud de factura electrónica,Línea gratuita #590,Medellín,Cerrado,0.2,1.2,True,3.0,False
PQR-202501-00320,2025-01-11,2025-01,Faltante en el pedido,WhatsApp,Cúcuta,Cerrado,0.3,1.8,True,4.0,False
PQR-202501-00321,2025-01-08,2025-01,Producto averiado en transporte,WhatsApp,Cali,Cerrado,1.4,4.3,True,4.0,False
PQR-202501-00322,2025-01-21,2025-01,Evento adverso reportado,WhatsApp,Ibagué,Cerrado,0.9,54.2,True,5.0,True
PQR-202501-00323,2025-01-25,2025-01,Producto averiado en transporte,Línea gratuita #590,Bogotá,Cerrado,3.4,4.4,True,3.0,False
PQR-202501-00324,2025-01-09,2025-01,Demora en la entrega,WhatsApp,Bogotá,Cerrado,0.3,55.3,True,5.0,False
PQR-202501-00325,2025-01-07,2025-01,Solicitud de factura electrónica,WhatsApp,Pereira,Cerrado,0.6,15.5,True,4.0,False
PQR-202501-00326,2025-01-16,2025-01,Camiseta personalizada pendiente,WhatsApp,Barranquilla,Cerrado,0.4,6.6,True,2.0,False
PQR-202501-00327,2025-01-15,2025-01,Demora en la entrega,WhatsApp,Cartagena,Cerrado,1.8,116.5,True,3.0,False
PQR-202501-00328,2025-01-26,2025-01,Duda sobre uso del producto,WhatsApp,Cúcuta,Cerrado,0.3,4.2,True,4.0,False
PQR-202501-00329,2025-01-11,2025-01,Evento adverso reportado,WhatsApp,Medellín,Cerrado,4.8,35.3,False,3.0,True
PQR-202501-00330,2025-01-25,2025-01,Duda sobre uso del producto,Línea gratuita #590,Cali,Cerrado,1.0,19.3,True,4.0,False
PQR-202501-00331,2025-01-15,2025-01,Solicitud de factura electrónica,Chat del sitio,Medellín,Cerrado,0.5,13.8,True,2.0,False
PQR-202501-00332,2025-01-15,2025-01,Faltante en el pedido,WhatsApp,Bogotá,Cerrado,0.3,1.6,True,4.0,False
PQR-202501-00333,2025-01-07,2025-01,Faltante en el pedido,Tienda física,Bogotá,Cerrado,5.1,89.0,False,4.0,False
PQR-202501-00334,2025-01-07,2025-01,Faltante en el pedido,WhatsApp,Bogotá,Cerrado,0.3,2.4,True,4.0,False
PQR-202501-00335,2025-01-23,2025-01,Cambio o garantía,WhatsApp,Bogotá,Cerrado,1.2,27.9,True,4.0,False
PQR-202501-00336,2025-01-09,2025-01,Contenido incompleto del envase,Chat del sitio,Bogotá,Cerrado,0.8,63.4,True,4.0,False
PQR-202501-00337,2025-01-01,2025-01,Faltante en el pedido,Línea gratuita #590,Cúcuta,Cerrado,0.2,238.5,True,4.0,False
PQR-202501-00338,2025-01-07,2025-01,Contenido incompleto del envase,WhatsApp,Ibagué,Cerrado,1.0,38.5,True,4.0,False
PQR-202501-00339,2025-01-22,2025-01,Solicitud de factura electrónica,Chat del sitio,Bogotá,Cerrado,0.1,1.1,True,5.0,False
PQR-202501-00340,2025-01-23,2025-01,Producto averiado en transporte,Tienda física,Pereira,Cerrado,10.3,34.7,False,3.0,False
PQR-202501-00341,2025-01-09,2025-01,Producto averiado en transporte,Línea gratuita #590,Ibagué,Cerrado,2.4,6.9,True,5.0,False
PQR-202501-00342,2025-01-12,2025-01,Demora en la entrega,Línea gratuita #590,Barranquilla,Cerrado,3.2,7.9,True,3.0,False
PQR-202501-00343,2025-01-06,2025-01,Solicitud de factura electrónica,WhatsApp,Medellín,Cerrado,0.2,7.7,True,4.0,False
PQR-202501-00344,2025-01-13,2025-01,Camiseta personalizada pendiente,Tienda física,Bogotá,Cerrado,0.3,1.3,True,4.0,False
PQR-202501-00345,2025-01-21,2025-01,Demora en la entrega,WhatsApp,Ibagué,Cerrado,0.8,96.4,True,1.0,False
PQR-202501-00346,2025-01-18,2025-01,Contenido incompleto del envase,Chat del sitio,Medellín,Escalado,5.4,47.3,False,4.0,True
PQR-202501-00347,2025-01-05,2025-01,Duda sobre uso del producto,Correo electrónico,Cali,Cerrado,4.7,5.7,False,4.0,False
PQR-202501-00348,2025-01-23,2025-01,Demora en la entrega,Instagram / redes,Cali,Cerrado,6.1,7.1,False,4.0,False
PQR-202501-00349,2025-01-01,2025-01,Faltante en el pedido,Tienda física,Neiva,Cerrado,1.1,4.6,True,4.0,False
PQR-202501-00350,2025-01-24,2025-01,Faltante en el pedido,Línea gratuita #590,Bogotá,Cerrado,0.6,4.5,True,5.0,False
PQR-202501-00351,2025-01-07,2025-01,Contenido incompleto del envase,Línea gratuita #590,Cali,Cerrado,6.7,37.9,False,4.0,False
PQR-202501-00352,2025-01-21,2025-01,Cambio o garantía,Chat del sitio,Barranquilla,Cerrado,3.8,162.8,True,1.0,False
PQR-202501-00353,2025-01-22,2025-01,Demora en la entrega,Línea gratuita #590,Bogotá,Cerrado,0.7,27.8,True,4.0,False
PQR-202501-00354,2025-01-19,2025-01,Camiseta personalizada pendiente,WhatsApp,Bogotá,Cerrado,9.0,29.4,False,4.0,False
PQR-202501-00355,2025-01-07,2025-01,Demora en la entrega,Tienda física,Cali,Cerrado,7.3,8.3,False,3.0,False
PQR-202501-00356,2025-01-23,2025-01,Producto averiado en transporte,Correo electrónico,Cúcuta,Cerrado,5.3,18.9,False,3.0,False
PQR-202501-00357,2025-01-18,2025-01,Faltante en el pedido,Instagram / redes,Bogotá,Cerrado,20.2,27.0,False,5.0,False
PQR-202501-00358,2025-01-15,2025-01,Faltante en el pedido,Línea gratuita #590,Bogotá,Cerrado,0.4,11.9,True,5.0,False
PQR-202501-00359,2025-01-04,2025-01,Solicitud de factura electrónica,WhatsApp,Bogotá,Cerrado,0.2,4.1,True,3.0,False
PQR-202501-00360,2025-01-16,2025-01,Camiseta personalizada pendiente,Instagram / redes,Medellín,Cerrado,0.6,19.1,True,3.0,False
PQR-202501-00361,2025-01-14,2025-01,Solicitud de factura electrónica,WhatsApp,Bucaramanga,Cerrado,0.3,15.1,True,4.0,False
PQR-202501-00362,2025-01-09,2025-01,Producto averiado en transporte,Línea gratuita #590,Pereira,Cerrado,4.2,5.5,False,3.0,False
PQR-202501-00363,2025-01-03,2025-01,Faltante en el pedido,Correo electrónico,Bogotá,Cerrado,13.1,30.5,False,3.0,False
PQR-202501-00364,2025-01-04,2025-01,Contenido incompleto del envase,Instagram / redes,Bogotá,Escalado,16.5,28.3,False,5.0,True
PQR-202501-00365,2025-01-26,2025-01,Cambio o garantía,WhatsApp,Ibagué,Cerrado,0.2,227.3,True,3.0,False
PQR-202501-00366,2025-01-18,2025-01,Contenido incompleto del envase,WhatsApp,Cartagena,Escalado,1.8,51.4,True,2.0,True
PQR-202501-00367,2025-01-03,2025-01,Evento adverso reportado,WhatsApp,Bogotá,Cerrado,0.1,60.4,True,3.0,True
PQR-202501-00368,2025-01-08,2025-01,Contenido incompleto del envase,Chat del sitio,Bogotá,Escalado,1.7,37.0,True,3.0,True
PQR-202501-00369,2025-01-03,2025-01,Contenido incompleto del envase,Tienda física,Bogotá,Cerrado,0.1,47.7,True,4.0,False
PQR-202501-00370,2025-01-05,2025-01,Demora en la entrega,WhatsApp,Medellín,Cerrado,0.3,101.7,True,3.0,False
PQR-202501-00371,2025-01-08,2025-01,Contenido incompleto del envase,Línea gratuita #590,Medellín,Escalado,1.1,30.5,True,3.0,True
PQR-202501-00372,2025-01-25,2025-01,Demora en la entrega,Chat del sitio,Bogotá,Cerrado,0.1,6.5,True,4.0,False
PQR-202501-00373,2025-01-14,2025-01,Demora en la entrega,Chat del sitio,Bogotá,Cerrado,0.6,38.2,True,4.0,False
PQR-202501-00374,2025-01-11,2025-01,Faltante en el pedido,Línea gratuita #590,Barranquilla,Cerrado,0.1,20.3,True,4.0,False
PQR-202501-00375,2025-01-07,2025-01,Demora en la entrega,Línea gratuita #590,Cartagena,Cerrado,0.4,1.7,True,4.0,False
PQR-202501-00376,2025-01-26,2025-01,Demora en la entrega,Instagram / redes,Medellín,Cerrado,1.5,3.9,True,4.0,False
PQR-202501-00377,2025-01-02,2025-01,Solicitud de factura electrónica,Chat del sitio,Barranquilla,Cerrado,1.9,66.6,True,5.0,False
PQR-202501-00378,2025-01-14,2025-01,Producto averiado en transporte,WhatsApp,Barranquilla,Cerrado,0.6,33.2,True,5.0,False
PQR-202501-00379,2025-01-04,2025-01,Faltante en el pedido,Instagram / redes,Pereira,Cerrado,7.3,11.6,False,4.0,False
PQR-202501-00380,2025-01-11,2025-01,Solicitud de factura electrónica,Chat del sitio,Barranquilla,Cerrado,0.4,10.6,True,3.0,False
PQR-202501-00381,2025-01-13,2025-01,Cambio o garantía,WhatsApp,Barranquilla,Cerrado,5.7,79.2,False,5.0,False
PQR-202501-00382,2025-01-26,2025-01,Demora en la entrega,Línea gratuita #590,Cartagena,Cerrado,2.3,56.9,True,4.0,False
PQR-202501-00383,2025-01-04,2025-01,Demora en la entrega,WhatsApp,Bogotá,Cerrado,1.7,20.4,True,4.0,False
PQR-202501-00384,2025-01-04,2025-01,Contenido incompleto del envase,Tienda física,Barranquilla,Escalado,1.7,40.0,True,2.0,True
PQR-202501-00385,2025-01-27,2025-01,Producto averiado en transporte,WhatsApp,Cali,Cerrado,0.8,33.5,True,3.0,False
PQR-202501-00386,2025-01-24,2025-01,Demora en la entrega,WhatsApp,Barranquilla,Cerrado,2.8,31.5,True,3.0,False
PQR-202501-00387,2025-01-05,2025-01,Camiseta personalizada pendiente,WhatsApp,Bogotá,Cerrado,1.8,141.2,True,3.0,False
PQR-202501-00388,2025-01-22,2025-01,Camiseta personalizada pendiente,Línea gratuita #590,Barranquilla,Escalado,0.4,85.3,True,4.0,True
PQR-202501-00389,2025-01-02,2025-01,Demora en la entrega,Instagram / redes,Bogotá,Cerrado,3.9,38.3,True,5.0,False
PQR-202501-00390,2025-01-14,2025-01,Producto averiado en transporte,Línea gratuita #590,Bogotá,Cerrado,1.8,11.9,True,4.0,False
PQR-202501-00391,2025-01-20,2025-01,Faltante en el pedido,Línea gratuita #590,Bogotá,Cerrado,2.2,65.6,True,2.0,False
PQR-202501-00392,2025-01-19,2025-01,Solicitud de factura electrónica,Chat del sitio,Cali,Cerrado,0.1,23.9,True,2.0,False
PQR-202501-00393,2025-01-04,2025-01,Camiseta personalizada pendiente,WhatsApp,Bogotá,Escalado,0.9,18.7,True,4.0,True
PQR-202501-00394,2025-01-14,2025-01,Demora en la entrega,WhatsApp,Medellín,Cerrado,1.3,22.9,True,4.0,False
PQR-202501-00395,2025-01-09,2025-01,Solicitud de factura electrónica,Línea gratuita #590,Barranquilla,Cerrado,0.6,39.9,True,4.0,False
PQR-202501-00396,2025-01-24,2025-01,Faltante en el pedido,WhatsApp,Cali,Cerrado,0.9,22.0,True,5.0,False
PQR-202501-00397,2025-01-21,2025-01,Reclamo por precio o promoción,Instagram / redes,Cartagena,Cerrado,5.4,12.4,False,3.0,False
PQR-202501-00398,2025-01-02,2025-01,Reclamo por precio o promoción,WhatsApp,Cúcuta,Cerrado,2.0,3.0,True,3.0,False
PQR-202501-00399,2025-01-21,2025-01,Demora en la entrega,Línea gratuita #590,Barranquilla,Cerrado,3.0,29.3,True,3.0,False
PQR-202501-00400,2025-01-06,2025-01,Reclamo por precio o promoción,Chat del sitio,Bogotá,Cerrado,0.3,20.2,True,5.0,False
PQR-202501-00401,2025-01-24,2025-01,Camiseta personalizada pendiente,WhatsApp,Bogotá,Cerrado,0.2,39.7,True,4.0,False
PQR-202501-00402,2025-01-21,2025-01,Reclamo por precio o promoción,Línea gratuita #590,Cartagena,Cerrado,1.2,3.7,True,4.0,False
PQR-202501-00403,2025-01-09,2025-01,Demora en la entrega,WhatsApp,Medellín,Cerrado,0.1,15.5,True,3.0,False
PQR-202501-00404,2025-01-14,2025-01,Demora en la entrega,Instagram / redes,Medellín,Cerrado,0.2,29.8,True,4.0,False
PQR-202501-00405,2025-01-04,2025-01,Demora en la entrega,Chat del sitio,Bogotá,Cerrado,1.3,25.5,True,5.0,False
PQR-202501-00406,2025-01-07,2025-01,Demora en la entrega,WhatsApp,Medellín,Cerrado,2.3,47.3,True,3.0,False
PQR-202501-00407,2025-01-16,2025-01,Producto averiado en transporte,Instagram / redes,Medellín,Cerrado,4.2,131.7,False,2.0,False
PQR-202501-00408,2025-01-22,2025-01,Faltante en el pedido,Tienda física,Bogotá,Cerrado,12.1,64.6,False,5.0,False
PQR-202501-00409,2025-01-21,2025-01,Camiseta personalizada pendiente,WhatsApp,Medellín,Escalado,0.2,1.5,True,5.0,True
PQR-202501-00410,2025-01-24,2025-01,Cambio o garantía,WhatsApp,Bogotá,Cerrado,0.9,56.6,True,5.0,False
PQR-202501-00411,2025-01-18,2025-01,Reclamo por precio o promoción,WhatsApp,Medellín,Cerrado,1.2,2.2,True,3.0,False
PQR-202501-00412,2025-01-12,2025-01,Demora en la entrega,WhatsApp,Cali,Cerrado,3.0,11.1,True,3.0,False
PQR-202501-00413,2025-01-18,2025-01,Faltante en el pedido,Correo electrónico,Cali,Cerrado,4.8,35.6,False,5.0,False
PQR-202501-00414,2025-01-24,2025-01,Faltante en el pedido,Chat del sitio,Medellín,Cerrado,1.7,26.3,True,4.0,False
PQR-202501-00415,2025-01-17,2025-01,Camiseta personalizada pendiente,WhatsApp,Ibagué,Cerrado,0.1,84.6,True,2.0,False
PQR-202501-00416,2025-01-09,2025-01,Duda sobre uso del producto,Tienda física,Bogotá,Cerrado,0.2,3.3,True,3.0,False
PQR-202501-00417,2025-01-20,2025-01,Producto averiado en transporte,WhatsApp,Santa Marta,Cerrado,5.1,29.8,False,4.0,False
PQR-202501-00418,2025-01-09,2025-01,Demora en la entrega,Tienda física,Cali,Cerrado,0.1,63.5,True,4.0,False
PQR-202501-00419,2025-01-13,2025-01,Duda sobre uso del producto,WhatsApp,Barranquilla,Cerrado,0.2,2.7,True,4.0,False
PQR-202501-00420,2025-01-08,2025-01,Camiseta personalizada pendiente,Línea gratuita #590,Bogotá,Escalado,3.7,11.7,True,4.0,True
PQR-202501-00421,2025-01-20,2025-01,Camiseta personalizada pendiente,Tienda física,Barranquilla,Escalado,1.0,35.6,True,4.0,True
PQR-202501-00422,2025-01-19,2025-01,Solicitud de factura electrónica,Chat del sitio,Barranquilla,Cerrado,1.0,2.8,True,4.0,False
PQR-202501-00423,2025-01-03,2025-01,Faltante en el pedido,Instagram / redes,Ibagué,Cerrado,11.0,12.3,False,3.0,False
PQR-202501-00424,2025-01-26,2025-01,Demora en la entrega,Línea gratuita #590,Bogotá,Cerrado,2.0,53.8,True,3.0,False
PQR-202501-00425,2025-01-21,2025-01,Producto averiado en transporte,Línea gratuita #590,Medellín,Cerrado,2.8,68.6,True,4.0,False
PQR-202501-00426,2025-01-11,2025-01,Contenido incompleto del envase,Chat del sitio,Bogotá,Cerrado,1.6,11.9,True,5.0,False
PQR-202501-00427,2025-01-13,2025-01,Demora en la entrega,WhatsApp,Bogotá,Cerrado,0.6,13.5,True,4.0,False
PQR-202501-00428,2025-01-08,2025-01,Faltante en el pedido,WhatsApp,Barranquilla,Cerrado,1.2,22.6,True,4.0,False
PQR-202501-00429,2025-01-21,2025-01,Faltante en el pedido,Tienda física,Pereira,Cerrado,3.6,100.1,True,3.0,False
PQR-202501-00430,2025-01-14,2025-01,Faltante en el pedido,WhatsApp,Medellín,Cerrado,1.9,3.5,True,4.0,False
PQR-202501-00431,2025-01-27,2025-01,Producto averiado en transporte,Línea gratuita #590,Villavicencio,Cerrado,4.8,8.2,False,4.0,False
PQR-202501-00432,2025-01-02,2025-01,Camiseta personalizada pendiente,Instagram / redes,Bogotá,Cerrado,45.8,137.9,False,4.0,False
PQR-202501-00433,2025-01-07,2025-01,Faltante en el pedido,WhatsApp,Bucaramanga,Cerrado,0.3,20.1,True,2.0,False
PQR-202501-00434,2025-01-10,2025-01,Camiseta personalizada pendiente,WhatsApp,Bucaramanga,Cerrado,1.6,8.3,True,3.0,False
PQR-202501-00435,2025-01-23,2025-01,Reclamo por precio o promoción,Instagram / redes,Barranquilla,Cerrado,1.7,14.5,True,5.0,False
PQR-202501-00436,2025-01-26,2025-01,Camiseta personalizada pendiente,WhatsApp,Barranquilla,Escalado,1.6,66.8,True,5.0,True
PQR-202501-00437,2025-01-07,2025-01,Camiseta personalizada pendiente,Chat del sitio,Manizales,Cerrado,3.3,93.5,True,5.0,False
PQR-202501-00438,2025-01-04,2025-01,Cambio o garantía,WhatsApp,Medellín,Cerrado,1.7,40.0,True,3.0,False
PQR-202501-00439,2025-01-11,2025-01,Contenido incompleto del envase,Instagram / redes,Bogotá,Escalado,0.2,12.1,True,3.0,True
PQR-202501-00440,2025-01-11,2025-01,Demora en la entrega,WhatsApp,Medellín,Cerrado,0.8,98.9,True,3.0,False
PQR-202501-00441,2025-01-08,2025-01,Reclamo por precio o promoción,Chat del sitio,Bogotá,Cerrado,0.1,8.3,True,4.0,False
PQR-202501-00442,2025-01-08,2025-01,Duda sobre uso del producto,Línea gratuita #590,Medellín,Cerrado,0.1,1.1,True,4.0,False
PQR-202501-00443,2025-01-15,2025-01,Demora en la entrega,Correo electrónico,Bogotá,Cerrado,3.2,54.1,True,2.0,False
PQR-202501-00444,2025-01-16,2025-01,Demora en la entrega,WhatsApp,Cali,Cerrado,0.5,41.4,True,4.0,False
PQR-202501-00445,2025-01-04,2025-01,Faltante en el pedido,Chat del sitio,Barranquilla,Cerrado,0.1,15.5,True,4.0,False
PQR-202501-00446,2025-01-15,2025-01,Faltante en el pedido,WhatsApp,Bogotá,Cerrado,0.1,30.7,True,4.0,False
PQR-202501-00447,2025-01-05,2025-01,Cambio o garantía,Instagram / redes,Medellín,Cerrado,3.2,37.9,True,3.0,False
PQR-202501-00448,2025-01-26,2025-01,Demora en la entrega,Chat del sitio,Bogotá,Cerrado,0.9,5.7,True,3.0,False
PQR-202501-00449,2025-01-26,2025-01,Demora en la entrega,WhatsApp,Bogotá,Cerrado,0.1,56.7,True,4.0,False
PQR-202501-00450,2025-01-03,2025-01,Demora en la entrega,Instagram / redes,Cali,Cerrado,3.7,31.0,True,4.0,False
PQR-202501-00451,2025-01-22,2025-01,Demora en la entrega,Tienda física,Cali,Cerrado,0.5,15.0,True,3.0,False
PQR-202501-00452,2025-01-17,2025-01,Camiseta personalizada pendiente,Línea gratuita #590,Cartagena,Cerrado,0.5,23.6,True,5.0,False
PQR-202501-00453,2025-01-03,2025-01,Demora en la entrega,WhatsApp,Bogotá,Cerrado,0.2,45.5,True,4.0,False
PQR-202501-00454,2025-01-12,2025-01,Faltante en el pedido,WhatsApp,Bogotá,Cerrado,1.1,28.8,True,5.0,False
PQR-202501-00455,2025-01-23,2025-01,Producto averiado en transporte,Chat del sitio,Medellín,Cerrado,1.2,18.9,True,4.0,False
PQR-202501-00456,2025-01-11,2025-01,Demora en la entrega,Chat del sitio,Bogotá,Cerrado,0.2,2.2,True,4.0,False
PQR-202501-00457,2025-01-25,2025-01,Producto averiado en transporte,Correo electrónico,Pereira,Cerrado,11.9,40.2,False,4.0,False
PQR-202501-00458,2025-01-09,2025-01,Demora en la entrega,Línea gratuita #590,Cali,Cerrado,2.2,6.3,True,4.0,False
PQR-202501-00459,2025-01-03,2025-01,Faltante en el pedido,WhatsApp,Bucaramanga,Cerrado,1.1,64.7,True,4.0,False
PQR-202501-00460,2025-01-07,2025-01,Demora en la entrega,Instagram / redes,Bogotá,Cerrado,4.7,9.2,False,3.0,False
PQR-202501-00461,2025-01-21,2025-01,Demora en la entrega,Tienda física,Bogotá,Cerrado,1.1,25.7,True,5.0,False
PQR-202501-00462,2025-01-15,2025-01,Cambio o garantía,WhatsApp,Bogotá,Cerrado,0.1,7.7,True,5.0,False
PQR-202501-00463,2025-01-17,2025-01,Demora en la entrega,Línea gratuita #590,Manizales,Cerrado,2.4,30.0,True,4.0,False
PQR-202501-00464,2025-01-08,2025-01,Reclamo por precio o promoción,WhatsApp,Villavicencio,Cerrado,4.4,13.6,False,4.0,False
PQR-202501-00465,2025-01-04,2025-01,Camiseta personalizada pendiente,WhatsApp,Bogotá,Escalado,0.4,86.9,True,3.0,True
PQR-202501-00466,2025-01-02,2025-01,Faltante en el pedido,Instagram / redes,Bogotá,Cerrado,0.9,4.7,True,4.0,False
PQR-202501-00467,2025-01-19,2025-01,Camiseta personalizada pendiente,Línea gratuita #590,Villavicencio,Cerrado,1.2,31.3,True,4.0,False
PQR-202501-00468,2025-01-08,2025-01,Camiseta personalizada pendiente,Chat del sitio,Bucaramanga,Cerrado,1.1,18.6,True,4.0,False
PQR-202501-00469,2025-01-22,2025-01,Faltante en el pedido,Correo electrónico,Cali,Cerrado,0.1,3.8,True,4.0,False
PQR-202501-00470,2025-01-06,2025-01,Faltante en el pedido,WhatsApp,Armenia,Cerrado,0.1,41.5,True,4.0,False
PQR-202501-00471,2025-01-16,2025-01,Faltante en el pedido,Chat del sitio,Barranquilla,Cerrado,2.4,6.7,True,4.0,False
PQR-202501-00472,2025-01-23,2025-01,Faltante en el pedido,Instagram / redes,Cali,Cerrado,7.2,44.2,False,3.0,False
PQR-202501-00473,2025-01-26,2025-01,Cambio o garantía,WhatsApp,Cali,Cerrado,1.6,21.4,True,3.0,False
PQR-202501-00474,2025-01-23,2025-01,Duda sobre uso del producto,Línea gratuita #590,Bogotá,Cerrado,0.1,3.1,True,5.0,False
PQR-202501-00475,2025-01-15,2025-01,Faltante en el pedido,WhatsApp,Bucaramanga,Cerrado,0.1,14.2,True,4.0,False
PQR-202501-00476,2025-01-04,2025-01,Faltante en el pedido,Instagram / redes,Medellín,Cerrado,23.3,24.4,False,3.0,False
PQR-202501-00477,2025-01-11,2025-01,Demora en la entrega,Línea gratuita #590,Bogotá,Cerrado,3.4,5.1,True,3.0,False
PQR-202501-00478,2025-01-23,2025-01,Camiseta personalizada pendiente,Tienda física,Bogotá,Escalado,0.7,61.4,True,5.0,True
PQR-202501-00479,2025-01-23,2025-01,Demora en la entrega,Línea gratuita #590,Cali,Cerrado,1.6,10.3,True,4.0,False
PQR-202501-00480,2025-01-27,2025-01,Solicitud de factura electrónica,Chat del sitio,Bogotá,Cerrado,1.6,7.9,True,5.0,False
PQR-202501-00481,2025-01-06,2025-01,Reclamo por precio o promoción,Chat del sitio,Ibagué,Cerrado,0.5,1.5,True,4.0,False
PQR-202501-00482,2025-01-08,2025-01,Solicitud de factura electrónica,WhatsApp,Santa Marta,Cerrado,0.1,17.6,True,4.0,False
PQR-202501-00483,2025-01-16,2025-01,Duda sobre uso del producto,WhatsApp,Cali,Cerrado,0.3,13.4,True,3.0,False
PQR-202501-00484,2025-01-03,2025-01,Reclamo por precio o promoción,Chat del sitio,Medellín,Cerrado,0.2,53.1,True,5.0,False
PQR-202501-00485,2025-01-03,2025-01,Camiseta personalizada pendiente,WhatsApp,Cali,Escalado,7.7,47.9,False,4.0,True
PQR-202501-00486,2025-01-22,2025-01,Demora en la entrega,Línea gratuita #590,Bogotá,Cerrado,3.5,71.1,True,3.0,False
PQR-202501-00487,2025-01-23,2025-01,Duda sobre uso del producto,Tienda física,Cúcuta,Cerrado,1.1,23.1,True,5.0,False
PQR-202501-00488,2025-01-21,2025-01,Evento adverso reportado,WhatsApp,Medellín,Cerrado,2.0,68.0,True,5.0,True
PQR-202501-00489,2025-01-19,2025-01,Producto averiado en transporte,Instagram / redes,Barranquilla,Cerrado,8.4,40.0,False,3.0,False
PQR-202501-00490,2025-01-02,2025-01,Contenido incompleto del envase,Chat del sitio,Bogotá,Escalado,0.6,10.8,True,4.0,True
PQR-202501-00491,2025-01-09,2025-01,Demora en la entrega,WhatsApp,Bogotá,Cerrado,1.3,70.7,True,4.0,False
PQR-202501-00492,2025-01-04,2025-01,Contenido incompleto del envase,Línea gratuita #590,Bogotá,Cerrado,0.7,253.9,True,2.0,False
PQR-202501-00493,2025-01-05,2025-01,Camiseta personalizada pendiente,Instagram / redes,Medellín,Escalado,1.4,9.6,True,4.0,True
PQR-202501-00494,2025-01-26,2025-01,Contenido incompleto del envase,Chat del sitio,Bucaramanga,Cerrado,1.4,94.1,True,3.0,False
PQR-202501-00495,2025-01-02,2025-01,Duda sobre uso del producto,Línea gratuita #590,Bogotá,Cerrado,0.4,16.2,True,3.0,False
PQR-202501-00496,2025-01-24,2025-01,Producto averiado en transporte,Línea gratuita #590,Bogotá,Cerrado,3.9,26.5,True,4.0,False
PQR-202501-00497,2025-01-10,2025-01,Demora en la entrega,WhatsApp,Bucaramanga,Cerrado,1.3,20.9,True,3.0,False
PQR-202501-00498,2025-01-09,2025-01,Reclamo por precio o promoción,WhatsApp,Manizales,Cerrado,1.4,12.5,True,3.0,False
PQR-202501-00499,2025-01-16,2025-01,Demora en la entrega,WhatsApp,Medellín,Cerrado,1.1,49.3,True,4.0,False
PQR-202502-00500,2025-02-12,2025-02,Camiseta personalizada pendiente,WhatsApp,Medellín,Cerrado,3.7,6.0,True,4.0,False
PQR-202502-00501,2025-02-24,2025-02,Duda sobre uso del producto,Instagram / redes,Bucaramanga,Cerrado,0.8,2.7,True,3.0,False
PQR-202502-00502,2025-02-01,2025-02,Demora en la entrega,WhatsApp,Pereira,Cerrado,3.0,24.7,True,3.0,False
PQR-202502-00503,2025-02-09,2025-02,Duda sobre uso del producto,Instagram / redes,Villavicencio,Cerrado,1.3,17.1,True,5.0,False
PQR-202502-00504,2025-02-26,2025-02,Faltante en el pedido,Chat del sitio,Cali,Cerrado,6.4,20.6,False,5.0,False
PQR-202502-00505,2025-02-19,2025-02,Reclamo por precio o promoción,Chat del sitio,Neiva,Cerrado,1.4,13.2,True,3.0,False
PQR-202502-00506,2025-02-22,2025-02,Demora en la entrega,WhatsApp,Villavicencio,Cerrado,1.9,18.9,True,4.0,False
PQR-202502-00507,2025-02-26,2025-02,Duda sobre uso del producto,WhatsApp,Cali,Cerrado,1.3,2.4,True,3.0,False
PQR-202502-00508,2025-02-20,2025-02,Cambio o garantía,Chat del sitio,Cúcuta,Cerrado,8.2,35.0,False,4.0,False
PQR-202502-00509,2025-02-07,2025-02,Camiseta personalizada pendiente,WhatsApp,Barranquilla,Cerrado,3.2,116.6,True,2.0,False
PQR-202502-00510,2025-02-27,2025-02,Contenido incompleto del envase,Línea gratuita #590,Cali,Escalado,0.4,160.2,True,1.0,True
PQR-202502-00511,2025-02-19,2025-02,Evento adverso reportado,Línea gratuita #590,Medellín,Escalado,21.3,165.5,False,2.0,True
PQR-202502-00512,2025-02-06,2025-02,Duda sobre uso del producto,WhatsApp,Bogotá,Cerrado,0.4,3.6,True,5.0,False
PQR-202502-00513,2025-02-09,2025-02,Faltante en el pedido,WhatsApp,Villavicencio,Cerrado,1.4,78.6,True,3.0,False
PQR-202502-00514,2025-02-05,2025-02,Faltante en el pedido,Instagram / redes,Barranquilla,Cerrado,0.1,69.0,True,2.0,False
PQR-202502-00515,2025-02-06,2025-02,Producto averiado en transporte,WhatsApp,Medellín,Cerrado,0.2,35.6,True,3.0,False
PQR-202502-00516,2025-02-11,2025-02,Contenido incompleto del envase,Tienda física,Bogotá,Cerrado,10.1,29.6,False,5.0,False
PQR-202502-00517,2025-02-05,2025-02,Faltante en el pedido,WhatsApp,Bogotá,Cerrado,1.8,96.8,True,2.0,False
PQR-202502-00518,2025-02-01,2025-02,Producto averiado en transporte,Correo electrónico,Bucaramanga,Cerrado,14.2,106.7,False,4.0,False
PQR-202502-00519,2025-02-09,2025-02,Producto averiado en transporte,Chat del sitio,Bogotá,Cerrado,3.0,32.1,True,5.0,False
PQR-202502-00520,2025-02-12,2025-02,Reclamo por precio o promoción,Tienda física,Bogotá,Cerrado,0.5,16.6,True,4.0,False
PQR-202502-00521,2025-02-21,2025-02,Contenido incompleto del envase,WhatsApp,Cartagena,Cerrado,5.7,125.5,False,3.0,False
PQR-202502-00522,2025-02-15,2025-02,Demora en la entrega,Tienda física,Pereira,Cerrado,3.5,27.6,True,4.0,False
PQR-202502-00523,2025-02-09,2025-02,Producto averiado en transporte,WhatsApp,Bogotá,Cerrado,0.6,6.8,True,5.0,False
PQR-202502-00524,2025-02-15,2025-02,Faltante en el pedido,WhatsApp,Cali,Cerrado,2.6,13.8,True,3.0,False
PQR-202502-00525,2025-02-26,2025-02,Reclamo por precio o promoción,Tienda física,Bucaramanga,Cerrado,0.3,3.2,True,3.0,False
PQR-202502-00526,2025-02-26,2025-02,Reclamo por precio o promoción,WhatsApp,Pereira,Cerrado,0.1,1.1,True,4.0,False
PQR-202502-00527,2025-02-08,2025-02,Faltante en el pedido,Tienda física,Bogotá,Cerrado,0.4,7.9,True,3.0,False
PQR-202502-00528,2025-02-26,2025-02,Faltante en el pedido,Línea gratuita #590,Cartagena,Cerrado,2.7,20.7,True,4.0,False
PQR-202502-00529,2025-02-12,2025-02,Demora en la entrega,Instagram / redes,Villavicencio,Cerrado,6.6,25.5,False,4.0,False
PQR-202502-00530,2025-02-12,2025-02,Cambio o garantía,WhatsApp,Medellín,Cerrado,1.4,8.8,True,3.0,False
PQR-202502-00531,2025-02-08,2025-02,Faltante en el pedido,Correo electrónico,Bucaramanga,Cerrado,0.6,3.4,True,3.0,False
PQR-202502-00532,2025-02-08,2025-02,Demora en la entrega,Chat del sitio,Cúcuta,Cerrado,0.7,20.5,True,3.0,False
PQR-202502-00533,2025-02-04,2025-02,Demora en la entrega,WhatsApp,Barranquilla,Cerrado,0.6,48.5,True,2.0,False
PQR-202502-00534,2025-02-25,2025-02,Demora en la entrega,WhatsApp,Bogotá,Cerrado,0.5,5.1,True,3.0,False
PQR-202502-00535,2025-02-14,2025-02,Camiseta personalizada pendiente,Chat del sitio,Bogotá,Cerrado,5.1,17.4,False,4.0,False
PQR-202502-00536,2025-02-11,2025-02,Producto averiado en transporte,Línea gratuita #590,Bogotá,Cerrado,2.1,4.7,True,4.0,False
PQR-202502-00537,2025-02-08,2025-02,Duda sobre uso del producto,WhatsApp,Medellín,Cerrado,0.2,1.2,True,5.0,False
PQR-202502-00538,2025-02-02,2025-02,Camiseta personalizada pendiente,Línea gratuita #590,Bogotá,Escalado,0.9,12.6,True,3.0,True
PQR-202502-00539,2025-02-12,2025-02,Faltante en el pedido,Chat del sitio,Cali,Cerrado,0.1,82.4,True,3.0,False
PQR-202502-00540,2025-02-10,2025-02,Demora en la entrega,Correo electrónico,Medellín,Cerrado,22.0,39.4,False,5.0,False
PQR-202502-00541,2025-02-19,2025-02,Camiseta personalizada pendiente,WhatsApp,Barranquilla,Cerrado,0.8,4.4,True,3.0,False
PQR-202502-00542,2025-02-24,2025-02,Demora en la entrega,WhatsApp,Bogotá,Cerrado,0.4,9.7,True,3.0,False
PQR-202502-00543,2025-02-12,2025-02,Producto averiado en transporte,Chat del sitio,Medellín,Cerrado,1.1,12.9,True,4.0,False
PQR-202502-00544,2025-02-17,2025-02,Cambio o garantía,Línea gratuita #590,Cúcuta,Cerrado,8.3,86.7,False,2.0,False
PQR-202502-00545,2025-02-06,2025-02,Contenido incompleto del envase,Línea gratuita #590,Ibagué,Escalado,1.5,102.5,True,3.0,True
PQR-202502-00546,2025-02-06,2025-02,Evento adverso reportado,WhatsApp,Medellín,Escalado,0.3,23.3,True,4.0,True
PQR-202502-00547,2025-02-03,2025-02,Demora en la entrega,WhatsApp,Medellín,Cerrado,5.6,21.5,False,3.0,False
PQR-202502-00548,2025-02-11,2025-02,Demora en la entrega,WhatsApp,Barranquilla,Cerrado,2.5,24.5,True,5.0,False
PQR-202502-00549,2025-02-06,2025-02,Camiseta personalizada pendiente,Correo electrónico,Cartagena,Cerrado,2.1,115.4,True,4.0,False
PQR-202502-00550,2025-02-22,2025-02,Demora en la entrega,WhatsApp,Bogotá,Cerrado,0.8,8.7,True,3.0,False
PQR-202502-00551,2025-02-27,2025-02,Cambio o garantía,WhatsApp,Cúcuta,Cerrado,0.3,128.9,True,3.0,False
PQR-202502-00552,2025-02-19,2025-02,Demora en la entrega,Tienda física,Pereira,Cerrado,2.2,4.1,True,5.0,False
PQR-202502-00553,2025-02-05,2025-02,Producto averiado en transporte,WhatsApp,Medellín,Cerrado,0.1,24.0,True,5.0,False
PQR-202502-00554,2025-02-22,2025-02,Faltante en el pedido,Correo electrónico,Bogotá,Cerrado,0.1,67.0,True,4.0,False
PQR-202502-00555,2025-02-26,2025-02,Demora en la entrega,Instagram / redes,Barranquilla,Cerrado,2.8,5.9,True,3.0,False
PQR-202502-00556,2025-02-20,2025-02,Demora en la entrega,Tienda física,Medellín,Cerrado,0.4,45.2,True,4.0,False
PQR-202502-00557,2025-02-19,2025-02,Contenido incompleto del envase,Tienda física,Medellín,Cerrado,1.7,45.2,True,4.0,False
PQR-202502-00558,2025-02-04,2025-02,Camiseta personalizada pendiente,Instagram / redes,Cali,Escalado,7.9,63.1,False,4.0,True
PQR-202502-00559,2025-02-11,2025-02,Duda sobre uso del producto,WhatsApp,Bogotá,Cerrado,0.7,1.7,True,4.0,False
PQR-202502-00560,2025-02-06,2025-02,Demora en la entrega,Línea gratuita #590,Bogotá,Cerrado,1.2,3.7,True,4.0,False
PQR-202502-00561,2025-02-13,2025-02,Producto averiado en transporte,Tienda física,Bogotá,Cerrado,9.2,27.9,False,3.0,False
PQR-202502-00562,2025-02-05,2025-02,Camiseta personalizada pendiente,WhatsApp,Ibagué,Cerrado,8.0,67.3,False,5.0,False
PQR-202502-00563,2025-02-10,2025-02,Camiseta personalizada pendiente,Instagram / redes,Bogotá,Cerrado,1.4,2.7,True,4.0,False
PQR-202502-00564,2025-02-03,2025-02,Faltante en el pedido,WhatsApp,Bucaramanga,Cerrado,1.3,9.4,True,4.0,False
PQR-202502-00565,2025-02-06,2025-02,Camiseta personalizada pendiente,WhatsApp,Cali,Cerrado,2.8,26.1,True,4.0,False
PQR-202502-00566,2025-02-08,2025-02,Demora en la entrega,WhatsApp,Medellín,Cerrado,0.4,1.5,True,4.0,False
PQR-202502-00567,2025-02-06,2025-02,Faltante en el pedido,Línea gratuita #590,Manizales,Cerrado,2.1,32.2,True,4.0,False
PQR-202502-00568,2025-02-02,2025-02,Demora en la entrega,WhatsApp,Cali,Cerrado,0.4,1.5,True,2.0,False
PQR-202502-00569,2025-02-22,2025-02,Demora en la entrega,WhatsApp,Bogotá,Cerrado,2.1,38.0,True,3.0,False
PQR-202502-00570,2025-02-06,2025-02,Demora en la entrega,WhatsApp,Bogotá,Cerrado,3.4,58.1,True,3.0,False
PQR-202502-00571,2025-02-15,2025-02,Camiseta personalizada pendiente,Tienda física,Pereira,Cerrado,2.9,10.8,True,4.0,False
PQR-202502-00572,2025-02-12,2025-02,Demora en la entrega,Línea gratuita #590,Cali,Cerrado,2.0,83.6,True,3.0,False
PQR-202502-00573,2025-02-13,2025-02,Camiseta personalizada pendiente,Correo electrónico,Medellín,Cerrado,3.6,104.3,True,3.0,False
PQR-202502-00574,2025-02-22,2025-02,Reclamo por precio o promoción,WhatsApp,Cali,Cerrado,0.6,3.5,True,3.0,False
PQR-202502-00575,2025-02-14,2025-02,Demora en la entrega,Instagram / redes,Cali,Cerrado,1.1,20.2,True,5.0,False
PQR-202502-00576,2025-02-16,2025-02,Camiseta personalizada pendiente,WhatsApp,Bogotá,Cerrado,0.3,16.1,True,4.0,False
PQR-202502-00577,2025-02-26,2025-02,Camiseta personalizada pendiente,WhatsApp,Medellín,Cerrado,3.9,23.9,True,4.0,False
PQR-202502-00578,2025-02-24,2025-02,Camiseta personalizada pendiente,WhatsApp,Medellín,Escalado,1.2,8.1,True,3.0,True
PQR-202502-00579,2025-02-11,2025-02,Producto averiado en transporte,WhatsApp,Medellín,Cerrado,1.6,19.5,True,3.0,False
PQR-202502-00580,2025-02-08,2025-02,Demora en la entrega,Instagram / redes,Bucaramanga,Cerrado,1.8,8.2,True,5.0,False
PQR-202502-00581,2025-02-17,2025-02,Contenido incompleto del envase,WhatsApp,Cartagena,Cerrado,2.0,81.1,True,3.0,False
PQR-202502-00582,2025-02-27,2025-02,Demora en la entrega,Instagram / redes,Barranquilla,Cerrado,5.7,28.3,False,4.0,False
PQR-202502-00583,2025-02-08,2025-02,Reclamo por precio o promoción,Línea gratuita #590,Bucaramanga,Cerrado,0.7,21.8,True,4.0,False
PQR-202502-00584,2025-02-23,2025-02,Producto averiado en transporte,Línea gratuita #590,Cali,Cerrado,1.6,5.3,True,4.0,False
PQR-202502-00585,2025-02-05,2025-02,Demora en la entrega,Línea gratuita #590,Bogotá,Cerrado,1.6,41.4,True,4.0,False
PQR-202502-00586,2025-02-10,2025-02,Cambio o garantía,Instagram / redes,Bogotá,Cerrado,3.6,6.6,True,4.0,False
PQR-202502-00587,2025-02-22,2025-02,Demora en la entrega,WhatsApp,Cali,Cerrado,1.0,13.3,True,4.0,False
PQR-202502-00588,2025-02-14,2025-02,Contenido incompleto del envase,Instagram / redes,Bogotá,Escalado,4.0,9.0,True,5.0,True
PQR-202502-00589,2025-02-27,2025-02,Duda sobre uso del producto,Línea gratuita #590,Bogotá,Cerrado,0.1,7.8,True,5.0,False
PQR-202502-00590,2025-02-21,2025-02,Camiseta personalizada pendiente,WhatsApp,Cali,Cerrado,2.1,177.9,True,2.0,False
PQR-202502-00591,2025-02-18,2025-02,Solicitud de factura electrónica,Chat del sitio,Bogotá,Cerrado,1.6,42.8,True,1.0,False
PQR-202502-00592,2025-02-23,2025-02,Faltante en el pedido,Línea gratuita #590,Cartagena,Cerrado,2.6,47.6,True,2.0,False
PQR-202502-00593,2025-02-12,2025-02,Faltante en el pedido,WhatsApp,Pereira,Cerrado,0.4,1.4,True,3.0,False
PQR-202502-00594,2025-02-17,2025-02,Faltante en el pedido,Chat del sitio,Medellín,Cerrado,1.7,6.2,True,4.0,False
PQR-202502-00595,2025-02-23,2025-02,Producto averiado en transporte,WhatsApp,Bogotá,Cerrado,4.7,10.0,False,4.0,False
PQR-202502-00596,2025-02-11,2025-02,Producto averiado en transporte,Línea gratuita #590,Bogotá,Cerrado,3.2,13.1,True,4.0,False
PQR-202502-00597,2025-02-18,2025-02,Demora en la entrega,WhatsApp,Bogotá,Cerrado,0.9,28.1,True,3.0,False
PQR-202502-00598,2025-02-26,2025-02,Camiseta personalizada pendiente,Instagram / redes,Cali,Cerrado,6.5,107.9,False,3.0,False
PQR-202502-00599,2025-02-19,2025-02,Cambio o garantía,Chat del sitio,Bogotá,Cerrado,4.0,31.0,False,4.0,False
PQR-202502-00600,2025-02-01,2025-02,Cambio o garantía,WhatsApp,Bogotá,Cerrado,2.0,44.8,True,4.0,False
PQR-202502-00601,2025-02-01,2025-02,Reclamo por precio o promoción,WhatsApp,Bogotá,Cerrado,0.1,2.0,True,5.0,False
PQR-202502-00602,2025-02-14,2025-02,Demora en la entrega,Correo electrónico,Medellín,Cerrado,10.5,13.2,False,4.0,False
PQR-202502-00603,2025-02-14,2025-02,Producto averiado en transporte,WhatsApp,Medellín,Cerrado,0.1,19.6,True,4.0,False
PQR-202502-00604,2025-02-20,2025-02,Reclamo por precio o promoción,WhatsApp,Bogotá,Cerrado,0.3,20.3,True,4.0,False
PQR-202502-00605,2025-02-08,2025-02,Duda sobre uso del producto,WhatsApp,Bogotá,Cerrado,2.4,21.7,True,3.0,False
PQR-202502-00606,2025-02-18,2025-02,Demora en la entrega,WhatsApp,Medellín,Cerrado,0.6,11.0,True,3.0,False
PQR-202502-00607,2025-02-26,2025-02,Camiseta personalizada pendiente,WhatsApp,Pereira,Cerrado,0.5,51.9,True,5.0,False
PQR-202502-00608,2025-02-01,2025-02,Demora en la entrega,Chat del sitio,Cali,Cerrado,0.7,16.4,True,3.0,False
PQR-202502-00609,2025-02-11,2025-02,Reclamo por precio o promoción,Chat del sitio,Barranquilla,Cerrado,0.5,38.5,True,3.0,False
PQR-202502-00610,2025-02-07,2025-02,Reclamo por precio o promoción,WhatsApp,Bogotá,Cerrado,2.4,49.4,True,5.0,False
PQR-202502-00611,2025-02-06,2025-02,Reclamo por precio o promoción,WhatsApp,Bogotá,Cerrado,0.6,26.3,True,3.0,False
PQR-202502-00612,2025-02-12,2025-02,Camiseta personalizada pendiente,Chat del sitio,Medellín,Escalado,3.4,34.9,True,4.0,True
PQR-202502-00613,2025-02-13,2025-02,Producto averiado en transporte,WhatsApp,Barranquilla,Cerrado,1.4,26.5,True,5.0,False
PQR-202502-00614,2025-02-05,2025-02,Demora en la entrega,Línea gratuita #590,Bogotá,Cerrado,6.6,13.4,False,3.0,False
PQR-202502-00615,2025-02-11,2025-02,Faltante en el pedido,WhatsApp,Cúcuta,Cerrado,0.7,26.7,True,4.0,False
PQR-202502-00616,2025-02-06,2025-02,Faltante en el pedido,Chat del sitio,Medellín,Cerrado,0.3,111.8,True,3.0,False
PQR-202502-00617,2025-02-01,2025-02,Producto averiado en transporte,WhatsApp,Cali,Cerrado,0.2,24.0,True,4.0,False
PQR-202502-00618,2025-02-22,2025-02,Faltante en el pedido,WhatsApp,Cúcuta,Cerrado,0.4,2.9,True,4.0,False
PQR-202502-00619,2025-02-21,2025-02,Camiseta personalizada pendiente,Instagram / redes,Cali,Cerrado,1.5,39.9,True,4.0,False
PQR-202502-00620,2025-02-03,2025-02,Camiseta personalizada pendiente,Chat del sitio,Cartagena,Cerrado,1.4,3.3,True,4.0,False
PQR-202502-00621,2025-02-17,2025-02,Faltante en el pedido,Línea gratuita #590,Cartagena,Cerrado,0.1,36.2,True,4.0,False
PQR-202502-00622,2025-02-21,2025-02,Faltante en el pedido,WhatsApp,Armenia,Cerrado,2.3,18.4,True,5.0,False
PQR-202502-00623,2025-02-17,2025-02,Demora en la entrega,WhatsApp,Bogotá,Cerrado,0.1,21.7,True,4.0,False
PQR-202502-00624,2025-02-26,2025-02,Cambio o garantía,Instagram / redes,Medellín,Cerrado,20.8,31.3,False,4.0,False
PQR-202502-00625,2025-02-08,2025-02,Duda sobre uso del producto,Tienda física,Cali,Cerrado,1.4,13.2,True,3.0,False
PQR-202502-00626,2025-02-23,2025-02,Camiseta personalizada pendiente,Línea gratuita #590,Cúcuta,Escalado,0.7,34.9,True,4.0,True
PQR-202502-00627,2025-02-01,2025-02,Demora en la entrega,Tienda física,Bogotá,Cerrado,5.1,16.5,False,4.0,False
PQR-202502-00628,2025-02-21,2025-02,Camiseta personalizada pendiente,WhatsApp,Bogotá,Cerrado,1.1,10.8,True,4.0,False
PQR-202502-00629,2025-02-25,2025-02,Camiseta personalizada pendiente,WhatsApp,Pereira,Cerrado,8.7,14.8,False,4.0,False
PQR-202502-00630,2025-02-06,2025-02,Evento adverso reportado,Instagram / redes,Bucaramanga,Escalado,29.1,102.9,False,3.0,True
PQR-202502-00631,2025-02-15,2025-02,Demora en la entrega,WhatsApp,Cúcuta,Cerrado,1.6,67.7,True,3.0,False
PQR-202502-00632,2025-02-05,2025-02,Reclamo por precio o promoción,Línea gratuita #590,Medellín,Cerrado,0.8,14.3,True,3.0,False
PQR-202502-00633,2025-02-26,2025-02,Contenido incompleto del envase,WhatsApp,Barranquilla,Cerrado,2.5,39.3,True,3.0,False
PQR-202502-00634,2025-02-23,2025-02,Evento adverso reportado,Instagram / redes,Bogotá,Cerrado,12.6,92.0,False,3.0,True
PQR-202502-00635,2025-02-25,2025-02,Faltante en el pedido,WhatsApp,Cali,Cerrado,0.1,30.5,True,4.0,False
PQR-202502-00636,2025-02-27,2025-02,Solicitud de factura electrónica,Línea gratuita #590,Bogotá,Cerrado,0.2,5.8,True,4.0,False
PQR-202502-00637,2025-02-18,2025-02,Evento adverso reportado,WhatsApp,Medellín,Escalado,2.7,170.2,True,3.0,True
PQR-202502-00638,2025-02-23,2025-02,Camiseta personalizada pendiente,Tienda física,Bogotá,Cerrado,0.5,47.8,True,3.0,False
PQR-202502-00639,2025-02-27,2025-02,Demora en la entrega,Correo electrónico,Medellín,Cerrado,10.4,24.8,False,3.0,False
PQR-202502-00640,2025-02-08,2025-02,Reclamo por precio o promoción,Correo electrónico,Bogotá,Cerrado,5.7,16.8,False,4.0,False
PQR-202502-00641,2025-02-03,2025-02,Solicitud de factura electrónica,Correo electrónico,Cali,Cerrado,4.1,42.1,False,4.0,False
PQR-202502-00642,2025-02-04,2025-02,Camiseta personalizada pendiente,Tienda física,Barranquilla,Cerrado,1.4,39.4,True,4.0,False
PQR-202502-00643,2025-02-17,2025-02,Reclamo por precio o promoción,Chat del sitio,Bogotá,Cerrado,0.9,15.8,True,4.0,False
PQR-202502-00644,2025-02-20,2025-02,Reclamo por precio o promoción,Línea gratuita #590,Cartagena,Cerrado,0.3,48.0,True,4.0,False
PQR-202502-00645,2025-02-25,2025-02,Demora en la entrega,WhatsApp,Santa Marta,Cerrado,0.6,8.2,True,3.0,False
PQR-202502-00646,2025-02-19,2025-02,Producto averiado en transporte,Instagram / redes,Cali,Cerrado,7.9,29.6,False,4.0,False
PQR-202502-00647,2025-02-22,2025-02,Cambio o garantía,WhatsApp,Medellín,Cerrado,0.1,69.7,True,5.0,False
PQR-202502-00648,2025-02-22,2025-02,Contenido incompleto del envase,Instagram / redes,Cali,Cerrado,0.1,37.7,True,4.0,False
PQR-202502-00649,2025-02-23,2025-02,Cambio o garantía,WhatsApp,Cali,Cerrado,0.8,156.1,True,2.0,False
PQR-202502-00650,2025-02-08,2025-02,Demora en la entrega,Instagram / redes,Bogotá,Cerrado,9.6,34.5,False,5.0,False
PQR-202502-00651,2025-02-14,2025-02,Camiseta personalizada pendiente,WhatsApp,Bogotá,Escalado,1.1,11.9,True,4.0,True
PQR-202502-00652,2025-02-23,2025-02,Solicitud de factura electrónica,WhatsApp,Santa Marta,Cerrado,0.9,6.1,True,4.0,False
PQR-202502-00653,2025-02-02,2025-02,Faltante en el pedido,Línea gratuita #590,Pereira,Cerrado,2.2,14.1,True,3.0,False
PQR-202502-00654,2025-02-17,2025-02,Camiseta personalizada pendiente,WhatsApp,Ibagué,Escalado,9.4,76.4,False,3.0,True
PQR-202502-00655,2025-02-24,2025-02,Demora en la entrega,WhatsApp,Villavicencio,Cerrado,6.9,15.8,False,5.0,False
PQR-202502-00656,2025-02-18,2025-02,Faltante en el pedido,Chat del sitio,Pereira,Cerrado,2.5,46.6,True,4.0,False
PQR-202502-00657,2025-02-24,2025-02,Contenido incompleto del envase,WhatsApp,Bucaramanga,Escalado,1.8,12.7,True,4.0,True
PQR-202502-00658,2025-02-12,2025-02,Demora en la entrega,Correo electrónico,Medellín,Cerrado,0.3,11.2,True,4.0,False
PQR-202502-00659,2025-02-25,2025-02,Faltante en el pedido,WhatsApp,Bogotá,Cerrado,0.5,9.6,True,3.0,False
PQR-202502-00660,2025-02-24,2025-02,Demora en la entrega,Instagram / redes,Bogotá,Cerrado,4.5,49.9,False,3.0,False
PQR-202502-00661,2025-02-19,2025-02,Faltante en el pedido,WhatsApp,Barranquilla,Cerrado,0.8,16.2,True,3.0,False
PQR-202502-00662,2025-02-11,2025-02,Faltante en el pedido,Línea gratuita #590,Pasto,Cerrado,0.8,20.8,True,4.0,False
PQR-202502-00663,2025-02-21,2025-02,Producto averiado en transporte,WhatsApp,Bogotá,Cerrado,3.7,22.9,True,4.0,False
PQR-202502-00664,2025-02-20,2025-02,Faltante en el pedido,WhatsApp,Cali,Cerrado,3.3,84.2,True,1.0,False
PQR-202502-00665,2025-02-05,2025-02,Demora en la entrega,WhatsApp,Neiva,Cerrado,1.2,2.2,True,3.0,False
PQR-202502-00666,2025-02-15,2025-02,Demora en la entrega,Instagram / redes,Bogotá,Cerrado,0.1,12.1,True,4.0,False
PQR-202502-00667,2025-02-21,2025-02,Demora en la entrega,Instagram / redes,Cúcuta,Cerrado,11.0,40.5,False,3.0,False
PQR-202502-00668,2025-02-08,2025-02,Demora en la entrega,Tienda física,Medellín,Cerrado,0.9,52.7,True,4.0,False
PQR-202502-00669,2025-02-06,2025-02,Demora en la entrega,Chat del sitio,Villavicencio,Cerrado,0.8,20.3,True,4.0,False
PQR-202502-00670,2025-02-13,2025-02,Demora en la entrega,WhatsApp,Bogotá,Cerrado,2.6,8.0,True,3.0,False
PQR-202502-00671,2025-02-15,2025-02,Camiseta personalizada pendiente,WhatsApp,Medellín,Escalado,2.7,70.5,True,4.0,True
PQR-202502-00672,2025-02-04,2025-02,Camiseta personalizada pendiente,Instagram / redes,Bucaramanga,Escalado,13.1,15.8,False,3.0,True
PQR-202502-00673,2025-02-17,2025-02,Faltante en el pedido,WhatsApp,Armenia,Cerrado,7.4,81.6,False,2.0,False
PQR-202502-00674,2025-02-23,2025-02,Demora en la entrega,WhatsApp,Ibagué,Cerrado,0.5,4.2,True,5.0,False
PQR-202502-00675,2025-02-26,2025-02,Producto averiado en transporte,WhatsApp,Barranquilla,Cerrado,1.3,2.3,True,4.0,False
PQR-202502-00676,2025-02-27,2025-02,Demora en la entrega,Línea gratuita #590,Medellín,Cerrado,3.3,27.4,True,5.0,False
PQR-202502-00677,2025-02-01,2025-02,Camiseta personalizada pendiente,WhatsApp,Cali,Escalado,3.7,36.8,True,3.0,True
PQR-202502-00678,2025-02-23,2025-02,Camiseta personalizada pendiente,WhatsApp,Manizales,Cerrado,0.5,26.4,True,5.0,False
PQR-202502-00679,2025-02-14,2025-02,Faltante en el pedido,WhatsApp,Bogotá,Cerrado,1.8,53.3,True,3.0,False
PQR-202502-00680,2025-02-24,2025-02,Solicitud de factura electrónica,Instagram / redes,Pereira,Cerrado,3.8,4.8,True,4.0,False
PQR-202502-00681,2025-02-04,2025-02,Producto averiado en transporte,WhatsApp,Manizales,Cerrado,1.3,5.6,True,4.0,False
PQR-202502-00682,2025-02-18,2025-02,Producto averiado en transporte,Instagram / redes,Medellín,Cerrado,0.8,25.6,True,5.0,False
PQR-202502-00683,2025-02-13,2025-02,Solicitud de factura electrónica,Instagram / redes,Bogotá,Cerrado,5.9,11.5,False,3.0,False
PQR-202502-00684,2025-02-21,2025-02,Duda sobre uso del producto,Línea gratuita #590,Bogotá,Cerrado,0.2,8.7,True,4.0,False
PQR-202502-00685,2025-02-12,2025-02,Camiseta personalizada pendiente,Chat del sitio,Bucaramanga,Escalado,10.1,13.5,False,2.0,True
PQR-202502-00686,2025-02-12,2025-02,Faltante en el pedido,Línea gratuita #590,Bogotá,Cerrado,0.9,71.2,True,5.0,False
PQR-202502-00687,2025-02-27,2025-02,Reclamo por precio o promoción,Línea gratuita #590,Bogotá,Cerrado,0.1,29.9,True,4.0,False
PQR-202502-00688,2025-02-10,2025-02,Faltante en el pedido,WhatsApp,Cali,Cerrado,3.4,5.3,True,3.0,False
PQR-202502-00689,2025-02-04,2025-02,Duda sobre uso del producto,Chat del sitio,Ibagué,Cerrado,0.4,3.6,True,4.0,False
PQR-202502-00690,2025-02-24,2025-02,Demora en la entrega,WhatsApp,Cartagena,Cerrado,0.9,3.0,True,3.0,False
PQR-202502-00691,2025-02-24,2025-02,Producto averiado en transporte,Chat del sitio,Bogotá,Cerrado,2.2,13.3,True,4.0,False
PQR-202502-00692,2025-02-06,2025-02,Faltante en el pedido,WhatsApp,Manizales,Cerrado,0.3,62.0,True,4.0,False
PQR-202502-00693,2025-02-15,2025-02,Reclamo por precio o promoción,WhatsApp,Barranquilla,Cerrado,0.1,19.8,True,3.0,False
PQR-202502-00694,2025-02-25,2025-02,Cambio o garantía,WhatsApp,Pereira,Cerrado,0.6,93.9,True,3.0,False
PQR-202502-00695,2025-02-07,2025-02,Demora en la entrega,WhatsApp,Cali,Cerrado,0.7,7.7,True,2.0,False
PQR-202502-00696,2025-02-01,2025-02,Reclamo por precio o promoción,WhatsApp,Bogotá,Cerrado,1.3,40.5,True,5.0,False
PQR-202502-00697,2025-02-16,2025-02,Producto averiado en transporte,Línea gratuita #590,Cali,Cerrado,0.7,196.1,True,3.0,False
PQR-202502-00698,2025-02-19,2025-02,Solicitud de factura electrónica,WhatsApp,Medellín,Cerrado,0.3,12.9,True,4.0,False
PQR-202502-00699,2025-02-26,2025-02,Faltante en el pedido,Línea gratuita #590,Bogotá,Cerrado,0.9,5.0,True,3.0,False
PQR-202502-00700,2025-02-05,2025-02,Demora en la entrega,WhatsApp,Pereira,Cerrado,1.6,7.1,True,4.0,False
PQR-202502-00701,2025-02-25,2025-02,Demora en la entrega,Línea gratuita #590,Barranquilla,Cerrado,5.3,8.8,False,4.0,False
PQR-202502-00702,2025-02-14,2025-02,Contenido incompleto del envase,Línea gratuita #590,Barranquilla,Escalado,5.0,76.5,False,3.0,True
PQR-202502-00703,2025-02-12,2025-02,Camiseta personalizada pendiente,Tienda física,Manizales,Escalado,5.7,17.4,False,4.0,True
PQR-202502-00704,2025-02-11,2025-02,Reclamo por precio o promoción,WhatsApp,Bogotá,Cerrado,0.4,33.7,True,5.0,False
PQR-202502-00705,2025-02-21,2025-02,Evento adverso reportado,WhatsApp,Bogotá,Cerrado,1.3,27.3,True,4.0,True
PQR-202502-00706,2025-02-26,2025-02,Faltante en el pedido,Línea gratuita #590,Medellín,Cerrado,4.0,41.9,True,4.0,False
PQR-202502-00707,2025-02-06,2025-02,Demora en la entrega,Línea gratuita #590,Medellín,Cerrado,1.8,34.6,True,4.0,False
PQR-202502-00708,2025-02-16,2025-02,Demora en la entrega,WhatsApp,Pereira,Cerrado,0.1,36.2,True,4.0,False
PQR-202502-00709,2025-02-02,2025-02,Camiseta personalizada pendiente,WhatsApp,Cali,Escalado,5.9,25.3,False,4.0,True
PQR-202502-00710,2025-02-11,2025-02,Demora en la entrega,WhatsApp,Bogotá,Cerrado,1.6,31.9,True,4.0,False
PQR-202502-00711,2025-02-14,2025-02,Evento adverso reportado,Chat del sitio,Bucaramanga,Cerrado,0.4,262.6,True,4.0,True
PQR-202502-00712,2025-02-08,2025-02,Reclamo por precio o promoción,Tienda física,Cúcuta,Cerrado,1.8,18.8,True,5.0,False
PQR-202502-00713,2025-02-26,2025-02,Reclamo por precio o promoción,Línea gratuita #590,Bucaramanga,Cerrado,0.2,20.7,True,3.0,False
PQR-202502-00714,2025-02-08,2025-02,Faltante en el pedido,Chat del sitio,Bogotá,Cerrado,0.5,5.9,True,5.0,False
PQR-202502-00715,2025-02-02,2025-02,Demora en la entrega,WhatsApp,Armenia,Cerrado,0.2,7.6,True,4.0,False
PQR-202502-00716,2025-02-23,2025-02,Demora en la entrega,WhatsApp,Cúcuta,Cerrado,0.1,29.3,True,4.0,False
PQR-202502-00717,2025-02-18,2025-02,Reclamo por precio o promoción,Chat del sitio,Bogotá,Cerrado,0.8,1.8,True,3.0,False
PQR-202502-00718,2025-02-14,2025-02,Demora en la entrega,Línea gratuita #590,Bucaramanga,Cerrado,2.5,17.1,True,4.0,False
PQR-202502-00719,2025-02-13,2025-02,Duda sobre uso del producto,Chat del sitio,Ibagué,Cerrado,0.6,9.2,True,3.0,False
PQR-202502-00720,2025-02-23,2025-02,Camiseta personalizada pendiente,Chat del sitio,Cali,Cerrado,0.9,186.0,True,4.0,False
PQR-202502-00721,2025-02-11,2025-02,Faltante en el pedido,Línea gratuita #590,Medellín,Cerrado,6.2,19.7,False,4.0,False
PQR-202502-00722,2025-02-12,2025-02,Contenido incompleto del envase,Línea gratuita #590,Medellín,Cerrado,0.7,52.7,True,4.0,False
PQR-202502-00723,2025-02-25,2025-02,Demora en la entrega,WhatsApp,Bogotá,Cerrado,1.1,53.8,True,3.0,False
PQR-202502-00724,2025-02-20,2025-02,Faltante en el pedido,WhatsApp,Cali,Cerrado,0.1,5.0,True,5.0,False
PQR-202502-00725,2025-02-09,2025-02,Solicitud de factura electrónica,WhatsApp,Bucaramanga,Cerrado,0.2,11.8,True,3.0,False
PQR-202502-00726,2025-02-15,2025-02,Contenido incompleto del envase,Instagram / redes,Bogotá,Cerrado,3.5,118.0,True,4.0,False
PQR-202502-00727,2025-02-13,2025-02,Demora en la entrega,Instagram / redes,Barranquilla,Cerrado,7.8,60.3,False,4.0,False
PQR-202502-00728,2025-02-01,2025-02,Producto averiado en transporte,Tienda física,Cali,Cerrado,17.5,33.0,False,3.0,False
PQR-202502-00729,2025-02-20,2025-02,Camiseta personalizada pendiente,Chat del sitio,Ibagué,Escalado,11.6,72.5,False,4.0,True
PQR-202502-00730,2025-02-16,2025-02,Demora en la entrega,WhatsApp,Barranquilla,Cerrado,0.4,23.2,True,3.0,False
PQR-202502-00731,2025-02-12,2025-02,Demora en la entrega,Tienda física,Santa Marta,Cerrado,2.7,41.7,True,5.0,False
PQR-202502-00732,2025-02-11,2025-02,Faltante en el pedido,Línea gratuita #590,Cali,Cerrado,0.6,9.1,True,4.0,False
PQR-202502-00733,2025-02-11,2025-02,Producto averiado en transporte,Tienda física,Cali,Cerrado,17.0,40.3,False,5.0,False
PQR-202502-00734,2025-02-10,2025-02,Producto averiado en transporte,Línea gratuita #590,Cali,Cerrado,2.9,4.3,True,4.0,False
PQR-202502-00735,2025-02-07,2025-02,Duda sobre uso del producto,WhatsApp,Medellín,Cerrado,0.2,19.0,True,3.0,False
PQR-202502-00736,2025-02-07,2025-02,Producto averiado en transporte,WhatsApp,Bogotá,Cerrado,3.5,5.8,True,5.0,False
PQR-202502-00737,2025-02-03,2025-02,Solicitud de factura electrónica,Chat del sitio,Bogotá,Cerrado,0.8,31.7,True,4.0,False
PQR-202502-00738,2025-02-03,2025-02,Solicitud de factura electrónica,WhatsApp,Bogotá,Cerrado,0.8,4.1,True,3.0,False
PQR-202502-00739,2025-02-16,2025-02,Camiseta personalizada pendiente,Chat del sitio,Barranquilla,Escalado,1.2,62.5,True,3.0,True
PQR-202502-00740,2025-02-22,2025-02,Producto averiado en transporte,WhatsApp,Barranquilla,Cerrado,2.1,8.4,True,4.0,False
PQR-202502-00741,2025-02-23,2025-02,Faltante en el pedido,Correo electrónico,Barranquilla,Cerrado,0.3,75.4,True,2.0,False
PQR-202502-00742,2025-02-14,2025-02,Demora en la entrega,Chat del sitio,Cartagena,Cerrado,0.3,11.1,True,4.0,False
PQR-202502-00743,2025-02-03,2025-02,Reclamo por precio o promoción,Instagram / redes,Cali,Cerrado,0.6,28.7,True,5.0,False
PQR-202502-00744,2025-02-24,2025-02,Demora en la entrega,WhatsApp,Pereira,Cerrado,1.7,15.3,True,5.0,False
PQR-202502-00745,2025-02-20,2025-02,Demora en la entrega,Línea gratuita #590,Bucaramanga,Cerrado,2.3,14.3,True,5.0,False
PQR-202503-00746,2025-03-21,2025-03,Solicitud de factura electrónica,WhatsApp,Villavicencio,Cerrado,0.2,28.1,True,4.0,False
PQR-202503-00747,2025-03-07,2025-03,Reclamo por precio o promoción,WhatsApp,Bogotá,Cerrado,1.9,84.8,True,3.0,False
PQR-202503-00748,2025-03-15,2025-03,Demora en la entrega,Instagram / redes,Santa Marta,Cerrado,3.6,54.3,True,4.0,False
PQR-202503-00749,2025-03-17,2025-03,Producto averiado en transporte,WhatsApp,Cali,Cerrado,0.3,38.5,True,3.0,False
PQR-202503-00750,2025-03-08,2025-03,Evento adverso reportado,WhatsApp,Cartagena,Escalado,0.5,22.9,True,4.0,True
PQR-202503-00751,2025-03-16,2025-03,Demora en la entrega,Línea gratuita #590,Ibagué,Cerrado,5.3,6.3,False,4.0,False
PQR-202503-00752,2025-03-03,2025-03,Faltante en el pedido,Línea gratuita #590,Cartagena,Cerrado,0.5,20.5,True,5.0,False
PQR-202503-00753,2025-03-21,2025-03,Solicitud de factura electrónica,WhatsApp,Medellín,Cerrado,0.2,23.6,True,3.0,False
PQR-202503-00754,2025-03-22,2025-03,Faltante en el pedido,Chat del sitio,Barranquilla,Cerrado,3.5,46.3,True,2.0,False
PQR-202503-00755,2025-03-10,2025-03,Producto averiado en transporte,Línea gratuita #590,Bogotá,Cerrado,4.7,16.6,False,4.0,False
PQR-202503-00756,2025-03-03,2025-03,Cambio o garantía,Chat del sitio,Ibagué,Cerrado,0.9,26.7,True,3.0,False
PQR-202503-00757,2025-03-15,2025-03,Reclamo por precio o promoción,Línea gratuita #590,Medellín,Cerrado,0.4,1.6,True,3.0,False
PQR-202503-00758,2025-03-01,2025-03,Producto averiado en transporte,Línea gratuita #590,Cali,Cerrado,0.2,2.6,True,4.0,False
PQR-202503-00759,2025-03-13,2025-03,Camiseta personalizada pendiente,WhatsApp,Santa Marta,Cerrado,3.2,54.7,True,4.0,False
PQR-202503-00760,2025-03-06,2025-03,Camiseta personalizada pendiente,Tienda física,Bogotá,Escalado,8.9,15.6,False,2.0,True
PQR-202503-00761,2025-03-03,2025-03,Faltante en el pedido,WhatsApp,Bogotá,Cerrado,3.4,11.9,True,4.0,False
PQR-202503-00762,2025-03-10,2025-03,Producto averiado en transporte,WhatsApp,Cali,Cerrado,0.8,80.5,True,2.0,False
PQR-202503-00763,2025-03-16,2025-03,Faltante en el pedido,WhatsApp,Medellín,Cerrado,0.2,53.8,True,5.0,False
PQR-202503-00764,2025-03-21,2025-03,Cambio o garantía,Chat del sitio,Bogotá,Cerrado,0.1,15.3,True,4.0,False
PQR-202503-00765,2025-03-12,2025-03,Reclamo por precio o promoción,WhatsApp,Cali,Cerrado,2.4,25.4,True,3.0,False
PQR-202503-00766,2025-03-02,2025-03,Faltante en el pedido,Correo electrónico,Santa Marta,Cerrado,9.6,51.8,False,4.0,False
PQR-202503-00767,2025-03-02,2025-03,Faltante en el pedido,WhatsApp,Medellín,Cerrado,1.2,39.7,True,4.0,False
PQR-202503-00768,2025-03-12,2025-03,Producto averiado en transporte,Línea gratuita #590,Villavicencio,Cerrado,3.3,16.9,True,5.0,False
PQR-202503-00769,2025-03-12,2025-03,Contenido incompleto del envase,Chat del sitio,Barranquilla,Escalado,2.1,53.5,True,5.0,True
PQR-202503-00770,2025-03-11,2025-03,Demora en la entrega,WhatsApp,Barranquilla,Cerrado,0.8,24.5,True,3.0,False
PQR-202503-00771,2025-03-22,2025-03,Demora en la entrega,WhatsApp,Santa Marta,Cerrado,0.8,25.8,True,2.0,False
PQR-202503-00772,2025-03-12,2025-03,Demora en la entrega,Línea gratuita #590,Manizales,Cerrado,0.5,11.6,True,4.0,False
PQR-202503-00773,2025-03-10,2025-03,Faltante en el pedido,WhatsApp,Bogotá,Cerrado,5.6,58.5,False,4.0,False
PQR-202503-00774,2025-03-14,2025-03,Demora en la entrega,WhatsApp,Bogotá,Cerrado,0.8,39.8,True,4.0,False
PQR-202503-00775,2025-03-15,2025-03,Producto averiado en transporte,Línea gratuita #590,Cúcuta,Cerrado,1.2,11.6,True,4.0,False
PQR-202503-00776,2025-03-03,2025-03,Reclamo por precio o promoción,Chat del sitio,Villavicencio,Cerrado,0.4,5.5,True,5.0,False
PQR-202503-00777,2025-03-04,2025-03,Camiseta personalizada pendiente,Línea gratuita #590,Santa Marta,Escalado,0.1,28.7,True,3.0,True
PQR-202503-00778,2025-03-13,2025-03,Camiseta personalizada pendiente,WhatsApp,Pereira,Cerrado,1.0,92.9,True,4.0,False
PQR-202503-00779,2025-03-10,2025-03,Faltante en el pedido,WhatsApp,Villavicencio,Cerrado,0.6,19.9,True,3.0,False
PQR-202503-00780,2025-03-05,2025-03,Producto averiado en transporte,Chat del sitio,Cali,Cerrado,0.3,9.0,True,4.0,False
PQR-202503-00781,2025-03-01,2025-03,Reclamo por precio o promoción,WhatsApp,Ibagué,Cerrado,0.7,9.2,True,4.0,False
PQR-202503-00782,2025-03-11,2025-03,Duda sobre uso del producto,Tienda física,Manizales,Cerrado,0.8,14.7,True,3.0,False
PQR-202503-00783,2025-03-23,2025-03,Reclamo por precio o promoción,Línea gratuita #590,Bogotá,Cerrado,1.1,4.1,True,3.0,False
PQR-202503-00784,2025-03-04,2025-03,Faltante en el pedido,Línea gratuita #590,Bucaramanga,Cerrado,4.5,7.5,False,4.0,False
PQR-202503-00785,2025-03-03,2025-03,Faltante en el pedido,Tienda física,Cali,Cerrado,1.0,13.7,True,3.0,False
PQR-202503-00786,2025-03-26,2025-03,Camiseta personalizada pendiente,Línea gratuita #590,Pasto,Escalado,0.9,1.9,True,3.0,True
PQR-202503-00787,2025-03-09,2025-03,Camiseta personalizada pendiente,Instagram / redes,Bogotá,Cerrado,15.3,22.5,False,3.0,False
PQR-202503-00788,2025-03-25,2025-03,Duda sobre uso del producto,WhatsApp,Bogotá,Cerrado,0.8,5.5,True,4.0,False
PQR-202503-00789,2025-03-01,2025-03,Contenido incompleto del envase,WhatsApp,Ibagué,Cerrado,2.7,8.1,True,5.0,False
PQR-202503-00790,2025-03-05,2025-03,Reclamo por precio o promoción,Línea gratuita #590,Cali,Cerrado,3.6,70.0,True,4.0,False
PQR-202503-00791,2025-03-16,2025-03,Demora en la entrega,Tienda física,Barranquilla,Cerrado,2.1,55.9,True,4.0,False
PQR-202503-00792,2025-03-05,2025-03,Demora en la entrega,Chat del sitio,Bogotá,Cerrado,0.6,18.9,True,4.0,False
PQR-202503-00793,2025-03-23,2025-03,Cambio o garantía,WhatsApp,Medellín,Cerrado,3.2,68.5,True,3.0,False
PQR-202503-00794,2025-03-20,2025-03,Demora en la entrega,WhatsApp,Bogotá,Cerrado,0.3,13.6,True,4.0,False
PQR-202503-00795,2025-03-21,2025-03,Faltante en el pedido,WhatsApp,Bogotá,Cerrado,0.1,10.0,True,3.0,False
PQR-202503-00796,2025-03-27,2025-03,Demora en la entrega,Instagram / redes,Bogotá,Cerrado,1.5,47.5,True,2.0,False
PQR-202503-00797,2025-03-02,2025-03,Solicitud de factura electrónica,WhatsApp,Bucaramanga,Cerrado,2.3,18.0,True,4.0,False
PQR-202503-00798,2025-03-05,2025-03,Demora en la entrega,Chat del sitio,Ibagué,Cerrado,0.5,14.5,True,4.0,False
PQR-202503-00799,2025-03-04,2025-03,Demora en la entrega,Instagram / redes,Bogotá,Cerrado,1.0,5.7,True,3.0,False
PQR-202503-00800,2025-03-10,2025-03,Faltante en el pedido,Correo electrónico,Bogotá,Cerrado,2.5,10.5,True,4.0,False
PQR-202503-00801,2025-03-22,2025-03,Reclamo por precio o promoción,WhatsApp,Barranquilla,Cerrado,0.4,14.8,True,3.0,False
PQR-202503-00802,2025-03-10,2025-03,Demora en la entrega,Línea gratuita #590,Pereira,Cerrado,3.1,13.7,True,3.0,False
PQR-202503-00803,2025-03-05,2025-03,Contenido incompleto del envase,Tienda física,Medellín,Cerrado,11.8,44.1,False,4.0,False
PQR-202503-00804,2025-03-01,2025-03,Demora en la entrega,Tienda física,Bogotá,Cerrado,0.3,12.0,True,4.0,False
PQR-202503-00805,2025-03-22,2025-03,Cambio o garantía,Chat del sitio,Bucaramanga,Cerrado,0.2,52.2,True,4.0,False
PQR-202503-00806,2025-03-11,2025-03,Solicitud de factura electrónica,Chat del sitio,Bogotá,Cerrado,1.4,12.8,True,3.0,False
PQR-202503-00807,2025-03-03,2025-03,Faltante en el pedido,Tienda física,Cali,Cerrado,0.1,33.4,True,4.0,False
PQR-202503-00808,2025-03-06,2025-03,Demora en la entrega,Instagram / redes,Barranquilla,Cerrado,0.1,18.1,True,3.0,False
PQR-202503-00809,2025-03-07,2025-03,Solicitud de factura electrónica,Tienda física,Bogotá,Cerrado,0.5,19.0,True,4.0,False
PQR-202503-00810,2025-03-11,2025-03,Demora en la entrega,Instagram / redes,Bogotá,Cerrado,13.2,22.0,False,3.0,False
PQR-202503-00811,2025-03-23,2025-03,Faltante en el pedido,WhatsApp,Pasto,Cerrado,0.1,36.4,True,3.0,False
PQR-202503-00812,2025-03-10,2025-03,Demora en la entrega,Línea gratuita #590,Cali,Cerrado,5.5,13.7,False,4.0,False
PQR-202503-00813,2025-03-10,2025-03,Producto averiado en transporte,WhatsApp,Medellín,Cerrado,0.3,17.3,True,3.0,False
PQR-202503-00814,2025-03-25,2025-03,Demora en la entrega,WhatsApp,Bucaramanga,Cerrado,1.5,67.2,True,4.0,False
PQR-202503-00815,2025-03-06,2025-03,Producto averiado en transporte,Línea gratuita #590,Cali,Cerrado,1.0,13.3,True,4.0,False
PQR-202503-00816,2025-03-08,2025-03,Reclamo por precio o promoción,WhatsApp,Medellín,Cerrado,0.1,6.3,True,4.0,False
PQR-202503-00817,2025-03-02,2025-03,Demora en la entrega,WhatsApp,Pereira,Cerrado,1.2,25.5,True,4.0,False
PQR-202503-00818,2025-03-03,2025-03,Demora en la entrega,WhatsApp,Medellín,Cerrado,2.2,24.5,True,2.0,False
PQR-202503-00819,2025-03-02,2025-03,Producto averiado en transporte,Chat del sitio,Armenia,Cerrado,0.3,17.1,True,3.0,False
PQR-202503-00820,2025-03-14,2025-03,Producto averiado en transporte,WhatsApp,Cali,Cerrado,1.7,8.1,True,4.0,False
PQR-202503-00821,2025-03-26,2025-03,Camiseta personalizada pendiente,Tienda física,Ibagué,Cerrado,6.4,20.9,False,4.0,False
PQR-202503-00822,2025-03-24,2025-03,Contenido incompleto del envase,WhatsApp,Bogotá,Escalado,0.7,1.7,True,5.0,True
PQR-202503-00823,2025-03-25,2025-03,Camiseta personalizada pendiente,Correo electrónico,Pereira,Cerrado,6.2,163.3,False,5.0,False
PQR-202503-00824,2025-03-26,2025-03,Faltante en el pedido,Línea gratuita #590,Pereira,Cerrado,1.9,82.1,True,4.0,False
PQR-202503-00825,2025-03-26,2025-03,Camiseta personalizada pendiente,WhatsApp,Cúcuta,Escalado,2.8,32.8,True,4.0,True
PQR-202503-00826,2025-03-13,2025-03,Demora en la entrega,Línea gratuita #590,Cali,Cerrado,0.1,64.3,True,3.0,False
PQR-202503-00827,2025-03-22,2025-03,Faltante en el pedido,Línea gratuita #590,Cúcuta,Cerrado,1.5,7.5,True,3.0,False
PQR-202503-00828,2025-03-24,2025-03,Producto averiado en transporte,Correo electrónico,Cali,Cerrado,8.6,105.5,False,2.0,False
PQR-202503-00829,2025-03-01,2025-03,Reclamo por precio o promoción,WhatsApp,Bogotá,Cerrado,0.2,27.0,True,3.0,False
PQR-202503-00830,2025-03-18,2025-03,Demora en la entrega,Línea gratuita #590,Bucaramanga,Cerrado,0.8,15.6,True,4.0,False
PQR-202503-00831,2025-03-02,2025-03,Solicitud de factura electrónica,Correo electrónico,Bucaramanga,Cerrado,0.2,13.2,True,4.0,False
PQR-202503-00832,2025-03-18,2025-03,Camiseta personalizada pendiente,Tienda física,Medellín,Escalado,10.5,41.5,False,3.0,True
PQR-202503-00833,2025-03-24,2025-03,Demora en la entrega,WhatsApp,Manizales,Cerrado,1.8,32.2,True,4.0,False
PQR-202503-00834,2025-03-16,2025-03,Solicitud de factura electrónica,WhatsApp,Bogotá,Cerrado,0.1,28.6,True,3.0,False
PQR-202503-00835,2025-03-19,2025-03,Faltante en el pedido,WhatsApp,Bogotá,Cerrado,1.1,2.9,True,4.0,False
PQR-202503-00836,2025-03-21,2025-03,Demora en la entrega,Línea gratuita #590,Bogotá,Cerrado,1.7,14.5,True,5.0,False
PQR-202503-00837,2025-03-14,2025-03,Faltante en el pedido,WhatsApp,Barranquilla,Cerrado,0.5,68.8,True,4.0,False
PQR-202503-00838,2025-03-18,2025-03,Demora en la entrega,Línea gratuita #590,Bogotá,Cerrado,5.8,47.2,False,5.0,False
PQR-202503-00839,2025-03-11,2025-03,Duda sobre uso del producto,Instagram / redes,Bogotá,Cerrado,1.2,7.5,True,5.0,False
PQR-202503-00840,2025-03-12,2025-03,Camiseta personalizada pendiente,Tienda física,Cali,Cerrado,3.2,28.8,True,2.0,False
PQR-202503-00841,2025-03-18,2025-03,Camiseta personalizada pendiente,WhatsApp,Ibagué,Cerrado,3.6,18.3,True,4.0,False
PQR-202503-00842,2025-03-14,2025-03,Faltante en el pedido,Chat del sitio,Bogotá,Cerrado,2.3,29.7,True,3.0,False
PQR-202503-00843,2025-03-09,2025-03,Solicitud de factura electrónica,WhatsApp,Medellín,Cerrado,0.1,3.6,True,3.0,False
PQR-202503-00844,2025-03-03,2025-03,Producto averiado en transporte,WhatsApp,Bogotá,Cerrado,1.1,2.1,True,4.0,False
PQR-202503-00845,2025-03-27,2025-03,Solicitud de factura electrónica,WhatsApp,Villavicencio,Cerrado,0.1,2.7,True,3.0,False
PQR-202503-00846,2025-03-03,2025-03,Demora en la entrega,Tienda física,Santa Marta,Cerrado,2.3,3.3,True,4.0,False
PQR-202503-00847,2025-03-06,2025-03,Demora en la entrega,Línea gratuita #590,Pasto,Cerrado,0.9,22.5,True,3.0,False
PQR-202503-00848,2025-03-22,2025-03,Producto averiado en transporte,Línea gratuita #590,Pereira,Cerrado,0.3,5.6,True,4.0,False
PQR-202503-00849,2025-03-27,2025-03,Cambio o garantía,WhatsApp,Cartagena,Cerrado,3.2,28.5,True,4.0,False
PQR-202503-00850,2025-03-07,2025-03,Solicitud de factura electrónica,Chat del sitio,Medellín,Cerrado,0.8,3.4,True,4.0,False
PQR-202503-00851,2025-03-03,2025-03,Demora en la entrega,WhatsApp,Medellín,Cerrado,2.5,61.9,True,3.0,False
PQR-202503-00852,2025-03-11,2025-03,Faltante en el pedido,WhatsApp,Cartagena,Cerrado,0.5,39.7,True,4.0,False
PQR-202503-00853,2025-03-22,2025-03,Camiseta personalizada pendiente,Línea gratuita #590,Cali,Cerrado,4.7,10.4,False,5.0,False
PQR-202503-00854,2025-03-21,2025-03,Camiseta personalizada pendiente,WhatsApp,Pereira,Cerrado,3.1,91.2,True,4.0,False
PQR-202503-00855,2025-03-01,2025-03,Solicitud de factura electrónica,Instagram / redes,Medellín,Cerrado,3.8,14.0,True,3.0,False
PQR-202503-00856,2025-03-12,2025-03,Producto averiado en transporte,Instagram / redes,Cali,Cerrado,7.4,14.7,False,2.0,False
PQR-202503-00857,2025-03-20,2025-03,Solicitud de factura electrónica,Línea gratuita #590,Ibagué,Cerrado,1.1,6.6,True,3.0,False
PQR-202503-00858,2025-03-09,2025-03,Solicitud de factura electrónica,Instagram / redes,Bogotá,Cerrado,0.8,41.8,True,5.0,False
PQR-202503-00859,2025-03-27,2025-03,Producto averiado en transporte,WhatsApp,Bogotá,Cerrado,0.7,18.4,True,4.0,False
PQR-202503-00860,2025-03-14,2025-03,Demora en la entrega,Chat del sitio,Cali,Cerrado,1.5,7.5,True,3.0,False
PQR-202503-00861,2025-03-18,2025-03,Producto averiado en transporte,Línea gratuita #590,Cúcuta,Cerrado,1.3,2.9,True,5.0,False
PQR-202503-00862,2025-03-06,2025-03,Cambio o garantía,Línea gratuita #590,Cali,Cerrado,1.7,50.0,True,3.0,False
PQR-202503-00863,2025-03-10,2025-03,Demora en la entrega,Chat del sitio,Bogotá,Cerrado,0.3,1.3,True,4.0,False
PQR-202503-00864,2025-03-14,2025-03,Demora en la entrega,WhatsApp,Bucaramanga,Cerrado,0.5,38.3,True,4.0,False
PQR-202503-00865,2025-03-05,2025-03,Faltante en el pedido,Línea gratuita #590,Barranquilla,Cerrado,3.6,27.4,True,4.0,False
PQR-202503-00866,2025-03-25,2025-03,Camiseta personalizada pendiente,WhatsApp,Bogotá,Cerrado,9.8,23.7,False,3.0,False
PQR-202503-00867,2025-03-03,2025-03,Faltante en el pedido,WhatsApp,Bucaramanga,Cerrado,0.5,25.0,True,3.0,False
PQR-202503-00868,2025-03-24,2025-03,Demora en la entrega,WhatsApp,Medellín,Cerrado,0.1,43.9,True,3.0,False
PQR-202503-00869,2025-03-25,2025-03,Faltante en el pedido,WhatsApp,Ibagué,Cerrado,0.9,14.2,True,3.0,False
PQR-202503-00870,2025-03-10,2025-03,Faltante en el pedido,WhatsApp,Bogotá,Cerrado,0.3,6.1,True,4.0,False
PQR-202503-00871,2025-03-01,2025-03,Faltante en el pedido,WhatsApp,Armenia,Cerrado,1.9,29.3,True,4.0,False
PQR-202503-00872,2025-03-23,2025-03,Camiseta personalizada pendiente,Instagram / redes,Medellín,Escalado,3.8,4.8,True,5.0,True
PQR-202503-00873,2025-03-03,2025-03,Faltante en el pedido,WhatsApp,Cartagena,Cerrado,0.4,24.4,True,4.0,False
PQR-202503-00874,2025-03-01,2025-03,Contenido incompleto del envase,WhatsApp,Cali,Escalado,0.8,53.5,True,3.0,True
PQR-202503-00875,2025-03-20,2025-03,Producto averiado en transporte,WhatsApp,Bogotá,Cerrado,3.8,12.1,True,2.0,False
PQR-202503-00876,2025-03-26,2025-03,Demora en la entrega,WhatsApp,Cali,Cerrado,0.7,18.4,True,4.0,False
PQR-202503-00877,2025-03-03,2025-03,Solicitud de factura electrónica,Chat del sitio,Bogotá,Cerrado,0.8,16.9,True,3.0,False
PQR-202503-00878,2025-03-02,2025-03,Contenido incompleto del envase,WhatsApp,Barranquilla,Escalado,6.8,41.2,False,3.0,True
PQR-202503-00879,2025-03-02,2025-03,Faltante en el pedido,Línea gratuita #590,Cúcuta,Cerrado,1.7,35.8,True,4.0,False
PQR-202503-00880,2025-03-25,2025-03,Demora en la entrega,WhatsApp,Cartagena,Cerrado,0.3,55.5,True,5.0,False
PQR-202503-00881,2025-03-20,2025-03,Solicitud de factura electrónica,WhatsApp,Santa Marta,Cerrado,0.9,6.1,True,5.0,False
PQR-202503-00882,2025-03-24,2025-03,Evento adverso reportado,Instagram / redes,Medellín,Cerrado,1.3,23.7,True,5.0,True
PQR-202503-00883,2025-03-01,2025-03,Reclamo por precio o promoción,WhatsApp,Cali,Cerrado,0.8,60.1,True,5.0,False
PQR-202503-00884,2025-03-15,2025-03,Faltante en el pedido,WhatsApp,Cali,Cerrado,0.7,54.3,True,5.0,False
PQR-202503-00885,2025-03-16,2025-03,Camiseta personalizada pendiente,WhatsApp,Bogotá,Escalado,0.7,18.7,True,3.0,True
PQR-202503-00886,2025-03-27,2025-03,Camiseta personalizada pendiente,WhatsApp,Cali,Cerrado,0.4,29.3,True,5.0,False
PQR-202503-00887,2025-03-17,2025-03,Demora en la entrega,Línea gratuita #590,Bucaramanga,Cerrado,1.0,54.3,True,4.0,False
PQR-202503-00888,2025-03-05,2025-03,Reclamo por precio o promoción,Tienda física,Barranquilla,Cerrado,0.9,10.2,True,3.0,False
PQR-202503-00889,2025-03-22,2025-03,Solicitud de factura electrónica,Instagram / redes,Bogotá,Cerrado,0.8,9.9,True,4.0,False
PQR-202503-00890,2025-03-04,2025-03,Producto averiado en transporte,WhatsApp,Bogotá,Cerrado,3.8,20.5,True,4.0,False
PQR-202503-00891,2025-03-19,2025-03,Producto averiado en transporte,WhatsApp,Cali,Cerrado,5.8,26.2,False,4.0,False
PQR-202503-00892,2025-03-25,2025-03,Faltante en el pedido,Chat del sitio,Medellín,Cerrado,0.1,3.8,True,3.0,False
PQR-202503-00893,2025-03-17,2025-03,Producto averiado en transporte,Línea gratuita #590,Cúcuta,Cerrado,2.1,49.1,True,4.0,False
PQR-202503-00894,2025-03-05,2025-03,Demora en la entrega,WhatsApp,Medellín,Cerrado,2.5,12.7,True,3.0,False
PQR-202503-00895,2025-03-26,2025-03,Duda sobre uso del producto,Tienda física,Bogotá,Cerrado,0.5,6.9,True,4.0,False
PQR-202503-00896,2025-03-26,2025-03,Evento adverso reportado,Línea gratuita #590,Bogotá,Cerrado,3.2,114.1,True,2.0,True
PQR-202503-00897,2025-03-19,2025-03,Solicitud de factura electrónica,Instagram / redes,Bogotá,Cerrado,1.6,3.1,True,3.0,False
PQR-202503-00898,2025-03-24,2025-03,Demora en la entrega,Instagram / redes,Medellín,Cerrado,1.3,55.4,True,2.0,False
PQR-202503-00899,2025-03-14,2025-03,Demora en la entrega,WhatsApp,Bogotá,Cerrado,1.2,2.2,True,3.0,False
PQR-202503-00900,2025-03-22,2025-03,Demora en la entrega,WhatsApp,Armenia,Cerrado,0.1,6.9,True,4.0,False
PQR-202503-00901,2025-03-08,2025-03,Camiseta personalizada pendiente,Chat del sitio,Bucaramanga,Escalado,0.1,34.3,True,3.0,True
PQR-202503-00902,2025-03-16,2025-03,Solicitud de factura electrónica,WhatsApp,Barranquilla,Cerrado,0.3,16.3,True,5.0,False
PQR-202503-00903,2025-03-18,2025-03,Faltante en el pedido,Chat del sitio,Bogotá,Cerrado,0.1,26.0,True,4.0,False
PQR-202503-00904,2025-03-18,2025-03,Duda sobre uso del producto,Línea gratuita #590,Bogotá,Cerrado,0.9,11.2,True,3.0,False
PQR-202503-00905,2025-03-05,2025-03,Demora en la entrega,Correo electrónico,Bogotá,Cerrado,0.3,84.6,True,3.0,False
PQR-202503-00906,2025-03-01,2025-03,Faltante en el pedido,Línea gratuita #590,Bucaramanga,Cerrado,0.7,24.5,True,3.0,False
PQR-202503-00907,2025-03-11,2025-03,Duda sobre uso del producto,WhatsApp,Bogotá,Cerrado,0.6,10.0,True,4.0,False
PQR-202503-00908,2025-03-18,2025-03,Camiseta personalizada pendiente,Tienda física,Pereira,Cerrado,2.9,96.6,True,3.0,False
PQR-202503-00909,2025-03-09,2025-03,Faltante en el pedido,Chat del sitio,Medellín,Cerrado,0.3,2.2,True,5.0,False
PQR-202503-00910,2025-03-01,2025-03,Cambio o garantía,Instagram / redes,Barranquilla,Cerrado,5.3,9.3,False,3.0,False
PQR-202503-00911,2025-03-27,2025-03,Faltante en el pedido,WhatsApp,Bucaramanga,Cerrado,0.8,4.9,True,3.0,False
PQR-202503-00912,2025-03-05,2025-03,Faltante en el pedido,Correo electrónico,Bogotá,Cerrado,20.7,25.0,False,4.0,False
PQR-202503-00913,2025-03-01,2025-03,Reclamo por precio o promoción,Línea gratuita #590,Bogotá,Cerrado,1.2,33.3,True,5.0,False
PQR-202503-00914,2025-03-11,2025-03,Demora en la entrega,WhatsApp,Cúcuta,Cerrado,2.4,54.0,True,3.0,False
PQR-202503-00915,2025-03-05,2025-03,Producto averiado en transporte,WhatsApp,Bogotá,Cerrado,0.7,57.6,True,4.0,False
PQR-202503-00916,2025-03-20,2025-03,Contenido incompleto del envase,Tienda física,Bogotá,Escalado,17.1,44.4,False,3.0,True
PQR-202503-00917,2025-03-04,2025-03,Evento adverso reportado,Correo electrónico,Barranquilla,Escalado,29.4,31.6,False,3.0,True
PQR-202503-00918,2025-03-26,2025-03,Demora en la entrega,WhatsApp,Bogotá,Cerrado,1.8,30.2,True,4.0,False
PQR-202503-00919,2025-03-21,2025-03,Reclamo por precio o promoción,Chat del sitio,Bucaramanga,Cerrado,0.7,15.3,True,4.0,False
PQR-202503-00920,2025-03-20,2025-03,Faltante en el pedido,Línea gratuita #590,Bogotá,Cerrado,2.0,13.5,True,3.0,False
PQR-202503-00921,2025-03-06,2025-03,Demora en la entrega,Línea gratuita #590,Medellín,Cerrado,0.8,1.8,True,4.0,False
PQR-202503-00922,2025-03-10,2025-03,Duda sobre uso del producto,WhatsApp,Barranquilla,Cerrado,0.6,9.4,True,5.0,False
PQR-202503-00923,2025-03-01,2025-03,Demora en la entrega,Línea gratuita #590,Bogotá,Cerrado,8.1,45.3,False,5.0,False
PQR-202503-00924,2025-03-04,2025-03,Reclamo por precio o promoción,Línea gratuita #590,Bogotá,Cerrado,0.4,11.0,True,5.0,False
PQR-202503-00925,2025-03-18,2025-03,Cambio o garantía,Línea gratuita #590,Medellín,Cerrado,1.1,124.5,True,3.0,False
PQR-202503-00926,2025-03-03,2025-03,Producto averiado en transporte,WhatsApp,Bogotá,Cerrado,0.8,60.8,True,3.0,False
PQR-202503-00927,2025-03-09,2025-03,Solicitud de factura electrónica,WhatsApp,Medellín,Cerrado,0.4,17.1,True,3.0,False
PQR-202503-00928,2025-03-02,2025-03,Camiseta personalizada pendiente,Línea gratuita #590,Bogotá,Cerrado,0.2,13.8,True,3.0,False
PQR-202503-00929,2025-03-06,2025-03,Contenido incompleto del envase,WhatsApp,Pereira,Escalado,6.6,74.0,False,3.0,True
PQR-202503-00930,2025-03-10,2025-03,Solicitud de factura electrónica,Chat del sitio,Cartagena,Cerrado,0.1,1.2,True,4.0,False
PQR-202503-00931,2025-03-26,2025-03,Demora en la entrega,Línea gratuita #590,Neiva,Cerrado,0.2,26.7,True,4.0,False
PQR-202503-00932,2025-03-15,2025-03,Contenido incompleto del envase,WhatsApp,Neiva,Cerrado,1.0,23.2,True,3.0,False
PQR-202503-00933,2025-03-27,2025-03,Evento adverso reportado,Línea gratuita #590,Bogotá,Cerrado,4.3,154.8,False,2.0,True
PQR-202503-00934,2025-03-13,2025-03,Producto averiado en transporte,WhatsApp,Bucaramanga,Cerrado,5.7,124.6,False,3.0,False
PQR-202503-00935,2025-03-14,2025-03,Demora en la entrega,WhatsApp,Bucaramanga,Cerrado,1.6,127.4,True,1.0,False
PQR-202503-00936,2025-03-25,2025-03,Demora en la entrega,Chat del sitio,Medellín,Cerrado,1.4,11.0,True,2.0,False
PQR-202503-00937,2025-03-09,2025-03,Demora en la entrega,Chat del sitio,Cúcuta,Cerrado,2.4,49.1,True,4.0,False
PQR-202503-00938,2025-03-21,2025-03,Producto averiado en transporte,WhatsApp,Barranquilla,Cerrado,1.1,13.9,True,3.0,False
PQR-202503-00939,2025-03-17,2025-03,Solicitud de factura electrónica,Línea gratuita #590,Cúcuta,Cerrado,0.5,17.0,True,5.0,False
PQR-202503-00940,2025-03-17,2025-03,Reclamo por precio o promoción,Chat del sitio,Bogotá,Cerrado,0.4,11.8,True,3.0,False
PQR-202503-00941,2025-03-09,2025-03,Solicitud de factura electrónica,Línea gratuita #590,Medellín,Cerrado,0.1,10.5,True,3.0,False
PQR-202503-00942,2025-03-25,2025-03,Demora en la entrega,Línea gratuita #590,Bogotá,Cerrado,2.2,16.5,True,4.0,False
PQR-202503-00943,2025-03-02,2025-03,Demora en la entrega,Chat del sitio,Medellín,Cerrado,1.3,53.3,True,4.0,False
PQR-202503-00944,2025-03-22,2025-03,Producto averiado en transporte,WhatsApp,Bogotá,Cerrado,0.6,10.7,True,3.0,False
PQR-202503-00945,2025-03-12,2025-03,Evento adverso reportado,Línea gratuita #590,Cali,Cerrado,3.5,74.0,True,3.0,True
PQR-202503-00946,2025-03-22,2025-03,Contenido incompleto del envase,WhatsApp,Bogotá,Cerrado,2.4,4.0,True,3.0,False
PQR-202503-00947,2025-03-23,2025-03,Reclamo por precio o promoción,Chat del sitio,Santa Marta,Cerrado,2.4,31.8,True,4.0,False
PQR-202503-00948,2025-03-06,2025-03,Demora en la entrega,Instagram / redes,Medellín,Cerrado,1.8,6.6,True,3.0,False
PQR-202503-00949,2025-03-23,2025-03,Reclamo por precio o promoción,WhatsApp,Bogotá,Cerrado,0.2,38.2,True,4.0,False
PQR-202503-00950,2025-03-17,2025-03,Producto averiado en transporte,Línea gratuita #590,Ibagué,Cerrado,1.1,26.7,True,5.0,False
PQR-202503-00951,2025-03-18,2025-03,Faltante en el pedido,Tienda física,Bogotá,Cerrado,1.5,46.0,True,4.0,False
PQR-202503-00952,2025-03-20,2025-03,Contenido incompleto del envase,WhatsApp,Manizales,Escalado,1.0,9.9,True,4.0,True
PQR-202503-00953,2025-03-15,2025-03,Faltante en el pedido,WhatsApp,Medellín,Cerrado,0.2,22.5,True,2.0,False
PQR-202503-00954,2025-03-11,2025-03,Camiseta personalizada pendiente,Correo electrónico,Bucaramanga,Cerrado,4.3,11.3,False,5.0,False
PQR-202503-00955,2025-03-25,2025-03,Demora en la entrega,WhatsApp,Bogotá,Cerrado,0.3,76.1,True,3.0,False
PQR-202503-00956,2025-03-27,2025-03,Demora en la entrega,WhatsApp,Bogotá,Cerrado,0.5,8.4,True,3.0,False
PQR-202503-00957,2025-03-20,2025-03,Faltante en el pedido,WhatsApp,Cali,Cerrado,1.7,16.4,True,3.0,False
PQR-202503-00958,2025-03-11,2025-03,Duda sobre uso del producto,Línea gratuita #590,Bogotá,Cerrado,2.3,8.7,True,4.0,False
PQR-202503-00959,2025-03-11,2025-03,Producto averiado en transporte,WhatsApp,Medellín,Cerrado,0.8,10.0,True,4.0,False
PQR-202503-00960,2025-03-12,2025-03,Contenido incompleto del envase,Chat del sitio,Bogotá,Escalado,2.6,6.0,True,3.0,True
PQR-202503-00961,2025-03-19,2025-03,Demora en la entrega,Chat del sitio,Cali,Cerrado,0.8,6.0,True,4.0,False
PQR-202503-00962,2025-03-16,2025-03,Producto averiado en transporte,WhatsApp,Cali,Cerrado,2.6,54.5,True,3.0,False
PQR-202503-00963,2025-03-09,2025-03,Contenido incompleto del envase,Instagram / redes,Bogotá,Escalado,5.9,77.4,False,2.0,True
PQR-202503-00964,2025-03-24,2025-03,Faltante en el pedido,Chat del sitio,Pereira,Cerrado,6.1,37.5,False,4.0,False
PQR-202503-00965,2025-03-04,2025-03,Cambio o garantía,Chat del sitio,Cali,Cerrado,1.7,29.3,True,3.0,False
PQR-202503-00966,2025-03-20,2025-03,Faltante en el pedido,WhatsApp,Cali,Cerrado,0.5,43.2,True,3.0,False
PQR-202503-00967,2025-03-04,2025-03,Camiseta personalizada pendiente,WhatsApp,Cali,Escalado,0.8,12.0,True,4.0,True
PQR-202503-00968,2025-03-06,2025-03,Demora en la entrega,WhatsApp,Bogotá,Cerrado,1.0,17.0,True,4.0,False
PQR-202503-00969,2025-03-11,2025-03,Contenido incompleto del envase,WhatsApp,Villavicencio,Cerrado,3.5,56.6,True,5.0,False
PQR-202503-00970,2025-03-05,2025-03,Camiseta personalizada pendiente,Tienda física,Cúcuta,Escalado,3.3,209.6,True,2.0,True
PQR-202503-00971,2025-03-25,2025-03,Camiseta personalizada pendiente,WhatsApp,Ibagué,Escalado,2.5,47.8,True,4.0,True
PQR-202503-00972,2025-03-11,2025-03,Demora en la entrega,Chat del sitio,Medellín,Cerrado,3.0,21.7,True,3.0,False
PQR-202503-00973,2025-03-09,2025-03,Demora en la entrega,Tienda física,Bogotá,Cerrado,5.7,79.9,False,2.0,False
PQR-202503-00974,2025-03-25,2025-03,Demora en la entrega,Correo electrónico,Bogotá,Cerrado,10.7,89.8,False,2.0,False
PQR-202503-00975,2025-03-15,2025-03,Solicitud de factura electrónica,WhatsApp,Bogotá,Cerrado,0.5,1.8,True,5.0,False
PQR-202503-00976,2025-03-14,2025-03,Cambio o garantía,WhatsApp,Bogotá,Cerrado,2.4,3.4,True,5.0,False
PQR-202503-00977,2025-03-22,2025-03,Faltante en el pedido,Instagram / redes,Bogotá,Cerrado,0.3,18.5,True,3.0,False
PQR-202503-00978,2025-03-06,2025-03,Demora en la entrega,Chat del sitio,Medellín,Cerrado,1.1,26.5,True,3.0,False
PQR-202503-00979,2025-03-20,2025-03,Faltante en el pedido,Chat del sitio,Medellín,Cerrado,1.5,64.3,True,4.0,False
PQR-202503-00980,2025-03-15,2025-03,Contenido incompleto del envase,WhatsApp,Neiva,Escalado,1.8,145.9,True,3.0,True
PQR-202503-00981,2025-03-20,2025-03,Demora en la entrega,WhatsApp,Bogotá,Cerrado,2.7,11.6,True,2.0,False
PQR-202503-00982,2025-03-23,2025-03,Producto averiado en transporte,WhatsApp,Cali,Cerrado,2.0,54.2,True,5.0,False
PQR-202503-00983,2025-03-03,2025-03,Reclamo por precio o promoción,Línea gratuita #590,Medellín,Cerrado,0.1,1.1,True,2.0,False
PQR-202503-00984,2025-03-27,2025-03,Producto averiado en transporte,Tienda física,Cartagena,Cerrado,2.0,31.5,True,3.0,False
PQR-202503-00985,2025-03-02,2025-03,Cambio o garantía,WhatsApp,Cartagena,Cerrado,2.5,45.2,True,4.0,False
PQR-202503-00986,2025-03-12,2025-03,Demora en la entrega,Línea gratuita #590,Medellín,Cerrado,0.1,32.9,True,5.0,False
PQR-202503-00987,2025-03-01,2025-03,Faltante en el pedido,Instagram / redes,Cartagena,Cerrado,3.7,13.0,True,4.0,False
PQR-202503-00988,2025-03-06,2025-03,Contenido incompleto del envase,Línea gratuita #590,Barranquilla,Cerrado,8.3,13.1,False,3.0,False
PQR-202503-00989,2025-03-13,2025-03,Demora en la entrega,WhatsApp,Cali,Cerrado,1.2,3.4,True,4.0,False
PQR-202503-00990,2025-03-06,2025-03,Demora en la entrega,WhatsApp,Bogotá,Cerrado,0.9,60.2,True,3.0,False
PQR-202503-00991,2025-03-19,2025-03,Faltante en el pedido,Tienda física,Medellín,Cerrado,4.0,7.6,False,3.0,False
PQR-202503-00992,2025-03-07,2025-03,Demora en la entrega,Tienda física,Medellín,Cerrado,1.7,15.1,True,4.0,False
PQR-202503-00993,2025-03-02,2025-03,Camiseta personalizada pendiente,Tienda física,Bogotá,Cerrado,11.7,25.7,False,3.0,False
PQR-202503-00994,2025-03-04,2025-03,Faltante en el pedido,Chat del sitio,Bogotá,Cerrado,2.2,26.3,True,3.0,False
PQR-202503-00995,2025-03-02,2025-03,Contenido incompleto del envase,Chat del sitio,Medellín,Cerrado,0.7,7.9,True,3.0,False
PQR-202503-00996,2025-03-25,2025-03,Cambio o garantía,WhatsApp,Bogotá,Cerrado,3.6,30.1,True,4.0,False
PQR-202503-00997,2025-03-27,2025-03,Reclamo por precio o promoción,WhatsApp,Barranquilla,Cerrado,0.4,8.6,True,4.0,False
PQR-202503-00998,2025-03-15,2025-03,Demora en la entrega,Línea gratuita #590,Barranquilla,Cerrado,0.1,13.9,True,3.0,False
PQR-202503-00999,2025-03-12,2025-03,Demora en la entrega,WhatsApp,Bogotá,Cerrado,0.9,13.0,True,2.0,False
PQR-202503-01000,2025-03-08,2025-03,Contenido incompleto del envase,Instagram / redes,Bogotá,Cerrado,5.9,8.1,False,4.0,False
PQR-202503-01001,2025-03-21,2025-03,Faltante en el pedido,WhatsApp,Cali,Cerrado,2.0,11.0,True,4.0,False
PQR-202503-01002,2025-03-26,2025-03,Contenido incompleto del envase,WhatsApp,Cali,Escalado,8.4,73.3,False,3.0,True
PQR-202503-01003,2025-03-04,2025-03,Faltante en el pedido,Instagram / redes,Bogotá,Cerrado,4.3,67.1,False,4.0,False
PQR-202503-01004,2025-03-26,2025-03,Demora en la entrega,WhatsApp,Bucaramanga,Cerrado,0.5,12.4,True,3.0,False
PQR-202503-01005,2025-03-03,2025-03,Camiseta personalizada pendiente,Instagram / redes,Medellín,Escalado,1.4,56.6,True,5.0,True
PQR-202503-01006,2025-03-17,2025-03,Contenido incompleto del envase,WhatsApp,Medellín,Cerrado,2.3,12.3,True,5.0,False
PQR-202503-01007,2025-03-10,2025-03,Producto averiado en transporte,Chat del sitio,Medellín,Cerrado,5.6,60.7,False,4.0,False
PQR-202503-01008,2025-03-25,2025-03,Camiseta personalizada pendiente,WhatsApp,Cúcuta,Cerrado,14.4,17.1,False,4.0,False
PQR-202503-01009,2025-03-01,2025-03,Producto averiado en transporte,WhatsApp,Cartagena,Cerrado,0.4,26.8,True,5.0,False
PQR-202503-01010,2025-03-01,2025-03,Camiseta personalizada pendiente,WhatsApp,Barranquilla,Escalado,1.6,11.9,True,2.0,True
PQR-202503-01011,2025-03-07,2025-03,Reclamo por precio o promoción,Correo electrónico,Bogotá,Cerrado,6.1,18.2,False,5.0,False
PQR-202503-01012,2025-03-10,2025-03,Contenido incompleto del envase,Instagram / redes,Ibagué,Cerrado,0.7,35.9,True,2.0,False
PQR-202503-01013,2025-03-02,2025-03,Contenido incompleto del envase,Línea gratuita #590,Bogotá,Cerrado,4.6,7.8,False,5.0,False
PQR-202503-01014,2025-03-16,2025-03,Reclamo por precio o promoción,Instagram / redes,Bogotá,Cerrado,0.9,5.9,True,4.0,False
PQR-202503-01015,2025-03-24,2025-03,Contenido incompleto del envase,WhatsApp,Bogotá,Cerrado,2.0,24.0,True,2.0,False
PQR-202503-01016,2025-03-05,2025-03,Camiseta personalizada pendiente,Instagram / redes,Bogotá,Escalado,4.7,23.0,False,3.0,True
PQR-202503-01017,2025-03-21,2025-03,Demora en la entrega,WhatsApp,Bogotá,Cerrado,0.6,48.2,True,3.0,False
PQR-202503-01018,2025-03-10,2025-03,Evento adverso reportado,Tienda física,Bogotá,Escalado,9.2,10.6,False,3.0,True
PQR-202503-01019,2025-03-06,2025-03,Contenido incompleto del envase,Chat del sitio,Medellín,Escalado,0.8,98.7,True,3.0,True
PQR-202503-01020,2025-03-16,2025-03,Producto averiado en transporte,WhatsApp,Bucaramanga,Cerrado,1.2,47.1,True,3.0,False
PQR-202503-01021,2025-03-10,2025-03,Solicitud de factura electrónica,WhatsApp,Pereira,Cerrado,0.6,10.3,True,5.0,False
PQR-202503-01022,2025-03-17,2025-03,Demora en la entrega,Línea gratuita #590,Medellín,Cerrado,0.3,26.4,True,4.0,False
PQR-202503-01023,2025-03-24,2025-03,Faltante en el pedido,Instagram / redes,Bogotá,Cerrado,18.6,34.2,False,4.0,False
PQR-202503-01024,2025-03-16,2025-03,Faltante en el pedido,WhatsApp,Pereira,Cerrado,1.4,24.1,True,2.0,False
PQR-202503-01025,2025-03-16,2025-03,Demora en la entrega,Línea gratuita #590,Medellín,Cerrado,1.4,36.1,True,4.0,False
PQR-202503-01026,2025-03-27,2025-03,Camiseta personalizada pendiente,WhatsApp,Bogotá,Escalado,8.5,41.4,False,5.0,True
PQR-202503-01027,2025-03-27,2025-03,Camiseta personalizada pendiente,Instagram / redes,Barranquilla,Cerrado,1.4,91.7,True,1.0,False
PQR-202503-01028,2025-03-06,2025-03,Solicitud de factura electrónica,WhatsApp,Medellín,Cerrado,0.9,18.7,True,4.0,False
PQR-202503-01029,2025-03-07,2025-03,Solicitud de factura electrónica,Instagram / redes,Barranquilla,Cerrado,2.1,5.2,True,4.0,False
PQR-202503-01030,2025-03-05,2025-03,Duda sobre uso del producto,Instagram / redes,Medellín,Cerrado,0.7,6.4,True,3.0,False
PQR-202503-01031,2025-03-17,2025-03,Demora en la entrega,Chat del sitio,Bogotá,Cerrado,4.4,7.5,False,4.0,False
PQR-202503-01032,2025-03-09,2025-03,Faltante en el pedido,WhatsApp,Medellín,Cerrado,1.3,45.2,True,4.0,False
PQR-202503-01033,2025-03-03,2025-03,Camiseta personalizada pendiente,WhatsApp,Bucaramanga,Cerrado,6.3,100.7,False,3.0,False
PQR-202503-01034,2025-03-20,2025-03,Evento adverso reportado,WhatsApp,Bogotá,Escalado,3.0,30.2,True,4.0,True
PQR-202503-01035,2025-03-24,2025-03,Producto averiado en transporte,WhatsApp,Bogotá,Cerrado,2.0,4.1,True,3.0,False
PQR-202503-01036,2025-03-23,2025-03,Producto averiado en transporte,Chat del sitio,Barranquilla,Cerrado,5.1,33.0,False,4.0,False
PQR-202503-01037,2025-03-03,2025-03,Demora en la entrega,Instagram / redes,Cartagena,Cerrado,4.8,57.9,False,4.0,False
PQR-202503-01038,2025-03-11,2025-03,Cambio o garantía,Chat del sitio,Bogotá,Cerrado,0.1,12.9,True,4.0,False
PQR-202503-01039,2025-03-20,2025-03,Evento adverso reportado,Línea gratuita #590,Bogotá,Cerrado,0.4,83.3,True,3.0,True
PQR-202503-01040,2025-03-26,2025-03,Camiseta personalizada pendiente,Chat del sitio,Neiva,Cerrado,0.1,7.5,True,3.0,False
PQR-202503-01041,2025-03-15,2025-03,Producto averiado en transporte,Chat del sitio,Armenia,Cerrado,0.9,4.7,True,3.0,False
PQR-202503-01042,2025-03-22,2025-03,Evento adverso reportado,Tienda física,Cartagena,Cerrado,10.5,60.4,False,3.0,True
PQR-202503-01043,2025-03-06,2025-03,Evento adverso reportado,WhatsApp,Bogotá,Cerrado,1.6,109.9,True,4.0,True
PQR-202503-01044,2025-03-18,2025-03,Demora en la entrega,WhatsApp,Bucaramanga,Cerrado,0.4,11.3,True,4.0,False
PQR-202503-01045,2025-03-26,2025-03,Demora en la entrega,Correo electrónico,Pereira,Cerrado,2.0,36.5,True,3.0,False
PQR-202503-01046,2025-03-20,2025-03,Demora en la entrega,Instagram / redes,Barranquilla,Cerrado,5.0,15.7,False,3.0,False
PQR-202503-01047,2025-03-16,2025-03,Duda sobre uso del producto,WhatsApp,Cartagena,Cerrado,0.1,6.7,True,3.0,False
PQR-202503-01048,2025-03-24,2025-03,Demora en la entrega,WhatsApp,Bogotá,Cerrado,0.1,16.8,True,3.0,False
PQR-202503-01049,2025-03-02,2025-03,Demora en la entrega,Correo electrónico,Medellín,Cerrado,1.1,16.8,True,4.0,False
PQR-202503-01050,2025-03-01,2025-03,Camiseta personalizada pendiente,WhatsApp,Pereira,Escalado,0.1,13.1,True,3.0,True
PQR-202503-01051,2025-03-13,2025-03,Camiseta personalizada pendiente,Chat del sitio,Bogotá,Cerrado,1.2,78.9,True,3.0,False
PQR-202504-01052,2025-04-12,2025-04,Reclamo por precio o promoción,Línea gratuita #590,Armenia,Cerrado,0.1,3.3,True,4.0,False
PQR-202504-01053,2025-04-01,2025-04,Camiseta personalizada pendiente,Línea gratuita #590,Bogotá,Cerrado,0.5,15.2,True,3.0,False
PQR-202504-01054,2025-04-18,2025-04,Reclamo por precio o promoción,Chat del sitio,Barranquilla,Cerrado,0.1,6.7,True,4.0,False
PQR-202504-01055,2025-04-25,2025-04,Cambio o garantía,Línea gratuita #590,Cali,Cerrado,2.8,50.3,True,4.0,False
PQR-202504-01056,2025-04-20,2025-04,Demora en la entrega,WhatsApp,Medellín,Cerrado,0.3,7.3,True,4.0,False
PQR-202504-01057,2025-04-27,2025-04,Faltante en el pedido,WhatsApp,Bogotá,Cerrado,1.0,3.0,True,3.0,False
PQR-202504-01058,2025-04-07,2025-04,Cambio o garantía,Chat del sitio,Medellín,Cerrado,0.1,74.5,True,4.0,False
PQR-202504-01059,2025-04-14,2025-04,Demora en la entrega,WhatsApp,Cúcuta,Cerrado,0.6,20.7,True,3.0,False
PQR-202504-01060,2025-04-22,2025-04,Cambio o garantía,WhatsApp,Cali,Cerrado,0.3,21.3,True,5.0,False
PQR-202504-01061,2025-04-01,2025-04,Demora en la entrega,WhatsApp,Medellín,Cerrado,2.4,4.8,True,4.0,False
PQR-202504-01062,2025-04-02,2025-04,Producto averiado en transporte,Correo electrónico,Santa Marta,Cerrado,15.5,113.9,False,2.0,False
PQR-202504-01063,2025-04-10,2025-04,Camiseta personalizada pendiente,Chat del sitio,Bucaramanga,Cerrado,1.3,26.1,True,4.0,False
PQR-202504-01064,2025-04-21,2025-04,Cambio o garantía,Chat del sitio,Bucaramanga,Cerrado,1.1,70.9,True,5.0,False
PQR-202504-01065,2025-04-15,2025-04,Contenido incompleto del envase,WhatsApp,Cali,Cerrado,4.3,103.8,False,3.0,False
PQR-202504-01066,2025-04-05,2025-04,Camiseta personalizada pendiente,WhatsApp,Santa Marta,Cerrado,8.6,29.2,False,4.0,False
PQR-202504-01067,2025-04-02,2025-04,Demora en la entrega,WhatsApp,Armenia,Cerrado,0.3,22.0,True,2.0,False
PQR-202504-01068,2025-04-26,2025-04,Producto averiado en transporte,WhatsApp,Bogotá,Cerrado,1.3,11.0,True,4.0,False
PQR-202504-01069,2025-04-25,2025-04,Evento adverso reportado,WhatsApp,Bogotá,Escalado,14.5,47.7,False,5.0,True
PQR-202504-01070,2025-04-15,2025-04,Reclamo por precio o promoción,Chat del sitio,Barranquilla,Cerrado,1.5,3.5,True,5.0,False
PQR-202504-01071,2025-04-02,2025-04,Producto averiado en transporte,Línea gratuita #590,Bogotá,Cerrado,1.7,4.8,True,3.0,False
PQR-202504-01072,2025-04-09,2025-04,Producto averiado en transporte,WhatsApp,Manizales,Cerrado,1.9,45.2,True,4.0,False
PQR-202504-01073,2025-04-05,2025-04,Demora en la entrega,WhatsApp,Bogotá,Cerrado,0.7,2.4,True,4.0,False
PQR-202504-01074,2025-04-14,2025-04,Camiseta personalizada pendiente,Chat del sitio,Medellín,Escalado,0.5,70.4,True,5.0,True
PQR-202504-01075,2025-04-27,2025-04,Solicitud de factura electrónica,Línea gratuita #590,Cali,Cerrado,1.2,2.8,True,2.0,False
PQR-202504-01076,2025-04-20,2025-04,Demora en la entrega,Chat del sitio,Cali,Cerrado,0.4,18.1,True,4.0,False
PQR-202504-01077,2025-04-16,2025-04,Faltante en el pedido,WhatsApp,Bogotá,Cerrado,0.2,11.8,True,3.0,False
PQR-202504-01078,2025-04-27,2025-04,Camiseta personalizada pendiente,Instagram / redes,Bogotá,Cerrado,0.1,17.4,True,4.0,False
PQR-202504-01079,2025-04-10,2025-04,Faltante en el pedido,WhatsApp,Cali,Cerrado,6.6,13.0,False,3.0,False
PQR-202504-01080,2025-04-10,2025-04,Faltante en el pedido,WhatsApp,Medellín,Cerrado,4.3,18.2,False,5.0,False
PQR-202504-01081,2025-04-07,2025-04,Faltante en el pedido,WhatsApp,Medellín,Cerrado,0.3,3.4,True,4.0,False
PQR-202504-01082,2025-04-12,2025-04,Demora en la entrega,Línea gratuita #590,Bogotá,Cerrado,3.1,46.3,True,3.0,False
PQR-202504-01083,2025-04-13,2025-04,Cambio o garantía,WhatsApp,Santa Marta,Cerrado,1.0,10.2,True,3.0,False
PQR-202504-01084,2025-04-16,2025-04,Demora en la entrega,Instagram / redes,Medellín,Cerrado,0.9,67.0,True,3.0,False
PQR-202504-01085,2025-04-10,2025-04,Camiseta personalizada pendiente,Instagram / redes,Cartagena,Cerrado,13.4,22.6,False,3.0,False
PQR-202504-01086,2025-04-20,2025-04,Demora en la entrega,Correo electrónico,Cali,Cerrado,13.1,34.3,False,3.0,False
PQR-202504-01087,2025-04-07,2025-04,Demora en la entrega,WhatsApp,Bogotá,Cerrado,0.5,2.1,True,3.0,False
PQR-202504-01088,2025-04-14,2025-04,Demora en la entrega,Correo electrónico,Bogotá,Cerrado,13.5,44.7,False,3.0,False
PQR-202504-01089,2025-04-02,2025-04,Camiseta personalizada pendiente,Chat del sitio,Cali,Cerrado,1.5,11.8,True,2.0,False
PQR-202504-01090,2025-04-19,2025-04,Demora en la entrega,Chat del sitio,Cali,Cerrado,2.0,15.0,True,4.0,False
PQR-202504-01091,2025-04-05,2025-04,Solicitud de factura electrónica,Chat del sitio,Cali,Cerrado,0.7,3.6,True,5.0,False
PQR-202504-01092,2025-04-17,2025-04,Solicitud de factura electrónica,Correo electrónico,Bogotá,Cerrado,4.6,18.3,False,4.0,False
PQR-202504-01093,2025-04-22,2025-04,Demora en la entrega,Instagram / redes,Ibagué,Cerrado,1.5,53.2,True,4.0,False
PQR-202504-01094,2025-04-20,2025-04,Demora en la entrega,Tienda física,Ibagué,Cerrado,6.2,12.1,False,4.0,False
PQR-202504-01095,2025-04-16,2025-04,Camiseta personalizada pendiente,Línea gratuita #590,Cali,Escalado,3.1,35.5,True,2.0,True
PQR-202504-01096,2025-04-02,2025-04,Faltante en el pedido,Chat del sitio,Barranquilla,Cerrado,2.7,41.6,True,4.0,False
PQR-202504-01097,2025-04-07,2025-04,Faltante en el pedido,WhatsApp,Villavicencio,Cerrado,1.5,3.7,True,4.0,False
PQR-202504-01098,2025-04-09,2025-04,Camiseta personalizada pendiente,WhatsApp,Cali,Cerrado,2.4,4.4,True,4.0,False
PQR-202504-01099,2025-04-17,2025-04,Demora en la entrega,Línea gratuita #590,Cali,Cerrado,5.2,9.6,False,5.0,False
PQR-202504-01100,2025-04-13,2025-04,Camiseta personalizada pendiente,Correo electrónico,Medellín,Cerrado,11.6,35.6,False,2.0,False
PQR-202504-01101,2025-04-12,2025-04,Cambio o garantía,WhatsApp,Barranquilla,Cerrado,0.4,65.2,True,4.0,False
PQR-202504-01102,2025-04-18,2025-04,Producto averiado en transporte,WhatsApp,Cúcuta,Cerrado,1.5,52.2,True,3.0,False
PQR-202504-01103,2025-04-06,2025-04,Camiseta personalizada pendiente,Instagram / redes,Bogotá,Cerrado,0.1,57.3,True,3.0,False
PQR-202504-01104,2025-04-05,2025-04,Faltante en el pedido,WhatsApp,Ibagué,Cerrado,1.6,77.0,True,2.0,False
PQR-202504-01105,2025-04-18,2025-04,Demora en la entrega,Línea gratuita #590,Bogotá,Cerrado,1.1,50.0,True,4.0,False
PQR-202504-01106,2025-04-06,2025-04,Producto averiado en transporte,Tienda física,Neiva,Cerrado,0.8,10.2,True,5.0,False
PQR-202504-01107,2025-04-13,2025-04,Demora en la entrega,Instagram / redes,Cali,Cerrado,7.8,33.3,False,5.0,False
PQR-202504-01108,2025-04-19,2025-04,Demora en la entrega,WhatsApp,Manizales,Cerrado,1.1,5.7,True,3.0,False
PQR-202504-01109,2025-04-10,2025-04,Reclamo por precio o promoción,Chat del sitio,Bogotá,Cerrado,1.3,4.6,True,4.0,False
PQR-202504-01110,2025-04-24,2025-04,Faltante en el pedido,WhatsApp,Cali,Cerrado,0.4,27.3,True,4.0,False
PQR-202504-01111,2025-04-11,2025-04,Faltante en el pedido,Chat del sitio,Bogotá,Cerrado,0.9,14.3,True,4.0,False
PQR-202504-01112,2025-04-11,2025-04,Faltante en el pedido,Correo electrónico,Pereira,Cerrado,19.8,112.6,False,4.0,False
PQR-202504-01113,2025-04-08,2025-04,Duda sobre uso del producto,WhatsApp,Barranquilla,Cerrado,0.3,1.3,True,5.0,False
PQR-202504-01114,2025-04-10,2025-04,Evento adverso reportado,Línea gratuita #590,Medellín,Escalado,32.0,51.6,False,4.0,True
PQR-202504-01115,2025-04-15,2025-04,Cambio o garantía,Chat del sitio,Barranquilla,Cerrado,0.9,116.9,True,3.0,False
PQR-202504-01116,2025-04-14,2025-04,Demora en la entrega,WhatsApp,Bogotá,Cerrado,1.6,24.6,True,3.0,False
PQR-202504-01117,2025-04-19,2025-04,Solicitud de factura electrónica,Chat del sitio,Bucaramanga,Cerrado,0.1,2.0,True,5.0,False
PQR-202504-01118,2025-04-24,2025-04,Cambio o garantía,WhatsApp,Bogotá,Cerrado,2.2,34.4,True,4.0,False
PQR-202504-01119,2025-04-15,2025-04,Solicitud de factura electrónica,Chat del sitio,Bogotá,Cerrado,0.1,1.2,True,3.0,False
PQR-202504-01120,2025-04-27,2025-04,Camiseta personalizada pendiente,Instagram / redes,Medellín,Escalado,14.4,76.7,False,3.0,True
PQR-202504-01121,2025-04-27,2025-04,Producto averiado en transporte,WhatsApp,Cali,Cerrado,0.7,8.1,True,4.0,False
PQR-202504-01122,2025-04-01,2025-04,Demora en la entrega,Línea gratuita #590,Bogotá,Cerrado,1.6,9.0,True,2.0,False
PQR-202504-01123,2025-04-21,2025-04,Camiseta personalizada pendiente,WhatsApp,Barranquilla,Cerrado,0.2,3.2,True,5.0,False
PQR-202504-01124,2025-04-18,2025-04,Evento adverso reportado,WhatsApp,Cali,Escalado,7.1,176.3,False,2.0,True
PQR-202504-01125,2025-04-06,2025-04,Faltante en el pedido,Chat del sitio,Medellín,Cerrado,1.6,19.6,True,4.0,False
PQR-202504-01126,2025-04-06,2025-04,Contenido incompleto del envase,Chat del sitio,Bogotá,Escalado,2.3,49.1,True,4.0,True
PQR-202504-01127,2025-04-12,2025-04,Producto averiado en transporte,Instagram / redes,Bogotá,Cerrado,5.6,24.9,False,3.0,False
PQR-202504-01128,2025-04-18,2025-04,Camiseta personalizada pendiente,Instagram / redes,Cali,Cerrado,0.3,101.6,True,4.0,False
PQR-202504-01129,2025-04-20,2025-04,Demora en la entrega,WhatsApp,Pasto,Cerrado,1.4,10.3,True,4.0,False
PQR-202504-01130,2025-04-04,2025-04,Solicitud de factura electrónica,Chat del sitio,Barranquilla,Cerrado,0.1,6.2,True,4.0,False
PQR-202504-01131,2025-04-03,2025-04,Demora en la entrega,WhatsApp,Ibagué,Cerrado,1.3,41.5,True,5.0,False
PQR-202504-01132,2025-04-24,2025-04,Evento adverso reportado,Instagram / redes,Cúcuta,Escalado,19.0,38.1,False,4.0,True
PQR-202504-01133,2025-04-18,2025-04,Demora en la entrega,Correo electrónico,Cartagena,Cerrado,4.8,23.9,False,4.0,False
PQR-202504-01134,2025-04-02,2025-04,Camiseta personalizada pendiente,Línea gratuita #590,Cartagena,Escalado,8.6,48.4,False,5.0,True
PQR-202504-01135,2025-04-08,2025-04,Cambio o garantía,Instagram / redes,Pereira,Cerrado,11.4,28.7,False,5.0,False
PQR-202504-01136,2025-04-20,2025-04,Solicitud de factura electrónica,Línea gratuita #590,Barranquilla,Cerrado,0.1,1.6,True,4.0,False
PQR-202504-01137,2025-04-08,2025-04,Producto averiado en transporte,Instagram / redes,Medellín,Cerrado,1.2,22.2,True,3.0,False
PQR-202504-01138,2025-04-04,2025-04,Camiseta personalizada pendiente,Tienda física,Cali,Cerrado,0.7,22.7,True,4.0,False
PQR-202504-01139,2025-04-02,2025-04,Demora en la entrega,WhatsApp,Cúcuta,Cerrado,0.1,1.6,True,3.0,False
PQR-202504-01140,2025-04-27,2025-04,Reclamo por precio o promoción,Chat del sitio,Barranquilla,Cerrado,0.1,15.5,True,4.0,False
PQR-202504-01141,2025-04-07,2025-04,Demora en la entrega,Correo electrónico,Cartagena,Cerrado,0.9,8.8,True,4.0,False
PQR-202504-01142,2025-04-08,2025-04,Reclamo por precio o promoción,Tienda física,Medellín,Cerrado,2.0,16.8,True,4.0,False
PQR-202504-01143,2025-04-16,2025-04,Duda sobre uso del producto,Línea gratuita #590,Cali,Cerrado,1.2,19.9,True,5.0,False
PQR-202504-01144,2025-04-24,2025-04,Cambio o garantía,Línea gratuita #590,Bogotá,Cerrado,1.4,23.5,True,4.0,False
PQR-202504-01145,2025-04-01,2025-04,Producto averiado en transporte,Línea gratuita #590,Medellín,Cerrado,0.1,38.1,True,4.0,False
PQR-202504-01146,2025-04-22,2025-04,Camiseta personalizada pendiente,Chat del sitio,Cali,Cerrado,1.2,18.7,True,3.0,False
PQR-202504-01147,2025-04-26,2025-04,Faltante en el pedido,Línea gratuita #590,Bogotá,Cerrado,1.7,22.6,True,4.0,False
PQR-202504-01148,2025-04-01,2025-04,Faltante en el pedido,WhatsApp,Barranquilla,Cerrado,2.6,28.1,True,3.0,False
PQR-202504-01149,2025-04-14,2025-04,Demora en la entrega,WhatsApp,Cali,Cerrado,0.1,8.2,True,3.0,False
PQR-202504-01150,2025-04-17,2025-04,Producto averiado en transporte,WhatsApp,Villavicencio,Cerrado,0.5,12.0,True,3.0,False
PQR-202504-01151,2025-04-02,2025-04,Demora en la entrega,Chat del sitio,Bogotá,Cerrado,1.4,57.1,True,5.0,False
PQR-202504-01152,2025-04-21,2025-04,Cambio o garantía,WhatsApp,Bogotá,Cerrado,2.3,67.3,True,5.0,False
PQR-202504-01153,2025-04-15,2025-04,Reclamo por precio o promoción,WhatsApp,Cali,Cerrado,0.2,34.7,True,4.0,False
PQR-202504-01154,2025-04-11,2025-04,Faltante en el pedido,Correo electrónico,Medellín,Cerrado,9.1,35.9,False,4.0,False
PQR-202504-01155,2025-04-02,2025-04,Demora en la entrega,WhatsApp,Barranquilla,Cerrado,0.2,9.1,True,4.0,False
PQR-202504-01156,2025-04-07,2025-04,Cambio o garantía,Instagram / redes,Bogotá,Cerrado,8.3,138.1,False,2.0,False
PQR-202504-01157,2025-04-23,2025-04,Producto averiado en transporte,Línea gratuita #590,Pereira,Cerrado,2.5,35.2,True,4.0,False
PQR-202504-01158,2025-04-05,2025-04,Solicitud de factura electrónica,WhatsApp,Barranquilla,Cerrado,0.2,16.2,True,4.0,False
PQR-202504-01159,2025-04-26,2025-04,Faltante en el pedido,WhatsApp,Santa Marta,Cerrado,0.2,1.5,True,4.0,False
PQR-202504-01160,2025-04-25,2025-04,Cambio o garantía,WhatsApp,Bogotá,Cerrado,0.8,46.4,True,4.0,False
PQR-202504-01161,2025-04-08,2025-04,Producto averiado en transporte,WhatsApp,Bogotá,Cerrado,1.1,2.5,True,3.0,False
PQR-202504-01162,2025-04-14,2025-04,Contenido incompleto del envase,Tienda física,Bogotá,Cerrado,1.8,118.6,True,3.0,False
PQR-202504-01163,2025-04-26,2025-04,Cambio o garantía,WhatsApp,Bucaramanga,Cerrado,3.2,11.8,True,4.0,False
PQR-202504-01164,2025-04-12,2025-04,Demora en la entrega,Chat del sitio,Cartagena,Cerrado,0.1,40.9,True,5.0,False
PQR-202504-01165,2025-04-12,2025-04,Duda sobre uso del producto,WhatsApp,Bogotá,Cerrado,0.5,3.5,True,3.0,False
PQR-202504-01166,2025-04-02,2025-04,Faltante en el pedido,Chat del sitio,Bogotá,Cerrado,9.2,24.3,False,3.0,False
PQR-202504-01167,2025-04-26,2025-04,Camiseta personalizada pendiente,Chat del sitio,Barranquilla,Escalado,1.1,13.2,True,4.0,True
PQR-202504-01168,2025-04-04,2025-04,Camiseta personalizada pendiente,WhatsApp,Bogotá,Cerrado,9.4,53.7,False,4.0,False
PQR-202504-01169,2025-04-09,2025-04,Faltante en el pedido,WhatsApp,Bogotá,Cerrado,0.8,180.8,True,2.0,False
PQR-202504-01170,2025-04-25,2025-04,Faltante en el pedido,Instagram / redes,Cali,Cerrado,3.2,26.8,True,3.0,False
PQR-202504-01171,2025-04-10,2025-04,Demora en la entrega,WhatsApp,Cali,Cerrado,1.4,24.1,True,4.0,False
PQR-202504-01172,2025-04-14,2025-04,Camiseta personalizada pendiente,Línea gratuita #590,Cali,Cerrado,12.9,48.2,False,4.0,False
PQR-202504-01173,2025-04-11,2025-04,Solicitud de factura electrónica,Línea gratuita #590,Barranquilla,Cerrado,0.2,36.1,True,5.0,False
PQR-202504-01174,2025-04-11,2025-04,Demora en la entrega,WhatsApp,Ibagué,Cerrado,1.7,66.2,True,2.0,False
PQR-202504-01175,2025-04-09,2025-04,Solicitud de factura electrónica,Línea gratuita #590,Barranquilla,Cerrado,0.7,20.4,True,4.0,False
PQR-202504-01176,2025-04-11,2025-04,Demora en la entrega,Tienda física,Barranquilla,Cerrado,2.7,7.3,True,5.0,False
PQR-202504-01177,2025-04-14,2025-04,Demora en la entrega,WhatsApp,Bogotá,Cerrado,2.3,71.6,True,5.0,False
PQR-202504-01178,2025-04-22,2025-04,Demora en la entrega,WhatsApp,Cali,Cerrado,0.1,65.7,True,4.0,False
PQR-202504-01179,2025-04-21,2025-04,Producto averiado en transporte,WhatsApp,Ibagué,Cerrado,5.1,37.1,False,4.0,False
PQR-202504-01180,2025-04-27,2025-04,Demora en la entrega,Instagram / redes,Bucaramanga,Cerrado,1.9,46.1,True,4.0,False
PQR-202504-01181,2025-04-07,2025-04,Duda sobre uso del producto,WhatsApp,Bogotá,Cerrado,0.5,3.0,True,5.0,False
PQR-202504-01182,2025-04-23,2025-04,Contenido incompleto del envase,Instagram / redes,Ibagué,Cerrado,12.1,13.8,False,4.0,False
PQR-202504-01183,2025-04-23,2025-04,Camiseta personalizada pendiente,Chat del sitio,Medellín,Escalado,1.3,16.1,True,5.0,True
PQR-202504-01184,2025-04-22,2025-04,Producto averiado en transporte,WhatsApp,Bogotá,Cerrado,3.8,6.4,True,3.0,False
PQR-202504-01185,2025-04-07,2025-04,Camiseta personalizada pendiente,Línea gratuita #590,Cali,Cerrado,1.8,34.4,True,4.0,False
PQR-202504-01186,2025-04-24,2025-04,Camiseta personalizada pendiente,WhatsApp,Medellín,Escalado,2.9,36.8,True,4.0,True
PQR-202504-01187,2025-04-03,2025-04,Faltante en el pedido,Instagram / redes,Cali,Cerrado,1.9,22.7,True,3.0,False
PQR-202504-01188,2025-04-16,2025-04,Faltante en el pedido,WhatsApp,Bogotá,Cerrado,1.5,19.4,True,4.0,False
PQR-202504-01189,2025-04-06,2025-04,Camiseta personalizada pendiente,Línea gratuita #590,Pereira,Cerrado,0.9,11.5,True,5.0,False
PQR-202504-01190,2025-04-01,2025-04,Evento adverso reportado,Chat del sitio,Barranquilla,Escalado,0.8,196.7,True,3.0,True
PQR-202504-01191,2025-04-26,2025-04,Contenido incompleto del envase,Chat del sitio,Bogotá,Escalado,0.6,66.8,True,4.0,True
PQR-202504-01192,2025-04-04,2025-04,Cambio o garantía,Línea gratuita #590,Bogotá,Cerrado,0.4,13.0,True,5.0,False
PQR-202504-01193,2025-04-14,2025-04,Faltante en el pedido,Instagram / redes,Armenia,Cerrado,17.8,56.6,False,3.0,False
PQR-202504-01194,2025-04-12,2025-04,Faltante en el pedido,Chat del sitio,Cali,Cerrado,2.1,5.4,True,5.0,False
PQR-202504-01195,2025-04-07,2025-04,Reclamo por precio o promoción,WhatsApp,Bogotá,Cerrado,1.0,50.4,True,4.0,False
PQR-202504-01196,2025-04-11,2025-04,Contenido incompleto del envase,WhatsApp,Bucaramanga,Escalado,2.3,6.2,True,4.0,True
PQR-202504-01197,2025-04-10,2025-04,Contenido incompleto del envase,Instagram / redes,Bogotá,Cerrado,14.3,104.2,False,4.0,False
PQR-202504-01198,2025-04-27,2025-04,Contenido incompleto del envase,WhatsApp,Cali,Cerrado,2.1,47.1,True,4.0,False
PQR-202504-01199,2025-04-27,2025-04,Demora en la entrega,Instagram / redes,Bogotá,Cerrado,7.7,26.2,False,4.0,False
PQR-202504-01200,2025-04-18,2025-04,Evento adverso reportado,Línea gratuita #590,Cali,Cerrado,16.8,119.1,False,4.0,True
PQR-202504-01201,2025-04-05,2025-04,Contenido incompleto del envase,Chat del sitio,Ibagué,Cerrado,2.2,63.4,True,5.0,False
PQR-202504-01202,2025-04-03,2025-04,Duda sobre uso del producto,Tienda física,Bogotá,Cerrado,1.7,6.6,True,4.0,False
PQR-202504-01203,2025-04-01,2025-04,Faltante en el pedido,Chat del sitio,Villavicencio,Cerrado,0.8,7.8,True,5.0,False
PQR-202504-01204,2025-04-04,2025-04,Faltante en el pedido,WhatsApp,Villavicencio,Cerrado,0.5,38.0,True,3.0,False
PQR-202504-01205,2025-04-07,2025-04,Evento adverso reportado,WhatsApp,Bucaramanga,Cerrado,2.7,176.2,True,3.0,True
PQR-202504-01206,2025-04-04,2025-04,Faltante en el pedido,WhatsApp,Bogotá,Cerrado,3.3,28.2,True,4.0,False
PQR-202504-01207,2025-04-15,2025-04,Solicitud de factura electrónica,WhatsApp,Cúcuta,Cerrado,1.0,14.4,True,4.0,False
PQR-202504-01208,2025-04-26,2025-04,Reclamo por precio o promoción,Chat del sitio,Bogotá,Cerrado,2.3,8.6,True,4.0,False
PQR-202504-01209,2025-04-03,2025-04,Demora en la entrega,Línea gratuita #590,Bogotá,Cerrado,0.1,13.4,True,4.0,False
PQR-202504-01210,2025-04-10,2025-04,Cambio o garantía,WhatsApp,Cartagena,Cerrado,0.1,14.3,True,3.0,False
PQR-202504-01211,2025-04-10,2025-04,Demora en la entrega,WhatsApp,Cali,Cerrado,1.5,42.0,True,4.0,False
PQR-202504-01212,2025-04-09,2025-04,Cambio o garantía,Chat del sitio,Bogotá,Cerrado,0.6,5.5,True,3.0,False
PQR-202504-01213,2025-04-17,2025-04,Demora en la entrega,Línea gratuita #590,Medellín,Cerrado,1.0,2.0,True,3.0,False
PQR-202504-01214,2025-04-25,2025-04,Camiseta personalizada pendiente,Chat del sitio,Barranquilla,Escalado,0.3,69.1,True,3.0,True
PQR-202504-01215,2025-04-17,2025-04,Solicitud de factura electrónica,Instagram / redes,Medellín,Cerrado,0.4,13.5,True,4.0,False
PQR-202504-01216,2025-04-14,2025-04,Demora en la entrega,WhatsApp,Barranquilla,Cerrado,1.0,16.8,True,3.0,False
PQR-202504-01217,2025-04-06,2025-04,Demora en la entrega,Línea gratuita #590,Barranquilla,Cerrado,4.1,13.0,False,4.0,False
PQR-202504-01218,2025-04-14,2025-04,Producto averiado en transporte,WhatsApp,Medellín,Cerrado,0.4,47.4,True,5.0,False
PQR-202504-01219,2025-04-07,2025-04,Demora en la entrega,Línea gratuita #590,Bogotá,Cerrado,3.0,56.1,True,2.0,False
PQR-202504-01220,2025-04-12,2025-04,Reclamo por precio o promoción,WhatsApp,Pereira,Cerrado,0.7,35.3,True,3.0,False
PQR-202504-01221,2025-04-02,2025-04,Demora en la entrega,Chat del sitio,Neiva,Cerrado,2.8,43.0,True,3.0,False
PQR-202504-01222,2025-04-09,2025-04,Reclamo por precio o promoción,WhatsApp,Medellín,Cerrado,0.3,44.9,True,4.0,False
PQR-202504-01223,2025-04-04,2025-04,Faltante en el pedido,WhatsApp,Bucaramanga,Cerrado,2.4,27.6,True,3.0,False
PQR-202504-01224,2025-04-08,2025-04,Faltante en el pedido,Instagram / redes,Cali,Cerrado,1.9,30.0,True,3.0,False
PQR-202504-01225,2025-04-27,2025-04,Demora en la entrega,Línea gratuita #590,Santa Marta,Cerrado,3.8,5.5,True,4.0,False
PQR-202504-01226,2025-04-19,2025-04,Reclamo por precio o promoción,WhatsApp,Barranquilla,Cerrado,0.8,18.6,True,4.0,False
PQR-202504-01227,2025-04-21,2025-04,Demora en la entrega,Chat del sitio,Barranquilla,Cerrado,0.3,110.3,True,4.0,False
PQR-202504-01228,2025-04-11,2025-04,Cambio o garantía,Tienda física,Bucaramanga,Cerrado,1.6,51.0,True,5.0,False
PQR-202504-01229,2025-04-02,2025-04,Demora en la entrega,WhatsApp,Cali,Cerrado,2.1,18.9,True,4.0,False
PQR-202504-01230,2025-04-20,2025-04,Contenido incompleto del envase,Línea gratuita #590,Bogotá,Cerrado,7.1,8.1,False,2.0,False
PQR-202504-01231,2025-04-07,2025-04,Cambio o garantía,Chat del sitio,Cali,Cerrado,1.1,109.9,True,3.0,False
PQR-202504-01232,2025-04-26,2025-04,Solicitud de factura electrónica,Línea gratuita #590,Bogotá,Cerrado,0.3,15.5,True,3.0,False
PQR-202504-01233,2025-04-04,2025-04,Demora en la entrega,Chat del sitio,Cúcuta,Cerrado,4.3,5.9,False,5.0,False
PQR-202504-01234,2025-04-10,2025-04,Faltante en el pedido,Línea gratuita #590,Bucaramanga,Cerrado,7.8,24.2,False,3.0,False
PQR-202504-01235,2025-04-22,2025-04,Reclamo por precio o promoción,WhatsApp,Medellín,Cerrado,1.9,5.2,True,4.0,False
PQR-202504-01236,2025-04-17,2025-04,Duda sobre uso del producto,WhatsApp,Bogotá,Cerrado,0.1,1.1,True,4.0,False
PQR-202504-01237,2025-04-19,2025-04,Faltante en el pedido,WhatsApp,Pasto,Cerrado,4.8,29.1,False,4.0,False
PQR-202504-01238,2025-04-14,2025-04,Demora en la entrega,WhatsApp,Barranquilla,Cerrado,1.0,4.2,True,4.0,False
PQR-202504-01239,2025-04-15,2025-04,Demora en la entrega,Tienda física,Villavicencio,Cerrado,0.4,28.5,True,4.0,False
PQR-202504-01240,2025-04-23,2025-04,Demora en la entrega,Instagram / redes,Cali,Cerrado,0.5,7.0,True,4.0,False
PQR-202504-01241,2025-04-17,2025-04,Evento adverso reportado,Correo electrónico,Cali,Cerrado,15.4,29.4,False,4.0,True
PQR-202504-01242,2025-04-14,2025-04,Contenido incompleto del envase,WhatsApp,Cali,Cerrado,0.9,7.9,True,4.0,False
PQR-202504-01243,2025-04-14,2025-04,Demora en la entrega,Instagram / redes,Medellín,Cerrado,6.9,18.2,False,3.0,False
PQR-202504-01244,2025-04-22,2025-04,Faltante en el pedido,Instagram / redes,Bogotá,Cerrado,3.0,19.5,True,3.0,False
PQR-202504-01245,2025-04-05,2025-04,Demora en la entrega,Instagram / redes,Medellín,Cerrado,19.7,25.3,False,4.0,False
PQR-202504-01246,2025-04-14,2025-04,Faltante en el pedido,Instagram / redes,Medellín,Cerrado,10.5,11.5,False,3.0,False
PQR-202504-01247,2025-04-12,2025-04,Demora en la entrega,WhatsApp,Bogotá,Cerrado,0.4,48.8,True,4.0,False
PQR-202504-01248,2025-04-20,2025-04,Faltante en el pedido,WhatsApp,Medellín,Cerrado,1.3,25.9,True,3.0,False
PQR-202504-01249,2025-04-27,2025-04,Producto averiado en transporte,Tienda física,Bogotá,Cerrado,0.7,27.4,True,4.0,False
PQR-202504-01250,2025-04-18,2025-04,Demora en la entrega,Chat del sitio,Medellín,Cerrado,1.0,48.3,True,3.0,False
PQR-202504-01251,2025-04-27,2025-04,Contenido incompleto del envase,WhatsApp,Bogotá,Escalado,0.5,21.5,True,4.0,True
PQR-202504-01252,2025-04-16,2025-04,Contenido incompleto del envase,Línea gratuita #590,Cali,Escalado,2.5,155.8,True,1.0,True
PQR-202504-01253,2025-04-16,2025-04,Producto averiado en transporte,Línea gratuita #590,Bogotá,Cerrado,1.1,68.8,True,3.0,False
PQR-202504-01254,2025-04-24,2025-04,Duda sobre uso del producto,WhatsApp,Cartagena,Cerrado,0.1,2.4,True,5.0,False
PQR-202504-01255,2025-04-08,2025-04,Demora en la entrega,Chat del sitio,Bucaramanga,Cerrado,1.3,23.6,True,4.0,False
PQR-202504-01256,2025-04-23,2025-04,Faltante en el pedido,Correo electrónico,Bogotá,Cerrado,2.4,27.3,True,5.0,False
PQR-202504-01257,2025-04-10,2025-04,Reclamo por precio o promoción,Instagram / redes,Bogotá,Cerrado,1.5,4.6,True,2.0,False
PQR-202504-01258,2025-04-22,2025-04,Demora en la entrega,Chat del sitio,Barranquilla,Cerrado,0.1,38.9,True,3.0,False
PQR-202504-01259,2025-04-16,2025-04,Cambio o garantía,Correo electrónico,Barranquilla,Cerrado,3.7,28.3,True,4.0,False
PQR-202504-01260,2025-04-01,2025-04,Demora en la entrega,Chat del sitio,Neiva,Cerrado,1.1,7.0,True,4.0,False
PQR-202504-01261,2025-04-27,2025-04,Producto averiado en transporte,WhatsApp,Armenia,Cerrado,3.5,49.0,True,4.0,False
PQR-202504-01262,2025-04-12,2025-04,Demora en la entrega,Correo electrónico,Bogotá,Cerrado,12.7,58.7,False,4.0,False
PQR-202504-01263,2025-04-08,2025-04,Demora en la entrega,Instagram / redes,Cali,Cerrado,10.8,20.3,False,4.0,False
PQR-202504-01264,2025-04-04,2025-04,Cambio o garantía,Línea gratuita #590,Bucaramanga,Cerrado,2.1,45.9,True,4.0,False
PQR-202504-01265,2025-04-08,2025-04,Producto averiado en transporte,Línea gratuita #590,Cali,Cerrado,6.1,13.0,False,3.0,False
PQR-202504-01266,2025-04-17,2025-04,Camiseta personalizada pendiente,Chat del sitio,Bogotá,Escalado,4.3,5.3,False,4.0,True
PQR-202504-01267,2025-04-27,2025-04,Contenido incompleto del envase,WhatsApp,Cali,Escalado,3.9,9.5,True,3.0,True
PQR-202504-01268,2025-04-13,2025-04,Demora en la entrega,Línea gratuita #590,Villavicencio,Cerrado,0.4,9.2,True,4.0,False
PQR-202504-01269,2025-04-01,2025-04,Producto averiado en transporte,Correo electrónico,Cali,Cerrado,4.1,42.7,False,3.0,False
PQR-202504-01270,2025-04-06,2025-04,Solicitud de factura electrónica,Tienda física,Bogotá,Cerrado,1.7,10.6,True,4.0,False
PQR-202504-01271,2025-04-21,2025-04,Demora en la entrega,Línea gratuita #590,Cúcuta,Cerrado,1.3,22.7,True,3.0,False
PQR-202504-01272,2025-04-15,2025-04,Producto averiado en transporte,Chat del sitio,Cartagena,Cerrado,0.2,51.4,True,4.0,False
PQR-202504-01273,2025-04-18,2025-04,Solicitud de factura electrónica,WhatsApp,Medellín,Cerrado,0.4,7.0,True,4.0,False
PQR-202504-01274,2025-04-25,2025-04,Faltante en el pedido,Tienda física,Bogotá,Cerrado,1.3,20.1,True,4.0,False
PQR-202504-01275,2025-04-10,2025-04,Cambio o garantía,Línea gratuita #590,Barranquilla,Cerrado,3.3,38.6,True,4.0,False
PQR-202504-01276,2025-04-07,2025-04,Faltante en el pedido,Línea gratuita #590,Bucaramanga,Cerrado,0.9,7.8,True,3.0,False
PQR-202504-01277,2025-04-27,2025-04,Reclamo por precio o promoción,WhatsApp,Bogotá,Cerrado,0.7,12.0,True,5.0,False
PQR-202504-01278,2025-04-22,2025-04,Camiseta personalizada pendiente,WhatsApp,Medellín,Escalado,1.3,7.3,True,3.0,True
PQR-202504-01279,2025-04-17,2025-04,Contenido incompleto del envase,Tienda física,Bogotá,Escalado,2.1,14.6,True,4.0,True
PQR-202504-01280,2025-04-01,2025-04,Demora en la entrega,Instagram / redes,Bogotá,Cerrado,3.7,46.3,True,5.0,False
PQR-202504-01281,2025-04-13,2025-04,Reclamo por precio o promoción,WhatsApp,Cúcuta,Cerrado,0.7,96.7,True,4.0,False
PQR-202504-01282,2025-04-25,2025-04,Demora en la entrega,WhatsApp,Bogotá,Cerrado,0.6,35.9,True,3.0,False
PQR-202504-01283,2025-04-27,2025-04,Producto averiado en transporte,WhatsApp,Barranquilla,Cerrado,1.1,24.2,True,4.0,False
PQR-202504-01284,2025-04-21,2025-04,Reclamo por precio o promoción,WhatsApp,Barranquilla,Cerrado,2.1,24.4,True,3.0,False
PQR-202504-01285,2025-04-17,2025-04,Solicitud de factura electrónica,Línea gratuita #590,Cali,Cerrado,0.8,2.8,True,3.0,False
PQR-202504-01286,2025-04-10,2025-04,Camiseta personalizada pendiente,Chat del sitio,Ibagué,Cerrado,0.4,7.8,True,5.0,False
PQR-202504-01287,2025-04-04,2025-04,Reclamo por precio o promoción,WhatsApp,Cali,Cerrado,0.2,16.4,True,2.0,False
PQR-202504-01288,2025-04-07,2025-04,Faltante en el pedido,Chat del sitio,Bogotá,Cerrado,1.0,21.3,True,3.0,False
PQR-202504-01289,2025-04-03,2025-04,Faltante en el pedido,Tienda física,Bogotá,Cerrado,6.5,35.7,False,3.0,False
PQR-202504-01290,2025-04-01,2025-04,Faltante en el pedido,Chat del sitio,Barranquilla,Cerrado,0.3,1.3,True,4.0,False
PQR-202504-01291,2025-04-27,2025-04,Camiseta personalizada pendiente,WhatsApp,Villavicencio,Cerrado,0.2,11.0,True,3.0,False
PQR-202504-01292,2025-04-22,2025-04,Faltante en el pedido,Correo electrónico,Cali,Cerrado,39.3,53.7,False,4.0,False
PQR-202504-01293,2025-04-12,2025-04,Camiseta personalizada pendiente,Chat del sitio,Bucaramanga,Cerrado,1.1,14.1,True,3.0,False
PQR-202504-01294,2025-04-06,2025-04,Contenido incompleto del envase,WhatsApp,Cartagena,Cerrado,0.7,5.8,True,4.0,False
PQR-202504-01295,2025-04-11,2025-04,Camiseta personalizada pendiente,Tienda física,Medellín,Cerrado,4.1,43.9,False,3.0,False
PQR-202504-01296,2025-04-04,2025-04,Contenido incompleto del envase,Línea gratuita #590,Cali,Cerrado,3.2,6.5,True,4.0,False
PQR-202504-01297,2025-04-27,2025-04,Demora en la entrega,WhatsApp,Manizales,Cerrado,0.1,8.6,True,4.0,False
PQR-202504-01298,2025-04-17,2025-04,Demora en la entrega,WhatsApp,Bucaramanga,Cerrado,2.3,23.3,True,4.0,False
PQR-202504-01299,2025-04-11,2025-04,Demora en la entrega,Instagram / redes,Cali,Cerrado,0.4,5.4,True,4.0,False
PQR-202504-01300,2025-04-19,2025-04,Solicitud de factura electrónica,WhatsApp,Bogotá,Cerrado,0.1,15.0,True,5.0,False
PQR-202504-01301,2025-04-24,2025-04,Demora en la entrega,Línea gratuita #590,Medellín,Cerrado,2.9,3.9,True,3.0,False
PQR-202504-01302,2025-04-12,2025-04,Faltante en el pedido,Línea gratuita #590,Armenia,Cerrado,0.1,108.0,True,2.0,False
PQR-202504-01303,2025-04-12,2025-04,Camiseta personalizada pendiente,WhatsApp,Bucaramanga,Cerrado,1.9,100.6,True,3.0,False
PQR-202504-01304,2025-04-22,2025-04,Demora en la entrega,Línea gratuita #590,Medellín,Cerrado,3.9,44.3,True,4.0,False
PQR-202504-01305,2025-04-10,2025-04,Faltante en el pedido,Correo electrónico,Cali,Cerrado,11.6,58.6,False,3.0,False
PQR-202504-01306,2025-04-22,2025-04,Reclamo por precio o promoción,Línea gratuita #590,Cali,Cerrado,1.1,16.5,True,4.0,False
PQR-202504-01307,2025-04-06,2025-04,Faltante en el pedido,Chat del sitio,Cali,Cerrado,1.6,98.6,True,3.0,False
PQR-202504-01308,2025-04-21,2025-04,Cambio o garantía,Línea gratuita #590,Bogotá,Cerrado,1.2,14.3,True,4.0,False
PQR-202504-01309,2025-04-19,2025-04,Reclamo por precio o promoción,Instagram / redes,Barranquilla,Cerrado,0.7,23.8,True,4.0,False
PQR-202504-01310,2025-04-11,2025-04,Demora en la entrega,WhatsApp,Pereira,Cerrado,2.1,41.9,True,4.0,False
PQR-202504-01311,2025-04-02,2025-04,Faltante en el pedido,Chat del sitio,Bogotá,Cerrado,1.0,113.0,True,1.0,False
PQR-202504-01312,2025-04-25,2025-04,Demora en la entrega,WhatsApp,Villavicencio,Cerrado,0.1,18.0,True,4.0,False
PQR-202504-01313,2025-04-04,2025-04,Producto averiado en transporte,Línea gratuita #590,Medellín,Cerrado,1.0,8.5,True,4.0,False
PQR-202504-01314,2025-04-13,2025-04,Faltante en el pedido,Chat del sitio,Santa Marta,Cerrado,0.1,1.4,True,4.0,False
PQR-202504-01315,2025-04-16,2025-04,Solicitud de factura electrónica,Tienda física,Cali,Cerrado,0.7,9.7,True,5.0,False
PQR-202504-01316,2025-04-08,2025-04,Reclamo por precio o promoción,Tienda física,Bogotá,Cerrado,1.5,53.4,True,5.0,False
PQR-202504-01317,2025-04-09,2025-04,Demora en la entrega,WhatsApp,Cali,Cerrado,2.2,18.2,True,3.0,False
PQR-202504-01318,2025-04-17,2025-04,Solicitud de factura electrónica,WhatsApp,Medellín,Cerrado,1.2,4.6,True,3.0,False
PQR-202504-01319,2025-04-14,2025-04,Demora en la entrega,WhatsApp,Pereira,Cerrado,3.2,9.5,True,4.0,False
PQR-202504-01320,2025-04-12,2025-04,Reclamo por precio o promoción,Chat del sitio,Cali,Cerrado,0.3,2.0,True,3.0,False
PQR-202504-01321,2025-04-12,2025-04,Reclamo por precio o promoción,Tienda física,Bogotá,Cerrado,0.6,22.0,True,3.0,False
PQR-202504-01322,2025-04-25,2025-04,Solicitud de factura electrónica,Línea gratuita #590,Pasto,Cerrado,2.6,28.7,True,4.0,False
PQR-202504-01323,2025-04-04,2025-04,Demora en la entrega,WhatsApp,Cali,Cerrado,3.5,81.7,True,2.0,False
PQR-202504-01324,2025-04-04,2025-04,Producto averiado en transporte,WhatsApp,Bogotá,Cerrado,0.5,42.8,True,4.0,False
PQR-202504-01325,2025-04-19,2025-04,Evento adverso reportado,WhatsApp,Bogotá,Cerrado,1.7,23.5,True,3.0,True
PQR-202504-01326,2025-04-18,2025-04,Demora en la entrega,WhatsApp,Bogotá,Cerrado,1.1,61.0,True,4.0,False
PQR-202504-01327,2025-04-27,2025-04,Demora en la entrega,WhatsApp,Bogotá,Cerrado,0.2,52.6,True,3.0,False
PQR-202504-01328,2025-04-26,2025-04,Solicitud de factura electrónica,Línea gratuita #590,Barranquilla,Cerrado,1.0,16.6,True,4.0,False
PQR-202504-01329,2025-04-23,2025-04,Camiseta personalizada pendiente,WhatsApp,Cúcuta,Escalado,1.9,2.9,True,2.0,True
PQR-202504-01330,2025-04-16,2025-04,Faltante en el pedido,Instagram / redes,Cali,Cerrado,21.6,125.5,False,2.0,False
PQR-202504-01331,2025-04-06,2025-04,Faltante en el pedido,WhatsApp,Medellín,Cerrado,1.2,43.9,True,4.0,False
PQR-202504-01332,2025-04-21,2025-04,Demora en la entrega,Línea gratuita #590,Barranquilla,Cerrado,1.4,18.8,True,3.0,False
PQR-202504-01333,2025-04-21,2025-04,Duda sobre uso del producto,WhatsApp,Medellín,Cerrado,0.2,21.8,True,3.0,False
PQR-202504-01334,2025-04-16,2025-04,Producto averiado en transporte,Tienda física,Medellín,Cerrado,3.0,26.7,True,4.0,False
PQR-202504-01335,2025-04-05,2025-04,Demora en la entrega,WhatsApp,Cali,Cerrado,0.1,58.5,True,4.0,False
PQR-202504-01336,2025-04-22,2025-04,Producto averiado en transporte,Tienda física,Medellín,Cerrado,0.4,5.0,True,3.0,False
PQR-202504-01337,2025-04-07,2025-04,Camiseta personalizada pendiente,Correo electrónico,Bogotá,Cerrado,10.7,21.3,False,4.0,False
PQR-202504-01338,2025-04-20,2025-04,Camiseta personalizada pendiente,WhatsApp,Bogotá,Cerrado,1.9,79.5,True,3.0,False
PQR-202504-01339,2025-04-24,2025-04,Faltante en el pedido,Tienda física,Bogotá,Cerrado,7.2,12.7,False,5.0,False
PQR-202504-01340,2025-04-27,2025-04,Cambio o garantía,WhatsApp,Bogotá,Cerrado,3.3,5.1,True,3.0,False
PQR-202504-01341,2025-04-25,2025-04,Solicitud de factura electrónica,Línea gratuita #590,Cúcuta,Cerrado,1.9,13.4,True,3.0,False
PQR-202504-01342,2025-04-20,2025-04,Producto averiado en transporte,WhatsApp,Bogotá,Cerrado,3.0,25.7,True,2.0,False
PQR-202504-01343,2025-04-27,2025-04,Producto averiado en transporte,Línea gratuita #590,Bogotá,Cerrado,9.7,22.6,False,5.0,False
PQR-202504-01344,2025-04-25,2025-04,Solicitud de factura electrónica,Chat del sitio,Bucaramanga,Cerrado,0.1,1.2,True,4.0,False
PQR-202504-01345,2025-04-17,2025-04,Demora en la entrega,Línea gratuita #590,Bogotá,Cerrado,1.4,16.1,True,3.0,False
PQR-202504-01346,2025-04-10,2025-04,Faltante en el pedido,WhatsApp,Bogotá,Cerrado,1.1,8.4,True,5.0,False
PQR-202504-01347,2025-04-12,2025-04,Solicitud de factura electrónica,Línea gratuita #590,Cali,Cerrado,0.6,24.1,True,4.0,False
PQR-202504-01348,2025-04-15,2025-04,Solicitud de factura electrónica,Instagram / redes,Bucaramanga,Cerrado,2.1,43.1,True,3.0,False
PQR-202504-01349,2025-04-15,2025-04,Demora en la entrega,WhatsApp,Pasto,Cerrado,1.7,2.7,True,4.0,False
PQR-202504-01350,2025-04-16,2025-04,Reclamo por precio o promoción,Tienda física,Cartagena,Cerrado,1.0,5.7,True,4.0,False
PQR-202504-01351,2025-04-06,2025-04,Demora en la entrega,WhatsApp,Cali,Cerrado,1.0,23.9,True,4.0,False
PQR-202504-01352,2025-04-16,2025-04,Demora en la entrega,WhatsApp,Bogotá,Cerrado,1.2,69.0,True,5.0,False
PQR-202504-01353,2025-04-19,2025-04,Contenido incompleto del envase,WhatsApp,Manizales,Cerrado,5.2,6.3,False,4.0,False
PQR-202504-01354,2025-04-27,2025-04,Evento adverso reportado,WhatsApp,Bogotá,Escalado,4.0,38.3,False,4.0,True
PQR-202504-01355,2025-04-01,2025-04,Evento adverso reportado,WhatsApp,Bucaramanga,Cerrado,1.9,86.0,True,1.0,True
PQR-202504-01356,2025-04-26,2025-04,Demora en la entrega,WhatsApp,Medellín,Cerrado,1.7,64.4,True,4.0,False
PQR-202504-01357,2025-04-11,2025-04,Producto averiado en transporte,Correo electrónico,Bogotá,Cerrado,55.5,69.9,False,4.0,False
PQR-202504-01358,2025-04-10,2025-04,Producto averiado en transporte,WhatsApp,Bogotá,Cerrado,2.2,50.9,True,5.0,False
PQR-202504-01359,2025-04-24,2025-04,Reclamo por precio o promoción,Línea gratuita #590,Cúcuta,Cerrado,1.1,2.8,True,5.0,False
PQR-202504-01360,2025-04-20,2025-04,Solicitud de factura electrónica,Línea gratuita #590,Ibagué,Cerrado,0.2,23.0,True,4.0,False
PQR-202504-01361,2025-04-07,2025-04,Cambio o garantía,WhatsApp,Bogotá,Cerrado,4.6,15.4,False,5.0,False
PQR-202504-01362,2025-04-26,2025-04,Faltante en el pedido,Instagram / redes,Cali,Cerrado,3.8,24.7,True,3.0,False
PQR-202504-01363,2025-04-10,2025-04,Cambio o garantía,Chat del sitio,Cali,Cerrado,1.4,43.5,True,4.0,False
PQR-202504-01364,2025-04-19,2025-04,Faltante en el pedido,WhatsApp,Villavicencio,Cerrado,1.3,45.5,True,3.0,False
PQR-202504-01365,2025-04-16,2025-04,Camiseta personalizada pendiente,WhatsApp,Medellín,Cerrado,2.5,29.7,True,4.0,False
PQR-202504-01366,2025-04-15,2025-04,Camiseta personalizada pendiente,WhatsApp,Neiva,Cerrado,0.7,102.7,True,4.0,False
PQR-202504-01367,2025-04-09,2025-04,Producto averiado en transporte,Instagram / redes,Cali,Cerrado,0.1,2.9,True,2.0,False
PQR-202504-01368,2025-04-13,2025-04,Camiseta personalizada pendiente,WhatsApp,Cali,Escalado,1.0,36.7,True,1.0,True
PQR-202504-01369,2025-04-25,2025-04,Solicitud de factura electrónica,Chat del sitio,Bogotá,Cerrado,0.2,6.8,True,3.0,False
PQR-202504-01370,2025-04-20,2025-04,Faltante en el pedido,Instagram / redes,Bogotá,Cerrado,4.6,6.7,False,3.0,False
PQR-202504-01371,2025-04-24,2025-04,Demora en la entrega,WhatsApp,Ibagué,Cerrado,0.2,3.9,True,5.0,False
PQR-202504-01372,2025-04-01,2025-04,Faltante en el pedido,Chat del sitio,Barranquilla,Cerrado,0.3,10.7,True,3.0,False
PQR-202504-01373,2025-04-21,2025-04,Demora en la entrega,Chat del sitio,Bogotá,Cerrado,1.6,8.6,True,3.0,False
PQR-202504-01374,2025-04-10,2025-04,Camiseta personalizada pendiente,WhatsApp,Medellín,Cerrado,3.8,24.0,True,3.0,False
PQR-202504-01375,2025-04-08,2025-04,Demora en la entrega,WhatsApp,Cali,Cerrado,5.6,20.3,False,3.0,False
PQR-202504-01376,2025-04-25,2025-04,Camiseta personalizada pendiente,Línea gratuita #590,Bucaramanga,Escalado,2.3,18.7,True,3.0,True
PQR-202504-01377,2025-04-18,2025-04,Evento adverso reportado,WhatsApp,Ibagué,Cerrado,4.0,96.8,True,3.0,True
PQR-202504-01378,2025-04-13,2025-04,Cambio o garantía,WhatsApp,Manizales,Cerrado,1.8,16.3,True,4.0,False
PQR-202504-01379,2025-04-07,2025-04,Duda sobre uso del producto,WhatsApp,Bogotá,Cerrado,1.3,10.6,True,3.0,False
PQR-202504-01380,2025-04-24,2025-04,Camiseta personalizada pendiente,Instagram / redes,Bogotá,Escalado,2.4,61.9,True,4.0,True
PQR-202504-01381,2025-04-13,2025-04,Faltante en el pedido,Instagram / redes,Medellín,Cerrado,1.7,14.0,True,4.0,False
PQR-202504-01382,2025-04-12,2025-04,Demora en la entrega,Chat del sitio,Medellín,Cerrado,0.3,44.9,True,3.0,False
PQR-202504-01383,2025-04-09,2025-04,Contenido incompleto del envase,WhatsApp,Barranquilla,Cerrado,4.7,83.7,False,4.0,False
PQR-202504-01384,2025-04-22,2025-04,Evento adverso reportado,Línea gratuita #590,Bogotá,Cerrado,8.7,55.3,False,2.0,True
PQR-202504-01385,2025-04-13,2025-04,Camiseta personalizada pendiente,Instagram / redes,Manizales,Cerrado,6.3,12.4,False,4.0,False
PQR-202504-01386,2025-04-07,2025-04,Camiseta personalizada pendiente,Instagram / redes,Bogotá,Cerrado,13.7,19.6,False,3.0,False
PQR-202504-01387,2025-04-19,2025-04,Camiseta personalizada pendiente,WhatsApp,Cali,Cerrado,0.1,55.6,True,3.0,False
PQR-202504-01388,2025-04-21,2025-04,Demora en la entrega,WhatsApp,Bogotá,Cerrado,1.8,16.0,True,4.0,False
PQR-202504-01389,2025-04-26,2025-04,Camiseta personalizada pendiente,Correo electrónico,Pereira,Cerrado,14.3,120.2,False,4.0,False
PQR-202504-01390,2025-04-11,2025-04,Duda sobre uso del producto,Chat del sitio,Bogotá,Cerrado,0.8,16.0,True,4.0,False
PQR-202504-01391,2025-04-12,2025-04,Duda sobre uso del producto,WhatsApp,Bogotá,Cerrado,0.3,16.4,True,4.0,False
PQR-202504-01392,2025-04-06,2025-04,Camiseta personalizada pendiente,Tienda física,Cali,Escalado,1.9,147.1,True,3.0,True
PQR-202504-01393,2025-04-13,2025-04,Faltante en el pedido,WhatsApp,Armenia,Cerrado,4.1,15.5,False,2.0,False
PQR-202504-01394,2025-04-06,2025-04,Faltante en el pedido,WhatsApp,Cali,Cerrado,0.7,17.8,True,3.0,False
PQR-202504-01395,2025-04-21,2025-04,Reclamo por precio o promoción,Línea gratuita #590,Bogotá,Cerrado,3.6,17.0,True,3.0,False
PQR-202504-01396,2025-04-22,2025-04,Demora en la entrega,Línea gratuita #590,Medellín,Cerrado,0.9,8.4,True,3.0,False
PQR-202504-01397,2025-04-06,2025-04,Camiseta personalizada pendiente,Correo electrónico,Bucaramanga,Escalado,16.8,163.6,False,1.0,True
PQR-202504-01398,2025-04-15,2025-04,Reclamo por precio o promoción,Instagram / redes,Cali,Cerrado,1.4,3.4,True,4.0,False
PQR-202504-01399,2025-04-11,2025-04,Demora en la entrega,Chat del sitio,Bucaramanga,Cerrado,0.9,9.0,True,4.0,False
PQR-202504-01400,2025-04-10,2025-04,Demora en la entrega,Chat del sitio,Cali,Cerrado,1.4,123.6,True,4.0,False
PQR-202504-01401,2025-04-11,2025-04,Producto averiado en transporte,Línea gratuita #590,Bogotá,Cerrado,1.9,9.6,True,5.0,False
PQR-202504-01402,2025-04-11,2025-04,Demora en la entrega,WhatsApp,Cúcuta,Cerrado,1.8,86.5,True,3.0,False
PQR-202504-01403,2025-04-05,2025-04,Producto averiado en transporte,WhatsApp,Bogotá,Cerrado,0.9,12.3,True,3.0,False
PQR-202504-01404,2025-04-14,2025-04,Camiseta personalizada pendiente,WhatsApp,Bogotá,Cerrado,0.8,115.5,True,3.0,False
PQR-202505-01405,2025-05-22,2025-05,Producto averiado en transporte,WhatsApp,Bucaramanga,Cerrado,1.5,34.0,True,5.0,False
PQR-202505-01406,2025-05-27,2025-05,Reclamo por precio o promoción,Instagram / redes,Cali,Cerrado,1.2,7.9,True,5.0,False
PQR-202505-01407,2025-05-16,2025-05,Producto averiado en transporte,Chat del sitio,Ibagué,Cerrado,0.3,7.2,True,4.0,False
PQR-202505-01408,2025-05-04,2025-05,Solicitud de factura electrónica,WhatsApp,Bogotá,Cerrado,1.5,50.1,True,3.0,False
PQR-202505-01409,2025-05-24,2025-05,Duda sobre uso del producto,Chat del sitio,Bogotá,Cerrado,0.1,8.0,True,3.0,False
PQR-202505-01410,2025-05-12,2025-05,Solicitud de factura electrónica,Chat del sitio,Bogotá,Cerrado,0.3,34.5,True,4.0,False
PQR-202505-01411,2025-05-03,2025-05,Duda sobre uso del producto,Instagram / redes,Cartagena,Cerrado,2.8,3.8,True,4.0,False
PQR-202505-01412,2025-05-23,2025-05,Faltante en el pedido,WhatsApp,Bogotá,Cerrado,0.2,4.4,True,5.0,False
PQR-202505-01413,2025-05-06,2025-05,Faltante en el pedido,WhatsApp,Medellín,Cerrado,0.6,28.0,True,5.0,False
PQR-202505-01414,2025-05-02,2025-05,Demora en la entrega,Instagram / redes,Medellín,Cerrado,7.9,17.8,False,3.0,False
PQR-202505-01415,2025-05-06,2025-05,Contenido incompleto del envase,Chat del sitio,Bogotá,Escalado,3.2,49.6,True,4.0,True
PQR-202505-01416,2025-05-27,2025-05,Demora en la entrega,Tienda física,Cúcuta,Cerrado,2.7,91.4,True,3.0,False
PQR-202505-01417,2025-05-15,2025-05,Producto averiado en transporte,Chat del sitio,Medellín,Cerrado,0.9,21.0,True,5.0,False
PQR-202505-01418,2025-05-03,2025-05,Demora en la entrega,WhatsApp,Cali,Cerrado,1.4,42.8,True,4.0,False
PQR-202505-01419,2025-05-12,2025-05,Demora en la entrega,WhatsApp,Pereira,Cerrado,2.7,35.6,True,4.0,False
PQR-202505-01420,2025-05-27,2025-05,Solicitud de factura electrónica,Instagram / redes,Cali,Cerrado,0.6,17.0,True,4.0,False
PQR-202505-01421,2025-05-15,2025-05,Producto averiado en transporte,Línea gratuita #590,Barranquilla,Cerrado,1.7,26.7,True,5.0,False
PQR-202505-01422,2025-05-10,2025-05,Camiseta personalizada pendiente,Línea gratuita #590,Pasto,Escalado,0.6,2.2,True,3.0,True
PQR-202505-01423,2025-05-01,2025-05,Solicitud de factura electrónica,WhatsApp,Pereira,Cerrado,0.1,5.6,True,4.0,False
PQR-202505-01424,2025-05-15,2025-05,Demora en la entrega,Chat del sitio,Santa Marta,Cerrado,1.7,53.3,True,4.0,False
PQR-202505-01425,2025-05-11,2025-05,Demora en la entrega,Chat del sitio,Bogotá,Cerrado,0.8,31.3,True,4.0,False
PQR-202505-01426,2025-05-02,2025-05,Producto averiado en transporte,WhatsApp,Barranquilla,Cerrado,1.2,21.3,True,5.0,False
PQR-202505-01427,2025-05-18,2025-05,Demora en la entrega,WhatsApp,Bogotá,Cerrado,0.4,15.2,True,4.0,False
PQR-202505-01428,2025-05-16,2025-05,Cambio o garantía,Chat del sitio,Barranquilla,Cerrado,7.1,8.1,False,3.0,False
PQR-202505-01429,2025-05-27,2025-05,Contenido incompleto del envase,Línea gratuita #590,Bogotá,Escalado,0.9,55.2,True,4.0,True
PQR-202505-01430,2025-05-20,2025-05,Demora en la entrega,Instagram / redes,Cali,Cerrado,6.2,18.3,False,4.0,False
PQR-202505-01431,2025-05-06,2025-05,Reclamo por precio o promoción,WhatsApp,Bogotá,Cerrado,0.1,2.9,True,2.0,False
PQR-202505-01432,2025-05-06,2025-05,Solicitud de factura electrónica,Tienda física,Cali,Cerrado,1.7,11.1,True,2.0,False
PQR-202505-01433,2025-05-21,2025-05,Producto averiado en transporte,Chat del sitio,Pereira,Cerrado,1.1,40.3,True,4.0,False
PQR-202505-01434,2025-05-23,2025-05,Faltante en el pedido,WhatsApp,Armenia,Cerrado,1.1,16.0,True,5.0,False
PQR-202505-01435,2025-05-22,2025-05,Demora en la entrega,Tienda física,Pereira,Cerrado,8.3,46.0,False,3.0,False
PQR-202505-01436,2025-05-22,2025-05,Reclamo por precio o promoción,WhatsApp,Bucaramanga,Cerrado,1.4,22.3,True,4.0,False
PQR-202505-01437,2025-05-26,2025-05,Faltante en el pedido,WhatsApp,Bogotá,Cerrado,1.3,62.4,True,4.0,False
PQR-202505-01438,2025-05-15,2025-05,Faltante en el pedido,Instagram / redes,Cali,Cerrado,8.5,67.1,False,3.0,False
PQR-202505-01439,2025-05-19,2025-05,Duda sobre uso del producto,WhatsApp,Cúcuta,Cerrado,0.8,1.8,True,5.0,False
PQR-202505-01440,2025-05-16,2025-05,Demora en la entrega,WhatsApp,Bogotá,Cerrado,0.1,5.1,True,4.0,False
PQR-202505-01441,2025-05-21,2025-05,Camiseta personalizada pendiente,WhatsApp,Cali,Escalado,4.4,9.4,False,3.0,True
PQR-202505-01442,2025-05-05,2025-05,Cambio o garantía,Instagram / redes,Bucaramanga,Cerrado,2.4,20.3,True,4.0,False
PQR-202505-01443,2025-05-24,2025-05,Demora en la entrega,Chat del sitio,Bogotá,Cerrado,0.1,1.5,True,5.0,False
PQR-202505-01444,2025-05-19,2025-05,Demora en la entrega,WhatsApp,Barranquilla,Cerrado,0.1,32.8,True,3.0,False
PQR-202505-01445,2025-05-26,2025-05,Demora en la entrega,Tienda física,Cali,Cerrado,8.0,65.3,False,3.0,False
PQR-202505-01446,2025-05-17,2025-05,Solicitud de factura electrónica,Chat del sitio,Medellín,Cerrado,0.1,10.3,True,5.0,False
PQR-202505-01447,2025-05-26,2025-05,Camiseta personalizada pendiente,WhatsApp,Bogotá,Escalado,0.9,78.6,True,2.0,True
PQR-202505-01448,2025-05-27,2025-05,Solicitud de factura electrónica,Chat del sitio,Bogotá,Cerrado,0.1,44.7,True,4.0,False
PQR-202505-01449,2025-05-20,2025-05,Faltante en el pedido,Línea gratuita #590,Bucaramanga,Cerrado,0.6,25.3,True,3.0,False
PQR-202505-01450,2025-05-04,2025-05,Camiseta personalizada pendiente,Tienda física,Cali,Cerrado,5.5,53.0,False,4.0,False
PQR-202505-01451,2025-05-20,2025-05,Contenido incompleto del envase,Chat del sitio,Medellín,Cerrado,1.8,40.3,True,3.0,False
PQR-202505-01452,2025-05-24,2025-05,Producto averiado en transporte,Línea gratuita #590,Cali,Cerrado,2.2,18.4,True,5.0,False
PQR-202505-01453,2025-05-06,2025-05,Demora en la entrega,Línea gratuita #590,Cali,Cerrado,3.4,4.4,True,4.0,False
PQR-202505-01454,2025-05-01,2025-05,Demora en la entrega,Correo electrónico,Barranquilla,Cerrado,27.6,81.0,False,4.0,False
PQR-202505-01455,2025-05-19,2025-05,Faltante en el pedido,WhatsApp,Bogotá,Cerrado,0.6,1.6,True,5.0,False
PQR-202505-01456,2025-05-27,2025-05,Demora en la entrega,Chat del sitio,Villavicencio,Cerrado,0.7,158.2,True,3.0,False
PQR-202505-01457,2025-05-14,2025-05,Contenido incompleto del envase,Tienda física,Bogotá,Cerrado,2.5,92.5,True,2.0,False
PQR-202505-01458,2025-05-21,2025-05,Contenido incompleto del envase,Línea gratuita #590,Cúcuta,Cerrado,6.2,75.9,False,3.0,False
PQR-202505-01459,2025-05-18,2025-05,Faltante en el pedido,Tienda física,Bogotá,Cerrado,17.2,28.1,False,5.0,False
PQR-202505-01460,2025-05-10,2025-05,Producto averiado en transporte,WhatsApp,Bucaramanga,Cerrado,0.1,63.8,True,4.0,False
PQR-202505-01461,2025-05-16,2025-05,Contenido incompleto del envase,Línea gratuita #590,Cali,Escalado,2.7,172.3,True,2.0,True
PQR-202505-01462,2025-05-04,2025-05,Cambio o garantía,WhatsApp,Bogotá,Cerrado,0.1,231.7,True,3.0,False
PQR-202505-01463,2025-05-04,2025-05,Duda sobre uso del producto,Instagram / redes,Bogotá,Cerrado,2.6,5.5,True,4.0,False
PQR-202505-01464,2025-05-01,2025-05,Solicitud de factura electrónica,WhatsApp,Pereira,Cerrado,1.0,42.3,True,3.0,False
PQR-202505-01465,2025-05-18,2025-05,Contenido incompleto del envase,Línea gratuita #590,Bogotá,Cerrado,7.4,46.4,False,4.0,False
PQR-202505-01466,2025-05-12,2025-05,Demora en la entrega,WhatsApp,Cartagena,Cerrado,1.4,21.4,True,4.0,False
PQR-202505-01467,2025-05-06,2025-05,Producto averiado en transporte,WhatsApp,Cartagena,Cerrado,1.3,15.1,True,3.0,False
PQR-202505-01468,2025-05-07,2025-05,Reclamo por precio o promoción,WhatsApp,Bogotá,Cerrado,1.5,26.6,True,4.0,False
PQR-202505-01469,2025-05-25,2025-05,Faltante en el pedido,Chat del sitio,Bogotá,Cerrado,3.1,24.4,True,4.0,False
PQR-202505-01470,2025-05-20,2025-05,Producto averiado en transporte,WhatsApp,Bogotá,Cerrado,1.4,33.3,True,4.0,False
PQR-202505-01471,2025-05-12,2025-05,Duda sobre uso del producto,WhatsApp,Medellín,Cerrado,0.2,15.7,True,4.0,False
PQR-202505-01472,2025-05-03,2025-05,Contenido incompleto del envase,WhatsApp,Barranquilla,Escalado,1.8,101.4,True,5.0,True
PQR-202505-01473,2025-05-14,2025-05,Evento adverso reportado,Instagram / redes,Bogotá,Escalado,32.2,58.7,False,3.0,True
PQR-202505-01474,2025-05-01,2025-05,Solicitud de factura electrónica,WhatsApp,Bogotá,Cerrado,0.5,28.6,True,4.0,False
PQR-202505-01475,2025-05-01,2025-05,Demora en la entrega,WhatsApp,Bogotá,Cerrado,0.8,3.0,True,4.0,False
PQR-202505-01476,2025-05-13,2025-05,Reclamo por precio o promoción,Línea gratuita #590,Bogotá,Cerrado,2.8,13.2,True,5.0,False
PQR-202505-01477,2025-05-10,2025-05,Contenido incompleto del envase,WhatsApp,Barranquilla,Escalado,0.9,186.9,True,4.0,True
PQR-202505-01478,2025-05-17,2025-05,Solicitud de factura electrónica,WhatsApp,Bogotá,Cerrado,0.5,25.7,True,3.0,False
PQR-202505-01479,2025-05-25,2025-05,Demora en la entrega,Línea gratuita #590,Bogotá,Cerrado,0.8,16.1,True,4.0,False
PQR-202505-01480,2025-05-07,2025-05,Faltante en el pedido,Línea gratuita #590,Cali,Cerrado,4.3,10.2,False,4.0,False
PQR-202505-01481,2025-05-07,2025-05,Camiseta personalizada pendiente,Correo electrónico,Cartagena,Cerrado,12.2,99.1,False,3.0,False
PQR-202505-01482,2025-05-09,2025-05,Faltante en el pedido,Línea gratuita #590,Bogotá,Cerrado,3.8,44.9,True,4.0,False
PQR-202505-01483,2025-05-18,2025-05,Reclamo por precio o promoción,Tienda física,Ibagué,Cerrado,2.7,4.8,True,3.0,False
PQR-202505-01484,2025-05-22,2025-05,Camiseta personalizada pendiente,Chat del sitio,Bogotá,Escalado,6.2,74.4,False,2.0,True
PQR-202505-01485,2025-05-14,2025-05,Camiseta personalizada pendiente,Chat del sitio,Cali,Escalado,2.1,33.6,True,4.0,True
PQR-202505-01486,2025-05-05,2025-05,Demora en la entrega,Instagram / redes,Bogotá,Cerrado,14.1,107.1,False,3.0,False
PQR-202505-01487,2025-05-02,2025-05,Demora en la entrega,WhatsApp,Cali,Cerrado,2.5,7.5,True,4.0,False
PQR-202505-01488,2025-05-07,2025-05,Demora en la entrega,Correo electrónico,Pereira,Cerrado,12.5,15.1,False,4.0,False
PQR-202505-01489,2025-05-04,2025-05,Duda sobre uso del producto,Instagram / redes,Barranquilla,Cerrado,0.7,8.5,True,3.0,False
PQR-202505-01490,2025-05-21,2025-05,Demora en la entrega,Chat del sitio,Bogotá,Cerrado,1.5,16.0,True,4.0,False
PQR-202505-01491,2025-05-06,2025-05,Reclamo por precio o promoción,WhatsApp,Barranquilla,Cerrado,0.7,5.9,True,4.0,False
PQR-202505-01492,2025-05-21,2025-05,Faltante en el pedido,Línea gratuita #590,Manizales,Cerrado,3.2,20.0,True,3.0,False
PQR-202505-01493,2025-05-11,2025-05,Cambio o garantía,Chat del sitio,Barranquilla,Cerrado,0.8,39.0,True,4.0,False
PQR-202505-01494,2025-05-03,2025-05,Reclamo por precio o promoción,Instagram / redes,Barranquilla,Cerrado,5.9,15.7,False,4.0,False
PQR-202505-01495,2025-05-21,2025-05,Contenido incompleto del envase,Chat del sitio,Bogotá,Escalado,4.4,36.9,False,3.0,True
PQR-202505-01496,2025-05-26,2025-05,Solicitud de factura electrónica,WhatsApp,Bogotá,Cerrado,0.1,1.5,True,3.0,False
PQR-202505-01497,2025-05-19,2025-05,Evento adverso reportado,Chat del sitio,Cali,Cerrado,2.9,8.5,True,3.0,True
PQR-202505-01498,2025-05-25,2025-05,Contenido incompleto del envase,Tienda física,Cali,Cerrado,9.2,81.5,False,3.0,False
PQR-202505-01499,2025-05-06,2025-05,Reclamo por precio o promoción,Chat del sitio,Cartagena,Cerrado,1.1,19.6,True,4.0,False
PQR-202505-01500,2025-05-17,2025-05,Demora en la entrega,Línea gratuita #590,Bogotá,Cerrado,1.4,4.2,True,3.0,False
PQR-202505-01501,2025-05-03,2025-05,Producto averiado en transporte,Línea gratuita #590,Bogotá,Cerrado,1.2,7.8,True,3.0,False
PQR-202505-01502,2025-05-20,2025-05,Demora en la entrega,Chat del sitio,Bogotá,Cerrado,0.1,5.4,True,3.0,False
PQR-202505-01503,2025-05-10,2025-05,Contenido incompleto del envase,Tienda física,Bogotá,Cerrado,6.0,20.7,False,4.0,False
PQR-202505-01504,2025-05-10,2025-05,Faltante en el pedido,WhatsApp,Villavicencio,Cerrado,0.1,93.5,True,2.0,False
PQR-202505-01505,2025-05-05,2025-05,Camiseta personalizada pendiente,WhatsApp,Cartagena,Cerrado,0.7,28.5,True,4.0,False
PQR-202505-01506,2025-05-05,2025-05,Demora en la entrega,Instagram / redes,Villavicencio,Cerrado,4.5,13.0,False,3.0,False
PQR-202505-01507,2025-05-25,2025-05,Demora en la entrega,Chat del sitio,Cali,Cerrado,0.7,63.6,True,4.0,False
PQR-202505-01508,2025-05-01,2025-05,Producto averiado en transporte,Línea gratuita #590,Ibagué,Cerrado,0.4,99.5,True,3.0,False
PQR-202505-01509,2025-05-15,2025-05,Demora en la entrega,WhatsApp,Cali,Cerrado,0.7,4.6,True,3.0,False
PQR-202505-01510,2025-05-11,2025-05,Faltante en el pedido,Instagram / redes,Bogotá,Cerrado,12.7,38.9,False,4.0,False
PQR-202505-01511,2025-05-25,2025-05,Duda sobre uso del producto,WhatsApp,Pereira,Cerrado,0.2,5.0,True,5.0,False
PQR-202505-01512,2025-05-20,2025-05,Demora en la entrega,Línea gratuita #590,Medellín,Cerrado,1.7,28.1,True,4.0,False
PQR-202505-01513,2025-05-06,2025-05,Demora en la entrega,Tienda física,Bogotá,Cerrado,0.8,16.9,True,4.0,False
PQR-202505-01514,2025-05-03,2025-05,Faltante en el pedido,Instagram / redes,Bogotá,Cerrado,0.4,38.3,True,4.0,False
PQR-202505-01515,2025-05-08,2025-05,Demora en la entrega,WhatsApp,Bucaramanga,Cerrado,0.3,49.7,True,4.0,False
PQR-202505-01516,2025-05-08,2025-05,Duda sobre uso del producto,WhatsApp,Cali,Cerrado,0.7,15.3,True,3.0,False
PQR-202505-01517,2025-05-26,2025-05,Demora en la entrega,WhatsApp,Armenia,Cerrado,0.4,3.6,True,5.0,False
PQR-202505-01518,2025-05-24,2025-05,Demora en la entrega,Chat del sitio,Medellín,Cerrado,2.7,16.7,True,5.0,False
PQR-202505-01519,2025-05-24,2025-05,Evento adverso reportado,Línea gratuita #590,Bogotá,Cerrado,4.2,5.2,False,4.0,True
PQR-202505-01520,2025-05-14,2025-05,Solicitud de factura electrónica,Instagram / redes,Cali,Cerrado,1.4,2.8,True,4.0,False
PQR-202505-01521,2025-05-15,2025-05,Producto averiado en transporte,WhatsApp,Bogotá,Cerrado,0.7,16.5,True,4.0,False
PQR-202505-01522,2025-05-12,2025-05,Contenido incompleto del envase,Tienda física,Bogotá,Escalado,3.5,96.5,True,2.0,True
PQR-202505-01523,2025-05-18,2025-05,Faltante en el pedido,WhatsApp,Bogotá,Cerrado,0.1,3.3,True,4.0,False
PQR-202505-01524,2025-05-06,2025-05,Faltante en el pedido,WhatsApp,Manizales,Cerrado,4.0,114.1,True,3.0,False
PQR-202505-01525,2025-05-10,2025-05,Reclamo por precio o promoción,WhatsApp,Bogotá,Cerrado,2.9,26.2,True,4.0,False
PQR-202505-01526,2025-05-26,2025-05,Camiseta personalizada pendiente,Tienda física,Cali,Cerrado,2.5,41.6,True,5.0,False
PQR-202505-01527,2025-05-26,2025-05,Demora en la entrega,Instagram / redes,Medellín,Cerrado,0.7,1.7,True,2.0,False
PQR-202505-01528,2025-05-04,2025-05,Camiseta personalizada pendiente,Instagram / redes,Cali,Escalado,8.0,19.4,False,4.0,True
PQR-202505-01529,2025-05-05,2025-05,Contenido incompleto del envase,WhatsApp,Bucaramanga,Cerrado,2.1,55.3,True,5.0,False
PQR-202505-01530,2025-05-19,2025-05,Faltante en el pedido,WhatsApp,Medellín,Cerrado,0.8,12.1,True,3.0,False
PQR-202505-01531,2025-05-13,2025-05,Faltante en el pedido,Línea gratuita #590,Bogotá,Cerrado,2.3,22.6,True,3.0,False
PQR-202505-01532,2025-05-22,2025-05,Demora en la entrega,WhatsApp,Bogotá,Cerrado,3.2,56.6,True,3.0,False
PQR-202505-01533,2025-05-19,2025-05,Faltante en el pedido,Chat del sitio,Medellín,Cerrado,1.1,4.5,True,3.0,False
PQR-202505-01534,2025-05-12,2025-05,Camiseta personalizada pendiente,WhatsApp,Medellín,Cerrado,0.1,16.4,True,5.0,False
PQR-202505-01535,2025-05-27,2025-05,Demora en la entrega,WhatsApp,Cúcuta,Cerrado,0.5,18.0,True,4.0,False
PQR-202505-01536,2025-05-26,2025-05,Demora en la entrega,Correo electrónico,Bogotá,Cerrado,19.0,46.7,False,5.0,False
PQR-202505-01537,2025-05-27,2025-05,Reclamo por precio o promoción,WhatsApp,Cali,Cerrado,1.6,9.3,True,3.0,False
PQR-202505-01538,2025-05-27,2025-05,Contenido incompleto del envase,WhatsApp,Bogotá,Cerrado,1.8,97.1,True,3.0,False
PQR-202505-01539,2025-05-14,2025-05,Solicitud de factura electrónica,Chat del sitio,Villavicencio,Cerrado,0.1,7.0,True,4.0,False
PQR-202505-01540,2025-05-14,2025-05,Solicitud de factura electrónica,Línea gratuita #590,Medellín,Cerrado,0.2,18.6,True,4.0,False
PQR-202505-01541,2025-05-01,2025-05,Evento adverso reportado,Chat del sitio,Cartagena,Escalado,1.3,40.4,True,5.0,True
PQR-202505-01542,2025-05-15,2025-05,Evento adverso reportado,Instagram / redes,Bogotá,Escalado,0.9,4.2,True,5.0,True
PQR-202505-01543,2025-05-20,2025-05,Faltante en el pedido,Línea gratuita #590,Ibagué,Cerrado,2.6,31.3,True,3.0,False
PQR-202505-01544,2025-05-24,2025-05,Reclamo por precio o promoción,WhatsApp,Villavicencio,Cerrado,1.6,30.6,True,4.0,False
PQR-202505-01545,2025-05-09,2025-05,Reclamo por precio o promoción,Instagram / redes,Bogotá,Cerrado,2.5,5.2,True,4.0,False
PQR-202505-01546,2025-05-07,2025-05,Demora en la entrega,Chat del sitio,Barranquilla,Cerrado,0.3,67.9,True,4.0,False
PQR-202505-01547,2025-05-23,2025-05,Faltante en el pedido,Chat del sitio,Manizales,Cerrado,0.2,24.2,True,4.0,False
PQR-202505-01548,2025-05-13,2025-05,Demora en la entrega,Tienda física,Bogotá,Cerrado,0.8,7.7,True,5.0,False
PQR-202505-01549,2025-05-21,2025-05,Solicitud de factura electrónica,WhatsApp,Bogotá,Cerrado,0.1,1.5,True,5.0,False
PQR-202505-01550,2025-05-15,2025-05,Faltante en el pedido,Instagram / redes,Medellín,Cerrado,26.9,29.2,False,5.0,False
PQR-202505-01551,2025-05-21,2025-05,Producto averiado en transporte,Chat del sitio,Medellín,Cerrado,3.6,23.2,True,4.0,False
PQR-202505-01552,2025-05-23,2025-05,Demora en la entrega,WhatsApp,Barranquilla,Cerrado,0.9,83.9,True,4.0,False
PQR-202505-01553,2025-05-19,2025-05,Reclamo por precio o promoción,Chat del sitio,Bogotá,Cerrado,1.7,23.9,True,3.0,False
PQR-202505-01554,2025-05-13,2025-05,Demora en la entrega,WhatsApp,Medellín,Cerrado,3.7,17.6,True,5.0,False
PQR-202505-01555,2025-05-05,2025-05,Duda sobre uso del producto,WhatsApp,Medellín,Cerrado,0.1,6.9,True,4.0,False
PQR-202505-01556,2025-05-05,2025-05,Faltante en el pedido,WhatsApp,Cali,Cerrado,0.7,85.7,True,2.0,False
PQR-202505-01557,2025-05-18,2025-05,Duda sobre uso del producto,WhatsApp,Villavicencio,Cerrado,0.9,12.9,True,4.0,False
PQR-202505-01558,2025-05-16,2025-05,Demora en la entrega,WhatsApp,Cali,Cerrado,0.4,38.4,True,4.0,False
PQR-202505-01559,2025-05-26,2025-05,Solicitud de factura electrónica,Línea gratuita #590,Bogotá,Cerrado,0.5,9.0,True,4.0,False
PQR-202505-01560,2025-05-21,2025-05,Duda sobre uso del producto,WhatsApp,Bogotá,Cerrado,0.9,5.3,True,3.0,False
PQR-202505-01561,2025-05-14,2025-05,Faltante en el pedido,WhatsApp,Medellín,Cerrado,3.2,33.1,True,5.0,False
PQR-202505-01562,2025-05-16,2025-05,Duda sobre uso del producto,WhatsApp,Bogotá,Cerrado,0.3,9.7,True,4.0,False
PQR-202505-01563,2025-05-02,2025-05,Faltante en el pedido,WhatsApp,Cali,Cerrado,6.4,25.3,False,3.0,False
PQR-202505-01564,2025-05-21,2025-05,Demora en la entrega,WhatsApp,Bogotá,Cerrado,0.1,28.3,True,5.0,False
PQR-202505-01565,2025-05-14,2025-05,Solicitud de factura electrónica,WhatsApp,Pereira,Cerrado,0.4,25.6,True,4.0,False
PQR-202505-01566,2025-05-01,2025-05,Cambio o garantía,WhatsApp,Bogotá,Cerrado,2.7,14.6,True,4.0,False
PQR-202505-01567,2025-05-12,2025-05,Faltante en el pedido,Chat del sitio,Medellín,Cerrado,4.0,12.0,False,3.0,False
PQR-202505-01568,2025-05-23,2025-05,Camiseta personalizada pendiente,WhatsApp,Pereira,Escalado,5.8,101.8,False,3.0,True
PQR-202505-01569,2025-05-27,2025-05,Producto averiado en transporte,WhatsApp,Cali,Cerrado,1.0,26.1,True,3.0,False
PQR-202505-01570,2025-05-24,2025-05,Demora en la entrega,Correo electrónico,Bogotá,Cerrado,6.4,10.4,False,4.0,False
PQR-202505-01571,2025-05-06,2025-05,Faltante en el pedido,WhatsApp,Medellín,Cerrado,3.6,71.3,True,4.0,False
PQR-202505-01572,2025-05-22,2025-05,Demora en la entrega,Tienda física,Barranquilla,Cerrado,2.2,6.9,True,3.0,False
PQR-202505-01573,2025-05-12,2025-05,Demora en la entrega,Chat del sitio,Villavicencio,Cerrado,0.7,6.3,True,4.0,False
PQR-202505-01574,2025-05-26,2025-05,Producto averiado en transporte,Instagram / redes,Medellín,Cerrado,4.3,16.4,False,5.0,False
PQR-202505-01575,2025-05-27,2025-05,Solicitud de factura electrónica,WhatsApp,Pereira,Cerrado,0.9,4.0,True,3.0,False
PQR-202505-01576,2025-05-05,2025-05,Faltante en el pedido,WhatsApp,Cartagena,Cerrado,3.3,23.5,True,3.0,False
PQR-202505-01577,2025-05-13,2025-05,Cambio o garantía,Tienda física,Cúcuta,Cerrado,0.9,95.5,True,3.0,False
PQR-202505-01578,2025-05-13,2025-05,Demora en la entrega,Tienda física,Villavicencio,Cerrado,3.8,25.2,True,4.0,False
PQR-202505-01579,2025-05-17,2025-05,Reclamo por precio o promoción,Correo electrónico,Bogotá,Cerrado,3.1,30.1,True,4.0,False
PQR-202505-01580,2025-05-22,2025-05,Cambio o garantía,Chat del sitio,Bogotá,Cerrado,4.7,5.7,False,5.0,False
PQR-202505-01581,2025-05-18,2025-05,Faltante en el pedido,Instagram / redes,Medellín,Cerrado,14.2,25.8,False,5.0,False
PQR-202505-01582,2025-05-02,2025-05,Reclamo por precio o promoción,Línea gratuita #590,Medellín,Cerrado,1.0,29.5,True,3.0,False
PQR-202505-01583,2025-05-05,2025-05,Demora en la entrega,WhatsApp,Bogotá,Cerrado,2.6,34.9,True,4.0,False
PQR-202505-01584,2025-05-20,2025-05,Demora en la entrega,WhatsApp,Pereira,Cerrado,0.4,27.4,True,4.0,False
PQR-202505-01585,2025-05-24,2025-05,Camiseta personalizada pendiente,WhatsApp,Bogotá,Escalado,1.9,11.8,True,5.0,True
PQR-202505-01586,2025-05-15,2025-05,Producto averiado en transporte,Línea gratuita #590,Medellín,Cerrado,0.7,15.9,True,4.0,False
PQR-202505-01587,2025-05-12,2025-05,Demora en la entrega,WhatsApp,Santa Marta,Cerrado,0.5,10.0,True,4.0,False
PQR-202505-01588,2025-05-18,2025-05,Cambio o garantía,WhatsApp,Barranquilla,Cerrado,0.4,64.1,True,4.0,False
PQR-202505-01589,2025-05-16,2025-05,Contenido incompleto del envase,WhatsApp,Pereira,Escalado,0.5,28.9,True,4.0,True
PQR-202505-01590,2025-05-13,2025-05,Demora en la entrega,WhatsApp,Ibagué,Cerrado,0.4,2.0,True,3.0,False
PQR-202505-01591,2025-05-16,2025-05,Demora en la entrega,WhatsApp,Medellín,Cerrado,2.4,30.6,True,4.0,False
PQR-202505-01592,2025-05-11,2025-05,Faltante en el pedido,Línea gratuita #590,Cartagena,Cerrado,3.6,120.4,True,2.0,False
PQR-202505-01593,2025-05-01,2025-05,Camiseta personalizada pendiente,Chat del sitio,Bogotá,Escalado,2.4,16.2,True,4.0,True
PQR-202505-01594,2025-05-21,2025-05,Reclamo por precio o promoción,Chat del sitio,Cali,Cerrado,1.5,8.6,True,2.0,False
PQR-202505-01595,2025-05-18,2025-05,Demora en la entrega,Chat del sitio,Cali,Cerrado,1.3,6.2,True,4.0,False
PQR-202505-01596,2025-05-21,2025-05,Producto averiado en transporte,Chat del sitio,Medellín,Cerrado,1.0,12.3,True,3.0,False
PQR-202505-01597,2025-05-25,2025-05,Camiseta personalizada pendiente,Tienda física,Cartagena,Cerrado,1.0,24.8,True,4.0,False
PQR-202505-01598,2025-05-18,2025-05,Duda sobre uso del producto,Línea gratuita #590,Bucaramanga,Cerrado,0.5,2.0,True,4.0,False
PQR-202505-01599,2025-05-25,2025-05,Producto averiado en transporte,Instagram / redes,Bucaramanga,Cerrado,8.1,104.9,False,1.0,False
PQR-202505-01600,2025-05-24,2025-05,Camiseta personalizada pendiente,WhatsApp,Cartagena,Escalado,9.6,39.0,False,3.0,True
PQR-202506-01601,2025-06-17,2025-06,Cambio o garantía,Línea gratuita #590,Ibagué,Cerrado,1.7,4.6,True,3.0,False
PQR-202506-01602,2025-06-20,2025-06,Reclamo por precio o promoción,WhatsApp,Cali,Cerrado,0.3,11.6,True,4.0,False
PQR-202506-01603,2025-06-18,2025-06,Demora en la entrega,WhatsApp,Cúcuta,Cerrado,1.4,2.4,True,4.0,False
PQR-202506-01604,2025-06-22,2025-06,Evento adverso reportado,Correo electrónico,Cali,Cerrado,0.1,52.0,True,3.0,True
PQR-202506-01605,2025-06-18,2025-06,Demora en la entrega,Chat del sitio,Medellín,Cerrado,2.7,23.6,True,3.0,False
PQR-202506-01606,2025-06-22,2025-06,Producto averiado en transporte,Línea gratuita #590,Bogotá,Cerrado,0.3,46.0,True,4.0,False
PQR-202506-01607,2025-06-12,2025-06,Demora en la entrega,Tienda física,Cartagena,Cerrado,0.1,41.5,True,5.0,False
PQR-202506-01608,2025-06-08,2025-06,Contenido incompleto del envase,WhatsApp,Medellín,Escalado,1.1,7.0,True,3.0,True
PQR-202506-01609,2025-06-17,2025-06,Demora en la entrega,WhatsApp,Bogotá,Cerrado,0.3,23.6,True,4.0,False
PQR-202506-01610,2025-06-04,2025-06,Contenido incompleto del envase,WhatsApp,Manizales,Cerrado,1.5,13.5,True,5.0,False
PQR-202506-01611,2025-06-13,2025-06,Solicitud de factura electrónica,WhatsApp,Bogotá,Cerrado,1.0,2.0,True,4.0,False
PQR-202506-01612,2025-06-02,2025-06,Reclamo por precio o promoción,Correo electrónico,Cali,Cerrado,9.1,30.4,False,3.0,False
PQR-202506-01613,2025-06-08,2025-06,Faltante en el pedido,Línea gratuita #590,Barranquilla,Cerrado,4.0,19.9,True,4.0,False
PQR-202506-01614,2025-06-09,2025-06,Producto averiado en transporte,WhatsApp,Villavicencio,Cerrado,0.4,64.7,True,4.0,False
PQR-202506-01615,2025-06-21,2025-06,Demora en la entrega,Chat del sitio,Cali,Cerrado,0.7,11.8,True,4.0,False
PQR-202506-01616,2025-06-23,2025-06,Demora en la entrega,Tienda física,Bogotá,Cerrado,1.8,30.7,True,4.0,False
PQR-202506-01617,2025-06-02,2025-06,Reclamo por precio o promoción,Línea gratuita #590,Bogotá,Cerrado,0.1,6.7,True,3.0,False
PQR-202506-01618,2025-06-09,2025-06,Faltante en el pedido,Tienda física,Bucaramanga,Cerrado,1.9,31.9,True,3.0,False
PQR-202506-01619,2025-06-14,2025-06,Producto averiado en transporte,WhatsApp,Cali,Cerrado,5.8,85.4,False,5.0,False
PQR-202506-01620,2025-06-03,2025-06,Contenido incompleto del envase,WhatsApp,Bogotá,Cerrado,0.1,55.7,True,4.0,False
PQR-202506-01621,2025-06-02,2025-06,Contenido incompleto del envase,Chat del sitio,Bogotá,Escalado,5.2,71.5,False,4.0,True
PQR-202506-01622,2025-06-24,2025-06,Duda sobre uso del producto,Línea gratuita #590,Santa Marta,Cerrado,0.6,7.1,True,5.0,False
PQR-202506-01623,2025-06-19,2025-06,Producto averiado en transporte,Instagram / redes,Bucaramanga,Cerrado,13.1,57.5,False,4.0,False
PQR-202506-01624,2025-06-12,2025-06,Demora en la entrega,Chat del sitio,Pereira,Cerrado,0.1,22.8,True,3.0,False
PQR-202506-01625,2025-06-07,2025-06,Demora en la entrega,Chat del sitio,Cali,Cerrado,0.6,11.2,True,4.0,False
PQR-202506-01626,2025-06-04,2025-06,Reclamo por precio o promoción,Tienda física,Barranquilla,Cerrado,1.7,23.9,True,3.0,False
PQR-202506-01627,2025-06-16,2025-06,Cambio o garantía,Chat del sitio,Bogotá,Cerrado,2.3,66.3,True,4.0,False
PQR-202506-01628,2025-06-15,2025-06,Solicitud de factura electrónica,Chat del sitio,Cali,Cerrado,0.3,7.5,True,4.0,False
PQR-202506-01629,2025-06-27,2025-06,Cambio o garantía,Instagram / redes,Bogotá,Cerrado,14.4,23.6,False,3.0,False
PQR-202506-01630,2025-06-18,2025-06,Contenido incompleto del envase,Instagram / redes,Cartagena,Escalado,5.6,32.0,False,3.0,True
PQR-202506-01631,2025-06-06,2025-06,Faltante en el pedido,Chat del sitio,Bogotá,Cerrado,3.6,60.6,True,5.0,False
PQR-202506-01632,2025-06-16,2025-06,Cambio o garantía,WhatsApp,Medellín,Cerrado,0.2,46.0,True,4.0,False
PQR-202506-01633,2025-06-22,2025-06,Demora en la entrega,WhatsApp,Bogotá,Cerrado,1.5,47.9,True,3.0,False
PQR-202506-01634,2025-06-17,2025-06,Faltante en el pedido,WhatsApp,Medellín,Cerrado,0.5,56.2,True,3.0,False
PQR-202506-01635,2025-06-16,2025-06,Evento adverso reportado,WhatsApp,Bogotá,Escalado,1.7,25.9,True,4.0,True
PQR-202506-01636,2025-06-16,2025-06,Reclamo por precio o promoción,Instagram / redes,Cali,Cerrado,0.7,23.3,True,2.0,False
PQR-202506-01637,2025-06-12,2025-06,Demora en la entrega,WhatsApp,Bogotá,Cerrado,0.6,15.7,True,5.0,False
PQR-202506-01638,2025-06-12,2025-06,Demora en la entrega,Tienda física,Cali,Cerrado,10.8,47.7,False,3.0,False
PQR-202506-01639,2025-06-21,2025-06,Cambio o garantía,Línea gratuita #590,Medellín,Cerrado,0.4,21.5,True,4.0,False
PQR-202506-01640,2025-06-27,2025-06,Demora en la entrega,WhatsApp,Bogotá,Cerrado,2.6,45.3,True,5.0,False
PQR-202506-01641,2025-06-14,2025-06,Demora en la entrega,Línea gratuita #590,Cali,Cerrado,4.3,6.8,False,3.0,False
PQR-202506-01642,2025-06-24,2025-06,Demora en la entrega,Correo electrónico,Cúcuta,Cerrado,1.0,10.1,True,3.0,False
PQR-202506-01643,2025-06-05,2025-06,Solicitud de factura electrónica,Línea gratuita #590,Bogotá,Cerrado,0.8,33.6,True,4.0,False
PQR-202506-01644,2025-06-11,2025-06,Cambio o garantía,Correo electrónico,Bucaramanga,Cerrado,3.5,38.9,True,5.0,False
PQR-202506-01645,2025-06-06,2025-06,Faltante en el pedido,WhatsApp,Medellín,Cerrado,1.8,2.8,True,4.0,False
PQR-202506-01646,2025-06-13,2025-06,Faltante en el pedido,WhatsApp,Bogotá,Cerrado,0.1,38.5,True,5.0,False
PQR-202506-01647,2025-06-22,2025-06,Solicitud de factura electrónica,Tienda física,Cúcuta,Cerrado,0.9,16.7,True,3.0,False
PQR-202506-01648,2025-06-13,2025-06,Contenido incompleto del envase,WhatsApp,Pereira,Escalado,8.6,26.0,False,4.0,True
PQR-202506-01649,2025-06-01,2025-06,Reclamo por precio o promoción,Chat del sitio,Pereira,Cerrado,0.2,1.3,True,3.0,False
PQR-202506-01650,2025-06-24,2025-06,Cambio o garantía,Tienda física,Ibagué,Cerrado,0.9,94.5,True,2.0,False
PQR-202506-01651,2025-06-16,2025-06,Contenido incompleto del envase,Chat del sitio,Barranquilla,Cerrado,16.0,27.3,False,5.0,False
PQR-202506-01652,2025-06-21,2025-06,Demora en la entrega,WhatsApp,Bogotá,Cerrado,0.1,15.0,True,4.0,False
PQR-202506-01653,2025-06-14,2025-06,Camiseta personalizada pendiente,Tienda física,Barranquilla,Escalado,7.4,72.0,False,3.0,True
PQR-202506-01654,2025-06-23,2025-06,Contenido incompleto del envase,Tienda física,Ibagué,Cerrado,2.1,104.5,True,3.0,False
PQR-202506-01655,2025-06-03,2025-06,Demora en la entrega,WhatsApp,Bogotá,Cerrado,1.1,12.5,True,4.0,False
PQR-202506-01656,2025-06-12,2025-06,Camiseta personalizada pendiente,Línea gratuita #590,Cali,Cerrado,0.4,36.1,True,2.0,False
PQR-202506-01657,2025-06-08,2025-06,Contenido incompleto del envase,Instagram / redes,Pereira,Cerrado,7.5,35.1,False,3.0,False
PQR-202506-01658,2025-06-11,2025-06,Solicitud de factura electrónica,Línea gratuita #590,Barranquilla,Cerrado,0.2,2.1,True,3.0,False
PQR-202506-01659,2025-06-26,2025-06,Contenido incompleto del envase,WhatsApp,Cali,Cerrado,0.1,15.0,True,4.0,False
PQR-202506-01660,2025-06-17,2025-06,Faltante en el pedido,Chat del sitio,Bogotá,Cerrado,12.6,31.1,False,3.0,False
PQR-202506-01661,2025-06-24,2025-06,Demora en la entrega,Instagram / redes,Bogotá,Cerrado,2.0,36.1,True,4.0,False
PQR-202506-01662,2025-06-06,2025-06,Demora en la entrega,WhatsApp,Barranquilla,Cerrado,2.0,42.1,True,4.0,False
PQR-202506-01663,2025-06-21,2025-06,Demora en la entrega,Línea gratuita #590,Barranquilla,Cerrado,0.4,11.0,True,4.0,False
PQR-202506-01664,2025-06-18,2025-06,Demora en la entrega,Línea gratuita #590,Cali,Cerrado,1.5,80.3,True,3.0,False
PQR-202506-01665,2025-06-18,2025-06,Demora en la entrega,Chat del sitio,Ibagué,Cerrado,1.9,27.1,True,3.0,False
PQR-202506-01666,2025-06-18,2025-06,Faltante en el pedido,Chat del sitio,Bogotá,Cerrado,1.4,3.1,True,4.0,False
PQR-202506-01667,2025-06-20,2025-06,Cambio o garantía,Instagram / redes,Cali,Cerrado,11.2,117.4,False,3.0,False
PQR-202506-01668,2025-06-19,2025-06,Demora en la entrega,Instagram / redes,Bogotá,Cerrado,10.5,86.8,False,4.0,False
PQR-202506-01669,2025-06-05,2025-06,Faltante en el pedido,Chat del sitio,Ibagué,Cerrado,4.4,110.6,False,2.0,False
PQR-202506-01670,2025-06-23,2025-06,Duda sobre uso del producto,WhatsApp,Bogotá,Cerrado,1.1,44.1,True,3.0,False
PQR-202506-01671,2025-06-23,2025-06,Demora en la entrega,WhatsApp,Cali,Cerrado,1.0,4.2,True,4.0,False
PQR-202506-01672,2025-06-23,2025-06,Producto averiado en transporte,Tienda física,Ibagué,Cerrado,1.1,5.2,True,3.0,False
PQR-202506-01673,2025-06-03,2025-06,Reclamo por precio o promoción,Tienda física,Medellín,Cerrado,1.6,15.3,True,4.0,False
PQR-202506-01674,2025-06-01,2025-06,Camiseta personalizada pendiente,Línea gratuita #590,Cali,Cerrado,3.7,46.0,True,4.0,False
PQR-202506-01675,2025-06-18,2025-06,Demora en la entrega,WhatsApp,Cúcuta,Cerrado,1.8,9.0,True,3.0,False
PQR-202506-01676,2025-06-20,2025-06,Faltante en el pedido,WhatsApp,Cali,Cerrado,0.1,58.7,True,3.0,False
PQR-202506-01677,2025-06-24,2025-06,Demora en la entrega,Línea gratuita #590,Barranquilla,Cerrado,3.3,4.3,True,3.0,False
PQR-202506-01678,2025-06-12,2025-06,Camiseta personalizada pendiente,Instagram / redes,Cartagena,Escalado,9.6,29.7,False,3.0,True
PQR-202506-01679,2025-06-24,2025-06,Demora en la entrega,WhatsApp,Cali,Cerrado,2.3,7.2,True,4.0,False
PQR-202506-01680,2025-06-25,2025-06,Cambio o garantía,Chat del sitio,Barranquilla,Cerrado,7.5,135.9,False,3.0,False
PQR-202506-01681,2025-06-08,2025-06,Faltante en el pedido,WhatsApp,Cúcuta,Cerrado,0.2,34.7,True,4.0,False
PQR-202506-01682,2025-06-06,2025-06,Demora en la entrega,Chat del sitio,Cúcuta,Cerrado,4.5,11.4,False,4.0,False
PQR-202506-01683,2025-06-24,2025-06,Demora en la entrega,WhatsApp,Pasto,Cerrado,0.2,3.9,True,4.0,False
PQR-202506-01684,2025-06-20,2025-06,Faltante en el pedido,Chat del sitio,Cali,Cerrado,0.2,21.6,True,4.0,False
PQR-202506-01685,2025-06-11,2025-06,Duda sobre uso del producto,Tienda física,Bogotá,Cerrado,1.5,19.1,True,3.0,False
PQR-202506-01686,2025-06-21,2025-06,Demora en la entrega,Chat del sitio,Cúcuta,Cerrado,1.3,15.5,True,4.0,False
PQR-202506-01687,2025-06-15,2025-06,Producto averiado en transporte,WhatsApp,Medellín,Cerrado,1.3,34.0,True,5.0,False
PQR-202506-01688,2025-06-19,2025-06,Evento adverso reportado,Chat del sitio,Bogotá,Escalado,2.1,107.2,True,3.0,True
PQR-202506-01689,2025-06-04,2025-06,Demora en la entrega,WhatsApp,Cartagena,Cerrado,0.2,13.1,True,4.0,False
PQR-202506-01690,2025-06-24,2025-06,Producto averiado en transporte,Tienda física,Cali,Cerrado,5.0,84.6,False,2.0,False
PQR-202506-01691,2025-06-01,2025-06,Evento adverso reportado,WhatsApp,Medellín,Cerrado,0.8,33.1,True,4.0,True
PQR-202506-01692,2025-06-21,2025-06,Faltante en el pedido,WhatsApp,Bogotá,Cerrado,2.0,45.1,True,4.0,False
PQR-202506-01693,2025-06-18,2025-06,Evento adverso reportado,Línea gratuita #590,Bogotá,Escalado,2.9,151.5,True,2.0,True
PQR-202506-01694,2025-06-15,2025-06,Demora en la entrega,Línea gratuita #590,Bogotá,Cerrado,0.2,3.2,True,5.0,False
PQR-202506-01695,2025-06-21,2025-06,Demora en la entrega,Correo electrónico,Cali,Cerrado,18.3,91.2,False,5.0,False
PQR-202506-01696,2025-06-05,2025-06,Reclamo por precio o promoción,Instagram / redes,Cali,Cerrado,0.6,31.8,True,4.0,False
PQR-202506-01697,2025-06-05,2025-06,Contenido incompleto del envase,WhatsApp,Bogotá,Cerrado,3.7,8.5,True,4.0,False
PQR-202506-01698,2025-06-23,2025-06,Camiseta personalizada pendiente,Línea gratuita #590,Cali,Cerrado,3.7,10.7,True,4.0,False
PQR-202506-01699,2025-06-15,2025-06,Cambio o garantía,Línea gratuita #590,Cali,Cerrado,1.6,14.9,True,4.0,False
PQR-202506-01700,2025-06-22,2025-06,Cambio o garantía,WhatsApp,Pereira,Cerrado,1.0,35.1,True,3.0,False
PQR-202506-01701,2025-06-27,2025-06,Solicitud de factura electrónica,WhatsApp,Medellín,Cerrado,2.0,3.0,True,4.0,False
PQR-202506-01702,2025-06-22,2025-06,Faltante en el pedido,WhatsApp,Cali,Cerrado,1.1,13.5,True,3.0,False
PQR-202506-01703,2025-06-24,2025-06,Contenido incompleto del envase,Chat del sitio,Pereira,Cerrado,2.8,28.5,True,3.0,False
PQR-202506-01704,2025-06-18,2025-06,Demora en la entrega,WhatsApp,Bogotá,Cerrado,0.3,37.8,True,3.0,False
PQR-202506-01705,2025-06-23,2025-06,Faltante en el pedido,WhatsApp,Bogotá,Cerrado,0.2,34.4,True,4.0,False
PQR-202506-01706,2025-06-13,2025-06,Camiseta personalizada pendiente,Línea gratuita #590,Barranquilla,Escalado,6.2,48.1,False,4.0,True
PQR-202506-01707,2025-06-26,2025-06,Faltante en el pedido,Tienda física,Cali,Cerrado,4.2,21.7,False,4.0,False
PQR-202506-01708,2025-06-04,2025-06,Reclamo por precio o promoción,WhatsApp,Bogotá,Cerrado,0.4,23.4,True,4.0,False
PQR-202506-01709,2025-06-09,2025-06,Contenido incompleto del envase,Chat del sitio,Cartagena,Cerrado,2.9,162.5,True,3.0,False
PQR-202506-01710,2025-06-09,2025-06,Cambio o garantía,WhatsApp,Ibagué,Cerrado,0.2,28.9,True,4.0,False
PQR-202506-01711,2025-06-11,2025-06,Contenido incompleto del envase,Tienda física,Bogotá,Cerrado,8.3,10.0,False,4.0,False
PQR-202506-01712,2025-06-22,2025-06,Reclamo por precio o promoción,Línea gratuita #590,Cali,Cerrado,4.1,5.4,False,3.0,False
PQR-202506-01713,2025-06-08,2025-06,Demora en la entrega,Línea gratuita #590,Medellín,Cerrado,8.9,46.6,False,4.0,False
PQR-202506-01714,2025-06-18,2025-06,Duda sobre uso del producto,Correo electrónico,Cali,Cerrado,7.5,9.6,False,4.0,False
PQR-202506-01715,2025-06-07,2025-06,Demora en la entrega,WhatsApp,Medellín,Cerrado,2.1,58.6,True,4.0,False
PQR-202506-01716,2025-06-18,2025-06,Faltante en el pedido,WhatsApp,Cartagena,Cerrado,4.6,62.5,False,4.0,False
PQR-202506-01717,2025-06-27,2025-06,Duda sobre uso del producto,Línea gratuita #590,Bogotá,Cerrado,3.5,26.6,True,4.0,False
PQR-202506-01718,2025-06-01,2025-06,Solicitud de factura electrónica,WhatsApp,Bogotá,Cerrado,0.9,5.8,True,5.0,False
PQR-202506-01719,2025-06-24,2025-06,Faltante en el pedido,WhatsApp,Medellín,Cerrado,0.6,13.1,True,4.0,False
PQR-202506-01720,2025-06-20,2025-06,Producto averiado en transporte,Chat del sitio,Cali,Cerrado,0.1,12.1,True,4.0,False
PQR-202506-01721,2025-06-02,2025-06,Contenido incompleto del envase,WhatsApp,Bogotá,Escalado,8.8,25.4,False,4.0,True
PQR-202506-01722,2025-06-19,2025-06,Camiseta personalizada pendiente,Tienda física,Medellín,Cerrado,5.0,56.6,False,4.0,False
PQR-202506-01723,2025-06-18,2025-06,Demora en la entrega,Instagram / redes,Bogotá,Cerrado,0.3,84.7,True,2.0,False
PQR-202506-01724,2025-06-03,2025-06,Demora en la entrega,Línea gratuita #590,Bogotá,Cerrado,0.4,45.7,True,4.0,False
PQR-202506-01725,2025-06-26,2025-06,Demora en la entrega,WhatsApp,Bogotá,Cerrado,2.3,22.4,True,4.0,False
PQR-202506-01726,2025-06-13,2025-06,Demora en la entrega,WhatsApp,Manizales,Cerrado,0.3,1.3,True,2.0,False
PQR-202506-01727,2025-06-18,2025-06,Camiseta personalizada pendiente,Instagram / redes,Bogotá,Escalado,4.3,106.3,False,2.0,True
PQR-202506-01728,2025-06-14,2025-06,Cambio o garantía,Línea gratuita #590,Villavicencio,Cerrado,1.8,83.7,True,3.0,False
PQR-202506-01729,2025-06-14,2025-06,Camiseta personalizada pendiente,Instagram / redes,Bogotá,Cerrado,9.0,66.5,False,4.0,False
PQR-202506-01730,2025-06-19,2025-06,Faltante en el pedido,Instagram / redes,Cali,Cerrado,2.2,9.9,True,4.0,False
PQR-202506-01731,2025-06-24,2025-06,Camiseta personalizada pendiente,Tienda física,Pasto,Cerrado,20.0,155.0,False,2.0,False
PQR-202506-01732,2025-06-20,2025-06,Faltante en el pedido,WhatsApp,Villavicencio,Cerrado,4.5,11.9,False,3.0,False
PQR-202506-01733,2025-06-08,2025-06,Faltante en el pedido,Chat del sitio,Bogotá,Cerrado,1.1,53.4,True,4.0,False
PQR-202506-01734,2025-06-18,2025-06,Producto averiado en transporte,Chat del sitio,Bogotá,Cerrado,0.6,6.9,True,4.0,False
PQR-202506-01735,2025-06-04,2025-06,Camiseta personalizada pendiente,Chat del sitio,Barranquilla,Cerrado,1.0,41.5,True,3.0,False
PQR-202506-01736,2025-06-12,2025-06,Camiseta personalizada pendiente,WhatsApp,Medellín,Cerrado,0.7,2.2,True,3.0,False
PQR-202506-01737,2025-06-26,2025-06,Evento adverso reportado,WhatsApp,Barranquilla,Cerrado,7.6,35.2,False,3.0,True
PQR-202506-01738,2025-06-10,2025-06,Demora en la entrega,WhatsApp,Pereira,Cerrado,3.0,15.6,True,5.0,False
PQR-202506-01739,2025-06-07,2025-06,Cambio o garantía,WhatsApp,Cúcuta,Cerrado,0.7,53.3,True,4.0,False
PQR-202506-01740,2025-06-09,2025-06,Cambio o garantía,WhatsApp,Pereira,Cerrado,1.4,44.9,True,4.0,False
PQR-202506-01741,2025-06-22,2025-06,Demora en la entrega,Instagram / redes,Cúcuta,Cerrado,0.4,10.7,True,4.0,False
PQR-202506-01742,2025-06-12,2025-06,Faltante en el pedido,Tienda física,Ibagué,Cerrado,0.1,82.9,True,3.0,False
PQR-202506-01743,2025-06-23,2025-06,Contenido incompleto del envase,Correo electrónico,Barranquilla,Cerrado,19.9,54.8,False,4.0,False
PQR-202506-01744,2025-06-09,2025-06,Duda sobre uso del producto,WhatsApp,Bogotá,Cerrado,0.7,1.7,True,4.0,False
PQR-202506-01745,2025-06-24,2025-06,Producto averiado en transporte,Tienda física,Medellín,Cerrado,1.6,7.9,True,3.0,False
PQR-202506-01746,2025-06-22,2025-06,Contenido incompleto del envase,Tienda física,Bucaramanga,Cerrado,1.2,57.5,True,4.0,False
PQR-202506-01747,2025-06-24,2025-06,Solicitud de factura electrónica,WhatsApp,Pereira,Cerrado,1.6,7.4,True,5.0,False
PQR-202506-01748,2025-06-27,2025-06,Camiseta personalizada pendiente,Chat del sitio,Cartagena,Escalado,5.1,18.7,False,4.0,True
PQR-202506-01749,2025-06-08,2025-06,Faltante en el pedido,Instagram / redes,Bogotá,Cerrado,7.5,12.3,False,3.0,False
PQR-202506-01750,2025-06-25,2025-06,Faltante en el pedido,WhatsApp,Pereira,Cerrado,3.2,27.7,True,4.0,False
PQR-202506-01751,2025-06-23,2025-06,Contenido incompleto del envase,Línea gratuita #590,Bogotá,Escalado,0.8,87.8,True,2.0,True
PQR-202506-01752,2025-06-10,2025-06,Producto averiado en transporte,Tienda física,Barranquilla,Cerrado,1.8,2.8,True,5.0,False
PQR-202506-01753,2025-06-25,2025-06,Demora en la entrega,WhatsApp,Cartagena,Cerrado,0.3,8.5,True,2.0,False
PQR-202506-01754,2025-06-15,2025-06,Demora en la entrega,Línea gratuita #590,Medellín,Cerrado,2.3,39.3,True,5.0,False
PQR-202506-01755,2025-06-10,2025-06,Camiseta personalizada pendiente,WhatsApp,Medellín,Cerrado,1.3,90.5,True,2.0,False
PQR-202506-01756,2025-06-21,2025-06,Faltante en el pedido,WhatsApp,Bogotá,Cerrado,0.7,3.2,True,4.0,False
PQR-202506-01757,2025-06-04,2025-06,Demora en la entrega,Chat del sitio,Pereira,Cerrado,0.5,44.5,True,5.0,False
PQR-202506-01758,2025-06-08,2025-06,Demora en la entrega,Línea gratuita #590,Bogotá,Cerrado,0.7,79.7,True,1.0,False
PQR-202506-01759,2025-06-08,2025-06,Camiseta personalizada pendiente,WhatsApp,Bogotá,Cerrado,0.7,38.9,True,4.0,False
PQR-202506-01760,2025-06-21,2025-06,Demora en la entrega,WhatsApp,Bogotá,Cerrado,0.8,26.2,True,4.0,False
PQR-202506-01761,2025-06-18,2025-06,Demora en la entrega,WhatsApp,Cali,Cerrado,1.5,105.0,True,2.0,False
PQR-202506-01762,2025-06-02,2025-06,Evento adverso reportado,Línea gratuita #590,Cartagena,Escalado,7.6,29.5,False,5.0,True
PQR-202506-01763,2025-06-13,2025-06,Demora en la entrega,WhatsApp,Pereira,Cerrado,0.9,24.8,True,5.0,False
PQR-202506-01764,2025-06-15,2025-06,Reclamo por precio o promoción,Chat del sitio,Bucaramanga,Cerrado,0.9,13.4,True,4.0,False
PQR-202506-01765,2025-06-17,2025-06,Solicitud de factura electrónica,WhatsApp,Manizales,Cerrado,0.6,53.8,True,4.0,False
PQR-202506-01766,2025-06-19,2025-06,Contenido incompleto del envase,Instagram / redes,Cúcuta,Cerrado,2.1,47.1,True,5.0,False
PQR-202506-01767,2025-06-09,2025-06,Contenido incompleto del envase,Instagram / redes,Bogotá,Cerrado,35.3,113.1,False,4.0,False
PQR-202506-01768,2025-06-13,2025-06,Cambio o garantía,Línea gratuita #590,Villavicencio,Cerrado,12.8,16.9,False,4.0,False
PQR-202506-01769,2025-06-01,2025-06,Contenido incompleto del envase,Chat del sitio,Medellín,Escalado,2.0,67.9,True,4.0,True
PQR-202506-01770,2025-06-04,2025-06,Cambio o garantía,Línea gratuita #590,Bogotá,Cerrado,0.5,43.0,True,3.0,False
PQR-202506-01771,2025-06-19,2025-06,Camiseta personalizada pendiente,WhatsApp,Cali,Escalado,3.5,37.2,True,3.0,True
PQR-202506-01772,2025-06-10,2025-06,Faltante en el pedido,Instagram / redes,Cali,Cerrado,12.8,98.1,False,2.0,False
PQR-202506-01773,2025-06-02,2025-06,Demora en la entrega,Correo electrónico,Bogotá,Cerrado,0.9,13.4,True,3.0,False
PQR-202506-01774,2025-06-25,2025-06,Demora en la entrega,Instagram / redes,Barranquilla,Cerrado,9.6,10.6,False,3.0,False
PQR-202506-01775,2025-06-12,2025-06,Faltante en el pedido,WhatsApp,Medellín,Cerrado,0.7,62.0,True,5.0,False
PQR-202506-01776,2025-06-10,2025-06,Contenido incompleto del envase,Tienda física,Pereira,Escalado,19.1,39.0,False,5.0,True
PQR-202506-01777,2025-06-14,2025-06,Camiseta personalizada pendiente,WhatsApp,Bogotá,Cerrado,0.8,34.4,True,4.0,False
PQR-202506-01778,2025-06-15,2025-06,Faltante en el pedido,Correo electrónico,Armenia,Cerrado,19.6,27.9,False,4.0,False
PQR-202506-01779,2025-06-11,2025-06,Camiseta personalizada pendiente,Instagram / redes,Santa Marta,Cerrado,2.7,4.9,True,3.0,False
PQR-202506-01780,2025-06-05,2025-06,Demora en la entrega,Línea gratuita #590,Pereira,Cerrado,0.4,100.3,True,4.0,False
PQR-202506-01781,2025-06-26,2025-06,Reclamo por precio o promoción,Instagram / redes,Cali,Cerrado,1.3,62.8,True,4.0,False
PQR-202506-01782,2025-06-08,2025-06,Producto averiado en transporte,WhatsApp,Cali,Cerrado,0.1,4.3,True,5.0,False
PQR-202506-01783,2025-06-14,2025-06,Camiseta personalizada pendiente,Línea gratuita #590,Cali,Escalado,2.3,56.2,True,4.0,True
PQR-202506-01784,2025-06-27,2025-06,Duda sobre uso del producto,WhatsApp,Bogotá,Cerrado,0.8,3.4,True,3.0,False
PQR-202506-01785,2025-06-02,2025-06,Faltante en el pedido,Línea gratuita #590,Bucaramanga,Cerrado,2.6,42.6,True,5.0,False
PQR-202506-01786,2025-06-25,2025-06,Camiseta personalizada pendiente,Instagram / redes,Cartagena,Cerrado,0.1,7.7,True,5.0,False
PQR-202506-01787,2025-06-17,2025-06,Cambio o garantía,Correo electrónico,Bogotá,Cerrado,7.4,11.9,False,5.0,False
PQR-202506-01788,2025-06-24,2025-06,Demora en la entrega,Chat del sitio,Bogotá,Cerrado,1.2,2.7,True,4.0,False
PQR-202506-01789,2025-06-13,2025-06,Faltante en el pedido,WhatsApp,Cartagena,Cerrado,4.8,80.5,False,3.0,False
PQR-202506-01790,2025-06-23,2025-06,Demora en la entrega,Línea gratuita #590,Medellín,Cerrado,0.9,23.3,True,4.0,False
PQR-202506-01791,2025-06-08,2025-06,Demora en la entrega,WhatsApp,Bucaramanga,Cerrado,0.1,3.1,True,4.0,False
PQR-202506-01792,2025-06-10,2025-06,Demora en la entrega,Línea gratuita #590,Bogotá,Cerrado,1.8,4.0,True,4.0,False
PQR-202506-01793,2025-06-22,2025-06,Faltante en el pedido,Instagram / redes,Bogotá,Cerrado,0.9,8.6,True,4.0,False
PQR-202506-01794,2025-06-10,2025-06,Camiseta personalizada pendiente,Línea gratuita #590,Medellín,Cerrado,0.2,16.0,True,5.0,False
PQR-202506-01795,2025-06-12,2025-06,Producto averiado en transporte,Instagram / redes,Bogotá,Cerrado,3.7,8.0,True,4.0,False
PQR-202506-01796,2025-06-08,2025-06,Demora en la entrega,WhatsApp,Barranquilla,Cerrado,5.8,15.9,False,4.0,False
PQR-202506-01797,2025-06-23,2025-06,Faltante en el pedido,WhatsApp,Bogotá,Cerrado,2.9,92.9,True,4.0,False
PQR-202506-01798,2025-06-10,2025-06,Cambio o garantía,WhatsApp,Bogotá,Cerrado,0.5,53.5,True,3.0,False
PQR-202506-01799,2025-06-05,2025-06,Producto averiado en transporte,Chat del sitio,Medellín,Cerrado,1.3,3.4,True,4.0,False
PQR-202506-01800,2025-06-16,2025-06,Camiseta personalizada pendiente,Instagram / redes,Ibagué,Cerrado,7.6,46.9,False,3.0,False
PQR-202506-01801,2025-06-16,2025-06,Demora en la entrega,WhatsApp,Medellín,Cerrado,1.0,14.4,True,4.0,False
PQR-202506-01802,2025-06-26,2025-06,Faltante en el pedido,WhatsApp,Bogotá,Cerrado,3.0,47.2,True,4.0,False
PQR-202506-01803,2025-06-22,2025-06,Demora en la entrega,WhatsApp,Barranquilla,Cerrado,0.5,2.5,True,4.0,False
PQR-202506-01804,2025-06-08,2025-06,Faltante en el pedido,WhatsApp,Bogotá,Cerrado,1.1,43.9,True,3.0,False
PQR-202506-01805,2025-06-03,2025-06,Producto averiado en transporte,WhatsApp,Bogotá,Cerrado,0.1,48.0,True,3.0,False
PQR-202506-01806,2025-06-24,2025-06,Contenido incompleto del envase,WhatsApp,Bogotá,Escalado,2.7,15.4,True,3.0,True
PQR-202506-01807,2025-06-06,2025-06,Camiseta personalizada pendiente,WhatsApp,Bogotá,Cerrado,1.7,25.8,True,4.0,False
PQR-202506-01808,2025-06-26,2025-06,Demora en la entrega,WhatsApp,Bogotá,Cerrado,0.4,4.4,True,4.0,False
PQR-202506-01809,2025-06-03,2025-06,Camiseta personalizada pendiente,Línea gratuita #590,Cali,Escalado,3.0,139.4,True,3.0,True
PQR-202506-01810,2025-06-17,2025-06,Demora en la entrega,Instagram / redes,Bogotá,Cerrado,4.6,50.1,False,4.0,False
PQR-202506-01811,2025-06-25,2025-06,Evento adverso reportado,Chat del sitio,Pereira,Cerrado,1.7,82.8,True,3.0,True
PQR-202506-01812,2025-06-09,2025-06,Evento adverso reportado,WhatsApp,Cartagena,Cerrado,0.5,47.7,True,5.0,True
PQR-202506-01813,2025-06-06,2025-06,Solicitud de factura electrónica,Tienda física,Medellín,Cerrado,0.6,1.6,True,4.0,False
PQR-202506-01814,2025-06-09,2025-06,Producto averiado en transporte,WhatsApp,Barranquilla,Cerrado,0.4,31.6,True,5.0,False
PQR-202506-01815,2025-06-05,2025-06,Faltante en el pedido,WhatsApp,Pereira,Cerrado,4.9,32.6,False,3.0,False
PQR-202506-01816,2025-06-07,2025-06,Solicitud de factura electrónica,Instagram / redes,Ibagué,Cerrado,1.5,9.7,True,4.0,False
PQR-202506-01817,2025-06-15,2025-06,Faltante en el pedido,WhatsApp,Barranquilla,Cerrado,0.9,6.0,True,4.0,False
PQR-202506-01818,2025-06-23,2025-06,Solicitud de factura electrónica,WhatsApp,Bucaramanga,Cerrado,0.8,7.9,True,4.0,False
PQR-202506-01819,2025-06-05,2025-06,Demora en la entrega,WhatsApp,Barranquilla,Cerrado,0.6,16.9,True,3.0,False
PQR-202506-01820,2025-06-10,2025-06,Contenido incompleto del envase,Línea gratuita #590,Bogotá,Cerrado,1.1,19.9,True,4.0,False
PQR-202506-01821,2025-06-18,2025-06,Reclamo por precio o promoción,Tienda física,Cali,Cerrado,2.5,7.7,True,3.0,False
PQR-202506-01822,2025-06-13,2025-06,Reclamo por precio o promoción,WhatsApp,Cali,Cerrado,0.7,19.6,True,4.0,False
PQR-202506-01823,2025-06-13,2025-06,Reclamo por precio o promoción,Línea gratuita #590,Bucaramanga,Cerrado,0.1,26.0,True,4.0,False
PQR-202506-01824,2025-06-19,2025-06,Duda sobre uso del producto,Instagram / redes,Bogotá,Cerrado,4.1,7.6,False,3.0,False
PQR-202506-01825,2025-06-12,2025-06,Cambio o garantía,WhatsApp,Bogotá,Cerrado,3.9,51.6,True,4.0,False
PQR-202506-01826,2025-06-22,2025-06,Evento adverso reportado,Chat del sitio,Bogotá,Escalado,4.2,40.8,False,1.0,True
PQR-202506-01827,2025-06-06,2025-06,Duda sobre uso del producto,WhatsApp,Bogotá,Cerrado,0.1,1.1,True,5.0,False
PQR-202506-01828,2025-06-03,2025-06,Producto averiado en transporte,Instagram / redes,Manizales,Cerrado,2.3,20.1,True,5.0,False
PQR-202506-01829,2025-06-15,2025-06,Camiseta personalizada pendiente,Instagram / redes,Pasto,Escalado,10.2,13.9,False,3.0,True
PQR-202506-01830,2025-06-07,2025-06,Faltante en el pedido,Instagram / redes,Santa Marta,Cerrado,3.4,37.1,True,4.0,False
PQR-202506-01831,2025-06-09,2025-06,Solicitud de factura electrónica,Correo electrónico,Cali,Cerrado,1.4,3.4,True,4.0,False
PQR-202506-01832,2025-06-24,2025-06,Demora en la entrega,Instagram / redes,Medellín,Cerrado,6.5,20.7,False,3.0,False
PQR-202506-01833,2025-06-02,2025-06,Faltante en el pedido,WhatsApp,Bogotá,Cerrado,6.1,174.5,False,3.0,False
PQR-202506-01834,2025-06-07,2025-06,Contenido incompleto del envase,WhatsApp,Cali,Escalado,1.3,71.1,True,4.0,True
PQR-202506-01835,2025-06-22,2025-06,Duda sobre uso del producto,Chat del sitio,Santa Marta,Cerrado,2.1,10.2,True,5.0,False
PQR-202506-01836,2025-06-13,2025-06,Demora en la entrega,WhatsApp,Medellín,Cerrado,0.4,91.1,True,3.0,False
PQR-202506-01837,2025-06-07,2025-06,Reclamo por precio o promoción,Tienda física,Cúcuta,Cerrado,0.5,20.7,True,4.0,False
PQR-202506-01838,2025-06-23,2025-06,Reclamo por precio o promoción,WhatsApp,Manizales,Cerrado,0.1,4.6,True,5.0,False
PQR-202506-01839,2025-06-20,2025-06,Solicitud de factura electrónica,Chat del sitio,Barranquilla,Cerrado,1.9,22.7,True,4.0,False
PQR-202506-01840,2025-06-16,2025-06,Camiseta personalizada pendiente,WhatsApp,Barranquilla,Escalado,4.2,18.2,False,3.0,True
PQR-202506-01841,2025-06-24,2025-06,Camiseta personalizada pendiente,WhatsApp,Bogotá,Cerrado,1.2,62.7,True,5.0,False
PQR-202506-01842,2025-06-18,2025-06,Evento adverso reportado,WhatsApp,Bogotá,Cerrado,11.1,43.9,False,3.0,True
PQR-202506-01843,2025-06-02,2025-06,Duda sobre uso del producto,WhatsApp,Bucaramanga,Cerrado,0.7,3.8,True,3.0,False
PQR-202506-01844,2025-06-24,2025-06,Demora en la entrega,WhatsApp,Pereira,Cerrado,0.4,16.0,True,3.0,False
PQR-202506-01845,2025-06-13,2025-06,Solicitud de factura electrónica,Línea gratuita #590,Bogotá,Cerrado,0.1,53.9,True,4.0,False
PQR-202506-01846,2025-06-27,2025-06,Producto averiado en transporte,Chat del sitio,Bogotá,Cerrado,1.0,72.9,True,4.0,False
PQR-202506-01847,2025-06-27,2025-06,Faltante en el pedido,WhatsApp,Ibagué,Cerrado,2.6,90.2,True,3.0,False
PQR-202506-01848,2025-06-05,2025-06,Camiseta personalizada pendiente,Instagram / redes,Villavicencio,Escalado,12.7,20.7,False,3.0,True
PQR-202506-01849,2025-06-04,2025-06,Demora en la entrega,WhatsApp,Bucaramanga,Cerrado,0.4,17.5,True,5.0,False
PQR-202506-01850,2025-06-14,2025-06,Cambio o garantía,Chat del sitio,Bucaramanga,Cerrado,0.8,26.5,True,4.0,False
PQR-202506-01851,2025-06-13,2025-06,Solicitud de factura electrónica,WhatsApp,Barranquilla,Cerrado,0.7,32.9,True,4.0,False
PQR-202506-01852,2025-06-03,2025-06,Demora en la entrega,Instagram / redes,Villavicencio,Cerrado,4.4,12.2,False,4.0,False
PQR-202506-01853,2025-06-21,2025-06,Faltante en el pedido,WhatsApp,Cali,Cerrado,0.4,35.1,True,3.0,False
PQR-202506-01854,2025-06-27,2025-06,Demora en la entrega,Chat del sitio,Cali,Cerrado,1.4,5.9,True,3.0,False
PQR-202506-01855,2025-06-12,2025-06,Producto averiado en transporte,WhatsApp,Bogotá,Cerrado,0.2,39.3,True,3.0,False
PQR-202506-01856,2025-06-18,2025-06,Camiseta personalizada pendiente,WhatsApp,Barranquilla,Escalado,1.9,115.0,True,3.0,True
PQR-202506-01857,2025-06-17,2025-06,Camiseta personalizada pendiente,Instagram / redes,Cartagena,Cerrado,0.2,115.5,True,5.0,False
PQR-202506-01858,2025-06-20,2025-06,Camiseta personalizada pendiente,Chat del sitio,Cúcuta,Cerrado,4.2,10.8,False,3.0,False
PQR-202506-01859,2025-06-12,2025-06,Faltante en el pedido,Correo electrónico,Bucaramanga,Cerrado,3.4,4.8,True,5.0,False
PQR-202506-01860,2025-06-01,2025-06,Demora en la entrega,WhatsApp,Cartagena,Cerrado,5.8,9.5,False,4.0,False
PQR-202506-01861,2025-06-05,2025-06,Camiseta personalizada pendiente,Línea gratuita #590,Cartagena,Escalado,14.9,113.0,False,3.0,True
PQR-202506-01862,2025-06-03,2025-06,Faltante en el pedido,WhatsApp,Cartagena,Cerrado,1.2,10.6,True,4.0,False
PQR-202506-01863,2025-06-04,2025-06,Contenido incompleto del envase,WhatsApp,Villavicencio,Cerrado,1.4,35.2,True,3.0,False
PQR-202506-01864,2025-06-26,2025-06,Faltante en el pedido,Instagram / redes,Medellín,Cerrado,0.9,16.9,True,4.0,False
PQR-202506-01865,2025-06-11,2025-06,Solicitud de factura electrónica,Chat del sitio,Bogotá,Cerrado,0.7,4.8,True,3.0,False
PQR-202506-01866,2025-06-19,2025-06,Demora en la entrega,Instagram / redes,Bogotá,Cerrado,1.5,26.2,True,3.0,False
PQR-202506-01867,2025-06-07,2025-06,Faltante en el pedido,WhatsApp,Medellín,Cerrado,0.9,8.6,True,4.0,False
PQR-202506-01868,2025-06-25,2025-06,Demora en la entrega,WhatsApp,Medellín,Cerrado,2.0,58.6,True,5.0,False
PQR-202506-01869,2025-06-26,2025-06,Producto averiado en transporte,Chat del sitio,Bogotá,Cerrado,4.3,19.6,False,2.0,False
PQR-202506-01870,2025-06-01,2025-06,Demora en la entrega,WhatsApp,Cali,Cerrado,0.5,7.5,True,4.0,False
PQR-202506-01871,2025-06-25,2025-06,Demora en la entrega,WhatsApp,Cartagena,Cerrado,0.7,24.4,True,4.0,False
PQR-202506-01872,2025-06-10,2025-06,Producto averiado en transporte,Chat del sitio,Bogotá,Cerrado,2.3,16.3,True,4.0,False
PQR-202506-01873,2025-06-09,2025-06,Faltante en el pedido,Instagram / redes,Barranquilla,Cerrado,0.1,78.2,True,2.0,False
PQR-202506-01874,2025-06-22,2025-06,Solicitud de factura electrónica,Línea gratuita #590,Bucaramanga,Cerrado,1.2,12.1,True,5.0,False
PQR-202506-01875,2025-06-23,2025-06,Producto averiado en transporte,WhatsApp,Bucaramanga,Cerrado,0.2,1.2,True,3.0,False
PQR-202506-01876,2025-06-08,2025-06,Faltante en el pedido,Instagram / redes,Bogotá,Cerrado,2.6,10.0,True,4.0,False
PQR-202506-01877,2025-06-11,2025-06,Faltante en el pedido,Instagram / redes,Pereira,Cerrado,2.3,7.6,True,5.0,False
PQR-202506-01878,2025-06-27,2025-06,Demora en la entrega,Chat del sitio,Bogotá,Cerrado,3.9,7.4,True,4.0,False
PQR-202506-01879,2025-06-25,2025-06,Reclamo por precio o promoción,WhatsApp,Bogotá,Cerrado,0.3,61.3,True,3.0,False
PQR-202506-01880,2025-06-27,2025-06,Faltante en el pedido,WhatsApp,Manizales,Cerrado,0.9,8.0,True,4.0,False
PQR-202506-01881,2025-06-03,2025-06,Reclamo por precio o promoción,Instagram / redes,Pereira,Cerrado,0.7,38.7,True,4.0,False
PQR-202506-01882,2025-06-09,2025-06,Demora en la entrega,Línea gratuita #590,Cali,Cerrado,0.5,72.4,True,3.0,False
PQR-202506-01883,2025-06-14,2025-06,Camiseta personalizada pendiente,Chat del sitio,Medellín,Escalado,2.3,110.3,True,2.0,True
PQR-202506-01884,2025-06-15,2025-06,Demora en la entrega,Línea gratuita #590,Bogotá,Cerrado,1.7,6.7,True,5.0,False
PQR-202506-01885,2025-06-20,2025-06,Camiseta personalizada pendiente,Instagram / redes,Cúcuta,Escalado,1.4,38.7,True,4.0,True
PQR-202506-01886,2025-06-14,2025-06,Evento adverso reportado,Instagram / redes,Medellín,Cerrado,26.0,171.8,False,3.0,True
PQR-202506-01887,2025-06-15,2025-06,Evento adverso reportado,Tienda física,Pereira,Cerrado,1.3,41.0,True,2.0,True
PQR-202506-01888,2025-06-26,2025-06,Faltante en el pedido,Instagram / redes,Bogotá,Cerrado,5.3,28.9,False,5.0,False
PQR-202506-01889,2025-06-10,2025-06,Demora en la entrega,WhatsApp,Bogotá,Cerrado,1.2,7.4,True,4.0,False
PQR-202506-01890,2025-06-25,2025-06,Cambio o garantía,WhatsApp,Bogotá,Cerrado,1.5,6.8,True,3.0,False
PQR-202506-01891,2025-06-05,2025-06,Solicitud de factura electrónica,Línea gratuita #590,Medellín,Cerrado,1.2,5.1,True,4.0,False
PQR-202506-01892,2025-06-11,2025-06,Evento adverso reportado,Instagram / redes,Cali,Escalado,28.4,92.5,False,2.0,True
PQR-202506-01893,2025-06-27,2025-06,Evento adverso reportado,Chat del sitio,Medellín,Cerrado,0.3,93.5,True,2.0,True
PQR-202506-01894,2025-06-01,2025-06,Contenido incompleto del envase,Instagram / redes,Medellín,Cerrado,6.8,24.1,False,3.0,False
PQR-202506-01895,2025-06-02,2025-06,Solicitud de factura electrónica,Tienda física,Armenia,Cerrado,2.5,13.1,True,4.0,False
PQR-202506-01896,2025-06-06,2025-06,Faltante en el pedido,Línea gratuita #590,Bucaramanga,Cerrado,1.1,17.3,True,5.0,False
PQR-202506-01897,2025-06-26,2025-06,Contenido incompleto del envase,WhatsApp,Bogotá,Cerrado,2.5,8.4,True,4.0,False
PQR-202506-01898,2025-06-27,2025-06,Solicitud de factura electrónica,Línea gratuita #590,Medellín,Cerrado,0.8,6.2,True,3.0,False
PQR-202506-01899,2025-06-05,2025-06,Cambio o garantía,Tienda física,Bogotá,Cerrado,0.1,188.9,True,4.0,False
PQR-202506-01900,2025-06-15,2025-06,Demora en la entrega,Línea gratuita #590,Cali,Cerrado,0.6,4.3,True,5.0,False
PQR-202506-01901,2025-06-02,2025-06,Faltante en el pedido,Línea gratuita #590,Barranquilla,Cerrado,10.5,28.7,False,2.0,False
PQR-202506-01902,2025-06-04,2025-06,Faltante en el pedido,WhatsApp,Cartagena,Cerrado,0.3,30.4,True,5.0,False
PQR-202506-01903,2025-06-05,2025-06,Solicitud de factura electrónica,Correo electrónico,Pereira,Cerrado,0.3,63.3,True,5.0,False
PQR-202506-01904,2025-06-24,2025-06,Solicitud de factura electrónica,Instagram / redes,Bogotá,Cerrado,0.1,14.9,True,3.0,False
PQR-202506-01905,2025-06-07,2025-06,Faltante en el pedido,Chat del sitio,Bogotá,Cerrado,3.7,31.8,True,3.0,False
PQR-202506-01906,2025-06-26,2025-06,Demora en la entrega,WhatsApp,Bogotá,Cerrado,1.4,32.3,True,4.0,False
PQR-202506-01907,2025-06-06,2025-06,Reclamo por precio o promoción,Tienda física,Cali,Cerrado,1.8,29.0,True,3.0,False
PQR-202506-01908,2025-06-02,2025-06,Solicitud de factura electrónica,Tienda física,Bogotá,Cerrado,0.3,14.7,True,4.0,False
PQR-202506-01909,2025-06-07,2025-06,Producto averiado en transporte,WhatsApp,Cúcuta,Cerrado,1.4,3.7,True,3.0,False
PQR-202506-01910,2025-06-19,2025-06,Producto averiado en transporte,WhatsApp,Bucaramanga,Cerrado,0.6,7.6,True,4.0,False
PQR-202506-01911,2025-06-26,2025-06,Camiseta personalizada pendiente,WhatsApp,Barranquilla,Cerrado,0.4,41.4,True,4.0,False
PQR-202506-01912,2025-06-25,2025-06,Producto averiado en transporte,WhatsApp,Bogotá,Cerrado,0.1,9.9,True,4.0,False
PQR-202506-01913,2025-06-15,2025-06,Demora en la entrega,Instagram / redes,Ibagué,Cerrado,5.6,14.8,False,3.0,False
PQR-202506-01914,2025-06-03,2025-06,Demora en la entrega,Chat del sitio,Bogotá,Cerrado,0.5,6.5,True,4.0,False
PQR-202506-01915,2025-06-05,2025-06,Cambio o garantía,Línea gratuita #590,Medellín,Cerrado,1.6,15.5,True,4.0,False
PQR-202506-01916,2025-06-17,2025-06,Faltante en el pedido,WhatsApp,Bogotá,Cerrado,0.1,82.0,True,3.0,False
PQR-202506-01917,2025-06-22,2025-06,Demora en la entrega,WhatsApp,Pereira,Cerrado,1.3,9.4,True,3.0,False
PQR-202506-01918,2025-06-13,2025-06,Producto averiado en transporte,WhatsApp,Cali,Cerrado,0.1,26.2,True,3.0,False
PQR-202506-01919,2025-06-27,2025-06,Cambio o garantía,WhatsApp,Barranquilla,Cerrado,3.8,60.4,True,3.0,False
PQR-202506-01920,2025-06-07,2025-06,Demora en la entrega,WhatsApp,Bogotá,Cerrado,0.1,9.5,True,4.0,False
PQR-202506-01921,2025-06-23,2025-06,Duda sobre uso del producto,WhatsApp,Ibagué,Cerrado,0.2,16.6,True,5.0,False
PQR-202506-01922,2025-06-12,2025-06,Demora en la entrega,WhatsApp,Bogotá,Cerrado,2.0,22.7,True,4.0,False
PQR-202506-01923,2025-06-11,2025-06,Demora en la entrega,Línea gratuita #590,Cali,Cerrado,4.6,15.7,False,4.0,False
PQR-202506-01924,2025-06-11,2025-06,Camiseta personalizada pendiente,WhatsApp,Pereira,Escalado,0.1,6.6,True,4.0,True
PQR-202506-01925,2025-06-13,2025-06,Evento adverso reportado,WhatsApp,Neiva,Escalado,2.0,49.5,True,3.0,True
PQR-202506-01926,2025-06-03,2025-06,Cambio o garantía,WhatsApp,Medellín,Cerrado,3.7,19.2,True,3.0,False
PQR-202506-01927,2025-06-10,2025-06,Camiseta personalizada pendiente,WhatsApp,Bucaramanga,Cerrado,10.1,12.6,False,4.0,False
PQR-202506-01928,2025-06-11,2025-06,Camiseta personalizada pendiente,Chat del sitio,Cartagena,Escalado,1.6,18.3,True,5.0,True
PQR-202506-01929,2025-06-25,2025-06,Faltante en el pedido,Chat del sitio,Bogotá,Cerrado,4.1,47.2,False,3.0,False
PQR-202506-01930,2025-06-25,2025-06,Camiseta personalizada pendiente,WhatsApp,Ibagué,Escalado,2.5,3.7,True,5.0,True
PQR-202506-01931,2025-06-06,2025-06,Demora en la entrega,Línea gratuita #590,Barranquilla,Cerrado,5.9,7.8,False,3.0,False
PQR-202506-01932,2025-06-10,2025-06,Contenido incompleto del envase,Instagram / redes,Barranquilla,Cerrado,0.7,58.3,True,3.0,False
PQR-202506-01933,2025-06-07,2025-06,Demora en la entrega,WhatsApp,Bucaramanga,Cerrado,2.5,25.6,True,2.0,False
PQR-202506-01934,2025-06-20,2025-06,Demora en la entrega,Línea gratuita #590,Cali,Cerrado,8.1,24.5,False,4.0,False
PQR-202506-01935,2025-06-27,2025-06,Faltante en el pedido,Chat del sitio,Cali,Cerrado,3.7,13.4,True,2.0,False
PQR-202506-01936,2025-06-15,2025-06,Demora en la entrega,Tienda física,Bogotá,Cerrado,1.1,21.8,True,4.0,False
PQR-202506-01937,2025-06-25,2025-06,Faltante en el pedido,Tienda física,Manizales,Cerrado,0.8,36.6,True,5.0,False
PQR-202506-01938,2025-06-20,2025-06,Duda sobre uso del producto,Línea gratuita #590,Pereira,Cerrado,0.4,21.0,True,3.0,False
PQR-202506-01939,2025-06-02,2025-06,Solicitud de factura electrónica,WhatsApp,Cúcuta,Cerrado,0.1,15.2,True,2.0,False
PQR-202506-01940,2025-06-06,2025-06,Solicitud de factura electrónica,Correo electrónico,Villavicencio,Cerrado,0.3,1.3,True,4.0,False
PQR-202506-01941,2025-06-15,2025-06,Evento adverso reportado,Tienda física,Cali,Escalado,20.1,65.6,False,4.0,True
PQR-202506-01942,2025-06-12,2025-06,Faltante en el pedido,WhatsApp,Barranquilla,Cerrado,4.1,35.4,False,4.0,False
PQR-202506-01943,2025-06-05,2025-06,Demora en la entrega,WhatsApp,Ibagué,Cerrado,0.2,69.8,True,3.0,False
PQR-202506-01944,2025-06-22,2025-06,Contenido incompleto del envase,WhatsApp,Medellín,Cerrado,0.1,4.9,True,5.0,False
PQR-202506-01945,2025-06-25,2025-06,Contenido incompleto del envase,WhatsApp,Barranquilla,Cerrado,4.3,32.8,False,4.0,False
PQR-202506-01946,2025-06-02,2025-06,Faltante en el pedido,WhatsApp,Cúcuta,Cerrado,0.2,20.6,True,4.0,False
PQR-202506-01947,2025-06-14,2025-06,Faltante en el pedido,Línea gratuita #590,Ibagué,Cerrado,2.2,49.9,True,3.0,False
PQR-202506-01948,2025-06-12,2025-06,Solicitud de factura electrónica,Línea gratuita #590,Barranquilla,Cerrado,0.3,10.0,True,4.0,False
PQR-202506-01949,2025-06-04,2025-06,Evento adverso reportado,WhatsApp,Neiva,Escalado,6.7,252.2,False,3.0,True
PQR-202506-01950,2025-06-01,2025-06,Duda sobre uso del producto,Chat del sitio,Ibagué,Cerrado,0.3,13.9,True,5.0,False
PQR-202506-01951,2025-06-21,2025-06,Camiseta personalizada pendiente,Tienda física,Medellín,Cerrado,13.0,55.9,False,3.0,False
PQR-202506-01952,2025-06-26,2025-06,Faltante en el pedido,Tienda física,Medellín,Cerrado,3.4,5.4,True,4.0,False
PQR-202506-01953,2025-06-25,2025-06,Solicitud de factura electrónica,Tienda física,Armenia,Cerrado,0.5,2.8,True,5.0,False
PQR-202506-01954,2025-06-19,2025-06,Faltante en el pedido,Tienda física,Barranquilla,Cerrado,3.5,14.5,True,3.0,False
PQR-202506-01955,2025-06-04,2025-06,Camiseta personalizada pendiente,Chat del sitio,Medellín,Escalado,6.9,73.7,False,2.0,True
PQR-202506-01956,2025-06-04,2025-06,Demora en la entrega,Tienda física,Cali,Cerrado,0.7,61.7,True,5.0,False
PQR-202506-01957,2025-06-10,2025-06,Faltante en el pedido,Línea gratuita #590,Manizales,Cerrado,1.2,67.8,True,5.0,False
PQR-202506-01958,2025-06-05,2025-06,Demora en la entrega,Tienda física,Ibagué,Cerrado,2.1,40.8,True,4.0,False
PQR-202506-01959,2025-06-01,2025-06,Faltante en el pedido,Tienda física,Barranquilla,Cerrado,1.9,16.5,True,5.0,False
PQR-202506-01960,2025-06-08,2025-06,Producto averiado en transporte,WhatsApp,Cali,Cerrado,1.3,62.6,True,3.0,False
PQR-202506-01961,2025-06-26,2025-06,Reclamo por precio o promoción,WhatsApp,Pereira,Cerrado,0.2,26.3,True,3.0,False
PQR-202506-01962,2025-06-05,2025-06,Solicitud de factura electrónica,Instagram / redes,Cali,Cerrado,0.8,33.8,True,3.0,False
PQR-202506-01963,2025-06-16,2025-06,Faltante en el pedido,WhatsApp,Manizales,Cerrado,2.3,50.2,True,4.0,False
PQR-202506-01964,2025-06-03,2025-06,Demora en la entrega,WhatsApp,Medellín,Cerrado,0.9,28.7,True,4.0,False
PQR-202506-01965,2025-06-16,2025-06,Reclamo por precio o promoción,Línea gratuita #590,Bogotá,Cerrado,0.1,39.9,True,5.0,False
PQR-202506-01966,2025-06-26,2025-06,Reclamo por precio o promoción,Chat del sitio,Barranquilla,Cerrado,0.9,9.0,True,4.0,False
PQR-202506-01967,2025-06-01,2025-06,Demora en la entrega,Chat del sitio,Medellín,Cerrado,2.2,61.8,True,3.0,False
PQR-202506-01968,2025-06-13,2025-06,Camiseta personalizada pendiente,WhatsApp,Cúcuta,Cerrado,2.7,19.0,True,4.0,False
PQR-202506-01969,2025-06-02,2025-06,Faltante en el pedido,WhatsApp,Medellín,Cerrado,0.5,35.1,True,5.0,False
PQR-202506-01970,2025-06-17,2025-06,Solicitud de factura electrónica,WhatsApp,Medellín,Cerrado,1.5,4.8,True,4.0,False
PQR-202506-01971,2025-06-09,2025-06,Camiseta personalizada pendiente,Correo electrónico,Bucaramanga,Escalado,3.1,69.3,True,4.0,True
PQR-202506-01972,2025-06-15,2025-06,Faltante en el pedido,Línea gratuita #590,Neiva,Cerrado,2.2,61.4,True,4.0,False
PQR-202506-01973,2025-06-08,2025-06,Faltante en el pedido,Línea gratuita #590,Medellín,Cerrado,9.8,19.7,False,3.0,False
PQR-202506-01974,2025-06-21,2025-06,Duda sobre uso del producto,Instagram / redes,Cartagena,Cerrado,2.2,23.9,True,3.0,False
PQR-202506-01975,2025-06-23,2025-06,Evento adverso reportado,WhatsApp,Bogotá,Escalado,1.4,83.6,True,4.0,True
PQR-202506-01976,2025-06-24,2025-06,Cambio o garantía,Chat del sitio,Pereira,Cerrado,0.7,31.1,True,2.0,False
PQR-202506-01977,2025-06-24,2025-06,Solicitud de factura electrónica,Tienda física,Neiva,Cerrado,0.4,20.2,True,5.0,False
PQR-202506-01978,2025-06-09,2025-06,Producto averiado en transporte,Chat del sitio,Medellín,Cerrado,1.9,71.2,True,5.0,False
PQR-202506-01979,2025-06-10,2025-06,Cambio o garantía,Chat del sitio,Bogotá,Cerrado,0.1,7.8,True,3.0,False
PQR-202506-01980,2025-06-04,2025-06,Producto averiado en transporte,Línea gratuita #590,Medellín,Cerrado,0.6,74.5,True,1.0,False
PQR-202506-01981,2025-06-20,2025-06,Faltante en el pedido,Chat del sitio,Medellín,Cerrado,4.4,13.8,False,3.0,False
PQR-202506-01982,2025-06-16,2025-06,Duda sobre uso del producto,Línea gratuita #590,Manizales,Cerrado,1.5,7.3,True,4.0,False
PQR-202506-01983,2025-06-08,2025-06,Demora en la entrega,Correo electrónico,Cali,Cerrado,12.8,36.1,False,4.0,False
PQR-202506-01984,2025-06-19,2025-06,Duda sobre uso del producto,Chat del sitio,Bogotá,Cerrado,0.7,9.6,True,4.0,False
PQR-202506-01985,2025-06-09,2025-06,Contenido incompleto del envase,WhatsApp,Cúcuta,Cerrado,1.8,15.5,True,3.0,False
PQR-202506-01986,2025-06-09,2025-06,Duda sobre uso del producto,WhatsApp,Bogotá,Cerrado,0.6,5.7,True,3.0,False
PQR-202506-01987,2025-06-06,2025-06,Faltante en el pedido,Chat del sitio,Bogotá,Cerrado,1.4,5.9,True,3.0,False
PQR-202506-01988,2025-06-20,2025-06,Camiseta personalizada pendiente,WhatsApp,Cartagena,Cerrado,4.7,39.9,False,4.0,False
PQR-202506-01989,2025-06-19,2025-06,Demora en la entrega,Instagram / redes,Manizales,Cerrado,14.6,58.5,False,3.0,False
PQR-202506-01990,2025-06-12,2025-06,Demora en la entrega,WhatsApp,Medellín,Cerrado,3.3,11.8,True,4.0,False
PQR-202506-01991,2025-06-19,2025-06,Contenido incompleto del envase,WhatsApp,Bogotá,Escalado,0.4,16.9,True,3.0,True
PQR-202506-01992,2025-06-05,2025-06,Solicitud de factura electrónica,Línea gratuita #590,Medellín,Cerrado,1.7,16.2,True,4.0,False
PQR-202506-01993,2025-06-18,2025-06,Reclamo por precio o promoción,Chat del sitio,Bucaramanga,Cerrado,1.0,12.9,True,4.0,False
PQR-202506-01994,2025-06-23,2025-06,Solicitud de factura electrónica,Línea gratuita #590,Cartagena,Cerrado,4.8,26.5,False,2.0,False
PQR-202506-01995,2025-06-20,2025-06,Faltante en el pedido,Chat del sitio,Cali,Cerrado,2.0,26.2,True,5.0,False
PQR-202506-01996,2025-06-17,2025-06,Camiseta personalizada pendiente,Tienda física,Medellín,Cerrado,3.3,211.2,True,3.0,False
PQR-202506-01997,2025-06-23,2025-06,Faltante en el pedido,Línea gratuita #590,Medellín,Cerrado,3.0,9.3,True,4.0,False
PQR-202506-01998,2025-06-20,2025-06,Demora en la entrega,Instagram / redes,Pasto,Cerrado,4.4,43.3,False,5.0,False
PQR-202506-01999,2025-06-13,2025-06,Camiseta personalizada pendiente,Tienda física,Ibagué,Cerrado,18.5,62.1,False,3.0,False
PQR-202506-02000,2025-06-13,2025-06,Demora en la entrega,WhatsApp,Cúcuta,Cerrado,2.4,9.2,True,5.0,False
PQR-202506-02001,2025-06-07,2025-06,Faltante en el pedido,Instagram / redes,Medellín,Cerrado,2.7,7.8,True,5.0,False
PQR-202506-02002,2025-06-18,2025-06,Faltante en el pedido,WhatsApp,Bogotá,Cerrado,3.8,26.9,True,3.0,False
PQR-202506-02003,2025-06-19,2025-06,Contenido incompleto del envase,Correo electrónico,Bogotá,Cerrado,3.8,24.6,True,3.0,False
PQR-202506-02004,2025-06-02,2025-06,Solicitud de factura electrónica,WhatsApp,Armenia,Cerrado,1.0,54.3,True,5.0,False
PQR-202506-02005,2025-06-03,2025-06,Faltante en el pedido,Instagram / redes,Barranquilla,Cerrado,13.9,53.9,False,2.0,False
PQR-202506-02006,2025-06-03,2025-06,Demora en la entrega,WhatsApp,Bogotá,Cerrado,0.1,34.0,True,4.0,False
PQR-202506-02007,2025-06-21,2025-06,Demora en la entrega,WhatsApp,Medellín,Cerrado,1.0,46.5,True,4.0,False
PQR-202506-02008,2025-06-20,2025-06,Reclamo por precio o promoción,Instagram / redes,Cúcuta,Cerrado,3.3,33.9,True,4.0,False
PQR-202506-02009,2025-06-16,2025-06,Cambio o garantía,Chat del sitio,Bogotá,Cerrado,0.3,24.4,True,5.0,False
PQR-202506-02010,2025-06-13,2025-06,Camiseta personalizada pendiente,WhatsApp,Medellín,Cerrado,3.4,18.0,True,5.0,False
PQR-202506-02011,2025-06-23,2025-06,Demora en la entrega,Línea gratuita #590,Santa Marta,Cerrado,1.2,6.6,True,3.0,False
PQR-202506-02012,2025-06-16,2025-06,Reclamo por precio o promoción,WhatsApp,Bucaramanga,Cerrado,0.4,62.8,True,3.0,False
PQR-202506-02013,2025-06-18,2025-06,Cambio o garantía,WhatsApp,Ibagué,Cerrado,0.1,109.7,True,4.0,False
PQR-202506-02014,2025-06-01,2025-06,Camiseta personalizada pendiente,Instagram / redes,Barranquilla,Cerrado,2.6,25.0,True,3.0,False
PQR-202506-02015,2025-06-25,2025-06,Producto averiado en transporte,WhatsApp,Cali,Cerrado,3.0,21.8,True,3.0,False
PQR-202506-02016,2025-06-02,2025-06,Faltante en el pedido,WhatsApp,Bucaramanga,Cerrado,1.9,49.0,True,2.0,False
PQR-202506-02017,2025-06-23,2025-06,Demora en la entrega,WhatsApp,Pereira,Cerrado,1.7,47.4,True,4.0,False
PQR-202506-02018,2025-06-27,2025-06,Producto averiado en transporte,Instagram / redes,Bogotá,Cerrado,19.9,30.3,False,4.0,False
PQR-202506-02019,2025-06-03,2025-06,Reclamo por precio o promoción,Línea gratuita #590,Bogotá,Cerrado,0.9,1.9,True,3.0,False
PQR-202506-02020,2025-06-06,2025-06,Demora en la entrega,Tienda física,Medellín,Cerrado,0.9,51.8,True,4.0,False
PQR-202506-02021,2025-06-06,2025-06,Faltante en el pedido,Correo electrónico,Armenia,Cerrado,11.9,18.6,False,1.0,False
PQR-202506-02022,2025-06-17,2025-06,Cambio o garantía,Correo electrónico,Barranquilla,Cerrado,5.1,24.7,False,4.0,False
PQR-202506-02023,2025-06-11,2025-06,Demora en la entrega,Chat del sitio,Bogotá,Cerrado,1.2,5.5,True,4.0,False
PQR-202506-02024,2025-06-06,2025-06,Contenido incompleto del envase,Chat del sitio,Medellín,Cerrado,0.9,11.8,True,3.0,False
PQR-202506-02025,2025-06-01,2025-06,Demora en la entrega,WhatsApp,Bucaramanga,Cerrado,0.6,16.0,True,3.0,False
PQR-202506-02026,2025-06-01,2025-06,Camiseta personalizada pendiente,Línea gratuita #590,Barranquilla,Cerrado,1.9,5.0,True,4.0,False
PQR-202507-02027,2025-07-25,2025-07,Producto averiado en transporte,WhatsApp,Medellín,Cerrado,1.5,72.8,True,3.0,False
PQR-202507-02028,2025-07-10,2025-07,Solicitud de factura electrónica,WhatsApp,Cali,Cerrado,0.5,14.8,True,2.0,False
PQR-202507-02029,2025-07-13,2025-07,Contenido incompleto del envase,Línea gratuita #590,Barranquilla,Cerrado,1.6,12.4,True,5.0,False
PQR-202507-02030,2025-07-19,2025-07,Faltante en el pedido,Chat del sitio,Bogotá,Cerrado,1.3,7.9,True,4.0,False
PQR-202507-02031,2025-07-07,2025-07,Evento adverso reportado,Instagram / redes,Bogotá,Cerrado,10.9,37.8,False,5.0,True
PQR-202507-02032,2025-07-09,2025-07,Faltante en el pedido,WhatsApp,Cali,Cerrado,0.8,19.4,True,5.0,False
PQR-202507-02033,2025-07-02,2025-07,Demora en la entrega,Instagram / redes,Medellín,Cerrado,1.1,5.5,True,3.0,False
PQR-202507-02034,2025-07-23,2025-07,Camiseta personalizada pendiente,WhatsApp,Bogotá,Cerrado,0.6,40.4,True,4.0,False
PQR-202507-02035,2025-07-18,2025-07,Duda sobre uso del producto,Instagram / redes,Bogotá,Cerrado,2.1,26.4,True,3.0,False
PQR-202507-02036,2025-07-18,2025-07,Contenido incompleto del envase,Línea gratuita #590,Cartagena,Cerrado,11.7,59.2,False,4.0,False
PQR-202507-02037,2025-07-18,2025-07,Demora en la entrega,Línea gratuita #590,Medellín,Cerrado,7.6,9.2,False,5.0,False
PQR-202507-02038,2025-07-05,2025-07,Demora en la entrega,Tienda física,Medellín,Cerrado,2.9,26.0,True,4.0,False
PQR-202507-02039,2025-07-03,2025-07,Faltante en el pedido,WhatsApp,Bogotá,Cerrado,0.8,21.2,True,3.0,False
PQR-202507-02040,2025-07-22,2025-07,Demora en la entrega,WhatsApp,Barranquilla,Cerrado,1.7,74.3,True,2.0,False
PQR-202507-02041,2025-07-13,2025-07,Contenido incompleto del envase,WhatsApp,Bogotá,Escalado,4.1,58.8,False,5.0,True
PQR-202507-02042,2025-07-24,2025-07,Camiseta personalizada pendiente,WhatsApp,Barranquilla,Escalado,0.1,42.1,True,4.0,True
PQR-202507-02043,2025-07-26,2025-07,Contenido incompleto del envase,WhatsApp,Armenia,Cerrado,0.3,86.0,True,3.0,False
PQR-202507-02044,2025-07-25,2025-07,Faltante en el pedido,Línea gratuita #590,Bogotá,Cerrado,1.3,27.2,True,3.0,False
PQR-202507-02045,2025-07-17,2025-07,Solicitud de factura electrónica,Tienda física,Bucaramanga,Cerrado,0.8,26.4,True,4.0,False
PQR-202507-02046,2025-07-18,2025-07,Faltante en el pedido,Chat del sitio,Bogotá,Cerrado,1.7,39.9,True,4.0,False
PQR-202507-02047,2025-07-13,2025-07,Camiseta personalizada pendiente,Línea gratuita #590,Cúcuta,Escalado,4.0,11.5,True,3.0,True
PQR-202507-02048,2025-07-25,2025-07,Camiseta personalizada pendiente,Instagram / redes,Medellín,Cerrado,20.4,150.8,False,3.0,False
PQR-202507-02049,2025-07-10,2025-07,Producto averiado en transporte,WhatsApp,Barranquilla,Cerrado,1.7,20.2,True,5.0,False
PQR-202507-02050,2025-07-24,2025-07,Duda sobre uso del producto,Correo electrónico,Cali,Cerrado,1.0,12.3,True,4.0,False
PQR-202507-02051,2025-07-18,2025-07,Camiseta personalizada pendiente,Línea gratuita #590,Medellín,Escalado,1.6,6.0,True,4.0,True
PQR-202507-02052,2025-07-01,2025-07,Solicitud de factura electrónica,WhatsApp,Cartagena,Cerrado,0.9,4.7,True,3.0,False
PQR-202507-02053,2025-07-08,2025-07,Cambio o garantía,WhatsApp,Armenia,Cerrado,1.4,10.0,True,3.0,False
PQR-202507-02054,2025-07-24,2025-07,Camiseta personalizada pendiente,Chat del sitio,Barranquilla,Cerrado,3.7,134.5,True,2.0,False
PQR-202507-02055,2025-07-09,2025-07,Demora en la entrega,Instagram / redes,Cali,Cerrado,0.1,6.0,True,3.0,False
PQR-202507-02056,2025-07-04,2025-07,Duda sobre uso del producto,Tienda física,Barranquilla,Cerrado,0.2,3.0,True,3.0,False
PQR-202507-02057,2025-07-01,2025-07,Demora en la entrega,WhatsApp,Cúcuta,Cerrado,0.8,7.1,True,3.0,False
PQR-202507-02058,2025-07-05,2025-07,Faltante en el pedido,WhatsApp,Bogotá,Cerrado,1.1,5.9,True,4.0,False
PQR-202507-02059,2025-07-04,2025-07,Demora en la entrega,Instagram / redes,Bucaramanga,Cerrado,9.0,10.6,False,4.0,False
PQR-202507-02060,2025-07-20,2025-07,Camiseta personalizada pendiente,WhatsApp,Cúcuta,Escalado,2.7,170.0,True,3.0,True
PQR-202507-02061,2025-07-03,2025-07,Duda sobre uso del producto,WhatsApp,Cúcuta,Cerrado,0.3,43.0,True,5.0,False
PQR-202507-02062,2025-07-19,2025-07,Demora en la entrega,Línea gratuita #590,Barranquilla,Cerrado,3.6,6.5,True,3.0,False
PQR-202507-02063,2025-07-02,2025-07,Evento adverso reportado,Línea gratuita #590,Manizales,Escalado,5.2,102.8,False,3.0,True
PQR-202507-02064,2025-07-18,2025-07,Camiseta personalizada pendiente,Instagram / redes,Ibagué,Escalado,0.4,159.8,True,2.0,True
PQR-202507-02065,2025-07-09,2025-07,Demora en la entrega,WhatsApp,Bogotá,Cerrado,0.1,4.1,True,5.0,False
PQR-202507-02066,2025-07-16,2025-07,Solicitud de factura electrónica,WhatsApp,Cali,Cerrado,2.0,21.5,True,5.0,False
PQR-202507-02067,2025-07-17,2025-07,Faltante en el pedido,Chat del sitio,Cali,Cerrado,1.1,7.6,True,3.0,False
PQR-202507-02068,2025-07-02,2025-07,Solicitud de factura electrónica,Correo electrónico,Bucaramanga,Cerrado,1.0,20.5,True,3.0,False
PQR-202507-02069,2025-07-24,2025-07,Producto averiado en transporte,WhatsApp,Bogotá,Cerrado,5.2,14.8,False,4.0,False
PQR-202507-02070,2025-07-22,2025-07,Faltante en el pedido,WhatsApp,Villavicencio,Cerrado,0.5,2.4,True,3.0,False
PQR-202507-02071,2025-07-26,2025-07,Demora en la entrega,Línea gratuita #590,Cúcuta,Cerrado,0.1,59.2,True,5.0,False
PQR-202507-02072,2025-07-27,2025-07,Reclamo por precio o promoción,Chat del sitio,Bogotá,Cerrado,0.9,25.5,True,4.0,False
PQR-202507-02073,2025-07-26,2025-07,Demora en la entrega,Chat del sitio,Villavicencio,Cerrado,0.4,17.7,True,4.0,False
PQR-202507-02074,2025-07-15,2025-07,Demora en la entrega,Chat del sitio,Medellín,Cerrado,1.6,45.8,True,4.0,False
PQR-202507-02075,2025-07-12,2025-07,Cambio o garantía,Línea gratuita #590,Bogotá,Cerrado,0.1,18.4,True,5.0,False
PQR-202507-02076,2025-07-26,2025-07,Demora en la entrega,Instagram / redes,Bogotá,Cerrado,0.4,51.8,True,3.0,False
PQR-202507-02077,2025-07-13,2025-07,Evento adverso reportado,WhatsApp,Medellín,Cerrado,2.2,23.2,True,4.0,True
PQR-202507-02078,2025-07-05,2025-07,Cambio o garantía,Línea gratuita #590,Barranquilla,Cerrado,7.0,61.4,False,4.0,False
PQR-202507-02079,2025-07-10,2025-07,Contenido incompleto del envase,Chat del sitio,Armenia,Cerrado,7.1,19.1,False,4.0,False
PQR-202507-02080,2025-07-25,2025-07,Contenido incompleto del envase,Chat del sitio,Bogotá,Cerrado,2.1,67.4,True,4.0,False
PQR-202507-02081,2025-07-11,2025-07,Faltante en el pedido,WhatsApp,Bogotá,Cerrado,2.7,37.7,True,4.0,False
PQR-202507-02082,2025-07-21,2025-07,Producto averiado en transporte,Chat del sitio,Cartagena,Cerrado,1.2,72.7,True,3.0,False
PQR-202507-02083,2025-07-04,2025-07,Reclamo por precio o promoción,WhatsApp,Pereira,Cerrado,0.1,5.5,True,4.0,False
PQR-202507-02084,2025-07-09,2025-07,Reclamo por precio o promoción,Línea gratuita #590,Manizales,Cerrado,0.4,15.2,True,3.0,False
PQR-202507-02085,2025-07-02,2025-07,Cambio o garantía,WhatsApp,Bogotá,Cerrado,1.0,50.1,True,5.0,False
PQR-202507-02086,2025-07-16,2025-07,Demora en la entrega,WhatsApp,Medellín,Cerrado,2.4,27.0,True,3.0,False
PQR-202507-02087,2025-07-06,2025-07,Cambio o garantía,Correo electrónico,Bucaramanga,Cerrado,9.4,39.8,False,5.0,False
PQR-202507-02088,2025-07-11,2025-07,Demora en la entrega,WhatsApp,Bogotá,Cerrado,1.7,5.5,True,5.0,False
PQR-202507-02089,2025-07-16,2025-07,Duda sobre uso del producto,WhatsApp,Cali,Cerrado,0.4,34.7,True,4.0,False
PQR-202507-02090,2025-07-25,2025-07,Contenido incompleto del envase,Chat del sitio,Bucaramanga,Escalado,1.8,19.7,True,4.0,True
PQR-202507-02091,2025-07-12,2025-07,Demora en la entrega,Tienda física,Medellín,Cerrado,0.3,6.7,True,4.0,False
PQR-202507-02092,2025-07-24,2025-07,Faltante en el pedido,Chat del sitio,Neiva,Cerrado,1.8,12.2,True,3.0,False
PQR-202507-02093,2025-07-10,2025-07,Demora en la entrega,WhatsApp,Cali,Cerrado,3.0,90.1,True,4.0,False
PQR-202507-02094,2025-07-19,2025-07,Cambio o garantía,Tienda física,Bogotá,Cerrado,2.3,12.4,True,4.0,False
PQR-202507-02095,2025-07-12,2025-07,Producto averiado en transporte,Instagram / redes,Bucaramanga,Cerrado,8.9,23.4,False,5.0,False
PQR-202507-02096,2025-07-03,2025-07,Camiseta personalizada pendiente,Línea gratuita #590,Barranquilla,Escalado,0.6,22.6,True,4.0,True
PQR-202507-02097,2025-07-10,2025-07,Cambio o garantía,WhatsApp,Pereira,Cerrado,1.1,165.5,True,2.0,False
PQR-202507-02098,2025-07-26,2025-07,Faltante en el pedido,Chat del sitio,Armenia,Cerrado,0.8,35.9,True,3.0,False
PQR-202507-02099,2025-07-13,2025-07,Demora en la entrega,WhatsApp,Medellín,Cerrado,1.2,156.3,True,4.0,False
PQR-202507-02100,2025-07-06,2025-07,Reclamo por precio o promoción,Instagram / redes,Cartagena,Cerrado,2.4,15.2,True,3.0,False
PQR-202507-02101,2025-07-11,2025-07,Producto averiado en transporte,WhatsApp,Manizales,Cerrado,0.4,26.4,True,4.0,False
PQR-202507-02102,2025-07-20,2025-07,Faltante en el pedido,WhatsApp,Bucaramanga,Cerrado,1.4,60.8,True,4.0,False
PQR-202507-02103,2025-07-26,2025-07,Camiseta personalizada pendiente,Línea gratuita #590,Manizales,Escalado,3.3,29.1,True,3.0,True
PQR-202507-02104,2025-07-08,2025-07,Producto averiado en transporte,Línea gratuita #590,Bucaramanga,Cerrado,1.0,43.4,True,3.0,False
PQR-202507-02105,2025-07-25,2025-07,Camiseta personalizada pendiente,Instagram / redes,Neiva,Escalado,11.5,81.1,False,3.0,True
PQR-202507-02106,2025-07-12,2025-07,Faltante en el pedido,WhatsApp,Bucaramanga,Cerrado,2.3,10.1,True,3.0,False
PQR-202507-02107,2025-07-23,2025-07,Solicitud de factura electrónica,Correo electrónico,Barranquilla,Cerrado,1.1,39.3,True,5.0,False
PQR-202507-02108,2025-07-24,2025-07,Producto averiado en transporte,WhatsApp,Cúcuta,Cerrado,0.9,2.2,True,3.0,False
PQR-202507-02109,2025-07-27,2025-07,Faltante en el pedido,Instagram / redes,Medellín,Cerrado,0.7,16.4,True,3.0,False
PQR-202507-02110,2025-07-01,2025-07,Demora en la entrega,Línea gratuita #590,Bogotá,Cerrado,3.5,60.9,True,3.0,False
PQR-202507-02111,2025-07-11,2025-07,Demora en la entrega,Chat del sitio,Bogotá,Cerrado,3.9,12.9,True,4.0,False
PQR-202507-02112,2025-07-27,2025-07,Producto averiado en transporte,Chat del sitio,Medellín,Cerrado,0.9,78.9,True,2.0,False
PQR-202507-02113,2025-07-24,2025-07,Reclamo por precio o promoción,Instagram / redes,Bogotá,Cerrado,0.8,15.1,True,4.0,False
PQR-202507-02114,2025-07-03,2025-07,Demora en la entrega,Tienda física,Cali,Cerrado,3.4,25.7,True,4.0,False
PQR-202507-02115,2025-07-09,2025-07,Demora en la entrega,WhatsApp,Medellín,Cerrado,0.5,2.7,True,4.0,False
PQR-202507-02116,2025-07-22,2025-07,Contenido incompleto del envase,WhatsApp,Bogotá,Escalado,0.3,97.7,True,4.0,True
PQR-202507-02117,2025-07-16,2025-07,Camiseta personalizada pendiente,WhatsApp,Medellín,Cerrado,2.2,10.4,True,4.0,False
PQR-202507-02118,2025-07-18,2025-07,Demora en la entrega,WhatsApp,Manizales,Cerrado,0.9,4.4,True,5.0,False
PQR-202507-02119,2025-07-04,2025-07,Faltante en el pedido,WhatsApp,Medellín,Cerrado,0.8,36.2,True,3.0,False
PQR-202507-02120,2025-07-24,2025-07,Camiseta personalizada pendiente,WhatsApp,Ibagué,Cerrado,5.9,9.4,False,3.0,False
PQR-202507-02121,2025-07-09,2025-07,Demora en la entrega,WhatsApp,Cali,Cerrado,0.1,1.1,True,3.0,False
PQR-202507-02122,2025-07-13,2025-07,Camiseta personalizada pendiente,WhatsApp,Bogotá,Cerrado,0.5,119.4,True,4.0,False
PQR-202507-02123,2025-07-02,2025-07,Faltante en el pedido,WhatsApp,Bucaramanga,Cerrado,3.2,84.5,True,3.0,False
PQR-202507-02124,2025-07-02,2025-07,Solicitud de factura electrónica,Tienda física,Bogotá,Cerrado,3.8,9.5,True,3.0,False
PQR-202507-02125,2025-07-14,2025-07,Contenido incompleto del envase,WhatsApp,Bogotá,Escalado,0.4,8.6,True,4.0,True
PQR-202507-02126,2025-07-07,2025-07,Camiseta personalizada pendiente,Chat del sitio,Cali,Cerrado,1.0,118.4,True,3.0,False
PQR-202507-02127,2025-07-21,2025-07,Contenido incompleto del envase,WhatsApp,Manizales,Cerrado,3.6,38.4,True,3.0,False
PQR-202507-02128,2025-07-04,2025-07,Demora en la entrega,Línea gratuita #590,Bogotá,Cerrado,0.9,64.5,True,5.0,False
PQR-202507-02129,2025-07-21,2025-07,Demora en la entrega,WhatsApp,Manizales,Cerrado,2.0,21.5,True,3.0,False
PQR-202507-02130,2025-07-13,2025-07,Reclamo por precio o promoción,Chat del sitio,Ibagué,Cerrado,0.1,10.0,True,4.0,False
PQR-202507-02131,2025-07-16,2025-07,Faltante en el pedido,WhatsApp,Medellín,Cerrado,0.8,45.0,True,5.0,False
PQR-202507-02132,2025-07-09,2025-07,Demora en la entrega,WhatsApp,Barranquilla,Cerrado,2.4,21.5,True,3.0,False
PQR-202507-02133,2025-07-21,2025-07,Reclamo por precio o promoción,WhatsApp,Cali,Cerrado,0.4,8.4,True,4.0,False
PQR-202507-02134,2025-07-20,2025-07,Camiseta personalizada pendiente,Correo electrónico,Barranquilla,Escalado,24.2,69.1,False,3.0,True
PQR-202507-02135,2025-07-06,2025-07,Contenido incompleto del envase,Tienda física,Cali,Cerrado,1.3,46.7,True,4.0,False
PQR-202507-02136,2025-07-10,2025-07,Producto averiado en transporte,Línea gratuita #590,Cúcuta,Cerrado,0.1,23.1,True,3.0,False
PQR-202507-02137,2025-07-15,2025-07,Faltante en el pedido,WhatsApp,Bogotá,Cerrado,1.1,32.0,True,4.0,False
PQR-202507-02138,2025-07-27,2025-07,Reclamo por precio o promoción,WhatsApp,Medellín,Cerrado,1.2,21.3,True,2.0,False
PQR-202507-02139,2025-07-27,2025-07,Demora en la entrega,Línea gratuita #590,Medellín,Cerrado,0.6,43.4,True,4.0,False
PQR-202507-02140,2025-07-05,2025-07,Contenido incompleto del envase,WhatsApp,Pasto,Cerrado,0.4,217.9,True,3.0,False
PQR-202507-02141,2025-07-08,2025-07,Solicitud de factura electrónica,Correo electrónico,Bogotá,Cerrado,0.7,15.1,True,5.0,False
PQR-202507-02142,2025-07-06,2025-07,Camiseta personalizada pendiente,Línea gratuita #590,Bucaramanga,Cerrado,1.2,66.0,True,4.0,False
PQR-202507-02143,2025-07-24,2025-07,Demora en la entrega,Chat del sitio,Manizales,Cerrado,4.9,38.5,False,3.0,False
PQR-202507-02144,2025-07-23,2025-07,Faltante en el pedido,WhatsApp,Bogotá,Cerrado,0.9,31.6,True,2.0,False
PQR-202507-02145,2025-07-07,2025-07,Faltante en el pedido,WhatsApp,Bogotá,Cerrado,0.7,23.0,True,5.0,False
PQR-202507-02146,2025-07-25,2025-07,Reclamo por precio o promoción,Chat del sitio,Bucaramanga,Cerrado,1.4,9.6,True,3.0,False
PQR-202507-02147,2025-07-12,2025-07,Demora en la entrega,WhatsApp,Bucaramanga,Cerrado,0.4,1.5,True,4.0,False
PQR-202507-02148,2025-07-26,2025-07,Producto averiado en transporte,Tienda física,Bogotá,Cerrado,5.2,11.3,False,3.0,False
PQR-202507-02149,2025-07-26,2025-07,Demora en la entrega,Correo electrónico,Cali,Cerrado,5.0,47.4,False,5.0,False
PQR-202507-02150,2025-07-01,2025-07,Demora en la entrega,WhatsApp,Pereira,Cerrado,0.2,1.3,True,4.0,False
PQR-202507-02151,2025-07-14,2025-07,Demora en la entrega,Línea gratuita #590,Medellín,Cerrado,1.1,35.5,True,3.0,False
PQR-202507-02152,2025-07-13,2025-07,Contenido incompleto del envase,WhatsApp,Cúcuta,Cerrado,3.3,16.7,True,5.0,False
PQR-202507-02153,2025-07-21,2025-07,Camiseta personalizada pendiente,Tienda física,Bogotá,Escalado,1.7,22.6,True,4.0,True
PQR-202507-02154,2025-07-09,2025-07,Demora en la entrega,WhatsApp,Cali,Cerrado,1.8,6.1,True,3.0,False
PQR-202507-02155,2025-07-08,2025-07,Camiseta personalizada pendiente,WhatsApp,Medellín,Escalado,0.6,12.1,True,4.0,True
PQR-202507-02156,2025-07-06,2025-07,Reclamo por precio o promoción,Línea gratuita #590,Barranquilla,Cerrado,9.6,33.8,False,4.0,False
PQR-202507-02157,2025-07-02,2025-07,Demora en la entrega,WhatsApp,Bogotá,Cerrado,0.5,3.2,True,3.0,False
PQR-202507-02158,2025-07-14,2025-07,Contenido incompleto del envase,Chat del sitio,Cali,Cerrado,1.6,30.7,True,5.0,False
PQR-202507-02159,2025-07-12,2025-07,Faltante en el pedido,WhatsApp,Cartagena,Cerrado,5.1,109.0,False,3.0,False
PQR-202507-02160,2025-07-08,2025-07,Demora en la entrega,Línea gratuita #590,Cali,Cerrado,0.1,10.8,True,3.0,False
PQR-202507-02161,2025-07-21,2025-07,Camiseta personalizada pendiente,Línea gratuita #590,Pereira,Escalado,0.9,1.9,True,3.0,True
PQR-202507-02162,2025-07-02,2025-07,Producto averiado en transporte,Correo electrónico,Bogotá,Cerrado,0.8,17.7,True,3.0,False
PQR-202507-02163,2025-07-19,2025-07,Contenido incompleto del envase,WhatsApp,Santa Marta,Cerrado,1.0,2.9,True,4.0,False
PQR-202507-02164,2025-07-05,2025-07,Camiseta personalizada pendiente,Instagram / redes,Cartagena,Escalado,6.0,15.7,False,5.0,True
PQR-202507-02165,2025-07-21,2025-07,Duda sobre uso del producto,Línea gratuita #590,Cartagena,Cerrado,0.2,17.6,True,5.0,False
PQR-202507-02166,2025-07-20,2025-07,Demora en la entrega,WhatsApp,Bogotá,Cerrado,0.6,7.1,True,5.0,False
PQR-202507-02167,2025-07-22,2025-07,Producto averiado en transporte,WhatsApp,Barranquilla,Cerrado,1.8,12.4,True,5.0,False
PQR-202507-02168,2025-07-20,2025-07,Demora en la entrega,Correo electrónico,Bogotá,Cerrado,1.9,9.5,True,3.0,False
PQR-202507-02169,2025-07-02,2025-07,Faltante en el pedido,WhatsApp,Bogotá,Cerrado,0.5,3.3,True,3.0,False
PQR-202507-02170,2025-07-08,2025-07,Demora en la entrega,Línea gratuita #590,Cúcuta,Cerrado,7.1,28.5,False,2.0,False
PQR-202507-02171,2025-07-14,2025-07,Duda sobre uso del producto,Línea gratuita #590,Cali,Cerrado,0.4,9.6,True,4.0,False
PQR-202507-02172,2025-07-05,2025-07,Faltante en el pedido,Chat del sitio,Bogotá,Cerrado,0.6,3.9,True,4.0,False
PQR-202507-02173,2025-07-09,2025-07,Evento adverso reportado,Correo electrónico,Bogotá,Escalado,47.8,114.2,False,2.0,True
PQR-202507-02174,2025-07-11,2025-07,Evento adverso reportado,WhatsApp,Bogotá,Cerrado,9.3,102.4,False,3.0,True
PQR-202507-02175,2025-07-25,2025-07,Camiseta personalizada pendiente,WhatsApp,Medellín,Cerrado,2.4,45.0,True,4.0,False
PQR-202507-02176,2025-07-23,2025-07,Demora en la entrega,Tienda física,Barranquilla,Cerrado,1.4,15.0,True,4.0,False
PQR-202507-02177,2025-07-13,2025-07,Contenido incompleto del envase,Chat del sitio,Cali,Escalado,3.8,7.4,True,4.0,True
PQR-202507-02178,2025-07-09,2025-07,Faltante en el pedido,Chat del sitio,Pereira,Cerrado,2.8,14.0,True,3.0,False
PQR-202507-02179,2025-07-01,2025-07,Producto averiado en transporte,Chat del sitio,Bogotá,Cerrado,0.7,33.8,True,4.0,False
PQR-202507-02180,2025-07-17,2025-07,Demora en la entrega,Chat del sitio,Medellín,Cerrado,4.6,19.2,False,5.0,False
PQR-202507-02181,2025-07-03,2025-07,Reclamo por precio o promoción,Chat del sitio,Bucaramanga,Cerrado,2.7,28.9,True,2.0,False
PQR-202507-02182,2025-07-04,2025-07,Faltante en el pedido,Instagram / redes,Medellín,Cerrado,8.3,49.9,False,3.0,False
PQR-202507-02183,2025-07-12,2025-07,Reclamo por precio o promoción,WhatsApp,Medellín,Cerrado,1.3,3.3,True,5.0,False
PQR-202507-02184,2025-07-03,2025-07,Demora en la entrega,Línea gratuita #590,Cali,Cerrado,0.4,3.4,True,3.0,False
PQR-202507-02185,2025-07-19,2025-07,Producto averiado en transporte,Tienda física,Medellín,Cerrado,1.5,11.9,True,4.0,False
PQR-202507-02186,2025-07-11,2025-07,Duda sobre uso del producto,Chat del sitio,Bucaramanga,Cerrado,0.4,8.6,True,5.0,False
PQR-202507-02187,2025-07-08,2025-07,Producto averiado en transporte,Chat del sitio,Bogotá,Cerrado,2.2,12.1,True,5.0,False
PQR-202507-02188,2025-07-18,2025-07,Producto averiado en transporte,Chat del sitio,Pereira,Cerrado,0.9,30.5,True,3.0,False
PQR-202507-02189,2025-07-04,2025-07,Demora en la entrega,WhatsApp,Bucaramanga,Cerrado,0.3,11.1,True,3.0,False
PQR-202507-02190,2025-07-02,2025-07,Demora en la entrega,WhatsApp,Barranquilla,Cerrado,3.8,16.3,True,4.0,False
PQR-202507-02191,2025-07-25,2025-07,Solicitud de factura electrónica,WhatsApp,Cali,Cerrado,0.4,19.8,True,3.0,False
PQR-202507-02192,2025-07-03,2025-07,Demora en la entrega,Tienda física,Ibagué,Cerrado,4.1,9.9,False,2.0,False
PQR-202507-02193,2025-07-04,2025-07,Producto averiado en transporte,Línea gratuita #590,Bogotá,Cerrado,1.7,21.3,True,5.0,False
PQR-202507-02194,2025-07-12,2025-07,Reclamo por precio o promoción,Chat del sitio,Cali,Cerrado,3.3,4.3,True,5.0,False
PQR-202507-02195,2025-07-13,2025-07,Evento adverso reportado,Chat del sitio,Pasto,Escalado,0.2,63.5,True,4.0,True
PQR-202507-02196,2025-07-07,2025-07,Cambio o garantía,WhatsApp,Bogotá,Cerrado,2.5,4.6,True,4.0,False
PQR-202507-02197,2025-07-20,2025-07,Demora en la entrega,Instagram / redes,Bogotá,Cerrado,2.4,4.1,True,4.0,False
PQR-202507-02198,2025-07-19,2025-07,Camiseta personalizada pendiente,WhatsApp,Medellín,Cerrado,0.1,68.6,True,5.0,False
PQR-202507-02199,2025-07-20,2025-07,Demora en la entrega,Tienda física,Santa Marta,Cerrado,0.3,16.4,True,4.0,False
PQR-202507-02200,2025-07-05,2025-07,Demora en la entrega,WhatsApp,Cali,Cerrado,1.7,2.7,True,4.0,False
PQR-202507-02201,2025-07-23,2025-07,Contenido incompleto del envase,Tienda física,Manizales,Cerrado,3.2,12.2,True,3.0,False
PQR-202507-02202,2025-07-24,2025-07,Camiseta personalizada pendiente,WhatsApp,Bogotá,Cerrado,1.5,58.6,True,4.0,False
PQR-202507-02203,2025-07-03,2025-07,Solicitud de factura electrónica,WhatsApp,Bucaramanga,Cerrado,0.1,19.9,True,4.0,False
PQR-202507-02204,2025-07-10,2025-07,Faltante en el pedido,WhatsApp,Cúcuta,Cerrado,0.5,26.1,True,4.0,False
PQR-202507-02205,2025-07-17,2025-07,Demora en la entrega,Chat del sitio,Medellín,Cerrado,2.6,12.7,True,3.0,False
PQR-202507-02206,2025-07-08,2025-07,Producto averiado en transporte,WhatsApp,Villavicencio,Cerrado,1.6,64.2,True,3.0,False
PQR-202507-02207,2025-07-27,2025-07,Solicitud de factura electrónica,WhatsApp,Bogotá,Cerrado,0.4,31.0,True,4.0,False
PQR-202507-02208,2025-07-23,2025-07,Faltante en el pedido,Instagram / redes,Pereira,Cerrado,4.2,5.2,False,4.0,False
PQR-202507-02209,2025-07-08,2025-07,Contenido incompleto del envase,Instagram / redes,Medellín,Escalado,6.6,49.8,False,4.0,True
PQR-202507-02210,2025-07-17,2025-07,Camiseta personalizada pendiente,WhatsApp,Cartagena,Cerrado,6.6,8.9,False,4.0,False
PQR-202507-02211,2025-07-01,2025-07,Solicitud de factura electrónica,Instagram / redes,Barranquilla,Cerrado,0.1,5.2,True,4.0,False
PQR-202507-02212,2025-07-25,2025-07,Demora en la entrega,Chat del sitio,Pereira,Cerrado,0.6,3.7,True,4.0,False
PQR-202507-02213,2025-07-03,2025-07,Demora en la entrega,Chat del sitio,Cali,Cerrado,0.3,33.3,True,4.0,False
PQR-202507-02214,2025-07-07,2025-07,Cambio o garantía,WhatsApp,Manizales,Cerrado,0.3,24.0,True,5.0,False
PQR-202507-02215,2025-07-27,2025-07,Evento adverso reportado,WhatsApp,Cali,Cerrado,1.9,99.5,True,2.0,True
PQR-202507-02216,2025-07-24,2025-07,Faltante en el pedido,Línea gratuita #590,Cúcuta,Cerrado,2.5,10.8,True,3.0,False
PQR-202507-02217,2025-07-05,2025-07,Faltante en el pedido,Línea gratuita #590,Medellín,Cerrado,0.5,9.1,True,4.0,False
PQR-202507-02218,2025-07-22,2025-07,Reclamo por precio o promoción,Chat del sitio,Manizales,Cerrado,0.4,8.3,True,4.0,False
PQR-202507-02219,2025-07-09,2025-07,Cambio o garantía,Instagram / redes,Bogotá,Cerrado,0.3,76.0,True,3.0,False
PQR-202507-02220,2025-07-01,2025-07,Contenido incompleto del envase,Instagram / redes,Barranquilla,Cerrado,6.1,98.2,False,3.0,False
PQR-202507-02221,2025-07-19,2025-07,Faltante en el pedido,Tienda física,Bogotá,Cerrado,3.7,71.2,True,4.0,False
PQR-202507-02222,2025-07-04,2025-07,Demora en la entrega,WhatsApp,Bogotá,Cerrado,1.1,4.2,True,3.0,False
PQR-202507-02223,2025-07-04,2025-07,Producto averiado en transporte,Línea gratuita #590,Bogotá,Cerrado,8.2,45.2,False,3.0,False
PQR-202507-02224,2025-07-14,2025-07,Cambio o garantía,Correo electrónico,Cali,Cerrado,9.4,68.4,False,4.0,False
PQR-202507-02225,2025-07-05,2025-07,Producto averiado en transporte,Chat del sitio,Villavicencio,Cerrado,0.1,11.6,True,3.0,False
PQR-202507-02226,2025-07-23,2025-07,Demora en la entrega,WhatsApp,Bogotá,Cerrado,0.1,18.1,True,3.0,False
PQR-202507-02227,2025-07-25,2025-07,Faltante en el pedido,WhatsApp,Barranquilla,Cerrado,0.7,14.0,True,3.0,False
PQR-202507-02228,2025-07-16,2025-07,Duda sobre uso del producto,WhatsApp,Bogotá,Cerrado,0.7,10.6,True,3.0,False
PQR-202507-02229,2025-07-13,2025-07,Producto averiado en transporte,Correo electrónico,Pasto,Cerrado,15.1,67.7,False,3.0,False
PQR-202507-02230,2025-07-17,2025-07,Evento adverso reportado,WhatsApp,Medellín,Cerrado,5.7,9.7,False,4.0,True
PQR-202507-02231,2025-07-27,2025-07,Demora en la entrega,Tienda física,Medellín,Cerrado,1.4,58.3,True,4.0,False
PQR-202507-02232,2025-07-04,2025-07,Demora en la entrega,Correo electrónico,Cali,Cerrado,4.0,39.1,True,4.0,False
PQR-202507-02233,2025-07-19,2025-07,Cambio o garantía,Instagram / redes,Bogotá,Cerrado,5.5,24.0,False,5.0,False
PQR-202507-02234,2025-07-06,2025-07,Duda sobre uso del producto,Chat del sitio,Manizales,Cerrado,0.6,4.4,True,3.0,False
PQR-202507-02235,2025-07-24,2025-07,Demora en la entrega,WhatsApp,Cali,Cerrado,0.2,37.8,True,4.0,False
PQR-202507-02236,2025-07-15,2025-07,Cambio o garantía,Instagram / redes,Cartagena,Cerrado,1.9,4.4,True,4.0,False
PQR-202507-02237,2025-07-13,2025-07,Camiseta personalizada pendiente,Chat del sitio,Bogotá,Cerrado,3.5,16.3,True,3.0,False
PQR-202507-02238,2025-07-10,2025-07,Demora en la entrega,WhatsApp,Cúcuta,Cerrado,2.1,31.0,True,1.0,False
PQR-202507-02239,2025-07-16,2025-07,Contenido incompleto del envase,Línea gratuita #590,Bogotá,Escalado,4.6,28.6,False,4.0,True
PQR-202507-02240,2025-07-16,2025-07,Producto averiado en transporte,Línea gratuita #590,Bogotá,Cerrado,2.9,33.0,True,4.0,False
PQR-202507-02241,2025-07-02,2025-07,Faltante en el pedido,WhatsApp,Pereira,Cerrado,2.0,40.1,True,4.0,False
PQR-202507-02242,2025-07-17,2025-07,Contenido incompleto del envase,WhatsApp,Barranquilla,Escalado,6.2,45.0,False,3.0,True
PQR-202507-02243,2025-07-05,2025-07,Demora en la entrega,WhatsApp,Bogotá,Cerrado,1.9,11.4,True,2.0,False
PQR-202507-02244,2025-07-08,2025-07,Duda sobre uso del producto,Correo electrónico,Medellín,Cerrado,0.3,19.5,True,5.0,False
PQR-202507-02245,2025-07-22,2025-07,Duda sobre uso del producto,Tienda física,Cali,Cerrado,1.4,5.9,True,5.0,False
PQR-202507-02246,2025-07-20,2025-07,Contenido incompleto del envase,WhatsApp,Cali,Escalado,1.7,28.4,True,4.0,True
PQR-202507-02247,2025-07-18,2025-07,Producto averiado en transporte,Chat del sitio,Neiva,Cerrado,0.3,4.9,True,5.0,False
PQR-202507-02248,2025-07-21,2025-07,Faltante en el pedido,Tienda física,Bucaramanga,Cerrado,1.8,9.8,True,3.0,False
PQR-202507-02249,2025-07-01,2025-07,Demora en la entrega,WhatsApp,Cúcuta,Cerrado,1.1,18.9,True,3.0,False
PQR-202507-02250,2025-07-26,2025-07,Demora en la entrega,Chat del sitio,Bucaramanga,Cerrado,3.5,75.7,True,2.0,False
PQR-202507-02251,2025-07-07,2025-07,Faltante en el pedido,WhatsApp,Bogotá,Cerrado,1.0,55.8,True,3.0,False
PQR-202507-02252,2025-07-17,2025-07,Demora en la entrega,Correo electrónico,Pereira,Cerrado,1.4,14.0,True,3.0,False
PQR-202507-02253,2025-07-05,2025-07,Demora en la entrega,Chat del sitio,Cali,Cerrado,2.2,12.3,True,4.0,False
PQR-202507-02254,2025-07-27,2025-07,Contenido incompleto del envase,WhatsApp,Cali,Escalado,0.2,47.3,True,3.0,True
PQR-202507-02255,2025-07-15,2025-07,Contenido incompleto del envase,Instagram / redes,Barranquilla,Escalado,3.3,10.7,True,4.0,True
PQR-202507-02256,2025-07-24,2025-07,Camiseta personalizada pendiente,Instagram / redes,Bogotá,Cerrado,25.4,128.5,False,3.0,False
PQR-202507-02257,2025-07-01,2025-07,Contenido incompleto del envase,Chat del sitio,Medellín,Escalado,1.3,220.5,True,2.0,True
PQR-202507-02258,2025-07-02,2025-07,Duda sobre uso del producto,WhatsApp,Medellín,Cerrado,0.8,29.0,True,2.0,False
PQR-202507-02259,2025-07-14,2025-07,Demora en la entrega,Instagram / redes,Barranquilla,Cerrado,5.9,24.4,False,3.0,False
PQR-202507-02260,2025-07-27,2025-07,Camiseta personalizada pendiente,Línea gratuita #590,Medellín,Escalado,2.3,47.0,True,3.0,True
PQR-202507-02261,2025-07-27,2025-07,Demora en la entrega,WhatsApp,Bogotá,Cerrado,3.2,5.4,True,5.0,False
PQR-202507-02262,2025-07-23,2025-07,Faltante en el pedido,WhatsApp,Neiva,Cerrado,2.1,17.1,True,3.0,False
PQR-202507-02263,2025-07-15,2025-07,Reclamo por precio o promoción,WhatsApp,Bogotá,Cerrado,1.5,2.5,True,4.0,False
PQR-202507-02264,2025-07-05,2025-07,Contenido incompleto del envase,Correo electrónico,Cúcuta,Escalado,6.1,51.1,False,4.0,True
PQR-202507-02265,2025-07-26,2025-07,Camiseta personalizada pendiente,WhatsApp,Medellín,Cerrado,0.1,14.1,True,2.0,False
PQR-202507-02266,2025-07-10,2025-07,Faltante en el pedido,Instagram / redes,Ibagué,Cerrado,4.2,17.4,False,5.0,False
PQR-202507-02267,2025-07-18,2025-07,Solicitud de factura electrónica,Tienda física,Bogotá,Cerrado,1.6,4.8,True,3.0,False
PQR-202507-02268,2025-07-13,2025-07,Demora en la entrega,WhatsApp,Armenia,Cerrado,1.3,8.9,True,4.0,False
PQR-202507-02269,2025-07-15,2025-07,Faltante en el pedido,Línea gratuita #590,Villavicencio,Cerrado,1.1,14.1,True,3.0,False
PQR-202507-02270,2025-07-26,2025-07,Contenido incompleto del envase,Línea gratuita #590,Cartagena,Cerrado,4.8,67.7,False,5.0,False
PQR-202507-02271,2025-07-16,2025-07,Camiseta personalizada pendiente,WhatsApp,Bogotá,Cerrado,7.8,12.1,False,4.0,False
PQR-202507-02272,2025-07-22,2025-07,Cambio o garantía,Chat del sitio,Cartagena,Cerrado,0.7,1.7,True,5.0,False
PQR-202507-02273,2025-07-02,2025-07,Contenido incompleto del envase,WhatsApp,Ibagué,Cerrado,2.4,110.5,True,3.0,False
PQR-202507-02274,2025-07-17,2025-07,Producto averiado en transporte,Línea gratuita #590,Cali,Cerrado,0.2,122.3,True,1.0,False
PQR-202507-02275,2025-07-26,2025-07,Producto averiado en transporte,WhatsApp,Medellín,Cerrado,0.4,27.4,True,4.0,False
PQR-202507-02276,2025-07-24,2025-07,Producto averiado en transporte,Correo electrónico,Bucaramanga,Cerrado,3.9,11.3,True,4.0,False
PQR-202507-02277,2025-07-06,2025-07,Demora en la entrega,WhatsApp,Cúcuta,Cerrado,0.1,21.2,True,4.0,False
PQR-202507-02278,2025-07-21,2025-07,Demora en la entrega,Tienda física,Bogotá,Cerrado,5.7,6.7,False,4.0,False
PQR-202507-02279,2025-07-10,2025-07,Camiseta personalizada pendiente,Tienda física,Cali,Cerrado,1.1,133.3,True,2.0,False
PQR-202507-02280,2025-07-13,2025-07,Demora en la entrega,WhatsApp,Bogotá,Cerrado,2.2,4.3,True,4.0,False
PQR-202507-02281,2025-07-12,2025-07,Evento adverso reportado,WhatsApp,Cali,Cerrado,7.7,25.7,False,4.0,True
PQR-202507-02282,2025-07-04,2025-07,Faltante en el pedido,Instagram / redes,Pereira,Cerrado,8.9,26.0,False,4.0,False
PQR-202507-02283,2025-07-25,2025-07,Faltante en el pedido,WhatsApp,Bogotá,Cerrado,0.2,81.5,True,3.0,False
PQR-202507-02284,2025-07-07,2025-07,Demora en la entrega,Línea gratuita #590,Neiva,Cerrado,0.4,8.5,True,4.0,False
PQR-202507-02285,2025-07-14,2025-07,Demora en la entrega,Instagram / redes,Barranquilla,Cerrado,12.3,23.5,False,3.0,False
PQR-202507-02286,2025-07-01,2025-07,Reclamo por precio o promoción,Instagram / redes,Bogotá,Cerrado,11.5,46.7,False,3.0,False
PQR-202507-02287,2025-07-24,2025-07,Demora en la entrega,Instagram / redes,Ibagué,Cerrado,0.7,17.8,True,4.0,False
PQR-202507-02288,2025-07-26,2025-07,Evento adverso reportado,Instagram / redes,Bucaramanga,Escalado,0.3,245.1,True,3.0,True
PQR-202507-02289,2025-07-23,2025-07,Faltante en el pedido,WhatsApp,Medellín,Cerrado,0.1,50.2,True,4.0,False
PQR-202507-02290,2025-07-25,2025-07,Demora en la entrega,Chat del sitio,Barranquilla,Cerrado,7.2,21.7,False,4.0,False
PQR-202507-02291,2025-07-27,2025-07,Faltante en el pedido,WhatsApp,Medellín,Cerrado,1.5,3.8,True,4.0,False
PQR-202507-02292,2025-07-27,2025-07,Producto averiado en transporte,Instagram / redes,Santa Marta,Cerrado,4.8,5.8,False,4.0,False
PQR-202507-02293,2025-07-25,2025-07,Contenido incompleto del envase,Tienda física,Cúcuta,Escalado,0.8,13.1,True,3.0,True
PQR-202507-02294,2025-07-12,2025-07,Producto averiado en transporte,WhatsApp,Bogotá,Cerrado,2.8,20.7,True,3.0,False
PQR-202507-02295,2025-07-24,2025-07,Reclamo por precio o promoción,WhatsApp,Medellín,Cerrado,1.2,4.9,True,4.0,False
PQR-202507-02296,2025-07-16,2025-07,Contenido incompleto del envase,Chat del sitio,Pereira,Escalado,0.6,27.3,True,3.0,True
PQR-202507-02297,2025-07-21,2025-07,Faltante en el pedido,Línea gratuita #590,Pereira,Cerrado,2.7,21.3,True,4.0,False
PQR-202507-02298,2025-07-24,2025-07,Reclamo por precio o promoción,WhatsApp,Medellín,Cerrado,1.2,28.8,True,4.0,False
PQR-202507-02299,2025-07-01,2025-07,Demora en la entrega,Instagram / redes,Bogotá,Cerrado,1.7,6.9,True,4.0,False
PQR-202507-02300,2025-07-14,2025-07,Producto averiado en transporte,Correo electrónico,Barranquilla,Cerrado,9.9,37.2,False,3.0,False
PQR-202507-02301,2025-07-18,2025-07,Faltante en el pedido,Instagram / redes,Medellín,Cerrado,0.1,7.7,True,2.0,False
PQR-202507-02302,2025-07-25,2025-07,Evento adverso reportado,Chat del sitio,Medellín,Cerrado,0.2,56.8,True,3.0,True
PQR-202507-02303,2025-07-25,2025-07,Faltante en el pedido,Línea gratuita #590,Cartagena,Cerrado,0.5,39.7,True,4.0,False
PQR-202507-02304,2025-07-10,2025-07,Cambio o garantía,WhatsApp,Medellín,Cerrado,5.7,58.4,False,3.0,False
PQR-202507-02305,2025-07-04,2025-07,Demora en la entrega,WhatsApp,Bogotá,Cerrado,1.2,21.0,True,5.0,False
PQR-202507-02306,2025-07-02,2025-07,Camiseta personalizada pendiente,WhatsApp,Bogotá,Escalado,1.0,21.4,True,3.0,True
PQR-202507-02307,2025-07-14,2025-07,Demora en la entrega,Línea gratuita #590,Pereira,Cerrado,1.5,2.5,True,2.0,False
PQR-202507-02308,2025-07-24,2025-07,Solicitud de factura electrónica,Instagram / redes,Ibagué,Cerrado,0.7,5.0,True,3.0,False
PQR-202507-02309,2025-07-27,2025-07,Duda sobre uso del producto,Chat del sitio,Bogotá,Cerrado,0.1,2.0,True,4.0,False
PQR-202507-02310,2025-07-21,2025-07,Producto averiado en transporte,Chat del sitio,Santa Marta,Cerrado,2.0,41.0,True,5.0,False
PQR-202507-02311,2025-07-20,2025-07,Solicitud de factura electrónica,WhatsApp,Cartagena,Cerrado,0.4,3.4,True,5.0,False
PQR-202507-02312,2025-07-01,2025-07,Demora en la entrega,WhatsApp,Cali,Cerrado,0.2,2.3,True,3.0,False
PQR-202507-02313,2025-07-09,2025-07,Reclamo por precio o promoción,Línea gratuita #590,Pasto,Cerrado,1.6,28.8,True,4.0,False
PQR-202507-02314,2025-07-08,2025-07,Camiseta personalizada pendiente,WhatsApp,Medellín,Escalado,1.6,82.3,True,2.0,True
PQR-202507-02315,2025-07-17,2025-07,Demora en la entrega,Chat del sitio,Ibagué,Cerrado,0.8,25.1,True,4.0,False
PQR-202507-02316,2025-07-03,2025-07,Evento adverso reportado,Instagram / redes,Bogotá,Cerrado,7.4,50.0,False,4.0,True
PQR-202507-02317,2025-07-09,2025-07,Faltante en el pedido,Línea gratuita #590,Ibagué,Cerrado,0.3,14.1,True,4.0,False
PQR-202507-02318,2025-07-12,2025-07,Contenido incompleto del envase,Chat del sitio,Bogotá,Escalado,1.8,53.4,True,4.0,True
PQR-202507-02319,2025-07-10,2025-07,Faltante en el pedido,Chat del sitio,Medellín,Cerrado,1.8,25.4,True,4.0,False
PQR-202507-02320,2025-07-04,2025-07,Demora en la entrega,Línea gratuita #590,Barranquilla,Cerrado,0.6,5.9,True,4.0,False
PQR-202507-02321,2025-07-17,2025-07,Evento adverso reportado,Chat del sitio,Bogotá,Cerrado,0.7,59.9,True,4.0,True
PQR-202507-02322,2025-07-11,2025-07,Faltante en el pedido,Línea gratuita #590,Medellín,Cerrado,3.8,68.9,True,4.0,False
PQR-202507-02323,2025-07-02,2025-07,Camiseta personalizada pendiente,WhatsApp,Neiva,Cerrado,0.4,3.7,True,5.0,False
PQR-202507-02324,2025-07-04,2025-07,Faltante en el pedido,Tienda física,Bogotá,Cerrado,0.1,4.7,True,3.0,False
PQR-202507-02325,2025-07-21,2025-07,Camiseta personalizada pendiente,WhatsApp,Bogotá,Cerrado,3.7,68.8,True,4.0,False
PQR-202507-02326,2025-07-25,2025-07,Producto averiado en transporte,Chat del sitio,Barranquilla,Cerrado,1.6,12.8,True,3.0,False
PQR-202507-02327,2025-07-01,2025-07,Reclamo por precio o promoción,WhatsApp,Bogotá,Cerrado,0.6,4.2,True,4.0,False
PQR-202507-02328,2025-07-08,2025-07,Faltante en el pedido,Tienda física,Cúcuta,Cerrado,8.1,14.6,False,3.0,False
PQR-202507-02329,2025-07-26,2025-07,Camiseta personalizada pendiente,WhatsApp,Cali,Cerrado,0.5,37.4,True,5.0,False
PQR-202507-02330,2025-07-02,2025-07,Faltante en el pedido,WhatsApp,Medellín,Cerrado,1.6,51.1,True,2.0,False
PQR-202507-02331,2025-07-23,2025-07,Demora en la entrega,WhatsApp,Cali,Cerrado,2.8,40.4,True,4.0,False
PQR-202507-02332,2025-07-25,2025-07,Solicitud de factura electrónica,WhatsApp,Bogotá,Cerrado,0.3,9.8,True,5.0,False
PQR-202507-02333,2025-07-07,2025-07,Cambio o garantía,Chat del sitio,Bogotá,Cerrado,0.1,27.7,True,3.0,False
PQR-202507-02334,2025-07-23,2025-07,Producto averiado en transporte,Chat del sitio,Cali,Cerrado,0.5,50.2,True,4.0,False
PQR-202507-02335,2025-07-02,2025-07,Producto averiado en transporte,Chat del sitio,Cali,Cerrado,4.1,18.5,False,2.0,False
PQR-202507-02336,2025-07-18,2025-07,Producto averiado en transporte,WhatsApp,Bogotá,Cerrado,1.0,66.7,True,4.0,False
PQR-202507-02337,2025-07-01,2025-07,Contenido incompleto del envase,WhatsApp,Bucaramanga,Escalado,5.0,20.2,False,3.0,True
PQR-202507-02338,2025-07-01,2025-07,Camiseta personalizada pendiente,WhatsApp,Barranquilla,Escalado,0.1,71.6,True,3.0,True
PQR-202507-02339,2025-07-19,2025-07,Reclamo por precio o promoción,WhatsApp,Cali,Cerrado,0.1,46.9,True,3.0,False
PQR-202507-02340,2025-07-08,2025-07,Reclamo por precio o promoción,WhatsApp,Barranquilla,Cerrado,0.3,1.3,True,5.0,False
PQR-202507-02341,2025-07-26,2025-07,Solicitud de factura electrónica,WhatsApp,Medellín,Cerrado,0.2,33.6,True,5.0,False
PQR-202507-02342,2025-07-24,2025-07,Faltante en el pedido,Instagram / redes,Barranquilla,Cerrado,0.7,11.7,True,4.0,False
PQR-202507-02343,2025-07-17,2025-07,Reclamo por precio o promoción,Chat del sitio,Cúcuta,Cerrado,1.3,2.3,True,5.0,False
PQR-202507-02344,2025-07-03,2025-07,Cambio o garantía,WhatsApp,Barranquilla,Cerrado,1.7,10.5,True,4.0,False
PQR-202507-02345,2025-07-21,2025-07,Camiseta personalizada pendiente,WhatsApp,Bogotá,Cerrado,3.6,120.1,True,2.0,False
PQR-202507-02346,2025-07-06,2025-07,Producto averiado en transporte,Línea gratuita #590,Bogotá,Cerrado,0.1,14.7,True,4.0,False
PQR-202507-02347,2025-07-24,2025-07,Camiseta personalizada pendiente,Tienda física,Santa Marta,Cerrado,0.1,98.5,True,3.0,False
PQR-202507-02348,2025-07-18,2025-07,Reclamo por precio o promoción,Chat del sitio,Cúcuta,Cerrado,3.0,20.2,True,4.0,False
PQR-202507-02349,2025-07-08,2025-07,Faltante en el pedido,Instagram / redes,Bogotá,Cerrado,11.4,75.5,False,4.0,False
PQR-202507-02350,2025-07-22,2025-07,Demora en la entrega,Línea gratuita #590,Pereira,Cerrado,0.1,24.4,True,4.0,False
PQR-202507-02351,2025-07-23,2025-07,Camiseta personalizada pendiente,WhatsApp,Barranquilla,Escalado,0.4,2.5,True,4.0,True
PQR-202507-02352,2025-07-08,2025-07,Camiseta personalizada pendiente,Línea gratuita #590,Bogotá,Escalado,6.2,91.9,False,1.0,True
PQR-202507-02353,2025-07-14,2025-07,Demora en la entrega,Chat del sitio,Pereira,Cerrado,0.5,12.2,True,4.0,False
PQR-202507-02354,2025-07-23,2025-07,Faltante en el pedido,Línea gratuita #590,Cúcuta,Cerrado,0.6,17.2,True,3.0,False
PQR-202507-02355,2025-07-15,2025-07,Solicitud de factura electrónica,WhatsApp,Cartagena,Cerrado,0.2,1.2,True,4.0,False
PQR-202507-02356,2025-07-09,2025-07,Faltante en el pedido,Línea gratuita #590,Cali,Cerrado,4.6,12.4,False,5.0,False
PQR-202507-02357,2025-07-18,2025-07,Camiseta personalizada pendiente,Tienda física,Medellín,Cerrado,14.3,28.9,False,3.0,False
PQR-202507-02358,2025-07-24,2025-07,Demora en la entrega,Correo electrónico,Medellín,Cerrado,6.3,42.7,False,3.0,False
PQR-202507-02359,2025-07-09,2025-07,Producto averiado en transporte,WhatsApp,Bogotá,Cerrado,1.1,12.5,True,4.0,False
PQR-202507-02360,2025-07-25,2025-07,Faltante en el pedido,Tienda física,Cúcuta,Cerrado,2.0,42.4,True,4.0,False
PQR-202507-02361,2025-07-21,2025-07,Camiseta personalizada pendiente,WhatsApp,Medellín,Cerrado,0.4,22.8,True,3.0,False
PQR-202507-02362,2025-07-08,2025-07,Faltante en el pedido,WhatsApp,Armenia,Cerrado,3.3,36.0,True,5.0,False
PQR-202507-02363,2025-07-10,2025-07,Demora en la entrega,Línea gratuita #590,Santa Marta,Cerrado,1.8,14.9,True,4.0,False
PQR-202508-02364,2025-08-23,2025-08,Demora en la entrega,Chat del sitio,Cali,Cerrado,1.3,30.5,True,4.0,False
PQR-202508-02365,2025-08-19,2025-08,Cambio o garantía,WhatsApp,Cali,Cerrado,1.0,45.8,True,4.0,False
PQR-202508-02366,2025-08-10,2025-08,Demora en la entrega,WhatsApp,Barranquilla,Cerrado,1.3,8.0,True,4.0,False
PQR-202508-02367,2025-08-20,2025-08,Duda sobre uso del producto,Línea gratuita #590,Bogotá,Cerrado,2.1,9.5,True,4.0,False
PQR-202508-02368,2025-08-22,2025-08,Faltante en el pedido,Línea gratuita #590,Cartagena,Cerrado,1.8,64.2,True,3.0,False
PQR-202508-02369,2025-08-27,2025-08,Evento adverso reportado,Chat del sitio,Medellín,Escalado,0.8,119.3,True,3.0,True
PQR-202508-02370,2025-08-07,2025-08,Faltante en el pedido,WhatsApp,Bogotá,Cerrado,0.1,8.7,True,4.0,False
PQR-202508-02371,2025-08-14,2025-08,Camiseta personalizada pendiente,WhatsApp,Barranquilla,Cerrado,1.6,86.2,True,4.0,False
PQR-202508-02372,2025-08-20,2025-08,Contenido incompleto del envase,Línea gratuita #590,Bogotá,Cerrado,2.3,83.5,True,2.0,False
PQR-202508-02373,2025-08-14,2025-08,Producto averiado en transporte,WhatsApp,Bogotá,Cerrado,0.5,10.7,True,3.0,False
PQR-202508-02374,2025-08-08,2025-08,Demora en la entrega,Línea gratuita #590,Bogotá,Cerrado,2.8,5.0,True,5.0,False
PQR-202508-02375,2025-08-01,2025-08,Producto averiado en transporte,Línea gratuita #590,Cartagena,Cerrado,2.8,52.7,True,3.0,False
PQR-202508-02376,2025-08-21,2025-08,Solicitud de factura electrónica,Línea gratuita #590,Barranquilla,Cerrado,0.4,1.8,True,3.0,False
PQR-202508-02377,2025-08-04,2025-08,Demora en la entrega,WhatsApp,Bogotá,Cerrado,2.2,43.3,True,5.0,False
PQR-202508-02378,2025-08-01,2025-08,Demora en la entrega,Instagram / redes,Villavicencio,Cerrado,16.9,30.6,False,3.0,False
PQR-202508-02379,2025-08-08,2025-08,Demora en la entrega,Tienda física,Medellín,Cerrado,0.6,4.5,True,4.0,False
PQR-202508-02380,2025-08-01,2025-08,Producto averiado en transporte,WhatsApp,Bogotá,Cerrado,0.2,43.0,True,4.0,False
PQR-202508-02381,2025-08-03,2025-08,Faltante en el pedido,WhatsApp,Bogotá,Cerrado,2.1,49.6,True,3.0,False
PQR-202508-02382,2025-08-01,2025-08,Reclamo por precio o promoción,Tienda física,Barranquilla,Cerrado,9.3,69.7,False,3.0,False
PQR-202508-02383,2025-08-23,2025-08,Contenido incompleto del envase,Correo electrónico,Bucaramanga,Escalado,2.3,38.6,True,4.0,True
PQR-202508-02384,2025-08-21,2025-08,Faltante en el pedido,Instagram / redes,Cúcuta,Cerrado,3.7,7.6,True,4.0,False
PQR-202508-02385,2025-08-10,2025-08,Solicitud de factura electrónica,Línea gratuita #590,Bogotá,Cerrado,0.7,20.8,True,2.0,False
PQR-202508-02386,2025-08-21,2025-08,Camiseta personalizada pendiente,Instagram / redes,Barranquilla,Cerrado,1.5,50.5,True,5.0,False
PQR-202508-02387,2025-08-25,2025-08,Producto averiado en transporte,WhatsApp,Barranquilla,Cerrado,0.3,65.0,True,3.0,False
PQR-202508-02388,2025-08-17,2025-08,Reclamo por precio o promoción,Línea gratuita #590,Villavicencio,Cerrado,1.4,8.3,True,3.0,False
PQR-202508-02389,2025-08-27,2025-08,Demora en la entrega,Línea gratuita #590,Cali,Cerrado,3.3,7.0,True,3.0,False
PQR-202508-02390,2025-08-05,2025-08,Camiseta personalizada pendiente,Línea gratuita #590,Cali,Cerrado,3.6,14.4,True,4.0,False
PQR-202508-02391,2025-08-21,2025-08,Producto averiado en transporte,Instagram / redes,Cartagena,Cerrado,5.5,146.6,False,3.0,False
PQR-202508-02392,2025-08-03,2025-08,Cambio o garantía,Línea gratuita #590,Cúcuta,Cerrado,1.6,6.6,True,3.0,False
PQR-202508-02393,2025-08-24,2025-08,Solicitud de factura electrónica,WhatsApp,Medellín,Cerrado,0.1,12.2,True,5.0,False
PQR-202508-02394,2025-08-11,2025-08,Solicitud de factura electrónica,Tienda física,Bogotá,Cerrado,2.8,11.0,True,4.0,False
PQR-202508-02395,2025-08-12,2025-08,Camiseta personalizada pendiente,WhatsApp,Cali,Escalado,3.0,33.6,True,5.0,True
PQR-202508-02396,2025-08-24,2025-08,Cambio o garantía,WhatsApp,Barranquilla,Cerrado,5.0,43.9,False,3.0,False
PQR-202508-02397,2025-08-19,2025-08,Solicitud de factura electrónica,Chat del sitio,Barranquilla,Cerrado,0.3,5.7,True,3.0,False
PQR-202508-02398,2025-08-22,2025-08,Demora en la entrega,WhatsApp,Bogotá,Cerrado,0.8,13.5,True,3.0,False
PQR-202508-02399,2025-08-11,2025-08,Demora en la entrega,Línea gratuita #590,Bogotá,Cerrado,1.5,26.7,True,5.0,False
PQR-202508-02400,2025-08-26,2025-08,Faltante en el pedido,Instagram / redes,Bogotá,Cerrado,7.6,8.6,False,3.0,False
PQR-202508-02401,2025-08-15,2025-08,Producto averiado en transporte,WhatsApp,Cúcuta,Cerrado,0.4,45.8,True,4.0,False
PQR-202508-02402,2025-08-12,2025-08,Reclamo por precio o promoción,Correo electrónico,Barranquilla,Cerrado,2.6,38.1,True,4.0,False
PQR-202508-02403,2025-08-05,2025-08,Faltante en el pedido,WhatsApp,Bogotá,Cerrado,1.9,168.7,True,3.0,False
PQR-202508-02404,2025-08-09,2025-08,Demora en la entrega,Chat del sitio,Bogotá,Cerrado,0.2,9.9,True,4.0,False
PQR-202508-02405,2025-08-12,2025-08,Solicitud de factura electrónica,Instagram / redes,Barranquilla,Cerrado,2.7,20.7,True,5.0,False
PQR-202508-02406,2025-08-07,2025-08,Solicitud de factura electrónica,Línea gratuita #590,Pasto,Cerrado,0.4,4.4,True,4.0,False
PQR-202508-02407,2025-08-09,2025-08,Solicitud de factura electrónica,WhatsApp,Bogotá,Cerrado,0.1,1.7,True,3.0,False
PQR-202508-02408,2025-08-22,2025-08,Demora en la entrega,WhatsApp,Cartagena,Cerrado,1.9,23.0,True,4.0,False
PQR-202508-02409,2025-08-22,2025-08,Producto averiado en transporte,WhatsApp,Bogotá,Cerrado,2.1,20.5,True,3.0,False
PQR-202508-02410,2025-08-03,2025-08,Demora en la entrega,Línea gratuita #590,Bucaramanga,Cerrado,0.1,18.2,True,5.0,False
PQR-202508-02411,2025-08-09,2025-08,Cambio o garantía,Línea gratuita #590,Cali,Cerrado,7.0,78.4,False,3.0,False
PQR-202508-02412,2025-08-15,2025-08,Camiseta personalizada pendiente,WhatsApp,Bogotá,Cerrado,0.7,73.7,True,3.0,False
PQR-202508-02413,2025-08-02,2025-08,Faltante en el pedido,WhatsApp,Santa Marta,Cerrado,3.4,58.4,True,4.0,False
PQR-202508-02414,2025-08-23,2025-08,Duda sobre uso del producto,Tienda física,Bogotá,Cerrado,0.1,5.6,True,4.0,False
PQR-202508-02415,2025-08-01,2025-08,Reclamo por precio o promoción,Línea gratuita #590,Bogotá,Cerrado,1.9,35.6,True,4.0,False
PQR-202508-02416,2025-08-13,2025-08,Demora en la entrega,Línea gratuita #590,Bogotá,Cerrado,1.6,16.7,True,5.0,False
PQR-202508-02417,2025-08-06,2025-08,Solicitud de factura electrónica,WhatsApp,Bogotá,Cerrado,0.9,6.5,True,4.0,False
PQR-202508-02418,2025-08-22,2025-08,Faltante en el pedido,Tienda física,Bogotá,Cerrado,3.1,25.7,True,5.0,False
PQR-202508-02419,2025-08-01,2025-08,Demora en la entrega,Tienda física,Medellín,Cerrado,7.9,29.0,False,2.0,False
PQR-202508-02420,2025-08-02,2025-08,Cambio o garantía,Instagram / redes,Bogotá,Cerrado,5.0,9.5,False,3.0,False
PQR-202508-02421,2025-08-24,2025-08,Reclamo por precio o promoción,Correo electrónico,Neiva,Cerrado,9.8,34.7,False,3.0,False
PQR-202508-02422,2025-08-08,2025-08,Faltante en el pedido,Instagram / redes,Medellín,Cerrado,0.8,7.7,True,3.0,False
PQR-202508-02423,2025-08-19,2025-08,Camiseta personalizada pendiente,Línea gratuita #590,Medellín,Cerrado,0.5,38.0,True,4.0,False
PQR-202508-02424,2025-08-22,2025-08,Evento adverso reportado,Línea gratuita #590,Villavicencio,Cerrado,16.3,111.8,False,3.0,True
PQR-202508-02425,2025-08-14,2025-08,Camiseta personalizada pendiente,WhatsApp,Bogotá,Cerrado,3.5,231.7,True,2.0,False
PQR-202508-02426,2025-08-13,2025-08,Demora en la entrega,Chat del sitio,Cali,Cerrado,2.0,45.9,True,3.0,False
PQR-202508-02427,2025-08-05,2025-08,Contenido incompleto del envase,WhatsApp,Bogotá,Cerrado,4.1,125.7,False,3.0,False
PQR-202508-02428,2025-08-06,2025-08,Contenido incompleto del envase,Chat del sitio,Bogotá,Escalado,2.2,52.4,True,4.0,True
PQR-202508-02429,2025-08-09,2025-08,Cambio o garantía,WhatsApp,Bogotá,Cerrado,1.5,65.0,True,3.0,False
PQR-202508-02430,2025-08-14,2025-08,Camiseta personalizada pendiente,WhatsApp,Bucaramanga,Cerrado,0.9,1.9,True,4.0,False
PQR-202508-02431,2025-08-02,2025-08,Faltante en el pedido,WhatsApp,Medellín,Cerrado,3.6,25.4,True,5.0,False
PQR-202508-02432,2025-08-09,2025-08,Faltante en el pedido,Instagram / redes,Cali,Cerrado,6.5,23.9,False,5.0,False
PQR-202508-02433,2025-08-10,2025-08,Faltante en el pedido,Chat del sitio,Bogotá,Cerrado,3.1,22.0,True,3.0,False
PQR-202508-02434,2025-08-11,2025-08,Producto averiado en transporte,WhatsApp,Bucaramanga,Cerrado,0.8,24.9,True,4.0,False
PQR-202508-02435,2025-08-21,2025-08,Demora en la entrega,Línea gratuita #590,Bogotá,Cerrado,0.7,4.2,True,3.0,False
PQR-202508-02436,2025-08-13,2025-08,Solicitud de factura electrónica,Correo electrónico,Manizales,Cerrado,1.9,17.3,True,3.0,False
PQR-202508-02437,2025-08-13,2025-08,Evento adverso reportado,WhatsApp,Barranquilla,Escalado,2.8,6.0,True,5.0,True
PQR-202508-02438,2025-08-15,2025-08,Camiseta personalizada pendiente,Tienda física,Cali,Cerrado,0.4,1.6,True,4.0,False
PQR-202508-02439,2025-08-01,2025-08,Faltante en el pedido,Correo electrónico,Cali,Cerrado,8.9,23.0,False,3.0,False
PQR-202508-02440,2025-08-05,2025-08,Demora en la entrega,Línea gratuita #590,Bogotá,Cerrado,3.3,14.0,True,5.0,False
PQR-202508-02441,2025-08-06,2025-08,Demora en la entrega,Instagram / redes,Cali,Cerrado,23.6,46.8,False,3.0,False
PQR-202508-02442,2025-08-25,2025-08,Contenido incompleto del envase,Instagram / redes,Bogotá,Cerrado,14.4,70.7,False,3.0,False
PQR-202508-02443,2025-08-17,2025-08,Evento adverso reportado,WhatsApp,Bogotá,Escalado,8.0,73.4,False,2.0,True
PQR-202508-02444,2025-08-08,2025-08,Demora en la entrega,Tienda física,Bogotá,Cerrado,2.6,37.5,True,4.0,False
PQR-202508-02445,2025-08-24,2025-08,Producto averiado en transporte,Correo electrónico,Cúcuta,Cerrado,5.0,14.2,False,2.0,False
PQR-202508-02446,2025-08-10,2025-08,Reclamo por precio o promoción,Tienda física,Bogotá,Cerrado,1.2,10.5,True,3.0,False
PQR-202508-02447,2025-08-11,2025-08,Camiseta personalizada pendiente,WhatsApp,Bogotá,Cerrado,12.5,43.8,False,4.0,False
PQR-202508-02448,2025-08-12,2025-08,Reclamo por precio o promoción,WhatsApp,Neiva,Cerrado,0.6,9.9,True,4.0,False
PQR-202508-02449,2025-08-05,2025-08,Faltante en el pedido,Chat del sitio,Bogotá,Cerrado,0.1,1.1,True,3.0,False
PQR-202508-02450,2025-08-23,2025-08,Contenido incompleto del envase,Tienda física,Cali,Cerrado,10.0,124.5,False,2.0,False
PQR-202508-02451,2025-08-18,2025-08,Demora en la entrega,WhatsApp,Medellín,Cerrado,0.1,16.1,True,4.0,False
PQR-202508-02452,2025-08-26,2025-08,Camiseta personalizada pendiente,WhatsApp,Bogotá,Cerrado,1.2,62.1,True,3.0,False
PQR-202508-02453,2025-08-21,2025-08,Evento adverso reportado,Chat del sitio,Bogotá,Escalado,0.7,93.9,True,5.0,True
PQR-202508-02454,2025-08-16,2025-08,Solicitud de factura electrónica,Chat del sitio,Ibagué,Cerrado,1.0,7.4,True,3.0,False
PQR-202508-02455,2025-08-14,2025-08,Cambio o garantía,Tienda física,Santa Marta,Cerrado,1.0,27.7,True,2.0,False
PQR-202508-02456,2025-08-19,2025-08,Evento adverso reportado,WhatsApp,Medellín,Cerrado,0.5,79.8,True,2.0,True
PQR-202508-02457,2025-08-04,2025-08,Contenido incompleto del envase,WhatsApp,Medellín,Cerrado,0.1,33.5,True,3.0,False
PQR-202508-02458,2025-08-04,2025-08,Faltante en el pedido,Chat del sitio,Medellín,Cerrado,4.6,6.0,False,2.0,False
PQR-202508-02459,2025-08-04,2025-08,Demora en la entrega,WhatsApp,Cali,Cerrado,0.9,4.6,True,5.0,False
PQR-202508-02460,2025-08-04,2025-08,Duda sobre uso del producto,WhatsApp,Bogotá,Cerrado,0.2,17.7,True,3.0,False
PQR-202508-02461,2025-08-02,2025-08,Solicitud de factura electrónica,WhatsApp,Villavicencio,Cerrado,0.3,58.4,True,3.0,False
PQR-202508-02462,2025-08-14,2025-08,Reclamo por precio o promoción,Instagram / redes,Bogotá,Cerrado,7.1,16.1,False,5.0,False
PQR-202508-02463,2025-08-05,2025-08,Demora en la entrega,WhatsApp,Bogotá,Cerrado,0.2,6.4,True,3.0,False
PQR-202508-02464,2025-08-04,2025-08,Evento adverso reportado,WhatsApp,Bogotá,Cerrado,0.9,25.3,True,4.0,True
PQR-202508-02465,2025-08-22,2025-08,Camiseta personalizada pendiente,WhatsApp,Bogotá,Escalado,3.3,11.5,True,5.0,True
PQR-202508-02466,2025-08-12,2025-08,Demora en la entrega,Instagram / redes,Cartagena,Cerrado,2.2,14.8,True,5.0,False
PQR-202508-02467,2025-08-10,2025-08,Reclamo por precio o promoción,Línea gratuita #590,Pereira,Cerrado,0.6,24.7,True,4.0,False
PQR-202508-02468,2025-08-25,2025-08,Faltante en el pedido,Chat del sitio,Barranquilla,Cerrado,0.8,13.5,True,3.0,False
PQR-202508-02469,2025-08-12,2025-08,Camiseta personalizada pendiente,WhatsApp,Bogotá,Escalado,1.9,19.5,True,5.0,True
PQR-202508-02470,2025-08-10,2025-08,Camiseta personalizada pendiente,WhatsApp,Cartagena,Escalado,5.1,171.0,False,3.0,True
PQR-202508-02471,2025-08-07,2025-08,Solicitud de factura electrónica,Chat del sitio,Cartagena,Cerrado,0.5,8.1,True,5.0,False
PQR-202508-02472,2025-08-07,2025-08,Demora en la entrega,Chat del sitio,Cúcuta,Cerrado,4.9,14.1,False,3.0,False
PQR-202508-02473,2025-08-08,2025-08,Producto averiado en transporte,WhatsApp,Barranquilla,Cerrado,0.1,9.9,True,4.0,False
PQR-202508-02474,2025-08-10,2025-08,Solicitud de factura electrónica,Tienda física,Bogotá,Cerrado,1.6,41.5,True,4.0,False
PQR-202508-02475,2025-08-05,2025-08,Producto averiado en transporte,WhatsApp,Barranquilla,Cerrado,4.0,24.2,False,4.0,False
PQR-202508-02476,2025-08-08,2025-08,Camiseta personalizada pendiente,WhatsApp,Cali,Cerrado,2.8,152.5,True,3.0,False
PQR-202508-02477,2025-08-20,2025-08,Contenido incompleto del envase,Instagram / redes,Bogotá,Cerrado,29.6,64.7,False,4.0,False
PQR-202508-02478,2025-08-22,2025-08,Contenido incompleto del envase,WhatsApp,Bogotá,Escalado,2.8,139.6,True,2.0,True
PQR-202508-02479,2025-08-26,2025-08,Faltante en el pedido,WhatsApp,Bogotá,Cerrado,3.2,6.1,True,4.0,False
PQR-202508-02480,2025-08-15,2025-08,Cambio o garantía,WhatsApp,Cali,Cerrado,2.2,52.6,True,4.0,False
PQR-202508-02481,2025-08-03,2025-08,Camiseta personalizada pendiente,WhatsApp,Bogotá,Escalado,3.1,33.2,True,4.0,True
PQR-202508-02482,2025-08-17,2025-08,Demora en la entrega,Correo electrónico,Cartagena,Cerrado,5.1,72.4,False,2.0,False
PQR-202508-02483,2025-08-22,2025-08,Faltante en el pedido,Tienda física,Cali,Cerrado,0.3,31.4,True,5.0,False
PQR-202508-02484,2025-08-11,2025-08,Reclamo por precio o promoción,WhatsApp,Barranquilla,Cerrado,0.4,10.5,True,4.0,False
PQR-202508-02485,2025-08-02,2025-08,Demora en la entrega,Línea gratuita #590,Cali,Cerrado,0.7,52.1,True,4.0,False
PQR-202508-02486,2025-08-18,2025-08,Evento adverso reportado,WhatsApp,Bogotá,Cerrado,0.5,89.6,True,3.0,True
PQR-202508-02487,2025-08-16,2025-08,Duda sobre uso del producto,WhatsApp,Medellín,Cerrado,0.2,1.2,True,3.0,False
PQR-202508-02488,2025-08-15,2025-08,Reclamo por precio o promoción,Correo electrónico,Bucaramanga,Cerrado,6.1,48.3,False,3.0,False
PQR-202508-02489,2025-08-02,2025-08,Duda sobre uso del producto,Línea gratuita #590,Villavicencio,Cerrado,0.4,1.4,True,3.0,False
PQR-202508-02490,2025-08-17,2025-08,Demora en la entrega,Chat del sitio,Bucaramanga,Cerrado,3.3,18.5,True,2.0,False
PQR-202508-02491,2025-08-14,2025-08,Reclamo por precio o promoción,Chat del sitio,Cali,Cerrado,3.1,84.5,True,4.0,False
PQR-202508-02492,2025-08-12,2025-08,Camiseta personalizada pendiente,Instagram / redes,Cartagena,Escalado,0.1,50.5,True,4.0,True
PQR-202508-02493,2025-08-14,2025-08,Demora en la entrega,Línea gratuita #590,Bogotá,Cerrado,1.8,18.3,True,5.0,False
PQR-202508-02494,2025-08-09,2025-08,Contenido incompleto del envase,Chat del sitio,Cali,Escalado,2.9,41.8,True,4.0,True
PQR-202508-02495,2025-08-12,2025-08,Duda sobre uso del producto,WhatsApp,Bogotá,Cerrado,0.9,18.7,True,4.0,False
PQR-202508-02496,2025-08-06,2025-08,Faltante en el pedido,WhatsApp,Pereira,Cerrado,1.5,34.1,True,3.0,False
PQR-202508-02497,2025-08-27,2025-08,Camiseta personalizada pendiente,Tienda física,Cartagena,Cerrado,4.5,6.3,False,4.0,False
PQR-202508-02498,2025-08-03,2025-08,Demora en la entrega,WhatsApp,Cartagena,Cerrado,1.0,3.5,True,4.0,False
PQR-202508-02499,2025-08-09,2025-08,Faltante en el pedido,WhatsApp,Ibagué,Cerrado,0.1,25.3,True,3.0,False
PQR-202508-02500,2025-08-20,2025-08,Duda sobre uso del producto,Chat del sitio,Bogotá,Cerrado,0.7,3.6,True,4.0,False
PQR-202508-02501,2025-08-17,2025-08,Faltante en el pedido,Chat del sitio,Bucaramanga,Cerrado,1.3,20.5,True,3.0,False
PQR-202508-02502,2025-08-19,2025-08,Demora en la entrega,Línea gratuita #590,Santa Marta,Cerrado,0.1,127.2,True,2.0,False
PQR-202508-02503,2025-08-23,2025-08,Faltante en el pedido,WhatsApp,Bucaramanga,Cerrado,0.4,31.9,True,3.0,False
PQR-202508-02504,2025-08-10,2025-08,Faltante en el pedido,Chat del sitio,Manizales,Cerrado,3.9,83.5,True,4.0,False
PQR-202508-02505,2025-08-09,2025-08,Demora en la entrega,Tienda física,Cali,Cerrado,1.9,3.4,True,3.0,False
PQR-202508-02506,2025-08-04,2025-08,Demora en la entrega,WhatsApp,Medellín,Cerrado,1.8,15.2,True,4.0,False
PQR-202508-02507,2025-08-21,2025-08,Contenido incompleto del envase,Chat del sitio,Medellín,Cerrado,2.2,3.8,True,3.0,False
PQR-202508-02508,2025-08-01,2025-08,Demora en la entrega,Chat del sitio,Bogotá,Cerrado,1.6,24.7,True,5.0,False
PQR-202508-02509,2025-08-04,2025-08,Faltante en el pedido,WhatsApp,Bogotá,Cerrado,7.9,41.2,False,5.0,False
PQR-202508-02510,2025-08-09,2025-08,Camiseta personalizada pendiente,Tienda física,Bogotá,Escalado,9.8,37.2,False,2.0,True
PQR-202508-02511,2025-08-05,2025-08,Camiseta personalizada pendiente,Chat del sitio,Bogotá,Escalado,3.7,49.7,True,2.0,True
PQR-202508-02512,2025-08-20,2025-08,Camiseta personalizada pendiente,WhatsApp,Bogotá,Cerrado,1.4,32.3,True,3.0,False
PQR-202508-02513,2025-08-17,2025-08,Demora en la entrega,Instagram / redes,Barranquilla,Cerrado,4.0,17.3,True,3.0,False
PQR-202508-02514,2025-08-02,2025-08,Demora en la entrega,Chat del sitio,Bucaramanga,Cerrado,2.8,23.9,True,4.0,False
PQR-202508-02515,2025-08-26,2025-08,Producto averiado en transporte,WhatsApp,Pereira,Cerrado,1.9,10.4,True,3.0,False
PQR-202508-02516,2025-08-19,2025-08,Solicitud de factura electrónica,Línea gratuita #590,Pasto,Cerrado,2.3,44.3,True,5.0,False
PQR-202508-02517,2025-08-01,2025-08,Reclamo por precio o promoción,Línea gratuita #590,Medellín,Cerrado,0.4,8.1,True,3.0,False
PQR-202508-02518,2025-08-17,2025-08,Contenido incompleto del envase,WhatsApp,Medellín,Cerrado,4.3,29.4,False,3.0,False
PQR-202508-02519,2025-08-14,2025-08,Producto averiado en transporte,Chat del sitio,Bogotá,Cerrado,6.1,20.7,False,4.0,False
PQR-202508-02520,2025-08-24,2025-08,Demora en la entrega,WhatsApp,Bogotá,Cerrado,0.1,1.1,True,4.0,False
PQR-202508-02521,2025-08-10,2025-08,Demora en la entrega,Línea gratuita #590,Barranquilla,Cerrado,3.1,16.1,True,3.0,False
PQR-202508-02522,2025-08-09,2025-08,Faltante en el pedido,WhatsApp,Barranquilla,Cerrado,3.5,21.0,True,4.0,False
PQR-202508-02523,2025-08-05,2025-08,Faltante en el pedido,Chat del sitio,Bucaramanga,Cerrado,5.0,23.4,False,5.0,False
PQR-202508-02524,2025-08-10,2025-08,Demora en la entrega,Correo electrónico,Cali,Cerrado,35.0,38.5,False,5.0,False
PQR-202508-02525,2025-08-25,2025-08,Solicitud de factura electrónica,Línea gratuita #590,Manizales,Cerrado,1.0,2.0,True,4.0,False
PQR-202508-02526,2025-08-22,2025-08,Demora en la entrega,WhatsApp,Bogotá,Cerrado,0.1,7.3,True,4.0,False
PQR-202508-02527,2025-08-05,2025-08,Producto averiado en transporte,Línea gratuita #590,Manizales,Cerrado,1.9,5.4,True,4.0,False
PQR-202508-02528,2025-08-11,2025-08,Solicitud de factura electrónica,Línea gratuita #590,Bucaramanga,Cerrado,0.6,1.6,True,4.0,False
PQR-202508-02529,2025-08-14,2025-08,Reclamo por precio o promoción,WhatsApp,Cartagena,Cerrado,0.3,3.2,True,4.0,False
PQR-202508-02530,2025-08-07,2025-08,Demora en la entrega,Instagram / redes,Bogotá,Cerrado,2.6,4.1,True,3.0,False
PQR-202508-02531,2025-08-01,2025-08,Demora en la entrega,Línea gratuita #590,Barranquilla,Cerrado,0.6,35.5,True,3.0,False
PQR-202508-02532,2025-08-06,2025-08,Solicitud de factura electrónica,Chat del sitio,Medellín,Cerrado,2.6,17.4,True,4.0,False
PQR-202508-02533,2025-08-08,2025-08,Evento adverso reportado,Tienda física,Bucaramanga,Escalado,0.6,60.1,True,4.0,True
PQR-202508-02534,2025-08-11,2025-08,Solicitud de factura electrónica,WhatsApp,Bogotá,Cerrado,0.1,1.5,True,3.0,False
PQR-202508-02535,2025-08-04,2025-08,Camiseta personalizada pendiente,Línea gratuita #590,Bogotá,Escalado,3.4,86.6,True,4.0,True
PQR-202508-02536,2025-08-08,2025-08,Faltante en el pedido,Instagram / redes,Bogotá,Cerrado,2.1,34.5,True,5.0,False
PQR-202508-02537,2025-08-14,2025-08,Reclamo por precio o promoción,Línea gratuita #590,Bogotá,Cerrado,0.2,9.4,True,5.0,False
PQR-202508-02538,2025-08-18,2025-08,Demora en la entrega,Instagram / redes,Neiva,Cerrado,2.6,6.7,True,4.0,False
PQR-202508-02539,2025-08-14,2025-08,Demora en la entrega,Instagram / redes,Bogotá,Cerrado,1.5,29.6,True,3.0,False
PQR-202508-02540,2025-08-22,2025-08,Cambio o garantía,Línea gratuita #590,Bogotá,Cerrado,0.5,16.1,True,4.0,False
PQR-202508-02541,2025-08-03,2025-08,Demora en la entrega,WhatsApp,Ibagué,Cerrado,3.6,4.6,True,3.0,False
PQR-202508-02542,2025-08-27,2025-08,Solicitud de factura electrónica,Instagram / redes,Cali,Cerrado,0.5,14.5,True,5.0,False
PQR-202508-02543,2025-08-01,2025-08,Duda sobre uso del producto,Chat del sitio,Medellín,Cerrado,0.6,8.6,True,3.0,False
PQR-202508-02544,2025-08-07,2025-08,Demora en la entrega,Línea gratuita #590,Ibagué,Cerrado,2.4,5.2,True,2.0,False
PQR-202508-02545,2025-08-27,2025-08,Producto averiado en transporte,Correo electrónico,Bogotá,Cerrado,6.3,19.9,False,3.0,False
PQR-202508-02546,2025-08-22,2025-08,Demora en la entrega,Chat del sitio,Bogotá,Cerrado,4.3,5.6,False,3.0,False
PQR-202508-02547,2025-08-03,2025-08,Producto averiado en transporte,WhatsApp,Cali,Cerrado,1.8,38.2,True,4.0,False
PQR-202508-02548,2025-08-04,2025-08,Evento adverso reportado,WhatsApp,Cartagena,Escalado,1.9,22.0,True,3.0,True
PQR-202508-02549,2025-08-12,2025-08,Demora en la entrega,Línea gratuita #590,Cartagena,Cerrado,0.5,4.8,True,4.0,False
PQR-202508-02550,2025-08-15,2025-08,Producto averiado en transporte,Instagram / redes,Bogotá,Cerrado,4.8,35.0,False,3.0,False
PQR-202508-02551,2025-08-26,2025-08,Producto averiado en transporte,WhatsApp,Ibagué,Cerrado,0.8,17.2,True,5.0,False
PQR-202508-02552,2025-08-11,2025-08,Demora en la entrega,Correo electrónico,Bucaramanga,Cerrado,7.1,87.7,False,2.0,False
PQR-202508-02553,2025-08-07,2025-08,Solicitud de factura electrónica,WhatsApp,Bogotá,Cerrado,0.9,24.0,True,2.0,False
PQR-202508-02554,2025-08-03,2025-08,Solicitud de factura electrónica,Línea gratuita #590,Bogotá,Cerrado,1.7,3.3,True,5.0,False
PQR-202508-02555,2025-08-07,2025-08,Producto averiado en transporte,WhatsApp,Bogotá,Cerrado,0.8,27.6,True,5.0,False
PQR-202508-02556,2025-08-23,2025-08,Demora en la entrega,WhatsApp,Medellín,Cerrado,0.1,7.8,True,4.0,False
PQR-202508-02557,2025-08-13,2025-08,Faltante en el pedido,Chat del sitio,Barranquilla,Cerrado,3.8,22.8,True,3.0,False
PQR-202508-02558,2025-08-14,2025-08,Duda sobre uso del producto,WhatsApp,Bogotá,Cerrado,1.9,6.2,True,5.0,False
PQR-202508-02559,2025-08-24,2025-08,Camiseta personalizada pendiente,WhatsApp,Pereira,Escalado,0.6,79.1,True,3.0,True
PQR-202508-02560,2025-08-20,2025-08,Faltante en el pedido,WhatsApp,Villavicencio,Cerrado,2.2,5.6,True,4.0,False
PQR-202508-02561,2025-08-02,2025-08,Faltante en el pedido,Tienda física,Pereira,Cerrado,2.7,9.7,True,4.0,False
PQR-202508-02562,2025-08-25,2025-08,Faltante en el pedido,Línea gratuita #590,Cali,Cerrado,2.0,9.1,True,4.0,False
PQR-202508-02563,2025-08-25,2025-08,Contenido incompleto del envase,WhatsApp,Bucaramanga,Escalado,3.9,4.9,True,4.0,True
PQR-202508-02564,2025-08-22,2025-08,Producto averiado en transporte,Chat del sitio,Barranquilla,Cerrado,0.5,7.1,True,3.0,False
PQR-202508-02565,2025-08-10,2025-08,Reclamo por precio o promoción,WhatsApp,Bogotá,Cerrado,3.2,15.7,True,4.0,False
PQR-202508-02566,2025-08-13,2025-08,Faltante en el pedido,WhatsApp,Medellín,Cerrado,3.7,105.7,True,4.0,False
PQR-202508-02567,2025-08-16,2025-08,Contenido incompleto del envase,Línea gratuita #590,Barranquilla,Escalado,0.1,100.4,True,2.0,True
PQR-202508-02568,2025-08-09,2025-08,Solicitud de factura electrónica,Instagram / redes,Pereira,Cerrado,5.9,7.8,False,5.0,False
PQR-202508-02569,2025-08-07,2025-08,Producto averiado en transporte,Instagram / redes,Cali,Cerrado,2.2,29.7,True,4.0,False
PQR-202508-02570,2025-08-23,2025-08,Camiseta personalizada pendiente,Instagram / redes,Bogotá,Escalado,1.4,99.0,True,1.0,True
PQR-202508-02571,2025-08-14,2025-08,Faltante en el pedido,WhatsApp,Cúcuta,Cerrado,1.0,35.1,True,5.0,False
PQR-202508-02572,2025-08-11,2025-08,Faltante en el pedido,Chat del sitio,Pereira,Cerrado,0.9,15.3,True,4.0,False
PQR-202508-02573,2025-08-20,2025-08,Producto averiado en transporte,Tienda física,Bogotá,Cerrado,2.8,221.4,True,4.0,False
PQR-202508-02574,2025-08-07,2025-08,Faltante en el pedido,Línea gratuita #590,Bogotá,Cerrado,5.2,7.7,False,3.0,False
PQR-202508-02575,2025-08-27,2025-08,Producto averiado en transporte,WhatsApp,Bogotá,Cerrado,0.4,61.4,True,5.0,False
PQR-202508-02576,2025-08-16,2025-08,Contenido incompleto del envase,Instagram / redes,Bogotá,Escalado,3.8,20.3,True,4.0,True
PQR-202508-02577,2025-08-08,2025-08,Camiseta personalizada pendiente,Línea gratuita #590,Bogotá,Escalado,3.4,45.4,True,4.0,True
PQR-202508-02578,2025-08-17,2025-08,Faltante en el pedido,WhatsApp,Barranquilla,Cerrado,3.8,38.8,True,4.0,False
PQR-202508-02579,2025-08-06,2025-08,Contenido incompleto del envase,WhatsApp,Bogotá,Cerrado,0.7,91.8,True,3.0,False
PQR-202508-02580,2025-08-05,2025-08,Solicitud de factura electrónica,Tienda física,Pereira,Cerrado,3.1,10.9,True,3.0,False
PQR-202508-02581,2025-08-19,2025-08,Evento adverso reportado,Línea gratuita #590,Bogotá,Cerrado,1.2,34.9,True,3.0,True
PQR-202508-02582,2025-08-01,2025-08,Demora en la entrega,WhatsApp,Cúcuta,Cerrado,1.3,41.4,True,2.0,False
PQR-202508-02583,2025-08-13,2025-08,Reclamo por precio o promoción,Instagram / redes,Barranquilla,Cerrado,3.1,5.8,True,4.0,False
PQR-202508-02584,2025-08-23,2025-08,Demora en la entrega,WhatsApp,Cali,Cerrado,0.2,5.0,True,4.0,False
PQR-202508-02585,2025-08-16,2025-08,Contenido incompleto del envase,WhatsApp,Pereira,Cerrado,1.7,21.6,True,5.0,False
PQR-202508-02586,2025-08-23,2025-08,Producto averiado en transporte,WhatsApp,Cali,Cerrado,1.0,28.4,True,4.0,False
PQR-202508-02587,2025-08-03,2025-08,Demora en la entrega,WhatsApp,Bogotá,Cerrado,2.2,37.3,True,4.0,False
PQR-202508-02588,2025-08-16,2025-08,Demora en la entrega,WhatsApp,Villavicencio,Cerrado,0.1,11.8,True,4.0,False
PQR-202508-02589,2025-08-18,2025-08,Faltante en el pedido,WhatsApp,Bogotá,Cerrado,3.0,19.3,True,4.0,False
PQR-202508-02590,2025-08-23,2025-08,Faltante en el pedido,Tienda física,Medellín,Cerrado,5.5,30.6,False,4.0,False
PQR-202508-02591,2025-08-25,2025-08,Faltante en el pedido,Tienda física,Bogotá,Cerrado,0.5,45.0,True,4.0,False
PQR-202508-02592,2025-08-22,2025-08,Camiseta personalizada pendiente,Chat del sitio,Bogotá,Escalado,0.9,116.4,True,2.0,True
PQR-202508-02593,2025-08-26,2025-08,Reclamo por precio o promoción,WhatsApp,Bogotá,Cerrado,0.2,16.1,True,4.0,False
PQR-202508-02594,2025-08-14,2025-08,Faltante en el pedido,Línea gratuita #590,Bogotá,Cerrado,0.7,5.3,True,4.0,False
PQR-202508-02595,2025-08-07,2025-08,Demora en la entrega,Línea gratuita #590,Bogotá,Cerrado,1.2,44.2,True,3.0,False
PQR-202508-02596,2025-08-11,2025-08,Camiseta personalizada pendiente,Línea gratuita #590,Bogotá,Escalado,1.0,39.4,True,3.0,True
PQR-202508-02597,2025-08-25,2025-08,Evento adverso reportado,WhatsApp,Bogotá,Escalado,7.0,10.1,False,4.0,True
PQR-202508-02598,2025-08-16,2025-08,Faltante en el pedido,WhatsApp,Bogotá,Cerrado,0.1,32.5,True,5.0,False
PQR-202508-02599,2025-08-19,2025-08,Faltante en el pedido,WhatsApp,Barranquilla,Cerrado,0.8,231.5,True,2.0,False
PQR-202508-02600,2025-08-12,2025-08,Demora en la entrega,Instagram / redes,Cali,Cerrado,2.7,38.9,True,3.0,False
PQR-202508-02601,2025-08-18,2025-08,Demora en la entrega,Línea gratuita #590,Manizales,Cerrado,12.3,34.8,False,4.0,False
PQR-202508-02602,2025-08-07,2025-08,Contenido incompleto del envase,Correo electrónico,Medellín,Cerrado,4.8,121.5,False,3.0,False
PQR-202508-02603,2025-08-27,2025-08,Solicitud de factura electrónica,Tienda física,Barranquilla,Cerrado,0.6,1.6,True,3.0,False
PQR-202508-02604,2025-08-22,2025-08,Contenido incompleto del envase,WhatsApp,Bogotá,Cerrado,0.8,50.4,True,4.0,False
PQR-202508-02605,2025-08-19,2025-08,Faltante en el pedido,WhatsApp,Bogotá,Cerrado,1.9,12.4,True,3.0,False
PQR-202508-02606,2025-08-15,2025-08,Demora en la entrega,Chat del sitio,Cartagena,Cerrado,0.1,22.7,True,4.0,False
PQR-202508-02607,2025-08-08,2025-08,Cambio o garantía,Línea gratuita #590,Bogotá,Cerrado,0.1,37.4,True,3.0,False
PQR-202508-02608,2025-08-02,2025-08,Evento adverso reportado,Línea gratuita #590,Bogotá,Escalado,2.4,32.3,True,4.0,True
PQR-202508-02609,2025-08-16,2025-08,Solicitud de factura electrónica,WhatsApp,Medellín,Cerrado,0.2,6.8,True,4.0,False
PQR-202508-02610,2025-08-23,2025-08,Demora en la entrega,WhatsApp,Barranquilla,Cerrado,0.2,46.6,True,4.0,False
PQR-202508-02611,2025-08-21,2025-08,Camiseta personalizada pendiente,Instagram / redes,Medellín,Cerrado,1.1,110.1,True,3.0,False
PQR-202508-02612,2025-08-02,2025-08,Cambio o garantía,Línea gratuita #590,Bogotá,Cerrado,3.6,123.8,True,4.0,False
PQR-202508-02613,2025-08-07,2025-08,Faltante en el pedido,WhatsApp,Bogotá,Cerrado,1.6,8.8,True,4.0,False
PQR-202508-02614,2025-08-19,2025-08,Reclamo por precio o promoción,Línea gratuita #590,Barranquilla,Cerrado,2.0,14.8,True,4.0,False
PQR-202508-02615,2025-08-25,2025-08,Faltante en el pedido,WhatsApp,Ibagué,Cerrado,3.1,29.2,True,4.0,False
PQR-202508-02616,2025-08-05,2025-08,Solicitud de factura electrónica,Chat del sitio,Bogotá,Cerrado,1.0,7.0,True,4.0,False
PQR-202508-02617,2025-08-14,2025-08,Demora en la entrega,Chat del sitio,Bogotá,Cerrado,3.0,13.0,True,3.0,False
PQR-202508-02618,2025-08-11,2025-08,Demora en la entrega,WhatsApp,Bogotá,Cerrado,0.3,5.8,True,5.0,False
PQR-202508-02619,2025-08-22,2025-08,Cambio o garantía,WhatsApp,Medellín,Cerrado,3.9,19.2,True,4.0,False
PQR-202508-02620,2025-08-27,2025-08,Demora en la entrega,Instagram / redes,Barranquilla,Cerrado,2.4,20.5,True,4.0,False
PQR-202508-02621,2025-08-23,2025-08,Producto averiado en transporte,WhatsApp,Cúcuta,Cerrado,1.2,22.1,True,5.0,False
PQR-202508-02622,2025-08-10,2025-08,Reclamo por precio o promoción,Línea gratuita #590,Cúcuta,Cerrado,2.5,13.2,True,4.0,False
PQR-202508-02623,2025-08-27,2025-08,Demora en la entrega,Chat del sitio,Bogotá,Cerrado,1.1,25.9,True,4.0,False
PQR-202508-02624,2025-08-06,2025-08,Demora en la entrega,Línea gratuita #590,Bogotá,Cerrado,2.9,11.0,True,3.0,False
PQR-202508-02625,2025-08-06,2025-08,Faltante en el pedido,Chat del sitio,Barranquilla,Cerrado,0.1,1.4,True,5.0,False
PQR-202508-02626,2025-08-14,2025-08,Solicitud de factura electrónica,Chat del sitio,Bucaramanga,Cerrado,1.3,9.8,True,3.0,False
PQR-202508-02627,2025-08-27,2025-08,Faltante en el pedido,Línea gratuita #590,Bogotá,Cerrado,0.7,28.5,True,4.0,False
PQR-202508-02628,2025-08-03,2025-08,Faltante en el pedido,Instagram / redes,Cali,Cerrado,3.7,12.5,True,4.0,False
PQR-202508-02629,2025-08-10,2025-08,Producto averiado en transporte,Chat del sitio,Bogotá,Cerrado,3.5,16.0,True,4.0,False
PQR-202508-02630,2025-08-04,2025-08,Demora en la entrega,Línea gratuita #590,Bogotá,Cerrado,0.8,40.1,True,4.0,False
PQR-202508-02631,2025-08-26,2025-08,Solicitud de factura electrónica,Instagram / redes,Bogotá,Cerrado,0.7,4.3,True,3.0,False
PQR-202508-02632,2025-08-19,2025-08,Demora en la entrega,Línea gratuita #590,Medellín,Cerrado,1.0,2.5,True,3.0,False
PQR-202508-02633,2025-08-07,2025-08,Faltante en el pedido,Línea gratuita #590,Bogotá,Cerrado,2.5,44.5,True,3.0,False
PQR-202508-02634,2025-08-07,2025-08,Solicitud de factura electrónica,Línea gratuita #590,Bogotá,Cerrado,1.7,13.3,True,4.0,False
PQR-202508-02635,2025-08-03,2025-08,Demora en la entrega,WhatsApp,Barranquilla,Cerrado,3.7,44.7,True,3.0,False
PQR-202508-02636,2025-08-18,2025-08,Demora en la entrega,Instagram / redes,Bogotá,Cerrado,1.1,2.1,True,3.0,False
PQR-202508-02637,2025-08-06,2025-08,Demora en la entrega,Chat del sitio,Barranquilla,Cerrado,5.1,24.9,False,5.0,False
PQR-202508-02638,2025-08-19,2025-08,Producto averiado en transporte,Chat del sitio,Barranquilla,Cerrado,3.0,28.3,True,5.0,False
PQR-202508-02639,2025-08-02,2025-08,Camiseta personalizada pendiente,WhatsApp,Ibagué,Escalado,0.6,27.9,True,3.0,True
PQR-202508-02640,2025-08-04,2025-08,Reclamo por precio o promoción,Línea gratuita #590,Bogotá,Cerrado,1.3,6.4,True,5.0,False
PQR-202508-02641,2025-08-08,2025-08,Faltante en el pedido,Correo electrónico,Barranquilla,Cerrado,14.6,56.2,False,2.0,False
PQR-202508-02642,2025-08-01,2025-08,Faltante en el pedido,Chat del sitio,Ibagué,Cerrado,2.0,63.7,True,2.0,False
PQR-202508-02643,2025-08-05,2025-08,Demora en la entrega,Línea gratuita #590,Bogotá,Cerrado,2.1,7.1,True,4.0,False
PQR-202508-02644,2025-08-27,2025-08,Reclamo por precio o promoción,WhatsApp,Bogotá,Cerrado,0.6,5.2,True,3.0,False
PQR-202508-02645,2025-08-24,2025-08,Evento adverso reportado,Tienda física,Bogotá,Cerrado,11.4,19.6,False,3.0,True
PQR-202508-02646,2025-08-22,2025-08,Faltante en el pedido,WhatsApp,Medellín,Cerrado,0.5,25.5,True,3.0,False
PQR-202508-02647,2025-08-04,2025-08,Faltante en el pedido,Instagram / redes,Pereira,Cerrado,2.8,67.2,True,3.0,False
PQR-202508-02648,2025-08-10,2025-08,Faltante en el pedido,Instagram / redes,Bogotá,Cerrado,2.9,58.2,True,4.0,False
PQR-202508-02649,2025-08-27,2025-08,Solicitud de factura electrónica,WhatsApp,Cartagena,Cerrado,0.3,4.8,True,4.0,False
PQR-202508-02650,2025-08-20,2025-08,Camiseta personalizada pendiente,WhatsApp,Medellín,Escalado,2.4,43.1,True,4.0,True
PQR-202508-02651,2025-08-16,2025-08,Demora en la entrega,WhatsApp,Bogotá,Cerrado,1.3,74.2,True,3.0,False
PQR-202508-02652,2025-08-03,2025-08,Camiseta personalizada pendiente,WhatsApp,Medellín,Escalado,0.6,3.9,True,3.0,True
PQR-202508-02653,2025-08-23,2025-08,Producto averiado en transporte,WhatsApp,Ibagué,Cerrado,2.3,13.6,True,3.0,False
PQR-202508-02654,2025-08-23,2025-08,Faltante en el pedido,Instagram / redes,Medellín,Cerrado,16.6,31.2,False,5.0,False
PQR-202508-02655,2025-08-10,2025-08,Demora en la entrega,WhatsApp,Medellín,Cerrado,0.4,18.0,True,3.0,False
PQR-202508-02656,2025-08-25,2025-08,Cambio o garantía,Chat del sitio,Bogotá,Cerrado,4.0,99.8,False,4.0,False
PQR-202508-02657,2025-08-26,2025-08,Producto averiado en transporte,WhatsApp,Barranquilla,Cerrado,1.7,23.4,True,5.0,False
PQR-202508-02658,2025-08-20,2025-08,Demora en la entrega,WhatsApp,Santa Marta,Cerrado,0.1,5.2,True,2.0,False
PQR-202508-02659,2025-08-05,2025-08,Producto averiado en transporte,WhatsApp,Bogotá,Cerrado,6.4,13.8,False,3.0,False
PQR-202508-02660,2025-08-12,2025-08,Demora en la entrega,WhatsApp,Bogotá,Cerrado,2.7,3.7,True,2.0,False
PQR-202508-02661,2025-08-18,2025-08,Faltante en el pedido,WhatsApp,Bogotá,Cerrado,2.7,49.1,True,4.0,False
PQR-202508-02662,2025-08-04,2025-08,Faltante en el pedido,WhatsApp,Bucaramanga,Cerrado,0.4,6.2,True,3.0,False
PQR-202508-02663,2025-08-17,2025-08,Demora en la entrega,WhatsApp,Cali,Cerrado,0.1,6.0,True,3.0,False
PQR-202508-02664,2025-08-05,2025-08,Camiseta personalizada pendiente,WhatsApp,Barranquilla,Cerrado,1.7,23.7,True,4.0,False
PQR-202508-02665,2025-08-18,2025-08,Solicitud de factura electrónica,WhatsApp,Bogotá,Cerrado,0.2,4.2,True,3.0,False
PQR-202508-02666,2025-08-17,2025-08,Demora en la entrega,WhatsApp,Medellín,Cerrado,0.1,34.2,True,3.0,False
PQR-202508-02667,2025-08-13,2025-08,Cambio o garantía,Instagram / redes,Cali,Cerrado,0.6,7.3,True,4.0,False
PQR-202508-02668,2025-08-09,2025-08,Faltante en el pedido,Tienda física,Bogotá,Cerrado,2.2,3.2,True,4.0,False
PQR-202508-02669,2025-08-06,2025-08,Contenido incompleto del envase,Correo electrónico,Bogotá,Escalado,12.6,70.9,False,5.0,True
PQR-202508-02670,2025-08-22,2025-08,Demora en la entrega,WhatsApp,Bogotá,Cerrado,5.6,19.8,False,5.0,False
PQR-202508-02671,2025-08-26,2025-08,Faltante en el pedido,WhatsApp,Medellín,Cerrado,0.6,1.6,True,4.0,False
PQR-202508-02672,2025-08-02,2025-08,Duda sobre uso del producto,WhatsApp,Barranquilla,Cerrado,0.2,4.6,True,3.0,False
PQR-202508-02673,2025-08-21,2025-08,Faltante en el pedido,WhatsApp,Bogotá,Cerrado,0.9,44.4,True,3.0,False
PQR-202508-02674,2025-08-23,2025-08,Faltante en el pedido,Línea gratuita #590,Neiva,Cerrado,0.4,60.1,True,4.0,False
PQR-202508-02675,2025-08-27,2025-08,Contenido incompleto del envase,Chat del sitio,Bogotá,Cerrado,6.6,34.3,False,3.0,False
PQR-202508-02676,2025-08-17,2025-08,Solicitud de factura electrónica,Chat del sitio,Medellín,Cerrado,0.1,25.1,True,2.0,False
PQR-202508-02677,2025-08-05,2025-08,Producto averiado en transporte,Instagram / redes,Medellín,Cerrado,11.0,23.9,False,4.0,False
PQR-202508-02678,2025-08-08,2025-08,Producto averiado en transporte,Instagram / redes,Pereira,Cerrado,0.5,6.0,True,4.0,False
PQR-202508-02679,2025-08-05,2025-08,Reclamo por precio o promoción,WhatsApp,Bogotá,Cerrado,1.2,3.6,True,4.0,False
PQR-202508-02680,2025-08-11,2025-08,Faltante en el pedido,WhatsApp,Bogotá,Cerrado,0.1,19.5,True,3.0,False
PQR-202508-02681,2025-08-25,2025-08,Producto averiado en transporte,Correo electrónico,Medellín,Cerrado,7.5,26.2,False,4.0,False
PQR-202508-02682,2025-08-06,2025-08,Duda sobre uso del producto,Instagram / redes,Bogotá,Cerrado,2.3,12.8,True,3.0,False
PQR-202508-02683,2025-08-12,2025-08,Producto averiado en transporte,WhatsApp,Barranquilla,Cerrado,1.3,5.6,True,5.0,False
PQR-202508-02684,2025-08-05,2025-08,Contenido incompleto del envase,Línea gratuita #590,Bucaramanga,Cerrado,4.1,21.4,False,5.0,False
PQR-202508-02685,2025-08-25,2025-08,Cambio o garantía,WhatsApp,Cartagena,Cerrado,7.2,41.4,False,3.0,False
PQR-202508-02686,2025-08-27,2025-08,Evento adverso reportado,WhatsApp,Villavicencio,Escalado,6.3,51.0,False,4.0,True
PQR-202508-02687,2025-08-08,2025-08,Demora en la entrega,WhatsApp,Cali,Cerrado,1.2,3.5,True,3.0,False
PQR-202508-02688,2025-08-05,2025-08,Camiseta personalizada pendiente,Tienda física,Medellín,Escalado,1.6,43.8,True,4.0,True
PQR-202508-02689,2025-08-18,2025-08,Demora en la entrega,Instagram / redes,Medellín,Cerrado,9.7,64.8,False,3.0,False
PQR-202508-02690,2025-08-01,2025-08,Solicitud de factura electrónica,Instagram / redes,Bucaramanga,Cerrado,3.1,6.3,True,3.0,False
PQR-202508-02691,2025-08-02,2025-08,Producto averiado en transporte,Línea gratuita #590,Cali,Cerrado,4.2,63.9,False,3.0,False
PQR-202508-02692,2025-08-04,2025-08,Contenido incompleto del envase,Tienda física,Bogotá,Cerrado,2.9,80.3,True,2.0,False
PQR-202508-02693,2025-08-21,2025-08,Solicitud de factura electrónica,Línea gratuita #590,Medellín,Cerrado,0.6,7.0,True,3.0,False
PQR-202508-02694,2025-08-04,2025-08,Producto averiado en transporte,Tienda física,Bucaramanga,Cerrado,2.0,18.4,True,3.0,False
PQR-202508-02695,2025-08-04,2025-08,Camiseta personalizada pendiente,Línea gratuita #590,Bogotá,Escalado,15.6,18.4,False,4.0,True
PQR-202508-02696,2025-08-06,2025-08,Demora en la entrega,Línea gratuita #590,Bucaramanga,Cerrado,1.3,71.0,True,3.0,False
PQR-202508-02697,2025-08-08,2025-08,Contenido incompleto del envase,WhatsApp,Bogotá,Cerrado,10.2,51.3,False,4.0,False
PQR-202508-02698,2025-08-06,2025-08,Demora en la entrega,WhatsApp,Bogotá,Cerrado,0.7,13.6,True,4.0,False
PQR-202508-02699,2025-08-12,2025-08,Demora en la entrega,Tienda física,Bucaramanga,Cerrado,3.3,5.0,True,4.0,False
PQR-202508-02700,2025-08-01,2025-08,Duda sobre uso del producto,WhatsApp,Barranquilla,Cerrado,0.1,7.9,True,4.0,False
PQR-202508-02701,2025-08-27,2025-08,Demora en la entrega,Instagram / redes,Villavicencio,Cerrado,0.4,11.4,True,3.0,False
PQR-202508-02702,2025-08-21,2025-08,Contenido incompleto del envase,Tienda física,Medellín,Escalado,4.1,167.4,False,4.0,True
PQR-202508-02703,2025-08-10,2025-08,Demora en la entrega,Tienda física,Medellín,Cerrado,0.8,5.1,True,5.0,False
PQR-202508-02704,2025-08-12,2025-08,Producto averiado en transporte,WhatsApp,Bogotá,Cerrado,2.5,31.5,True,3.0,False
PQR-202508-02705,2025-08-20,2025-08,Faltante en el pedido,Tienda física,Cali,Cerrado,1.5,46.0,True,3.0,False
PQR-202508-02706,2025-08-26,2025-08,Camiseta personalizada pendiente,WhatsApp,Pereira,Cerrado,0.2,6.6,True,3.0,False
PQR-202508-02707,2025-08-16,2025-08,Demora en la entrega,WhatsApp,Pereira,Cerrado,0.2,3.5,True,3.0,False
PQR-202508-02708,2025-08-07,2025-08,Duda sobre uso del producto,WhatsApp,Bogotá,Cerrado,0.5,3.3,True,2.0,False
PQR-202508-02709,2025-08-01,2025-08,Faltante en el pedido,WhatsApp,Cali,Cerrado,2.4,14.4,True,4.0,False
PQR-202508-02710,2025-08-19,2025-08,Reclamo por precio o promoción,WhatsApp,Bogotá,Cerrado,1.1,30.8,True,5.0,False
PQR-202508-02711,2025-08-10,2025-08,Camiseta personalizada pendiente,Tienda física,Medellín,Cerrado,3.1,9.0,True,5.0,False
PQR-202508-02712,2025-08-14,2025-08,Evento adverso reportado,Instagram / redes,Pereira,Escalado,0.6,123.8,True,2.0,True
PQR-202508-02713,2025-08-13,2025-08,Demora en la entrega,Chat del sitio,Medellín,Cerrado,0.4,27.8,True,3.0,False
PQR-202508-02714,2025-08-12,2025-08,Camiseta personalizada pendiente,WhatsApp,Barranquilla,Escalado,4.1,75.1,False,2.0,True
PQR-202508-02715,2025-08-17,2025-08,Camiseta personalizada pendiente,Tienda física,Cali,Escalado,0.9,39.3,True,4.0,True
PQR-202508-02716,2025-08-21,2025-08,Producto averiado en transporte,Línea gratuita #590,Pereira,Cerrado,1.2,33.5,True,2.0,False
PQR-202508-02717,2025-08-08,2025-08,Solicitud de factura electrónica,WhatsApp,Bogotá,Cerrado,1.0,23.3,True,3.0,False
PQR-202508-02718,2025-08-16,2025-08,Producto averiado en transporte,WhatsApp,Cali,Cerrado,0.1,62.7,True,4.0,False
PQR-202508-02719,2025-08-18,2025-08,Producto averiado en transporte,WhatsApp,Bogotá,Cerrado,1.3,20.0,True,2.0,False
PQR-202508-02720,2025-08-06,2025-08,Duda sobre uso del producto,WhatsApp,Cali,Cerrado,0.9,42.7,True,3.0,False
PQR-202508-02721,2025-08-07,2025-08,Cambio o garantía,WhatsApp,Pereira,Cerrado,0.8,1.8,True,3.0,False
PQR-202508-02722,2025-08-06,2025-08,Demora en la entrega,Chat del sitio,Pereira,Cerrado,2.2,68.6,True,3.0,False
PQR-202508-02723,2025-08-03,2025-08,Faltante en el pedido,WhatsApp,Bogotá,Cerrado,0.3,34.8,True,3.0,False
PQR-202508-02724,2025-08-08,2025-08,Reclamo por precio o promoción,Línea gratuita #590,Medellín,Cerrado,0.7,6.9,True,4.0,False
PQR-202508-02725,2025-08-03,2025-08,Solicitud de factura electrónica,Línea gratuita #590,Cali,Cerrado,0.9,23.7,True,2.0,False
PQR-202508-02726,2025-08-03,2025-08,Producto averiado en transporte,WhatsApp,Cúcuta,Cerrado,2.2,66.1,True,4.0,False
PQR-202508-02727,2025-08-19,2025-08,Reclamo por precio o promoción,WhatsApp,Medellín,Cerrado,0.3,4.8,True,2.0,False
PQR-202508-02728,2025-08-15,2025-08,Reclamo por precio o promoción,WhatsApp,Pereira,Cerrado,0.4,4.9,True,5.0,False
PQR-202508-02729,2025-08-25,2025-08,Solicitud de factura electrónica,Instagram / redes,Bogotá,Cerrado,4.6,17.6,False,5.0,False
PQR-202508-02730,2025-08-13,2025-08,Contenido incompleto del envase,Chat del sitio,Medellín,Cerrado,1.1,185.2,True,3.0,False
PQR-202508-02731,2025-08-27,2025-08,Faltante en el pedido,Chat del sitio,Cali,Cerrado,1.2,13.6,True,3.0,False
PQR-202508-02732,2025-08-23,2025-08,Reclamo por precio o promoción,Instagram / redes,Bogotá,Cerrado,1.3,25.5,True,3.0,False
PQR-202508-02733,2025-08-26,2025-08,Faltante en el pedido,WhatsApp,Cali,Cerrado,6.7,31.6,False,3.0,False
PQR-202509-02734,2025-09-01,2025-09,Demora en la entrega,Línea gratuita #590,Bogotá,Cerrado,3.1,8.5,True,3.0,False
PQR-202509-02735,2025-09-22,2025-09,Camiseta personalizada pendiente,WhatsApp,Cali,Cerrado,1.3,22.4,True,2.0,False
PQR-202509-02736,2025-09-16,2025-09,Cambio o garantía,Chat del sitio,Medellín,Cerrado,2.0,26.8,True,4.0,False
PQR-202509-02737,2025-09-22,2025-09,Solicitud de factura electrónica,WhatsApp,Bogotá,Cerrado,1.2,16.4,True,4.0,False
PQR-202509-02738,2025-09-24,2025-09,Demora en la entrega,Línea gratuita #590,Bucaramanga,Cerrado,1.6,11.0,True,4.0,False
PQR-202509-02739,2025-09-09,2025-09,Solicitud de factura electrónica,WhatsApp,Pereira,Cerrado,0.1,8.9,True,4.0,False
PQR-202509-02740,2025-09-20,2025-09,Contenido incompleto del envase,WhatsApp,Medellín,Cerrado,9.1,92.6,False,3.0,False
PQR-202509-02741,2025-09-20,2025-09,Demora en la entrega,WhatsApp,Cali,Cerrado,1.4,32.5,True,3.0,False
PQR-202509-02742,2025-09-12,2025-09,Producto averiado en transporte,Línea gratuita #590,Ibagué,Cerrado,4.0,25.8,True,4.0,False
PQR-202509-02743,2025-09-17,2025-09,Camiseta personalizada pendiente,WhatsApp,Bogotá,Cerrado,5.0,31.9,False,4.0,False
PQR-202509-02744,2025-09-05,2025-09,Faltante en el pedido,WhatsApp,Barranquilla,Cerrado,0.9,82.2,True,2.0,False
PQR-202509-02745,2025-09-01,2025-09,Producto averiado en transporte,WhatsApp,Medellín,Cerrado,3.0,10.5,True,4.0,False
PQR-202509-02746,2025-09-17,2025-09,Contenido incompleto del envase,WhatsApp,Bogotá,Escalado,6.7,29.2,False,3.0,True
PQR-202509-02747,2025-09-17,2025-09,Demora en la entrega,WhatsApp,Bogotá,Cerrado,0.9,12.5,True,4.0,False
PQR-202509-02748,2025-09-03,2025-09,Cambio o garantía,Tienda física,Medellín,Cerrado,8.1,39.0,False,5.0,False
PQR-202509-02749,2025-09-13,2025-09,Demora en la entrega,WhatsApp,Bogotá,Cerrado,2.0,18.7,True,4.0,False
PQR-202509-02750,2025-09-13,2025-09,Faltante en el pedido,Instagram / redes,Bogotá,Cerrado,0.7,36.5,True,3.0,False
PQR-202509-02751,2025-09-07,2025-09,Reclamo por precio o promoción,Chat del sitio,Cali,Cerrado,0.9,30.6,True,4.0,False
PQR-202509-02752,2025-09-22,2025-09,Demora en la entrega,WhatsApp,Medellín,Cerrado,0.7,8.4,True,3.0,False
PQR-202509-02753,2025-09-11,2025-09,Demora en la entrega,Instagram / redes,Pereira,Cerrado,0.8,61.8,True,4.0,False
PQR-202509-02754,2025-09-06,2025-09,Faltante en el pedido,Línea gratuita #590,Bogotá,Cerrado,6.5,57.4,False,4.0,False
PQR-202509-02755,2025-09-11,2025-09,Cambio o garantía,WhatsApp,Pereira,Cerrado,9.7,17.5,False,4.0,False
PQR-202509-02756,2025-09-09,2025-09,Faltante en el pedido,Tienda física,Bogotá,Cerrado,5.7,40.6,False,3.0,False
PQR-202509-02757,2025-09-23,2025-09,Evento adverso reportado,Línea gratuita #590,Neiva,Escalado,2.3,16.3,True,3.0,True
PQR-202509-02758,2025-09-20,2025-09,Producto averiado en transporte,Chat del sitio,Medellín,Cerrado,1.1,3.0,True,4.0,False
PQR-202509-02759,2025-09-27,2025-09,Reclamo por precio o promoción,Línea gratuita #590,Bogotá,Cerrado,0.8,29.7,True,4.0,False
PQR-202509-02760,2025-09-03,2025-09,Camiseta personalizada pendiente,WhatsApp,Bogotá,Escalado,0.9,18.8,True,4.0,True
PQR-202509-02761,2025-09-18,2025-09,Faltante en el pedido,WhatsApp,Medellín,Cerrado,1.2,23.8,True,5.0,False
PQR-202509-02762,2025-09-26,2025-09,Cambio o garantía,WhatsApp,Bucaramanga,Cerrado,0.8,14.5,True,3.0,False
PQR-202509-02763,2025-09-21,2025-09,Faltante en el pedido,Línea gratuita #590,Bogotá,Cerrado,8.7,74.1,False,2.0,False
PQR-202509-02764,2025-09-27,2025-09,Duda sobre uso del producto,WhatsApp,Cali,Cerrado,0.5,16.5,True,4.0,False
PQR-202509-02765,2025-09-25,2025-09,Faltante en el pedido,Línea gratuita #590,Bucaramanga,Cerrado,0.1,30.6,True,4.0,False
PQR-202509-02766,2025-09-11,2025-09,Camiseta personalizada pendiente,Línea gratuita #590,Santa Marta,Escalado,2.5,19.3,True,5.0,True
PQR-202509-02767,2025-09-23,2025-09,Faltante en el pedido,Chat del sitio,Neiva,Cerrado,0.7,40.7,True,4.0,False
PQR-202509-02768,2025-09-02,2025-09,Cambio o garantía,WhatsApp,Barranquilla,Cerrado,1.9,74.8,True,3.0,False
PQR-202509-02769,2025-09-14,2025-09,Cambio o garantía,Tienda física,Medellín,Cerrado,1.6,82.1,True,2.0,False
PQR-202509-02770,2025-09-04,2025-09,Faltante en el pedido,Línea gratuita #590,Bogotá,Cerrado,0.3,50.9,True,5.0,False
PQR-202509-02771,2025-09-17,2025-09,Demora en la entrega,Línea gratuita #590,Cali,Cerrado,4.8,104.6,False,2.0,False
PQR-202509-02772,2025-09-15,2025-09,Demora en la entrega,Línea gratuita #590,Barranquilla,Cerrado,2.7,77.9,True,3.0,False
PQR-202509-02773,2025-09-23,2025-09,Contenido incompleto del envase,Chat del sitio,Bogotá,Escalado,0.7,14.2,True,4.0,True
PQR-202509-02774,2025-09-25,2025-09,Camiseta personalizada pendiente,Correo electrónico,Bogotá,Cerrado,8.0,32.4,False,5.0,False
PQR-202509-02775,2025-09-07,2025-09,Producto averiado en transporte,WhatsApp,Medellín,Cerrado,1.7,18.5,True,3.0,False
PQR-202509-02776,2025-09-03,2025-09,Demora en la entrega,Correo electrónico,Bucaramanga,Cerrado,21.6,94.1,False,4.0,False
PQR-202509-02777,2025-09-07,2025-09,Demora en la entrega,Línea gratuita #590,Bogotá,Cerrado,8.9,48.4,False,4.0,False
PQR-202509-02778,2025-09-20,2025-09,Evento adverso reportado,WhatsApp,Cali,Cerrado,10.4,88.2,False,3.0,True
PQR-202509-02779,2025-09-07,2025-09,Demora en la entrega,WhatsApp,Cúcuta,Cerrado,4.9,7.4,False,3.0,False
PQR-202509-02780,2025-09-20,2025-09,Solicitud de factura electrónica,Instagram / redes,Bucaramanga,Cerrado,1.8,26.6,True,3.0,False
PQR-202509-02781,2025-09-06,2025-09,Demora en la entrega,WhatsApp,Cali,Cerrado,0.1,23.1,True,5.0,False
PQR-202509-02782,2025-09-05,2025-09,Reclamo por precio o promoción,WhatsApp,Bogotá,Cerrado,1.5,10.0,True,2.0,False
PQR-202509-02783,2025-09-23,2025-09,Cambio o garantía,WhatsApp,Bogotá,Cerrado,2.4,38.6,True,3.0,False
PQR-202509-02784,2025-09-13,2025-09,Contenido incompleto del envase,Línea gratuita #590,Cartagena,Escalado,6.7,44.3,False,3.0,True
PQR-202509-02785,2025-09-06,2025-09,Camiseta personalizada pendiente,WhatsApp,Bogotá,Cerrado,0.7,128.4,True,3.0,False
PQR-202509-02786,2025-09-04,2025-09,Evento adverso reportado,Instagram / redes,Medellín,Escalado,8.8,15.6,False,4.0,True
PQR-202509-02787,2025-09-14,2025-09,Faltante en el pedido,Línea gratuita #590,Cali,Cerrado,0.1,18.3,True,4.0,False
PQR-202509-02788,2025-09-10,2025-09,Cambio o garantía,Línea gratuita #590,Barranquilla,Cerrado,5.6,45.1,False,4.0,False
PQR-202509-02789,2025-09-09,2025-09,Reclamo por precio o promoción,WhatsApp,Bogotá,Cerrado,0.2,10.1,True,5.0,False
PQR-202509-02790,2025-09-22,2025-09,Demora en la entrega,Instagram / redes,Manizales,Cerrado,4.1,56.9,False,3.0,False
PQR-202509-02791,2025-09-02,2025-09,Demora en la entrega,Línea gratuita #590,Bucaramanga,Cerrado,2.8,5.7,True,5.0,False
PQR-202509-02792,2025-09-01,2025-09,Faltante en el pedido,WhatsApp,Bucaramanga,Cerrado,3.2,8.6,True,4.0,False
PQR-202509-02793,2025-09-05,2025-09,Demora en la entrega,Línea gratuita #590,Cartagena,Cerrado,0.2,29.2,True,3.0,False
PQR-202509-02794,2025-09-25,2025-09,Faltante en el pedido,Instagram / redes,Bogotá,Cerrado,2.2,5.8,True,4.0,False
PQR-202509-02795,2025-09-20,2025-09,Duda sobre uso del producto,WhatsApp,Bogotá,Cerrado,0.3,1.3,True,3.0,False
PQR-202509-02796,2025-09-06,2025-09,Solicitud de factura electrónica,Línea gratuita #590,Medellín,Cerrado,0.3,10.3,True,4.0,False
PQR-202509-02797,2025-09-14,2025-09,Cambio o garantía,Tienda física,Cali,Cerrado,0.5,52.2,True,4.0,False
PQR-202509-02798,2025-09-23,2025-09,Solicitud de factura electrónica,Instagram / redes,Manizales,Cerrado,1.5,6.7,True,4.0,False
PQR-202509-02799,2025-09-07,2025-09,Contenido incompleto del envase,Chat del sitio,Medellín,Escalado,11.7,70.4,False,2.0,True
PQR-202509-02800,2025-09-05,2025-09,Camiseta personalizada pendiente,Correo electrónico,Cartagena,Escalado,2.5,6.0,True,3.0,True
PQR-202509-02801,2025-09-18,2025-09,Demora en la entrega,Chat del sitio,Bucaramanga,Cerrado,0.9,23.4,True,4.0,False
PQR-202509-02802,2025-09-27,2025-09,Faltante en el pedido,Chat del sitio,Cali,Cerrado,0.3,11.0,True,3.0,False
PQR-202509-02803,2025-09-19,2025-09,Demora en la entrega,Línea gratuita #590,Santa Marta,Cerrado,4.9,60.8,False,3.0,False
PQR-202509-02804,2025-09-24,2025-09,Contenido incompleto del envase,Tienda física,Medellín,Escalado,4.4,90.9,False,3.0,True
PQR-202509-02805,2025-09-17,2025-09,Evento adverso reportado,Tienda física,Medellín,Escalado,4.2,9.9,False,5.0,True
PQR-202509-02806,2025-09-23,2025-09,Faltante en el pedido,Línea gratuita #590,Cali,Cerrado,0.4,32.2,True,3.0,False
PQR-202509-02807,2025-09-23,2025-09,Duda sobre uso del producto,WhatsApp,Bogotá,Cerrado,1.0,3.1,True,4.0,False
PQR-202509-02808,2025-09-13,2025-09,Producto averiado en transporte,Instagram / redes,Bogotá,Cerrado,4.8,19.2,False,3.0,False
PQR-202509-02809,2025-09-18,2025-09,Reclamo por precio o promoción,Chat del sitio,Bogotá,Cerrado,0.1,6.3,True,3.0,False
PQR-202509-02810,2025-09-23,2025-09,Faltante en el pedido,WhatsApp,Ibagué,Cerrado,1.3,51.6,True,4.0,False
PQR-202509-02811,2025-09-17,2025-09,Camiseta personalizada pendiente,WhatsApp,Barranquilla,Escalado,3.0,32.4,True,2.0,True
PQR-202509-02812,2025-09-20,2025-09,Producto averiado en transporte,Tienda física,Bogotá,Cerrado,2.2,26.5,True,2.0,False
PQR-202509-02813,2025-09-25,2025-09,Duda sobre uso del producto,WhatsApp,Bogotá,Cerrado,0.5,6.7,True,3.0,False
PQR-202509-02814,2025-09-09,2025-09,Reclamo por precio o promoción,Correo electrónico,Barranquilla,Cerrado,1.0,11.3,True,3.0,False
PQR-202509-02815,2025-09-21,2025-09,Producto averiado en transporte,WhatsApp,Pereira,Cerrado,3.4,22.5,True,2.0,False
PQR-202509-02816,2025-09-10,2025-09,Solicitud de factura electrónica,Línea gratuita #590,Bucaramanga,Cerrado,0.4,22.6,True,3.0,False
PQR-202509-02817,2025-09-04,2025-09,Solicitud de factura electrónica,WhatsApp,Bogotá,Cerrado,0.4,6.0,True,3.0,False
PQR-202509-02818,2025-09-10,2025-09,Demora en la entrega,WhatsApp,Bogotá,Cerrado,2.2,4.8,True,3.0,False
PQR-202509-02819,2025-09-17,2025-09,Cambio o garantía,WhatsApp,Barranquilla,Cerrado,3.7,51.5,True,4.0,False
PQR-202509-02820,2025-09-11,2025-09,Reclamo por precio o promoción,Línea gratuita #590,Armenia,Cerrado,2.7,8.1,True,5.0,False
PQR-202509-02821,2025-09-26,2025-09,Camiseta personalizada pendiente,WhatsApp,Manizales,Cerrado,1.0,7.3,True,3.0,False
PQR-202509-02822,2025-09-26,2025-09,Camiseta personalizada pendiente,Chat del sitio,Barranquilla,Cerrado,0.3,20.0,True,4.0,False
PQR-202509-02823,2025-09-23,2025-09,Contenido incompleto del envase,WhatsApp,Medellín,Cerrado,1.0,30.2,True,2.0,False
PQR-202509-02824,2025-09-18,2025-09,Demora en la entrega,Chat del sitio,Bucaramanga,Cerrado,0.9,5.9,True,4.0,False
PQR-202509-02825,2025-09-02,2025-09,Producto averiado en transporte,WhatsApp,Cartagena,Cerrado,0.7,24.3,True,2.0,False
PQR-202509-02826,2025-09-23,2025-09,Demora en la entrega,WhatsApp,Bogotá,Cerrado,3.0,15.5,True,3.0,False
PQR-202509-02827,2025-09-10,2025-09,Demora en la entrega,WhatsApp,Cali,Cerrado,0.2,10.9,True,2.0,False
PQR-202509-02828,2025-09-08,2025-09,Producto averiado en transporte,Línea gratuita #590,Cali,Cerrado,3.3,49.9,True,1.0,False
PQR-202509-02829,2025-09-11,2025-09,Producto averiado en transporte,WhatsApp,Bucaramanga,Cerrado,0.3,5.9,True,3.0,False
PQR-202509-02830,2025-09-09,2025-09,Faltante en el pedido,WhatsApp,Bucaramanga,Cerrado,2.4,11.3,True,3.0,False
PQR-202509-02831,2025-09-08,2025-09,Demora en la entrega,WhatsApp,Bucaramanga,Cerrado,0.4,1.4,True,3.0,False
PQR-202509-02832,2025-09-21,2025-09,Demora en la entrega,Línea gratuita #590,Armenia,Cerrado,5.0,49.8,False,4.0,False
PQR-202509-02833,2025-09-26,2025-09,Producto averiado en transporte,WhatsApp,Barranquilla,Cerrado,1.1,13.8,True,4.0,False
PQR-202509-02834,2025-09-10,2025-09,Contenido incompleto del envase,Correo electrónico,Barranquilla,Escalado,16.8,27.4,False,4.0,True
PQR-202509-02835,2025-09-16,2025-09,Faltante en el pedido,Línea gratuita #590,Manizales,Cerrado,0.2,36.9,True,4.0,False
PQR-202509-02836,2025-09-08,2025-09,Camiseta personalizada pendiente,Tienda física,Bogotá,Cerrado,0.7,16.8,True,3.0,False
PQR-202509-02837,2025-09-20,2025-09,Contenido incompleto del envase,WhatsApp,Cali,Cerrado,1.7,116.0,True,3.0,False
PQR-202509-02838,2025-09-23,2025-09,Camiseta personalizada pendiente,WhatsApp,Ibagué,Escalado,0.1,76.4,True,3.0,True
PQR-202509-02839,2025-09-07,2025-09,Faltante en el pedido,Línea gratuita #590,Ibagué,Cerrado,1.3,18.0,True,4.0,False
PQR-202509-02840,2025-09-11,2025-09,Demora en la entrega,WhatsApp,Bogotá,Cerrado,1.1,11.0,True,3.0,False
PQR-202509-02841,2025-09-07,2025-09,Demora en la entrega,Chat del sitio,Cali,Cerrado,0.8,6.3,True,4.0,False
PQR-202509-02842,2025-09-22,2025-09,Cambio o garantía,Chat del sitio,Bogotá,Cerrado,1.3,5.0,True,4.0,False
PQR-202509-02843,2025-09-17,2025-09,Producto averiado en transporte,Chat del sitio,Bogotá,Cerrado,0.1,28.1,True,3.0,False
PQR-202509-02844,2025-09-26,2025-09,Faltante en el pedido,Línea gratuita #590,Cali,Cerrado,1.1,44.2,True,3.0,False
PQR-202509-02845,2025-09-25,2025-09,Contenido incompleto del envase,Instagram / redes,Cali,Escalado,7.9,28.6,False,2.0,True
PQR-202509-02846,2025-09-09,2025-09,Reclamo por precio o promoción,WhatsApp,Cúcuta,Cerrado,0.5,12.2,True,4.0,False
PQR-202509-02847,2025-09-06,2025-09,Contenido incompleto del envase,WhatsApp,Medellín,Cerrado,1.7,5.9,True,5.0,False
PQR-202509-02848,2025-09-17,2025-09,Solicitud de factura electrónica,WhatsApp,Bogotá,Cerrado,0.6,18.6,True,4.0,False
PQR-202509-02849,2025-09-06,2025-09,Producto averiado en transporte,Tienda física,Cali,Cerrado,5.4,43.5,False,4.0,False
PQR-202509-02850,2025-09-04,2025-09,Camiseta personalizada pendiente,Chat del sitio,Armenia,Cerrado,4.4,17.2,False,4.0,False
PQR-202509-02851,2025-09-04,2025-09,Demora en la entrega,Tienda física,Medellín,Cerrado,11.1,21.6,False,5.0,False
PQR-202509-02852,2025-09-05,2025-09,Demora en la entrega,WhatsApp,Cartagena,Cerrado,0.9,21.6,True,5.0,False
PQR-202509-02853,2025-09-13,2025-09,Demora en la entrega,WhatsApp,Pereira,Cerrado,0.8,15.1,True,3.0,False
PQR-202509-02854,2025-09-13,2025-09,Faltante en el pedido,WhatsApp,Bogotá,Cerrado,0.5,36.0,True,4.0,False
PQR-202509-02855,2025-09-24,2025-09,Evento adverso reportado,Instagram / redes,Cali,Escalado,8.6,74.9,False,4.0,True
PQR-202509-02856,2025-09-02,2025-09,Solicitud de factura electrónica,Tienda física,Cali,Cerrado,0.2,24.6,True,4.0,False
PQR-202509-02857,2025-09-19,2025-09,Reclamo por precio o promoción,WhatsApp,Medellín,Cerrado,5.9,42.0,False,4.0,False
PQR-202509-02858,2025-09-03,2025-09,Demora en la entrega,WhatsApp,Bucaramanga,Cerrado,1.4,9.9,True,3.0,False
PQR-202509-02859,2025-09-25,2025-09,Solicitud de factura electrónica,WhatsApp,Medellín,Cerrado,0.3,1.3,True,3.0,False
PQR-202509-02860,2025-09-11,2025-09,Camiseta personalizada pendiente,WhatsApp,Bogotá,Cerrado,4.4,46.9,False,4.0,False
PQR-202509-02861,2025-09-15,2025-09,Camiseta personalizada pendiente,WhatsApp,Bogotá,Escalado,0.4,161.3,True,3.0,True
PQR-202509-02862,2025-09-10,2025-09,Faltante en el pedido,Tienda física,Medellín,Cerrado,1.3,55.6,True,3.0,False
PQR-202509-02863,2025-09-11,2025-09,Camiseta personalizada pendiente,Chat del sitio,Bogotá,Cerrado,3.0,26.3,True,3.0,False
PQR-202509-02864,2025-09-01,2025-09,Camiseta personalizada pendiente,Chat del sitio,Medellín,Escalado,1.8,22.0,True,5.0,True
PQR-202509-02865,2025-09-02,2025-09,Faltante en el pedido,WhatsApp,Medellín,Cerrado,0.8,14.6,True,4.0,False
PQR-202509-02866,2025-09-02,2025-09,Solicitud de factura electrónica,WhatsApp,Bucaramanga,Cerrado,0.5,7.9,True,4.0,False
PQR-202509-02867,2025-09-26,2025-09,Demora en la entrega,WhatsApp,Bucaramanga,Cerrado,0.1,21.3,True,3.0,False
PQR-202509-02868,2025-09-10,2025-09,Contenido incompleto del envase,WhatsApp,Cúcuta,Cerrado,1.8,219.5,True,4.0,False
PQR-202509-02869,2025-09-03,2025-09,Solicitud de factura electrónica,Chat del sitio,Medellín,Cerrado,0.4,54.9,True,4.0,False
PQR-202509-02870,2025-09-25,2025-09,Demora en la entrega,WhatsApp,Cúcuta,Cerrado,0.2,69.9,True,3.0,False
PQR-202509-02871,2025-09-10,2025-09,Camiseta personalizada pendiente,WhatsApp,Barranquilla,Cerrado,0.1,24.0,True,5.0,False
PQR-202509-02872,2025-09-10,2025-09,Solicitud de factura electrónica,Instagram / redes,Santa Marta,Cerrado,2.7,19.8,True,5.0,False
PQR-202509-02873,2025-09-23,2025-09,Demora en la entrega,Chat del sitio,Cali,Cerrado,0.3,54.4,True,3.0,False
PQR-202509-02874,2025-09-21,2025-09,Demora en la entrega,Instagram / redes,Bucaramanga,Cerrado,0.8,11.0,True,3.0,False
PQR-202509-02875,2025-09-26,2025-09,Faltante en el pedido,Correo electrónico,Santa Marta,Cerrado,1.6,29.1,True,5.0,False
PQR-202509-02876,2025-09-13,2025-09,Solicitud de factura electrónica,WhatsApp,Bogotá,Cerrado,0.7,34.9,True,3.0,False
PQR-202509-02877,2025-09-23,2025-09,Solicitud de factura electrónica,Correo electrónico,Bogotá,Cerrado,3.4,11.2,True,4.0,False
PQR-202509-02878,2025-09-18,2025-09,Reclamo por precio o promoción,Línea gratuita #590,Bogotá,Cerrado,2.2,5.5,True,4.0,False
PQR-202509-02879,2025-09-04,2025-09,Camiseta personalizada pendiente,Instagram / redes,Bogotá,Escalado,6.6,42.4,False,4.0,True
PQR-202509-02880,2025-09-17,2025-09,Solicitud de factura electrónica,WhatsApp,Pasto,Cerrado,0.2,1.5,True,5.0,False
PQR-202509-02881,2025-09-01,2025-09,Faltante en el pedido,Chat del sitio,Barranquilla,Cerrado,2.3,20.8,True,5.0,False
PQR-202509-02882,2025-09-23,2025-09,Contenido incompleto del envase,Instagram / redes,Bogotá,Escalado,14.2,42.4,False,3.0,True
PQR-202509-02883,2025-09-23,2025-09,Contenido incompleto del envase,WhatsApp,Barranquilla,Cerrado,10.5,38.8,False,4.0,False
PQR-202509-02884,2025-09-20,2025-09,Evento adverso reportado,Tienda física,Cali,Escalado,0.3,50.2,True,2.0,True
PQR-202509-02885,2025-09-17,2025-09,Producto averiado en transporte,Instagram / redes,Ibagué,Cerrado,14.1,123.3,False,3.0,False
PQR-202509-02886,2025-09-20,2025-09,Demora en la entrega,Instagram / redes,Bogotá,Cerrado,1.2,21.2,True,3.0,False
PQR-202509-02887,2025-09-27,2025-09,Contenido incompleto del envase,Chat del sitio,Villavicencio,Cerrado,0.3,8.1,True,4.0,False
PQR-202509-02888,2025-09-01,2025-09,Faltante en el pedido,Línea gratuita #590,Bucaramanga,Cerrado,0.8,20.8,True,5.0,False
PQR-202509-02889,2025-09-13,2025-09,Demora en la entrega,Chat del sitio,Bogotá,Cerrado,0.2,15.4,True,5.0,False
PQR-202509-02890,2025-09-17,2025-09,Demora en la entrega,WhatsApp,Cartagena,Cerrado,0.7,30.6,True,4.0,False
PQR-202509-02891,2025-09-12,2025-09,Faltante en el pedido,WhatsApp,Santa Marta,Cerrado,3.4,5.1,True,4.0,False
PQR-202509-02892,2025-09-06,2025-09,Duda sobre uso del producto,WhatsApp,Cali,Cerrado,0.3,1.3,True,4.0,False
PQR-202509-02893,2025-09-05,2025-09,Demora en la entrega,WhatsApp,Cúcuta,Cerrado,1.2,15.8,True,4.0,False
PQR-202509-02894,2025-09-09,2025-09,Contenido incompleto del envase,WhatsApp,Bogotá,Escalado,0.6,85.2,True,3.0,True
PQR-202509-02895,2025-09-24,2025-09,Faltante en el pedido,WhatsApp,Barranquilla,Cerrado,1.2,47.7,True,4.0,False
PQR-202509-02896,2025-09-15,2025-09,Contenido incompleto del envase,Correo electrónico,Medellín,Escalado,0.8,38.6,True,4.0,True
PQR-202509-02897,2025-09-26,2025-09,Faltante en el pedido,WhatsApp,Bogotá,Cerrado,1.8,52.7,True,5.0,False
PQR-202509-02898,2025-09-09,2025-09,Producto averiado en transporte,WhatsApp,Medellín,Cerrado,0.3,53.4,True,4.0,False
PQR-202509-02899,2025-09-10,2025-09,Faltante en el pedido,WhatsApp,Santa Marta,Cerrado,0.8,2.0,True,5.0,False
PQR-202509-02900,2025-09-16,2025-09,Reclamo por precio o promoción,WhatsApp,Ibagué,Cerrado,0.8,7.7,True,5.0,False
PQR-202509-02901,2025-09-22,2025-09,Producto averiado en transporte,WhatsApp,Barranquilla,Cerrado,0.1,15.5,True,3.0,False
PQR-202509-02902,2025-09-17,2025-09,Faltante en el pedido,Línea gratuita #590,Medellín,Cerrado,4.0,37.6,False,5.0,False
PQR-202509-02903,2025-09-19,2025-09,Faltante en el pedido,Instagram / redes,Cartagena,Cerrado,0.3,6.0,True,4.0,False
PQR-202509-02904,2025-09-06,2025-09,Demora en la entrega,WhatsApp,Bogotá,Cerrado,0.3,7.1,True,2.0,False
PQR-202509-02905,2025-09-12,2025-09,Demora en la entrega,Chat del sitio,Bogotá,Cerrado,0.9,17.0,True,3.0,False
PQR-202509-02906,2025-09-25,2025-09,Camiseta personalizada pendiente,WhatsApp,Barranquilla,Escalado,0.5,19.7,True,3.0,True
PQR-202509-02907,2025-09-13,2025-09,Reclamo por precio o promoción,WhatsApp,Santa Marta,Cerrado,0.3,2.7,True,3.0,False
PQR-202509-02908,2025-09-07,2025-09,Camiseta personalizada pendiente,Línea gratuita #590,Santa Marta,Cerrado,3.9,7.4,True,5.0,False
PQR-202509-02909,2025-09-21,2025-09,Contenido incompleto del envase,WhatsApp,Manizales,Escalado,9.0,26.2,False,3.0,True
PQR-202509-02910,2025-09-27,2025-09,Camiseta personalizada pendiente,WhatsApp,Cartagena,Cerrado,1.3,37.9,True,3.0,False
PQR-202509-02911,2025-09-03,2025-09,Demora en la entrega,Instagram / redes,Bogotá,Cerrado,3.2,47.5,True,3.0,False
PQR-202509-02912,2025-09-26,2025-09,Demora en la entrega,WhatsApp,Ibagué,Cerrado,1.7,66.2,True,5.0,False
PQR-202509-02913,2025-09-15,2025-09,Faltante en el pedido,WhatsApp,Barranquilla,Cerrado,0.1,18.5,True,4.0,False
PQR-202509-02914,2025-09-12,2025-09,Contenido incompleto del envase,WhatsApp,Cartagena,Cerrado,0.6,20.4,True,4.0,False
PQR-202509-02915,2025-09-07,2025-09,Producto averiado en transporte,WhatsApp,Bogotá,Cerrado,0.9,1.9,True,5.0,False
PQR-202509-02916,2025-09-09,2025-09,Demora en la entrega,WhatsApp,Bucaramanga,Cerrado,3.0,29.1,True,4.0,False
PQR-202509-02917,2025-09-20,2025-09,Demora en la entrega,Chat del sitio,Bogotá,Cerrado,0.4,65.0,True,5.0,False
PQR-202509-02918,2025-09-12,2025-09,Demora en la entrega,Instagram / redes,Medellín,Cerrado,18.2,31.7,False,4.0,False
PQR-202509-02919,2025-09-27,2025-09,Evento adverso reportado,Correo electrónico,Neiva,Cerrado,18.1,79.3,False,2.0,True
PQR-202509-02920,2025-09-27,2025-09,Cambio o garantía,WhatsApp,Cali,Cerrado,4.3,136.0,False,4.0,False
PQR-202509-02921,2025-09-17,2025-09,Producto averiado en transporte,WhatsApp,Bogotá,Cerrado,1.6,47.8,True,3.0,False
PQR-202509-02922,2025-09-09,2025-09,Solicitud de factura electrónica,Tienda física,Villavicencio,Cerrado,2.2,4.5,True,4.0,False
PQR-202509-02923,2025-09-26,2025-09,Demora en la entrega,WhatsApp,Cartagena,Cerrado,1.1,53.3,True,4.0,False
PQR-202509-02924,2025-09-15,2025-09,Evento adverso reportado,Tienda física,Bogotá,Escalado,7.9,257.9,False,4.0,True
PQR-202509-02925,2025-09-11,2025-09,Faltante en el pedido,WhatsApp,Cúcuta,Cerrado,3.4,39.5,True,5.0,False
PQR-202509-02926,2025-09-09,2025-09,Cambio o garantía,WhatsApp,Bogotá,Cerrado,0.6,67.3,True,4.0,False
PQR-202509-02927,2025-09-03,2025-09,Demora en la entrega,Chat del sitio,Cúcuta,Cerrado,0.3,14.7,True,3.0,False
PQR-202509-02928,2025-09-21,2025-09,Contenido incompleto del envase,WhatsApp,Cali,Escalado,4.2,7.4,False,2.0,True
PQR-202509-02929,2025-09-10,2025-09,Producto averiado en transporte,WhatsApp,Barranquilla,Cerrado,1.0,38.2,True,5.0,False
PQR-202509-02930,2025-09-22,2025-09,Demora en la entrega,Línea gratuita #590,Barranquilla,Cerrado,1.1,13.9,True,4.0,False
PQR-202509-02931,2025-09-07,2025-09,Camiseta personalizada pendiente,Chat del sitio,Bogotá,Cerrado,6.3,37.4,False,4.0,False
PQR-202509-02932,2025-09-23,2025-09,Duda sobre uso del producto,WhatsApp,Medellín,Cerrado,0.3,30.9,True,3.0,False
PQR-202509-02933,2025-09-02,2025-09,Demora en la entrega,WhatsApp,Bogotá,Cerrado,1.9,47.6,True,5.0,False
PQR-202509-02934,2025-09-06,2025-09,Reclamo por precio o promoción,Línea gratuita #590,Medellín,Cerrado,0.4,12.4,True,5.0,False
PQR-202509-02935,2025-09-12,2025-09,Demora en la entrega,Correo electrónico,Ibagué,Cerrado,13.8,17.9,False,4.0,False
PQR-202509-02936,2025-09-09,2025-09,Camiseta personalizada pendiente,WhatsApp,Barranquilla,Escalado,1.8,54.9,True,5.0,True
PQR-202509-02937,2025-09-02,2025-09,Demora en la entrega,WhatsApp,Bogotá,Cerrado,0.4,12.5,True,3.0,False
PQR-202509-02938,2025-09-22,2025-09,Producto averiado en transporte,WhatsApp,Bogotá,Cerrado,0.5,62.6,True,4.0,False
PQR-202509-02939,2025-09-09,2025-09,Demora en la entrega,Chat del sitio,Pereira,Cerrado,2.8,3.8,True,4.0,False
PQR-202509-02940,2025-09-01,2025-09,Faltante en el pedido,WhatsApp,Neiva,Cerrado,1.9,8.6,True,3.0,False
PQR-202509-02941,2025-09-06,2025-09,Reclamo por precio o promoción,Línea gratuita #590,Bogotá,Cerrado,1.2,17.7,True,4.0,False
PQR-202509-02942,2025-09-17,2025-09,Demora en la entrega,WhatsApp,Pereira,Cerrado,0.9,6.5,True,4.0,False
PQR-202509-02943,2025-09-06,2025-09,Cambio o garantía,WhatsApp,Cali,Cerrado,1.7,22.1,True,4.0,False
PQR-202509-02944,2025-09-25,2025-09,Demora en la entrega,WhatsApp,Bucaramanga,Cerrado,1.6,59.8,True,5.0,False
PQR-202509-02945,2025-09-18,2025-09,Demora en la entrega,WhatsApp,Medellín,Cerrado,6.6,23.3,False,4.0,False
PQR-202509-02946,2025-09-20,2025-09,Camiseta personalizada pendiente,Correo electrónico,Medellín,Escalado,8.8,98.8,False,2.0,True
PQR-202509-02947,2025-09-16,2025-09,Camiseta personalizada pendiente,WhatsApp,Manizales,Cerrado,0.9,55.5,True,5.0,False
PQR-202509-02948,2025-09-04,2025-09,Demora en la entrega,Línea gratuita #590,Bogotá,Cerrado,0.1,35.7,True,4.0,False
PQR-202509-02949,2025-09-14,2025-09,Reclamo por precio o promoción,WhatsApp,Bogotá,Cerrado,0.5,10.8,True,3.0,False
PQR-202509-02950,2025-09-09,2025-09,Cambio o garantía,Línea gratuita #590,Bogotá,Cerrado,0.3,33.1,True,4.0,False
PQR-202509-02951,2025-09-07,2025-09,Demora en la entrega,Tienda física,Santa Marta,Cerrado,0.4,34.2,True,4.0,False
PQR-202509-02952,2025-09-16,2025-09,Producto averiado en transporte,Instagram / redes,Cali,Cerrado,2.8,52.2,True,4.0,False
PQR-202509-02953,2025-09-08,2025-09,Producto averiado en transporte,Chat del sitio,Medellín,Cerrado,0.3,52.5,True,5.0,False
PQR-202509-02954,2025-09-14,2025-09,Cambio o garantía,WhatsApp,Neiva,Cerrado,2.9,36.5,True,4.0,False
PQR-202509-02955,2025-09-18,2025-09,Demora en la entrega,WhatsApp,Bogotá,Cerrado,0.8,12.8,True,4.0,False
PQR-202509-02956,2025-09-20,2025-09,Demora en la entrega,Tienda física,Pereira,Cerrado,0.5,19.3,True,5.0,False
PQR-202509-02957,2025-09-22,2025-09,Camiseta personalizada pendiente,WhatsApp,Cúcuta,Escalado,0.6,5.0,True,3.0,True
PQR-202509-02958,2025-09-19,2025-09,Duda sobre uso del producto,WhatsApp,Bogotá,Cerrado,0.2,1.2,True,5.0,False
PQR-202509-02959,2025-09-08,2025-09,Faltante en el pedido,Línea gratuita #590,Medellín,Cerrado,0.4,8.9,True,3.0,False
PQR-202509-02960,2025-09-15,2025-09,Contenido incompleto del envase,WhatsApp,Barranquilla,Escalado,0.8,140.6,True,1.0,True
PQR-202509-02961,2025-09-07,2025-09,Demora en la entrega,Instagram / redes,Bogotá,Cerrado,12.1,26.8,False,3.0,False
PQR-202509-02962,2025-09-27,2025-09,Faltante en el pedido,WhatsApp,Bogotá,Cerrado,0.6,4.6,True,3.0,False
PQR-202509-02963,2025-09-19,2025-09,Camiseta personalizada pendiente,WhatsApp,Bogotá,Cerrado,8.0,53.0,False,2.0,False
PQR-202509-02964,2025-09-11,2025-09,Demora en la entrega,Chat del sitio,Cartagena,Cerrado,0.3,4.9,True,3.0,False
PQR-202509-02965,2025-09-14,2025-09,Demora en la entrega,Instagram / redes,Bogotá,Cerrado,5.7,39.6,False,4.0,False
PQR-202509-02966,2025-09-16,2025-09,Solicitud de factura electrónica,Línea gratuita #590,Barranquilla,Cerrado,0.8,19.6,True,3.0,False
PQR-202509-02967,2025-09-16,2025-09,Demora en la entrega,WhatsApp,Bogotá,Cerrado,0.7,18.3,True,5.0,False
PQR-202509-02968,2025-09-06,2025-09,Contenido incompleto del envase,Línea gratuita #590,Medellín,Escalado,1.0,19.3,True,3.0,True
PQR-202509-02969,2025-09-17,2025-09,Faltante en el pedido,WhatsApp,Bogotá,Cerrado,2.1,24.9,True,5.0,False
PQR-202509-02970,2025-09-24,2025-09,Reclamo por precio o promoción,Instagram / redes,Bogotá,Cerrado,2.8,19.3,True,2.0,False
PQR-202509-02971,2025-09-13,2025-09,Demora en la entrega,WhatsApp,Bogotá,Cerrado,0.1,47.6,True,3.0,False
PQR-202509-02972,2025-09-14,2025-09,Cambio o garantía,Chat del sitio,Medellín,Cerrado,1.7,113.8,True,3.0,False
PQR-202509-02973,2025-09-16,2025-09,Demora en la entrega,Instagram / redes,Cali,Cerrado,11.3,36.5,False,3.0,False
PQR-202509-02974,2025-09-14,2025-09,Producto averiado en transporte,WhatsApp,Ibagué,Cerrado,0.1,51.7,True,4.0,False
PQR-202509-02975,2025-09-04,2025-09,Demora en la entrega,WhatsApp,Bogotá,Cerrado,1.7,3.5,True,4.0,False
PQR-202509-02976,2025-09-02,2025-09,Evento adverso reportado,Tienda física,Cali,Cerrado,3.4,79.5,True,2.0,True
PQR-202509-02977,2025-09-15,2025-09,Evento adverso reportado,Tienda física,Bogotá,Cerrado,1.8,295.2,True,4.0,True
PQR-202509-02978,2025-09-04,2025-09,Contenido incompleto del envase,WhatsApp,Cali,Cerrado,0.7,136.8,True,3.0,False
PQR-202509-02979,2025-09-19,2025-09,Demora en la entrega,Chat del sitio,Cali,Cerrado,1.1,78.4,True,3.0,False
PQR-202509-02980,2025-09-26,2025-09,Reclamo por precio o promoción,WhatsApp,Cartagena,Cerrado,1.6,13.1,True,5.0,False
PQR-202509-02981,2025-09-04,2025-09,Contenido incompleto del envase,Chat del sitio,Barranquilla,Cerrado,0.5,11.3,True,4.0,False
PQR-202509-02982,2025-09-02,2025-09,Demora en la entrega,WhatsApp,Bogotá,Cerrado,0.1,28.8,True,4.0,False
PQR-202509-02983,2025-09-17,2025-09,Demora en la entrega,Chat del sitio,Bogotá,Cerrado,0.6,22.4,True,4.0,False
PQR-202509-02984,2025-09-27,2025-09,Demora en la entrega,WhatsApp,Bogotá,Cerrado,2.5,18.7,True,4.0,False
PQR-202509-02985,2025-09-09,2025-09,Faltante en el pedido,Chat del sitio,Bogotá,Cerrado,0.1,158.3,True,3.0,False
PQR-202509-02986,2025-09-09,2025-09,Demora en la entrega,WhatsApp,Manizales,Cerrado,7.1,19.0,False,4.0,False
PQR-202509-02987,2025-09-16,2025-09,Cambio o garantía,Chat del sitio,Medellín,Cerrado,0.4,15.7,True,5.0,False
PQR-202509-02988,2025-09-03,2025-09,Demora en la entrega,Correo electrónico,Bogotá,Cerrado,10.9,26.5,False,4.0,False
PQR-202509-02989,2025-09-22,2025-09,Demora en la entrega,WhatsApp,Bogotá,Cerrado,1.3,19.4,True,3.0,False
PQR-202509-02990,2025-09-05,2025-09,Faltante en el pedido,Línea gratuita #590,Bucaramanga,Cerrado,0.3,33.9,True,2.0,False
PQR-202509-02991,2025-09-10,2025-09,Producto averiado en transporte,Instagram / redes,Cali,Cerrado,2.8,5.2,True,3.0,False
PQR-202509-02992,2025-09-06,2025-09,Demora en la entrega,Chat del sitio,Bogotá,Cerrado,0.5,28.3,True,4.0,False
PQR-202509-02993,2025-09-08,2025-09,Duda sobre uso del producto,WhatsApp,Pereira,Cerrado,0.5,1.5,True,3.0,False
PQR-202509-02994,2025-09-19,2025-09,Demora en la entrega,Chat del sitio,Medellín,Cerrado,1.1,20.9,True,3.0,False
PQR-202509-02995,2025-09-15,2025-09,Reclamo por precio o promoción,WhatsApp,Cali,Cerrado,2.5,8.0,True,3.0,False
PQR-202509-02996,2025-09-07,2025-09,Producto averiado en transporte,WhatsApp,Medellín,Cerrado,0.9,7.3,True,4.0,False
PQR-202509-02997,2025-09-23,2025-09,Contenido incompleto del envase,Chat del sitio,Barranquilla,Escalado,3.8,111.3,True,5.0,True
PQR-202509-02998,2025-09-22,2025-09,Contenido incompleto del envase,WhatsApp,Neiva,Cerrado,8.5,86.6,False,3.0,False
PQR-202509-02999,2025-09-10,2025-09,Faltante en el pedido,Instagram / redes,Cali,Cerrado,0.7,35.7,True,5.0,False
PQR-202509-03000,2025-09-13,2025-09,Camiseta personalizada pendiente,WhatsApp,Cali,Escalado,1.5,28.2,True,5.0,True
PQR-202509-03001,2025-09-20,2025-09,Demora en la entrega,Tienda física,Medellín,Cerrado,2.4,22.8,True,5.0,False
PQR-202509-03002,2025-09-27,2025-09,Contenido incompleto del envase,Instagram / redes,Medellín,Cerrado,7.8,127.1,False,4.0,False
PQR-202509-03003,2025-09-03,2025-09,Faltante en el pedido,Instagram / redes,Bogotá,Cerrado,9.3,48.0,False,4.0,False
PQR-202509-03004,2025-09-16,2025-09,Faltante en el pedido,WhatsApp,Cali,Cerrado,1.7,11.7,True,5.0,False
PQR-202509-03005,2025-09-11,2025-09,Camiseta personalizada pendiente,Línea gratuita #590,Bogotá,Escalado,1.4,3.3,True,5.0,True
PQR-202509-03006,2025-09-01,2025-09,Duda sobre uso del producto,WhatsApp,Medellín,Cerrado,0.9,2.8,True,4.0,False
PQR-202509-03007,2025-09-22,2025-09,Faltante en el pedido,WhatsApp,Bogotá,Cerrado,1.5,54.7,True,4.0,False
PQR-202509-03008,2025-09-08,2025-09,Demora en la entrega,WhatsApp,Santa Marta,Cerrado,2.0,45.6,True,3.0,False
PQR-202509-03009,2025-09-07,2025-09,Faltante en el pedido,Instagram / redes,Medellín,Cerrado,2.4,5.5,True,5.0,False
PQR-202509-03010,2025-09-06,2025-09,Cambio o garantía,Línea gratuita #590,Armenia,Cerrado,0.3,66.5,True,3.0,False
PQR-202509-03011,2025-09-19,2025-09,Faltante en el pedido,WhatsApp,Bogotá,Cerrado,0.4,48.7,True,4.0,False
PQR-202509-03012,2025-09-01,2025-09,Faltante en el pedido,WhatsApp,Bogotá,Cerrado,0.9,40.3,True,4.0,False
PQR-202509-03013,2025-09-26,2025-09,Reclamo por precio o promoción,WhatsApp,Barranquilla,Cerrado,0.2,19.4,True,4.0,False
PQR-202509-03014,2025-09-23,2025-09,Evento adverso reportado,Línea gratuita #590,Bogotá,Cerrado,9.8,24.1,False,4.0,True
PQR-202509-03015,2025-09-09,2025-09,Cambio o garantía,Chat del sitio,Neiva,Cerrado,0.7,7.8,True,2.0,False
PQR-202509-03016,2025-09-27,2025-09,Demora en la entrega,Correo electrónico,Bucaramanga,Cerrado,2.4,42.8,True,4.0,False
PQR-202509-03017,2025-09-22,2025-09,Demora en la entrega,WhatsApp,Bogotá,Cerrado,0.2,21.9,True,5.0,False
PQR-202509-03018,2025-09-20,2025-09,Camiseta personalizada pendiente,WhatsApp,Bogotá,Cerrado,1.4,29.5,True,2.0,False
PQR-202509-03019,2025-09-23,2025-09,Contenido incompleto del envase,Línea gratuita #590,Manizales,Escalado,9.6,117.5,False,2.0,True
PQR-202509-03020,2025-09-10,2025-09,Demora en la entrega,Línea gratuita #590,Medellín,Cerrado,1.1,10.3,True,4.0,False
PQR-202509-03021,2025-09-26,2025-09,Solicitud de factura electrónica,WhatsApp,Cali,Cerrado,0.9,24.6,True,4.0,False
PQR-202509-03022,2025-09-18,2025-09,Solicitud de factura electrónica,WhatsApp,Barranquilla,Cerrado,0.1,2.8,True,4.0,False
PQR-202509-03023,2025-09-20,2025-09,Reclamo por precio o promoción,Línea gratuita #590,Bogotá,Cerrado,0.8,20.1,True,4.0,False
PQR-202509-03024,2025-09-14,2025-09,Producto averiado en transporte,WhatsApp,Bogotá,Cerrado,2.8,30.6,True,5.0,False
PQR-202509-03025,2025-09-02,2025-09,Faltante en el pedido,Chat del sitio,Barranquilla,Cerrado,1.0,61.9,True,3.0,False
PQR-202509-03026,2025-09-20,2025-09,Demora en la entrega,Línea gratuita #590,Cali,Cerrado,2.0,10.8,True,5.0,False
PQR-202509-03027,2025-09-05,2025-09,Camiseta personalizada pendiente,Correo electrónico,Medellín,Cerrado,10.6,34.8,False,4.0,False
PQR-202509-03028,2025-09-22,2025-09,Camiseta personalizada pendiente,WhatsApp,Medellín,Cerrado,6.4,7.4,False,3.0,False
PQR-202509-03029,2025-09-02,2025-09,Faltante en el pedido,Línea gratuita #590,Bogotá,Cerrado,5.1,28.8,False,4.0,False
PQR-202509-03030,2025-09-16,2025-09,Faltante en el pedido,WhatsApp,Cúcuta,Cerrado,0.1,40.8,True,3.0,False
PQR-202509-03031,2025-09-05,2025-09,Camiseta personalizada pendiente,Chat del sitio,Bucaramanga,Escalado,2.7,65.3,True,3.0,True
PQR-202509-03032,2025-09-06,2025-09,Solicitud de factura electrónica,WhatsApp,Bogotá,Cerrado,0.7,24.6,True,4.0,False
PQR-202509-03033,2025-09-20,2025-09,Faltante en el pedido,Instagram / redes,Bogotá,Cerrado,8.6,30.0,False,4.0,False
PQR-202509-03034,2025-09-27,2025-09,Demora en la entrega,WhatsApp,Bogotá,Cerrado,0.1,14.5,True,5.0,False
PQR-202509-03035,2025-09-15,2025-09,Solicitud de factura electrónica,Chat del sitio,Bucaramanga,Cerrado,0.9,3.0,True,4.0,False
PQR-202509-03036,2025-09-06,2025-09,Demora en la entrega,Línea gratuita #590,Armenia,Cerrado,2.4,48.6,True,5.0,False
PQR-202509-03037,2025-09-11,2025-09,Duda sobre uso del producto,Línea gratuita #590,Bogotá,Cerrado,0.3,19.8,True,5.0,False
PQR-202509-03038,2025-09-18,2025-09,Faltante en el pedido,Instagram / redes,Pereira,Cerrado,3.0,18.2,True,3.0,False
PQR-202509-03039,2025-09-14,2025-09,Demora en la entrega,WhatsApp,Bogotá,Cerrado,0.4,24.5,True,5.0,False
PQR-202509-03040,2025-09-11,2025-09,Demora en la entrega,Tienda física,Santa Marta,Cerrado,1.1,31.7,True,3.0,False
PQR-202509-03041,2025-09-15,2025-09,Demora en la entrega,Instagram / redes,Bogotá,Cerrado,4.1,42.4,False,4.0,False
PQR-202509-03042,2025-09-20,2025-09,Solicitud de factura electrónica,WhatsApp,Villavicencio,Cerrado,0.2,2.8,True,4.0,False
PQR-202509-03043,2025-09-07,2025-09,Demora en la entrega,Chat del sitio,Medellín,Cerrado,2.8,75.2,True,4.0,False
PQR-202509-03044,2025-09-23,2025-09,Producto averiado en transporte,WhatsApp,Cali,Cerrado,3.4,11.1,True,5.0,False
PQR-202509-03045,2025-09-07,2025-09,Reclamo por precio o promoción,Instagram / redes,Barranquilla,Cerrado,7.6,61.0,False,4.0,False
PQR-202509-03046,2025-09-15,2025-09,Duda sobre uso del producto,Correo electrónico,Barranquilla,Cerrado,0.6,6.4,True,3.0,False
PQR-202509-03047,2025-09-26,2025-09,Faltante en el pedido,WhatsApp,Cúcuta,Cerrado,0.5,61.2,True,4.0,False
PQR-202509-03048,2025-09-11,2025-09,Camiseta personalizada pendiente,Instagram / redes,Bogotá,Cerrado,5.3,43.5,False,3.0,False
PQR-202509-03049,2025-09-25,2025-09,Demora en la entrega,Correo electrónico,Cartagena,Cerrado,12.3,16.2,False,4.0,False
PQR-202509-03050,2025-09-19,2025-09,Contenido incompleto del envase,Chat del sitio,Ibagué,Cerrado,0.1,51.1,True,3.0,False
PQR-202509-03051,2025-09-02,2025-09,Contenido incompleto del envase,Línea gratuita #590,Bucaramanga,Cerrado,0.8,1.8,True,2.0,False
PQR-202509-03052,2025-09-16,2025-09,Contenido incompleto del envase,WhatsApp,Bogotá,Escalado,3.2,8.0,True,4.0,True
PQR-202509-03053,2025-09-14,2025-09,Faltante en el pedido,WhatsApp,Bogotá,Cerrado,0.2,18.5,True,3.0,False
PQR-202509-03054,2025-09-19,2025-09,Faltante en el pedido,WhatsApp,Cali,Cerrado,1.6,58.2,True,4.0,False
PQR-202509-03055,2025-09-19,2025-09,Faltante en el pedido,WhatsApp,Bucaramanga,Cerrado,1.5,4.2,True,4.0,False
PQR-202509-03056,2025-09-22,2025-09,Producto averiado en transporte,WhatsApp,Bogotá,Cerrado,1.8,24.8,True,3.0,False
PQR-202509-03057,2025-09-25,2025-09,Camiseta personalizada pendiente,Chat del sitio,Santa Marta,Cerrado,3.0,121.5,True,3.0,False
PQR-202509-03058,2025-09-17,2025-09,Faltante en el pedido,Línea gratuita #590,Cúcuta,Cerrado,0.2,35.3,True,4.0,False
PQR-202509-03059,2025-09-25,2025-09,Faltante en el pedido,Línea gratuita #590,Santa Marta,Cerrado,0.6,15.6,True,5.0,False
PQR-202509-03060,2025-09-26,2025-09,Camiseta personalizada pendiente,Chat del sitio,Cali,Escalado,0.1,57.7,True,4.0,True
PQR-202509-03061,2025-09-25,2025-09,Producto averiado en transporte,Línea gratuita #590,Bogotá,Cerrado,1.2,95.3,True,4.0,False
PQR-202509-03062,2025-09-03,2025-09,Camiseta personalizada pendiente,WhatsApp,Cúcuta,Escalado,0.3,8.2,True,5.0,True
PQR-202509-03063,2025-09-09,2025-09,Camiseta personalizada pendiente,WhatsApp,Bogotá,Escalado,1.5,50.9,True,3.0,True
PQR-202509-03064,2025-09-17,2025-09,Demora en la entrega,WhatsApp,Cali,Cerrado,0.8,9.0,True,4.0,False
PQR-202509-03065,2025-09-10,2025-09,Cambio o garantía,Correo electrónico,Pereira,Cerrado,10.3,69.9,False,2.0,False
PQR-202509-03066,2025-09-03,2025-09,Demora en la entrega,Chat del sitio,Bogotá,Cerrado,0.9,1.9,True,4.0,False
PQR-202509-03067,2025-09-14,2025-09,Solicitud de factura electrónica,WhatsApp,Pereira,Cerrado,0.1,1.4,True,3.0,False
PQR-202509-03068,2025-09-07,2025-09,Producto averiado en transporte,Tienda física,Bogotá,Cerrado,6.2,17.7,False,4.0,False
PQR-202509-03069,2025-09-23,2025-09,Demora en la entrega,Línea gratuita #590,Barranquilla,Cerrado,1.1,64.4,True,3.0,False
PQR-202509-03070,2025-09-12,2025-09,Producto averiado en transporte,WhatsApp,Bogotá,Cerrado,0.5,12.1,True,4.0,False
PQR-202509-03071,2025-09-08,2025-09,Cambio o garantía,Chat del sitio,Pereira,Cerrado,1.6,19.1,True,2.0,False
PQR-202509-03072,2025-09-18,2025-09,Faltante en el pedido,WhatsApp,Santa Marta,Cerrado,1.5,19.2,True,5.0,False
PQR-202509-03073,2025-09-04,2025-09,Demora en la entrega,Línea gratuita #590,Santa Marta,Cerrado,2.1,3.2,True,3.0,False
PQR-202509-03074,2025-09-23,2025-09,Faltante en el pedido,Chat del sitio,Cúcuta,Cerrado,0.3,16.7,True,3.0,False
PQR-202509-03075,2025-09-15,2025-09,Duda sobre uso del producto,Tienda física,Cartagena,Cerrado,3.5,11.9,True,3.0,False
PQR-202509-03076,2025-09-27,2025-09,Producto averiado en transporte,WhatsApp,Medellín,Cerrado,0.7,21.7,True,4.0,False
PQR-202509-03077,2025-09-27,2025-09,Demora en la entrega,WhatsApp,Ibagué,Cerrado,3.3,94.6,True,2.0,False
PQR-202509-03078,2025-09-01,2025-09,Contenido incompleto del envase,WhatsApp,Bogotá,Cerrado,0.5,40.1,True,4.0,False
PQR-202509-03079,2025-09-22,2025-09,Demora en la entrega,Línea gratuita #590,Bogotá,Cerrado,1.5,73.2,True,3.0,False
PQR-202509-03080,2025-09-02,2025-09,Demora en la entrega,WhatsApp,Cali,Cerrado,3.3,15.9,True,3.0,False
PQR-202509-03081,2025-09-27,2025-09,Demora en la entrega,Correo electrónico,Bogotá,Cerrado,0.1,36.7,True,3.0,False
PQR-202509-03082,2025-09-06,2025-09,Evento adverso reportado,WhatsApp,Santa Marta,Cerrado,2.5,17.1,True,3.0,True
PQR-202509-03083,2025-09-12,2025-09,Faltante en el pedido,Línea gratuita #590,Cali,Cerrado,1.7,40.6,True,4.0,False
PQR-202509-03084,2025-09-07,2025-09,Demora en la entrega,Línea gratuita #590,Pereira,Cerrado,1.6,22.9,True,3.0,False
PQR-202509-03085,2025-09-09,2025-09,Solicitud de factura electrónica,WhatsApp,Barranquilla,Cerrado,1.3,16.0,True,4.0,False
PQR-202509-03086,2025-09-03,2025-09,Camiseta personalizada pendiente,Instagram / redes,Bogotá,Escalado,16.7,29.8,False,4.0,True
PQR-202509-03087,2025-09-14,2025-09,Faltante en el pedido,WhatsApp,Cali,Cerrado,1.1,44.3,True,2.0,False
PQR-202509-03088,2025-09-23,2025-09,Camiseta personalizada pendiente,WhatsApp,Medellín,Escalado,3.4,132.8,True,2.0,True
PQR-202509-03089,2025-09-06,2025-09,Cambio o garantía,WhatsApp,Medellín,Cerrado,1.3,46.7,True,5.0,False
PQR-202509-03090,2025-09-14,2025-09,Producto averiado en transporte,WhatsApp,Medellín,Cerrado,5.2,7.3,False,4.0,False
PQR-202509-03091,2025-09-27,2025-09,Producto averiado en transporte,Línea gratuita #590,Medellín,Cerrado,2.7,12.7,True,3.0,False
PQR-202509-03092,2025-09-09,2025-09,Demora en la entrega,Línea gratuita #590,Ibagué,Cerrado,0.2,11.9,True,3.0,False
PQR-202509-03093,2025-09-16,2025-09,Demora en la entrega,Instagram / redes,Santa Marta,Cerrado,20.2,21.2,False,5.0,False
PQR-202509-03094,2025-09-22,2025-09,Faltante en el pedido,WhatsApp,Pasto,Cerrado,7.3,47.6,False,3.0,False
PQR-202509-03095,2025-09-18,2025-09,Solicitud de factura electrónica,Línea gratuita #590,Bogotá,Cerrado,0.6,9.1,True,4.0,False
PQR-202509-03096,2025-09-07,2025-09,Contenido incompleto del envase,Instagram / redes,Medellín,Cerrado,2.0,27.8,True,3.0,False
PQR-202509-03097,2025-09-26,2025-09,Demora en la entrega,Línea gratuita #590,Bogotá,Cerrado,2.2,10.6,True,4.0,False
PQR-202509-03098,2025-09-25,2025-09,Faltante en el pedido,Línea gratuita #590,Barranquilla,Cerrado,0.1,1.1,True,3.0,False
PQR-202509-03099,2025-09-19,2025-09,Evento adverso reportado,Tienda física,Cali,Cerrado,0.3,135.7,True,4.0,True
PQR-202509-03100,2025-09-03,2025-09,Demora en la entrega,WhatsApp,Cali,Cerrado,1.2,79.3,True,4.0,False
PQR-202509-03101,2025-09-09,2025-09,Faltante en el pedido,WhatsApp,Medellín,Cerrado,1.3,8.9,True,3.0,False
PQR-202509-03102,2025-09-24,2025-09,Demora en la entrega,WhatsApp,Bogotá,Cerrado,2.7,79.6,True,2.0,False
PQR-202509-03103,2025-09-18,2025-09,Faltante en el pedido,Línea gratuita #590,Bucaramanga,Cerrado,2.9,28.4,True,5.0,False
PQR-202509-03104,2025-09-21,2025-09,Cambio o garantía,WhatsApp,Medellín,Cerrado,0.5,93.6,True,3.0,False
PQR-202509-03105,2025-09-20,2025-09,Duda sobre uso del producto,WhatsApp,Pereira,Cerrado,3.3,6.7,True,5.0,False
PQR-202509-03106,2025-09-18,2025-09,Demora en la entrega,Chat del sitio,Barranquilla,Cerrado,3.1,12.1,True,5.0,False
PQR-202509-03107,2025-09-15,2025-09,Demora en la entrega,Instagram / redes,Cali,Cerrado,4.1,5.1,False,5.0,False
PQR-202509-03108,2025-09-01,2025-09,Camiseta personalizada pendiente,WhatsApp,Cali,Cerrado,2.3,20.9,True,4.0,False
PQR-202509-03109,2025-09-09,2025-09,Cambio o garantía,Línea gratuita #590,Ibagué,Cerrado,0.7,4.9,True,4.0,False
PQR-202509-03110,2025-09-09,2025-09,Reclamo por precio o promoción,WhatsApp,Pereira,Cerrado,0.6,2.1,True,5.0,False
PQR-202509-03111,2025-09-25,2025-09,Cambio o garantía,Chat del sitio,Bogotá,Cerrado,2.4,14.8,True,4.0,False
PQR-202509-03112,2025-09-05,2025-09,Evento adverso reportado,Tienda física,Bogotá,Escalado,9.0,33.3,False,4.0,True
PQR-202509-03113,2025-09-18,2025-09,Camiseta personalizada pendiente,WhatsApp,Cúcuta,Escalado,1.5,11.1,True,3.0,True
PQR-202509-03114,2025-09-20,2025-09,Reclamo por precio o promoción,WhatsApp,Bucaramanga,Cerrado,5.1,23.6,False,4.0,False
PQR-202509-03115,2025-09-03,2025-09,Camiseta personalizada pendiente,Tienda física,Bogotá,Cerrado,2.4,13.5,True,3.0,False
PQR-202509-03116,2025-09-27,2025-09,Demora en la entrega,Correo electrónico,Bucaramanga,Cerrado,1.5,18.2,True,5.0,False
PQR-202509-03117,2025-09-07,2025-09,Producto averiado en transporte,WhatsApp,Barranquilla,Cerrado,0.2,6.5,True,4.0,False
PQR-202509-03118,2025-09-19,2025-09,Producto averiado en transporte,Línea gratuita #590,Medellín,Cerrado,6.2,89.4,False,3.0,False
PQR-202509-03119,2025-09-04,2025-09,Demora en la entrega,Chat del sitio,Neiva,Cerrado,0.4,19.2,True,4.0,False
PQR-202509-03120,2025-09-20,2025-09,Cambio o garantía,Instagram / redes,Bogotá,Cerrado,6.7,27.4,False,3.0,False
PQR-202509-03121,2025-09-06,2025-09,Demora en la entrega,WhatsApp,Medellín,Cerrado,0.8,14.9,True,5.0,False
PQR-202509-03122,2025-09-05,2025-09,Contenido incompleto del envase,Línea gratuita #590,Medellín,Cerrado,7.0,12.5,False,4.0,False
PQR-202509-03123,2025-09-24,2025-09,Demora en la entrega,WhatsApp,Bogotá,Cerrado,3.4,45.1,True,4.0,False
PQR-202509-03124,2025-09-08,2025-09,Faltante en el pedido,Línea gratuita #590,Cartagena,Cerrado,2.3,122.9,True,4.0,False
PQR-202509-03125,2025-09-20,2025-09,Demora en la entrega,Instagram / redes,Bogotá,Cerrado,0.8,4.7,True,3.0,False
PQR-202509-03126,2025-09-11,2025-09,Reclamo por precio o promoción,WhatsApp,Pereira,Cerrado,0.2,12.7,True,4.0,False
PQR-202509-03127,2025-09-08,2025-09,Producto averiado en transporte,WhatsApp,Pereira,Cerrado,0.3,57.9,True,5.0,False
PQR-202509-03128,2025-09-03,2025-09,Faltante en el pedido,WhatsApp,Medellín,Cerrado,1.7,14.0,True,4.0,False
PQR-202509-03129,2025-09-22,2025-09,Reclamo por precio o promoción,Tienda física,Armenia,Cerrado,2.9,46.1,True,3.0,False
PQR-202509-03130,2025-09-16,2025-09,Solicitud de factura electrónica,Línea gratuita #590,Bogotá,Cerrado,0.2,14.0,True,4.0,False
PQR-202509-03131,2025-09-26,2025-09,Contenido incompleto del envase,Correo electrónico,Bogotá,Escalado,6.3,21.7,False,3.0,True
PQR-202509-03132,2025-09-05,2025-09,Demora en la entrega,WhatsApp,Pereira,Cerrado,1.4,30.3,True,5.0,False
PQR-202509-03133,2025-09-12,2025-09,Evento adverso reportado,WhatsApp,Bogotá,Cerrado,1.9,315.5,True,2.0,True
PQR-202509-03134,2025-09-24,2025-09,Producto averiado en transporte,WhatsApp,Barranquilla,Cerrado,5.8,64.6,False,4.0,False
PQR-202509-03135,2025-09-04,2025-09,Faltante en el pedido,Línea gratuita #590,Medellín,Cerrado,1.6,23.9,True,3.0,False
PQR-202509-03136,2025-09-22,2025-09,Faltante en el pedido,WhatsApp,Medellín,Cerrado,0.1,3.6,True,3.0,False
PQR-202509-03137,2025-09-19,2025-09,Demora en la entrega,Chat del sitio,Cali,Cerrado,0.8,16.5,True,3.0,False
PQR-202509-03138,2025-09-22,2025-09,Demora en la entrega,WhatsApp,Barranquilla,Cerrado,0.9,23.7,True,2.0,False
PQR-202509-03139,2025-09-18,2025-09,Producto averiado en transporte,Instagram / redes,Bogotá,Cerrado,3.4,18.7,True,4.0,False
PQR-202509-03140,2025-09-17,2025-09,Camiseta personalizada pendiente,WhatsApp,Cali,Cerrado,0.6,24.3,True,4.0,False
PQR-202509-03141,2025-09-01,2025-09,Demora en la entrega,WhatsApp,Cali,Cerrado,0.1,18.7,True,4.0,False
PQR-202509-03142,2025-09-14,2025-09,Contenido incompleto del envase,Instagram / redes,Bucaramanga,Cerrado,6.1,73.3,False,3.0,False
PQR-202509-03143,2025-09-22,2025-09,Reclamo por precio o promoción,Chat del sitio,Cali,Cerrado,2.5,18.8,True,5.0,False
PQR-202510-03144,2025-10-14,2025-10,Demora en la entrega,Tienda física,Bogotá,Cerrado,0.1,22.0,True,5.0,False
PQR-202510-03145,2025-10-03,2025-10,Demora en la entrega,WhatsApp,Pereira,Cerrado,0.3,24.9,True,5.0,False
PQR-202510-03146,2025-10-08,2025-10,Faltante en el pedido,WhatsApp,Cali,Cerrado,2.0,14.2,True,4.0,False
PQR-202510-03147,2025-10-12,2025-10,Faltante en el pedido,Tienda física,Cartagena,Cerrado,9.2,53.6,False,4.0,False
PQR-202510-03148,2025-10-26,2025-10,Cambio o garantía,Chat del sitio,Barranquilla,Cerrado,10.7,42.5,False,4.0,False
PQR-202510-03149,2025-10-09,2025-10,Solicitud de factura electrónica,WhatsApp,Bogotá,Cerrado,0.1,47.1,True,4.0,False
PQR-202510-03150,2025-10-05,2025-10,Cambio o garantía,WhatsApp,Cali,Cerrado,1.3,64.4,True,3.0,False
PQR-202510-03151,2025-10-06,2025-10,Evento adverso reportado,Chat del sitio,Cali,Cerrado,1.9,133.0,True,2.0,True
PQR-202510-03152,2025-10-17,2025-10,Reclamo por precio o promoción,WhatsApp,Barranquilla,Cerrado,0.1,1.5,True,3.0,False
PQR-202510-03153,2025-10-05,2025-10,Duda sobre uso del producto,WhatsApp,Cúcuta,Cerrado,0.4,2.3,True,4.0,False
PQR-202510-03154,2025-10-14,2025-10,Solicitud de factura electrónica,WhatsApp,Barranquilla,Cerrado,0.4,12.4,True,3.0,False
PQR-202510-03155,2025-10-22,2025-10,Producto averiado en transporte,WhatsApp,Ibagué,Cerrado,1.1,2.5,True,5.0,False
PQR-202510-03156,2025-10-13,2025-10,Producto averiado en transporte,WhatsApp,Bucaramanga,Cerrado,2.8,41.3,True,2.0,False
PQR-202510-03157,2025-10-12,2025-10,Faltante en el pedido,Línea gratuita #590,Medellín,Cerrado,1.8,27.6,True,4.0,False
PQR-202510-03158,2025-10-19,2025-10,Demora en la entrega,WhatsApp,Bogotá,Cerrado,3.0,7.6,True,5.0,False
PQR-202510-03159,2025-10-24,2025-10,Producto averiado en transporte,Línea gratuita #590,Barranquilla,Cerrado,5.5,35.8,False,4.0,False
PQR-202510-03160,2025-10-19,2025-10,Camiseta personalizada pendiente,WhatsApp,Bogotá,Cerrado,6.4,78.5,False,2.0,False
PQR-202510-03161,2025-10-23,2025-10,Producto averiado en transporte,Instagram / redes,Bogotá,Cerrado,0.5,31.0,True,3.0,False
PQR-202510-03162,2025-10-22,2025-10,Demora en la entrega,WhatsApp,Ibagué,Cerrado,1.0,15.1,True,3.0,False
PQR-202510-03163,2025-10-25,2025-10,Faltante en el pedido,WhatsApp,Bogotá,Cerrado,0.1,38.8,True,5.0,False
PQR-202510-03164,2025-10-08,2025-10,Demora en la entrega,WhatsApp,Cali,Cerrado,0.1,10.9,True,3.0,False
PQR-202510-03165,2025-10-10,2025-10,Reclamo por precio o promoción,Tienda física,Bogotá,Cerrado,3.0,30.9,True,4.0,False
PQR-202510-03166,2025-10-20,2025-10,Camiseta personalizada pendiente,Línea gratuita #590,Bogotá,Escalado,4.8,5.8,False,4.0,True
PQR-202510-03167,2025-10-19,2025-10,Faltante en el pedido,Línea gratuita #590,Ibagué,Cerrado,0.1,18.6,True,4.0,False
PQR-202510-03168,2025-10-22,2025-10,Faltante en el pedido,WhatsApp,Bogotá,Cerrado,0.4,16.2,True,5.0,False
PQR-202510-03169,2025-10-10,2025-10,Camiseta personalizada pendiente,WhatsApp,Medellín,Escalado,0.1,9.2,True,5.0,True
PQR-202510-03170,2025-10-02,2025-10,Demora en la entrega,WhatsApp,Cúcuta,Cerrado,0.1,1.1,True,5.0,False
PQR-202510-03171,2025-10-06,2025-10,Solicitud de factura electrónica,Línea gratuita #590,Bucaramanga,Cerrado,0.4,6.3,True,3.0,False
PQR-202510-03172,2025-10-22,2025-10,Reclamo por precio o promoción,WhatsApp,Bogotá,Cerrado,0.1,2.6,True,5.0,False
PQR-202510-03173,2025-10-04,2025-10,Solicitud de factura electrónica,WhatsApp,Bogotá,Cerrado,0.2,7.5,True,4.0,False
PQR-202510-03174,2025-10-10,2025-10,Reclamo por precio o promoción,WhatsApp,Armenia,Cerrado,1.7,13.8,True,4.0,False
PQR-202510-03175,2025-10-27,2025-10,Producto averiado en transporte,Línea gratuita #590,Cali,Cerrado,0.6,1.6,True,4.0,False
PQR-202510-03176,2025-10-17,2025-10,Evento adverso reportado,Tienda física,Bogotá,Cerrado,8.3,81.1,False,4.0,True
PQR-202510-03177,2025-10-13,2025-10,Demora en la entrega,WhatsApp,Cali,Cerrado,3.4,25.9,True,4.0,False
PQR-202510-03178,2025-10-21,2025-10,Contenido incompleto del envase,WhatsApp,Barranquilla,Escalado,3.1,36.7,True,4.0,True
PQR-202510-03179,2025-10-08,2025-10,Demora en la entrega,WhatsApp,Barranquilla,Cerrado,1.7,26.5,True,4.0,False
PQR-202510-03180,2025-10-23,2025-10,Demora en la entrega,Línea gratuita #590,Armenia,Cerrado,0.2,12.4,True,4.0,False
PQR-202510-03181,2025-10-20,2025-10,Cambio o garantía,Línea gratuita #590,Pereira,Cerrado,1.5,39.7,True,4.0,False
PQR-202510-03182,2025-10-04,2025-10,Reclamo por precio o promoción,WhatsApp,Medellín,Cerrado,0.7,12.6,True,4.0,False
PQR-202510-03183,2025-10-20,2025-10,Contenido incompleto del envase,Instagram / redes,Bogotá,Escalado,4.4,76.4,False,3.0,True
PQR-202510-03184,2025-10-20,2025-10,Faltante en el pedido,WhatsApp,Villavicencio,Cerrado,0.8,35.6,True,4.0,False
PQR-202510-03185,2025-10-03,2025-10,Demora en la entrega,Línea gratuita #590,Bogotá,Cerrado,1.9,20.4,True,5.0,False
PQR-202510-03186,2025-10-13,2025-10,Duda sobre uso del producto,WhatsApp,Cali,Cerrado,1.2,4.1,True,2.0,False
PQR-202510-03187,2025-10-06,2025-10,Faltante en el pedido,Chat del sitio,Cali,Cerrado,1.1,48.1,True,3.0,False
PQR-202510-03188,2025-10-08,2025-10,Demora en la entrega,WhatsApp,Medellín,Cerrado,1.3,7.1,True,4.0,False
PQR-202510-03189,2025-10-14,2025-10,Demora en la entrega,WhatsApp,Cali,Cerrado,2.0,10.4,True,4.0,False
PQR-202510-03190,2025-10-12,2025-10,Demora en la entrega,Línea gratuita #590,Bogotá,Cerrado,0.9,64.4,True,4.0,False
PQR-202510-03191,2025-10-03,2025-10,Camiseta personalizada pendiente,Chat del sitio,Ibagué,Escalado,1.2,68.2,True,4.0,True
PQR-202510-03192,2025-10-03,2025-10,Demora en la entrega,Chat del sitio,Medellín,Cerrado,1.7,4.2,True,3.0,False
PQR-202510-03193,2025-10-10,2025-10,Faltante en el pedido,WhatsApp,Cartagena,Cerrado,1.0,4.5,True,5.0,False
PQR-202510-03194,2025-10-23,2025-10,Solicitud de factura electrónica,Instagram / redes,Bucaramanga,Cerrado,0.7,3.5,True,3.0,False
PQR-202510-03195,2025-10-14,2025-10,Demora en la entrega,Tienda física,Cali,Cerrado,0.1,47.9,True,3.0,False
PQR-202510-03196,2025-10-19,2025-10,Camiseta personalizada pendiente,WhatsApp,Bucaramanga,Escalado,5.1,93.0,False,4.0,True
PQR-202510-03197,2025-10-10,2025-10,Cambio o garantía,Línea gratuita #590,Bogotá,Cerrado,7.2,53.4,False,3.0,False
PQR-202510-03198,2025-10-18,2025-10,Reclamo por precio o promoción,WhatsApp,Bucaramanga,Cerrado,0.9,4.3,True,3.0,False
PQR-202510-03199,2025-10-14,2025-10,Solicitud de factura electrónica,Tienda física,Barranquilla,Cerrado,1.1,2.9,True,5.0,False
PQR-202510-03200,2025-10-11,2025-10,Demora en la entrega,Línea gratuita #590,Bogotá,Cerrado,0.4,79.7,True,2.0,False
PQR-202510-03201,2025-10-26,2025-10,Demora en la entrega,WhatsApp,Cali,Cerrado,0.6,40.6,True,3.0,False
PQR-202510-03202,2025-10-12,2025-10,Demora en la entrega,Chat del sitio,Bogotá,Cerrado,1.3,119.0,True,1.0,False
PQR-202510-03203,2025-10-01,2025-10,Solicitud de factura electrónica,WhatsApp,Santa Marta,Cerrado,0.6,2.7,True,2.0,False
PQR-202510-03204,2025-10-01,2025-10,Faltante en el pedido,WhatsApp,Cali,Cerrado,1.2,45.7,True,4.0,False
PQR-202510-03205,2025-10-06,2025-10,Producto averiado en transporte,Chat del sitio,Bogotá,Cerrado,0.1,23.0,True,4.0,False
PQR-202510-03206,2025-10-02,2025-10,Contenido incompleto del envase,WhatsApp,Cali,Escalado,1.9,21.5,True,4.0,True
PQR-202510-03207,2025-10-22,2025-10,Faltante en el pedido,Instagram / redes,Ibagué,Cerrado,2.6,10.2,True,4.0,False
PQR-202510-03208,2025-10-02,2025-10,Faltante en el pedido,WhatsApp,Barranquilla,Cerrado,0.8,6.1,True,5.0,False
PQR-202510-03209,2025-10-21,2025-10,Demora en la entrega,Chat del sitio,Manizales,Cerrado,1.9,3.2,True,4.0,False
PQR-202510-03210,2025-10-22,2025-10,Solicitud de factura electrónica,WhatsApp,Bogotá,Cerrado,0.6,11.9,True,3.0,False
PQR-202510-03211,2025-10-14,2025-10,Duda sobre uso del producto,WhatsApp,Barranquilla,Cerrado,0.6,14.5,True,3.0,False
PQR-202510-03212,2025-10-04,2025-10,Reclamo por precio o promoción,WhatsApp,Cali,Cerrado,1.9,5.7,True,4.0,False
PQR-202510-03213,2025-10-21,2025-10,Contenido incompleto del envase,WhatsApp,Medellín,Cerrado,7.2,221.6,False,1.0,False
PQR-202510-03214,2025-10-20,2025-10,Faltante en el pedido,Instagram / redes,Armenia,Cerrado,8.8,48.6,False,4.0,False
PQR-202510-03215,2025-10-16,2025-10,Cambio o garantía,WhatsApp,Bogotá,Cerrado,3.3,61.3,True,3.0,False
PQR-202510-03216,2025-10-13,2025-10,Producto averiado en transporte,WhatsApp,Bogotá,Cerrado,0.6,42.1,True,4.0,False
PQR-202510-03217,2025-10-21,2025-10,Contenido incompleto del envase,WhatsApp,Cúcuta,Cerrado,6.3,55.0,False,3.0,False
PQR-202510-03218,2025-10-03,2025-10,Producto averiado en transporte,WhatsApp,Bogotá,Cerrado,0.6,39.5,True,3.0,False
PQR-202510-03219,2025-10-23,2025-10,Producto averiado en transporte,WhatsApp,Barranquilla,Cerrado,2.4,72.0,True,2.0,False
PQR-202510-03220,2025-10-18,2025-10,Cambio o garantía,Chat del sitio,Medellín,Cerrado,2.2,10.1,True,4.0,False
PQR-202510-03221,2025-10-16,2025-10,Cambio o garantía,Chat del sitio,Cali,Cerrado,3.0,16.1,True,4.0,False
PQR-202510-03222,2025-10-01,2025-10,Demora en la entrega,WhatsApp,Medellín,Cerrado,1.6,94.7,True,3.0,False
PQR-202510-03223,2025-10-07,2025-10,Demora en la entrega,WhatsApp,Bogotá,Cerrado,0.7,10.9,True,3.0,False
PQR-202510-03224,2025-10-27,2025-10,Demora en la entrega,Correo electrónico,Villavicencio,Cerrado,0.5,68.7,True,5.0,False
PQR-202510-03225,2025-10-20,2025-10,Producto averiado en transporte,Chat del sitio,Cúcuta,Cerrado,0.1,11.6,True,4.0,False
PQR-202510-03226,2025-10-20,2025-10,Faltante en el pedido,WhatsApp,Bogotá,Cerrado,0.4,47.9,True,3.0,False
PQR-202510-03227,2025-10-10,2025-10,Demora en la entrega,Tienda física,Villavicencio,Cerrado,2.0,7.0,True,4.0,False
PQR-202510-03228,2025-10-23,2025-10,Cambio o garantía,WhatsApp,Bucaramanga,Cerrado,1.2,36.8,True,2.0,False
PQR-202510-03229,2025-10-21,2025-10,Demora en la entrega,Línea gratuita #590,Bogotá,Cerrado,0.3,36.6,True,3.0,False
PQR-202510-03230,2025-10-26,2025-10,Solicitud de factura electrónica,WhatsApp,Cali,Cerrado,0.5,1.5,True,4.0,False
PQR-202510-03231,2025-10-18,2025-10,Faltante en el pedido,Tienda física,Cartagena,Cerrado,1.6,28.6,True,4.0,False
PQR-202510-03232,2025-10-21,2025-10,Cambio o garantía,WhatsApp,Bogotá,Cerrado,2.3,19.9,True,2.0,False
PQR-202510-03233,2025-10-05,2025-10,Cambio o garantía,Correo electrónico,Bogotá,Cerrado,15.7,79.4,False,4.0,False
PQR-202510-03234,2025-10-17,2025-10,Faltante en el pedido,WhatsApp,Bogotá,Cerrado,1.4,152.0,True,4.0,False
PQR-202510-03235,2025-10-27,2025-10,Demora en la entrega,Línea gratuita #590,Bogotá,Cerrado,0.1,2.6,True,4.0,False
PQR-202510-03236,2025-10-02,2025-10,Demora en la entrega,Chat del sitio,Medellín,Cerrado,0.7,107.2,True,3.0,False
PQR-202510-03237,2025-10-19,2025-10,Reclamo por precio o promoción,Tienda física,Barranquilla,Cerrado,8.0,21.4,False,4.0,False
PQR-202510-03238,2025-10-25,2025-10,Demora en la entrega,WhatsApp,Bucaramanga,Cerrado,1.4,31.2,True,4.0,False
PQR-202510-03239,2025-10-20,2025-10,Demora en la entrega,Tienda física,Bogotá,Cerrado,0.7,6.6,True,4.0,False
PQR-202510-03240,2025-10-24,2025-10,Solicitud de factura electrónica,WhatsApp,Bogotá,Cerrado,0.2,14.9,True,4.0,False
PQR-202510-03241,2025-10-13,2025-10,Camiseta personalizada pendiente,Chat del sitio,Cali,Escalado,1.8,21.0,True,3.0,True
PQR-202510-03242,2025-10-05,2025-10,Cambio o garantía,Chat del sitio,Bogotá,Cerrado,0.8,38.8,True,3.0,False
PQR-202510-03243,2025-10-02,2025-10,Producto averiado en transporte,Correo electrónico,Barranquilla,Cerrado,1.1,19.5,True,4.0,False
PQR-202510-03244,2025-10-01,2025-10,Contenido incompleto del envase,WhatsApp,Armenia,Cerrado,0.9,101.3,True,3.0,False
PQR-202510-03245,2025-10-22,2025-10,Solicitud de factura electrónica,WhatsApp,Villavicencio,Cerrado,0.8,15.5,True,5.0,False
PQR-202510-03246,2025-10-10,2025-10,Faltante en el pedido,WhatsApp,Pereira,Cerrado,5.4,14.6,False,3.0,False
PQR-202510-03247,2025-10-10,2025-10,Demora en la entrega,Línea gratuita #590,Bucaramanga,Cerrado,2.7,12.4,True,3.0,False
PQR-202510-03248,2025-10-26,2025-10,Camiseta personalizada pendiente,WhatsApp,Medellín,Escalado,0.3,67.2,True,4.0,True
PQR-202510-03249,2025-10-25,2025-10,Faltante en el pedido,Instagram / redes,Cali,Cerrado,0.8,47.5,True,4.0,False
PQR-202510-03250,2025-10-03,2025-10,Reclamo por precio o promoción,WhatsApp,Cali,Cerrado,0.2,5.7,True,4.0,False
PQR-202510-03251,2025-10-23,2025-10,Contenido incompleto del envase,WhatsApp,Cúcuta,Cerrado,2.4,65.5,True,4.0,False
PQR-202510-03252,2025-10-18,2025-10,Camiseta personalizada pendiente,WhatsApp,Medellín,Escalado,2.1,26.9,True,3.0,True
PQR-202510-03253,2025-10-27,2025-10,Reclamo por precio o promoción,Chat del sitio,Medellín,Cerrado,0.2,56.8,True,4.0,False
PQR-202510-03254,2025-10-13,2025-10,Producto averiado en transporte,Instagram / redes,Bucaramanga,Cerrado,1.5,2.5,True,4.0,False
PQR-202510-03255,2025-10-15,2025-10,Camiseta personalizada pendiente,WhatsApp,Medellín,Escalado,0.4,17.9,True,5.0,True
PQR-202510-03256,2025-10-08,2025-10,Camiseta personalizada pendiente,Instagram / redes,Bogotá,Escalado,1.9,8.4,True,2.0,True
PQR-202510-03257,2025-10-15,2025-10,Faltante en el pedido,WhatsApp,Cúcuta,Cerrado,0.8,8.4,True,4.0,False
PQR-202510-03258,2025-10-26,2025-10,Faltante en el pedido,Línea gratuita #590,Bogotá,Cerrado,2.8,19.2,True,4.0,False
PQR-202510-03259,2025-10-14,2025-10,Demora en la entrega,Línea gratuita #590,Bogotá,Cerrado,1.5,7.0,True,5.0,False
PQR-202510-03260,2025-10-02,2025-10,Demora en la entrega,Línea gratuita #590,Bucaramanga,Cerrado,2.4,11.1,True,4.0,False
PQR-202510-03261,2025-10-27,2025-10,Faltante en el pedido,WhatsApp,Cali,Cerrado,1.8,7.8,True,4.0,False
PQR-202510-03262,2025-10-27,2025-10,Contenido incompleto del envase,Línea gratuita #590,Bucaramanga,Cerrado,9.7,48.4,False,4.0,False
PQR-202510-03263,2025-10-12,2025-10,Demora en la entrega,Línea gratuita #590,Pereira,Cerrado,0.4,33.8,True,4.0,False
PQR-202510-03264,2025-10-11,2025-10,Contenido incompleto del envase,WhatsApp,Medellín,Cerrado,0.9,15.1,True,5.0,False
PQR-202510-03265,2025-10-09,2025-10,Demora en la entrega,WhatsApp,Cali,Cerrado,1.5,3.2,True,4.0,False
PQR-202510-03266,2025-10-18,2025-10,Camiseta personalizada pendiente,Chat del sitio,Cali,Cerrado,3.7,42.3,True,4.0,False
PQR-202510-03267,2025-10-06,2025-10,Demora en la entrega,WhatsApp,Cali,Cerrado,1.0,8.1,True,3.0,False
PQR-202510-03268,2025-10-22,2025-10,Contenido incompleto del envase,Correo electrónico,Bucaramanga,Cerrado,11.5,77.8,False,3.0,False
PQR-202510-03269,2025-10-26,2025-10,Camiseta personalizada pendiente,Línea gratuita #590,Bogotá,Cerrado,2.1,18.9,True,4.0,False
PQR-202510-03270,2025-10-26,2025-10,Camiseta personalizada pendiente,Chat del sitio,Villavicencio,Cerrado,9.0,66.8,False,3.0,False
PQR-202510-03271,2025-10-04,2025-10,Solicitud de factura electrónica,Chat del sitio,Bogotá,Cerrado,0.6,12.0,True,4.0,False
PQR-202510-03272,2025-10-15,2025-10,Demora en la entrega,Tienda física,Manizales,Cerrado,0.3,21.2,True,3.0,False
PQR-202510-03273,2025-10-24,2025-10,Camiseta personalizada pendiente,Chat del sitio,Villavicencio,Cerrado,2.4,44.2,True,3.0,False
PQR-202510-03274,2025-10-12,2025-10,Faltante en el pedido,Chat del sitio,Bucaramanga,Cerrado,0.5,65.7,True,4.0,False
PQR-202510-03275,2025-10-21,2025-10,Camiseta personalizada pendiente,WhatsApp,Bucaramanga,Escalado,0.1,32.9,True,4.0,True
PQR-202510-03276,2025-10-12,2025-10,Faltante en el pedido,Chat del sitio,Bogotá,Cerrado,0.2,84.7,True,4.0,False
PQR-202510-03277,2025-10-04,2025-10,Producto averiado en transporte,WhatsApp,Bucaramanga,Cerrado,1.7,36.7,True,4.0,False
PQR-202510-03278,2025-10-06,2025-10,Producto averiado en transporte,Instagram / redes,Bogotá,Cerrado,4.5,28.4,False,3.0,False
PQR-202510-03279,2025-10-10,2025-10,Demora en la entrega,WhatsApp,Bogotá,Cerrado,0.4,33.8,True,5.0,False
PQR-202510-03280,2025-10-02,2025-10,Producto averiado en transporte,Instagram / redes,Medellín,Cerrado,15.3,37.7,False,4.0,False
PQR-202510-03281,2025-10-22,2025-10,Reclamo por precio o promoción,Línea gratuita #590,Cali,Cerrado,0.5,23.3,True,3.0,False
PQR-202510-03282,2025-10-16,2025-10,Camiseta personalizada pendiente,WhatsApp,Barranquilla,Cerrado,6.0,50.7,False,3.0,False
PQR-202510-03283,2025-10-04,2025-10,Solicitud de factura electrónica,Línea gratuita #590,Bogotá,Cerrado,0.2,14.3,True,5.0,False
PQR-202510-03284,2025-10-08,2025-10,Camiseta personalizada pendiente,Línea gratuita #590,Medellín,Escalado,2.1,25.5,True,4.0,True
PQR-202510-03285,2025-10-14,2025-10,Cambio o garantía,WhatsApp,Cúcuta,Cerrado,1.0,6.5,True,4.0,False
PQR-202510-03286,2025-10-06,2025-10,Faltante en el pedido,Tienda física,Cartagena,Cerrado,0.9,3.1,True,3.0,False
PQR-202510-03287,2025-10-16,2025-10,Reclamo por precio o promoción,WhatsApp,Manizales,Cerrado,0.2,22.9,True,4.0,False
PQR-202510-03288,2025-10-18,2025-10,Evento adverso reportado,WhatsApp,Villavicencio,Escalado,3.6,98.4,True,4.0,True
PQR-202510-03289,2025-10-09,2025-10,Evento adverso reportado,Línea gratuita #590,Bogotá,Cerrado,0.5,11.0,True,5.0,True
PQR-202510-03290,2025-10-07,2025-10,Demora en la entrega,Instagram / redes,Medellín,Cerrado,0.8,1.8,True,3.0,False
PQR-202510-03291,2025-10-17,2025-10,Solicitud de factura electrónica,WhatsApp,Pereira,Cerrado,0.1,15.5,True,4.0,False
PQR-202510-03292,2025-10-25,2025-10,Producto averiado en transporte,WhatsApp,Cali,Cerrado,0.4,1.4,True,5.0,False
PQR-202510-03293,2025-10-17,2025-10,Demora en la entrega,Instagram / redes,Cali,Cerrado,1.9,20.6,True,4.0,False
PQR-202510-03294,2025-10-01,2025-10,Camiseta personalizada pendiente,WhatsApp,Bogotá,Escalado,0.3,52.9,True,4.0,True
PQR-202510-03295,2025-10-04,2025-10,Camiseta personalizada pendiente,WhatsApp,Cartagena,Cerrado,1.5,15.2,True,4.0,False
PQR-202510-03296,2025-10-21,2025-10,Camiseta personalizada pendiente,WhatsApp,Bogotá,Escalado,0.2,33.6,True,5.0,True
PQR-202510-03297,2025-10-01,2025-10,Cambio o garantía,Línea gratuita #590,Medellín,Cerrado,4.5,5.9,False,4.0,False
PQR-202510-03298,2025-10-15,2025-10,Demora en la entrega,WhatsApp,Bucaramanga,Cerrado,2.7,18.6,True,2.0,False
PQR-202510-03299,2025-10-25,2025-10,Camiseta personalizada pendiente,WhatsApp,Bucaramanga,Escalado,1.3,17.3,True,5.0,True
PQR-202510-03300,2025-10-10,2025-10,Cambio o garantía,Tienda física,Bogotá,Cerrado,13.5,38.2,False,5.0,False
PQR-202510-03301,2025-10-25,2025-10,Cambio o garantía,Tienda física,Barranquilla,Cerrado,10.8,24.8,False,3.0,False
PQR-202510-03302,2025-10-09,2025-10,Demora en la entrega,WhatsApp,Bogotá,Cerrado,0.9,86.3,True,4.0,False
PQR-202510-03303,2025-10-06,2025-10,Producto averiado en transporte,WhatsApp,Armenia,Cerrado,0.1,62.3,True,4.0,False
PQR-202510-03304,2025-10-03,2025-10,Demora en la entrega,Chat del sitio,Cúcuta,Cerrado,9.2,18.7,False,4.0,False
PQR-202510-03305,2025-10-13,2025-10,Demora en la entrega,Tienda física,Medellín,Cerrado,0.8,4.6,True,5.0,False
PQR-202510-03306,2025-10-07,2025-10,Solicitud de factura electrónica,WhatsApp,Cartagena,Cerrado,0.1,37.2,True,4.0,False
PQR-202510-03307,2025-10-08,2025-10,Demora en la entrega,WhatsApp,Villavicencio,Cerrado,0.4,22.3,True,4.0,False
PQR-202510-03308,2025-10-17,2025-10,Demora en la entrega,Línea gratuita #590,Barranquilla,Cerrado,0.3,94.4,True,2.0,False
PQR-202510-03309,2025-10-19,2025-10,Reclamo por precio o promoción,WhatsApp,Pereira,Cerrado,1.2,4.7,True,4.0,False
PQR-202510-03310,2025-10-23,2025-10,Faltante en el pedido,Chat del sitio,Bogotá,Cerrado,3.6,9.6,True,5.0,False
PQR-202510-03311,2025-10-15,2025-10,Producto averiado en transporte,Instagram / redes,Pereira,Cerrado,2.6,35.3,True,3.0,False
PQR-202510-03312,2025-10-05,2025-10,Faltante en el pedido,WhatsApp,Ibagué,Cerrado,0.3,7.9,True,5.0,False
PQR-202510-03313,2025-10-03,2025-10,Camiseta personalizada pendiente,Chat del sitio,Barranquilla,Cerrado,0.4,47.9,True,4.0,False
PQR-202510-03314,2025-10-18,2025-10,Camiseta personalizada pendiente,Línea gratuita #590,Bogotá,Cerrado,0.4,7.1,True,4.0,False
PQR-202510-03315,2025-10-12,2025-10,Faltante en el pedido,Tienda física,Pereira,Cerrado,7.1,8.1,False,3.0,False
PQR-202510-03316,2025-10-15,2025-10,Cambio o garantía,WhatsApp,Bogotá,Cerrado,0.1,12.0,True,4.0,False
PQR-202510-03317,2025-10-04,2025-10,Camiseta personalizada pendiente,Línea gratuita #590,Pereira,Escalado,0.3,42.9,True,3.0,True
PQR-202510-03318,2025-10-17,2025-10,Demora en la entrega,Correo electrónico,Cali,Cerrado,14.1,43.1,False,4.0,False
PQR-202510-03319,2025-10-01,2025-10,Reclamo por precio o promoción,WhatsApp,Cúcuta,Cerrado,1.3,5.0,True,5.0,False
PQR-202510-03320,2025-10-15,2025-10,Reclamo por precio o promoción,WhatsApp,Medellín,Cerrado,1.2,16.5,True,3.0,False
PQR-202510-03321,2025-10-16,2025-10,Producto averiado en transporte,WhatsApp,Bucaramanga,Cerrado,0.6,23.7,True,5.0,False
PQR-202510-03322,2025-10-17,2025-10,Reclamo por precio o promoción,Chat del sitio,Bogotá,Cerrado,0.2,23.3,True,4.0,False
PQR-202510-03323,2025-10-08,2025-10,Faltante en el pedido,Instagram / redes,Villavicencio,Cerrado,8.6,131.3,False,4.0,False
PQR-202510-03324,2025-10-18,2025-10,Duda sobre uso del producto,Línea gratuita #590,Barranquilla,Cerrado,1.5,12.0,True,4.0,False
PQR-202510-03325,2025-10-08,2025-10,Contenido incompleto del envase,Línea gratuita #590,Pereira,Cerrado,2.9,74.0,True,3.0,False
PQR-202510-03326,2025-10-13,2025-10,Reclamo por precio o promoción,Chat del sitio,Medellín,Cerrado,1.6,16.6,True,4.0,False
PQR-202510-03327,2025-10-07,2025-10,Demora en la entrega,Chat del sitio,Bogotá,Cerrado,3.2,15.3,True,3.0,False
PQR-202510-03328,2025-10-03,2025-10,Camiseta personalizada pendiente,Tienda física,Santa Marta,Cerrado,1.1,21.8,True,5.0,False
PQR-202510-03329,2025-10-07,2025-10,Faltante en el pedido,WhatsApp,Cartagena,Cerrado,2.7,26.7,True,4.0,False
PQR-202510-03330,2025-10-21,2025-10,Contenido incompleto del envase,WhatsApp,Barranquilla,Escalado,4.1,25.4,False,4.0,True
PQR-202510-03331,2025-10-24,2025-10,Producto averiado en transporte,Correo electrónico,Cúcuta,Cerrado,2.7,22.6,True,5.0,False
PQR-202510-03332,2025-10-04,2025-10,Demora en la entrega,WhatsApp,Bogotá,Cerrado,0.9,39.3,True,5.0,False
PQR-202510-03333,2025-10-13,2025-10,Duda sobre uso del producto,Instagram / redes,Bogotá,Cerrado,11.1,15.6,False,3.0,False
PQR-202510-03334,2025-10-12,2025-10,Faltante en el pedido,WhatsApp,Neiva,Cerrado,1.2,23.2,True,4.0,False
PQR-202510-03335,2025-10-03,2025-10,Demora en la entrega,WhatsApp,Cali,Cerrado,0.6,1.6,True,4.0,False
PQR-202510-03336,2025-10-13,2025-10,Reclamo por precio o promoción,Correo electrónico,Barranquilla,Cerrado,1.4,5.7,True,4.0,False
PQR-202510-03337,2025-10-06,2025-10,Solicitud de factura electrónica,Línea gratuita #590,Barranquilla,Cerrado,1.4,2.4,True,5.0,False
PQR-202510-03338,2025-10-06,2025-10,Producto averiado en transporte,WhatsApp,Bogotá,Cerrado,2.8,5.4,True,2.0,False
PQR-202510-03339,2025-10-27,2025-10,Contenido incompleto del envase,Línea gratuita #590,Bogotá,Cerrado,7.4,138.2,False,3.0,False
PQR-202510-03340,2025-10-05,2025-10,Demora en la entrega,Chat del sitio,Manizales,Cerrado,0.2,26.0,True,3.0,False
PQR-202510-03341,2025-10-21,2025-10,Producto averiado en transporte,Tienda física,Bogotá,Cerrado,8.1,129.1,False,2.0,False
PQR-202510-03342,2025-10-11,2025-10,Contenido incompleto del envase,WhatsApp,Medellín,Cerrado,0.8,33.1,True,3.0,False
PQR-202510-03343,2025-10-10,2025-10,Demora en la entrega,WhatsApp,Cali,Cerrado,1.6,20.3,True,5.0,False
PQR-202510-03344,2025-10-07,2025-10,Demora en la entrega,Tienda física,Cúcuta,Cerrado,8.4,23.9,False,4.0,False
PQR-202510-03345,2025-10-19,2025-10,Solicitud de factura electrónica,Correo electrónico,Bucaramanga,Cerrado,6.2,16.1,False,3.0,False
PQR-202510-03346,2025-10-07,2025-10,Reclamo por precio o promoción,Chat del sitio,Medellín,Cerrado,0.7,29.2,True,4.0,False
PQR-202510-03347,2025-10-11,2025-10,Reclamo por precio o promoción,WhatsApp,Bucaramanga,Cerrado,0.1,8.0,True,5.0,False
PQR-202510-03348,2025-10-17,2025-10,Demora en la entrega,Instagram / redes,Medellín,Cerrado,0.5,3.8,True,4.0,False
PQR-202510-03349,2025-10-07,2025-10,Faltante en el pedido,WhatsApp,Neiva,Cerrado,0.3,34.1,True,4.0,False
PQR-202510-03350,2025-10-02,2025-10,Duda sobre uso del producto,WhatsApp,Cali,Cerrado,0.9,3.8,True,3.0,False
PQR-202510-03351,2025-10-18,2025-10,Faltante en el pedido,Chat del sitio,Cali,Cerrado,1.4,7.0,True,3.0,False
PQR-202510-03352,2025-10-16,2025-10,Demora en la entrega,Instagram / redes,Cartagena,Cerrado,4.4,31.1,False,3.0,False
PQR-202510-03353,2025-10-16,2025-10,Reclamo por precio o promoción,WhatsApp,Bogotá,Cerrado,1.8,12.4,True,4.0,False
PQR-202510-03354,2025-10-08,2025-10,Solicitud de factura electrónica,Instagram / redes,Bogotá,Cerrado,0.2,1.2,True,4.0,False
PQR-202510-03355,2025-10-20,2025-10,Producto averiado en transporte,WhatsApp,Bogotá,Cerrado,0.5,12.9,True,5.0,False
PQR-202510-03356,2025-10-24,2025-10,Faltante en el pedido,Instagram / redes,Pereira,Cerrado,8.9,17.6,False,4.0,False
PQR-202510-03357,2025-10-16,2025-10,Evento adverso reportado,Tienda física,Ibagué,Cerrado,5.0,13.3,False,3.0,True
PQR-202510-03358,2025-10-01,2025-10,Solicitud de factura electrónica,WhatsApp,Medellín,Cerrado,0.4,5.0,True,3.0,False
PQR-202510-03359,2025-10-01,2025-10,Camiseta personalizada pendiente,WhatsApp,Pereira,Escalado,0.7,19.7,True,4.0,True
PQR-202510-03360,2025-10-06,2025-10,Solicitud de factura electrónica,Chat del sitio,Cali,Cerrado,0.1,45.9,True,3.0,False
PQR-202510-03361,2025-10-19,2025-10,Producto averiado en transporte,WhatsApp,Cali,Cerrado,0.6,26.9,True,3.0,False
PQR-202510-03362,2025-10-20,2025-10,Reclamo por precio o promoción,Instagram / redes,Bucaramanga,Cerrado,1.6,11.3,True,4.0,False
PQR-202510-03363,2025-10-18,2025-10,Reclamo por precio o promoción,Chat del sitio,Bogotá,Cerrado,1.3,3.4,True,3.0,False
PQR-202510-03364,2025-10-24,2025-10,Camiseta personalizada pendiente,Correo electrónico,Bogotá,Escalado,4.9,10.0,False,4.0,True
PQR-202510-03365,2025-10-07,2025-10,Faltante en el pedido,Línea gratuita #590,Bogotá,Cerrado,1.1,4.2,True,3.0,False
PQR-202510-03366,2025-10-16,2025-10,Faltante en el pedido,Tienda física,Cali,Cerrado,3.8,23.9,True,2.0,False
PQR-202510-03367,2025-10-16,2025-10,Producto averiado en transporte,Línea gratuita #590,Medellín,Cerrado,1.2,12.6,True,5.0,False
PQR-202510-03368,2025-10-25,2025-10,Duda sobre uso del producto,Chat del sitio,Pasto,Cerrado,0.8,17.7,True,4.0,False
PQR-202510-03369,2025-10-13,2025-10,Reclamo por precio o promoción,WhatsApp,Medellín,Cerrado,0.5,18.5,True,4.0,False
PQR-202510-03370,2025-10-01,2025-10,Contenido incompleto del envase,Línea gratuita #590,Bucaramanga,Escalado,0.7,51.2,True,4.0,True
PQR-202510-03371,2025-10-13,2025-10,Producto averiado en transporte,WhatsApp,Bogotá,Cerrado,2.8,20.7,True,4.0,False
PQR-202510-03372,2025-10-17,2025-10,Faltante en el pedido,Instagram / redes,Barranquilla,Cerrado,20.2,22.9,False,4.0,False
PQR-202510-03373,2025-10-12,2025-10,Contenido incompleto del envase,Chat del sitio,Barranquilla,Cerrado,3.4,78.1,True,2.0,False
PQR-202510-03374,2025-10-05,2025-10,Camiseta personalizada pendiente,Tienda física,Bogotá,Cerrado,24.5,70.1,False,4.0,False
PQR-202510-03375,2025-10-03,2025-10,Faltante en el pedido,Chat del sitio,Bogotá,Cerrado,0.6,6.4,True,4.0,False
PQR-202510-03376,2025-10-11,2025-10,Producto averiado en transporte,Línea gratuita #590,Ibagué,Cerrado,0.6,31.7,True,3.0,False
PQR-202510-03377,2025-10-01,2025-10,Camiseta personalizada pendiente,WhatsApp,Bogotá,Escalado,0.2,22.2,True,4.0,True
PQR-202510-03378,2025-10-25,2025-10,Demora en la entrega,WhatsApp,Villavicencio,Cerrado,1.4,17.3,True,5.0,False
PQR-202510-03379,2025-10-13,2025-10,Camiseta personalizada pendiente,Instagram / redes,Bogotá,Cerrado,0.6,50.9,True,4.0,False
PQR-202510-03380,2025-10-07,2025-10,Camiseta personalizada pendiente,WhatsApp,Cali,Cerrado,2.0,47.2,True,4.0,False
PQR-202510-03381,2025-10-27,2025-10,Demora en la entrega,WhatsApp,Bogotá,Cerrado,5.7,23.3,False,5.0,False
PQR-202510-03382,2025-10-06,2025-10,Demora en la entrega,Línea gratuita #590,Cali,Cerrado,3.2,11.4,True,4.0,False
PQR-202510-03383,2025-10-27,2025-10,Producto averiado en transporte,WhatsApp,Cali,Cerrado,1.8,114.5,True,2.0,False
PQR-202510-03384,2025-10-01,2025-10,Cambio o garantía,Chat del sitio,Medellín,Cerrado,7.2,57.3,False,5.0,False
PQR-202510-03385,2025-10-22,2025-10,Evento adverso reportado,Chat del sitio,Manizales,Cerrado,1.0,110.3,True,3.0,True
PQR-202510-03386,2025-10-06,2025-10,Evento adverso reportado,Correo electrónico,Bogotá,Cerrado,16.7,175.1,False,4.0,True
PQR-202510-03387,2025-10-15,2025-10,Reclamo por precio o promoción,WhatsApp,Bogotá,Cerrado,0.2,26.6,True,3.0,False
PQR-202510-03388,2025-10-25,2025-10,Duda sobre uso del producto,Línea gratuita #590,Bucaramanga,Cerrado,0.5,8.5,True,4.0,False
PQR-202510-03389,2025-10-18,2025-10,Contenido incompleto del envase,Línea gratuita #590,Ibagué,Cerrado,0.2,66.9,True,4.0,False
PQR-202510-03390,2025-10-22,2025-10,Producto averiado en transporte,Chat del sitio,Bogotá,Cerrado,4.0,31.0,True,4.0,False
PQR-202510-03391,2025-10-23,2025-10,Reclamo por precio o promoción,Tienda física,Armenia,Cerrado,1.6,10.1,True,4.0,False
PQR-202510-03392,2025-10-24,2025-10,Demora en la entrega,WhatsApp,Medellín,Cerrado,0.7,86.3,True,2.0,False
PQR-202510-03393,2025-10-08,2025-10,Contenido incompleto del envase,Tienda física,Cali,Escalado,14.0,22.0,False,4.0,True
PQR-202510-03394,2025-10-15,2025-10,Duda sobre uso del producto,WhatsApp,Cali,Cerrado,0.5,4.0,True,3.0,False
PQR-202510-03395,2025-10-12,2025-10,Faltante en el pedido,WhatsApp,Villavicencio,Cerrado,2.2,228.5,True,3.0,False
PQR-202510-03396,2025-10-23,2025-10,Faltante en el pedido,WhatsApp,Bogotá,Cerrado,5.7,54.1,False,4.0,False
PQR-202510-03397,2025-10-15,2025-10,Demora en la entrega,Chat del sitio,Armenia,Cerrado,2.2,11.7,True,4.0,False
PQR-202510-03398,2025-10-02,2025-10,Demora en la entrega,WhatsApp,Cali,Cerrado,1.9,25.6,True,3.0,False
PQR-202510-03399,2025-10-04,2025-10,Faltante en el pedido,Línea gratuita #590,Bogotá,Cerrado,0.3,21.4,True,3.0,False
PQR-202510-03400,2025-10-09,2025-10,Evento adverso reportado,Chat del sitio,Bogotá,Escalado,2.5,72.6,True,3.0,True
PQR-202510-03401,2025-10-11,2025-10,Faltante en el pedido,WhatsApp,Bogotá,Cerrado,2.8,31.8,True,4.0,False
PQR-202510-03402,2025-10-26,2025-10,Duda sobre uso del producto,WhatsApp,Medellín,Cerrado,0.1,6.0,True,4.0,False
PQR-202510-03403,2025-10-13,2025-10,Cambio o garantía,WhatsApp,Medellín,Cerrado,4.8,14.6,False,3.0,False
PQR-202510-03404,2025-10-15,2025-10,Faltante en el pedido,WhatsApp,Pereira,Cerrado,0.3,30.2,True,5.0,False
PQR-202510-03405,2025-10-08,2025-10,Cambio o garantía,Chat del sitio,Barranquilla,Cerrado,0.5,35.2,True,5.0,False
PQR-202510-03406,2025-10-01,2025-10,Camiseta personalizada pendiente,Chat del sitio,Cali,Escalado,4.1,52.8,False,4.0,True
PQR-202510-03407,2025-10-05,2025-10,Producto averiado en transporte,Tienda física,Medellín,Cerrado,13.7,68.2,False,4.0,False
PQR-202510-03408,2025-10-22,2025-10,Contenido incompleto del envase,Instagram / redes,Cali,Cerrado,5.3,22.4,False,5.0,False
PQR-202510-03409,2025-10-11,2025-10,Producto averiado en transporte,Chat del sitio,Pasto,Cerrado,1.7,30.3,True,3.0,False
PQR-202510-03410,2025-10-21,2025-10,Demora en la entrega,WhatsApp,Bucaramanga,Cerrado,0.2,45.6,True,4.0,False
PQR-202510-03411,2025-10-08,2025-10,Camiseta personalizada pendiente,Línea gratuita #590,Manizales,Escalado,0.7,95.5,True,2.0,True
PQR-202510-03412,2025-10-25,2025-10,Demora en la entrega,WhatsApp,Medellín,Cerrado,3.7,35.5,True,3.0,False
PQR-202510-03413,2025-10-27,2025-10,Producto averiado en transporte,WhatsApp,Bogotá,Cerrado,0.4,59.1,True,3.0,False
PQR-202510-03414,2025-10-12,2025-10,Demora en la entrega,WhatsApp,Bogotá,Cerrado,1.3,8.8,True,4.0,False
PQR-202510-03415,2025-10-11,2025-10,Demora en la entrega,Chat del sitio,Cali,Cerrado,0.5,7.7,True,5.0,False
PQR-202510-03416,2025-10-12,2025-10,Cambio o garantía,Tienda física,Bucaramanga,Cerrado,12.1,17.5,False,4.0,False
PQR-202510-03417,2025-10-12,2025-10,Solicitud de factura electrónica,WhatsApp,Medellín,Cerrado,1.0,8.4,True,4.0,False
PQR-202510-03418,2025-10-04,2025-10,Faltante en el pedido,Correo electrónico,Medellín,Cerrado,1.4,30.6,True,4.0,False
PQR-202510-03419,2025-10-08,2025-10,Solicitud de factura electrónica,Instagram / redes,Bogotá,Cerrado,3.4,23.7,True,4.0,False
PQR-202510-03420,2025-10-11,2025-10,Producto averiado en transporte,WhatsApp,Bogotá,Cerrado,1.0,16.1,True,4.0,False
PQR-202510-03421,2025-10-04,2025-10,Faltante en el pedido,WhatsApp,Bogotá,Cerrado,2.4,9.5,True,3.0,False
PQR-202510-03422,2025-10-01,2025-10,Demora en la entrega,WhatsApp,Bogotá,Cerrado,0.2,17.9,True,4.0,False
PQR-202510-03423,2025-10-19,2025-10,Camiseta personalizada pendiente,WhatsApp,Neiva,Escalado,4.9,27.6,False,3.0,True
PQR-202510-03424,2025-10-04,2025-10,Solicitud de factura electrónica,WhatsApp,Cali,Cerrado,0.3,9.5,True,4.0,False
PQR-202510-03425,2025-10-24,2025-10,Demora en la entrega,WhatsApp,Manizales,Cerrado,0.9,32.0,True,4.0,False
PQR-202510-03426,2025-10-14,2025-10,Reclamo por precio o promoción,Chat del sitio,Medellín,Cerrado,0.4,18.5,True,4.0,False
PQR-202510-03427,2025-10-26,2025-10,Demora en la entrega,Instagram / redes,Barranquilla,Cerrado,9.7,15.4,False,4.0,False
PQR-202510-03428,2025-10-11,2025-10,Producto averiado en transporte,WhatsApp,Bogotá,Cerrado,0.8,44.9,True,5.0,False
PQR-202510-03429,2025-10-18,2025-10,Duda sobre uso del producto,WhatsApp,Medellín,Cerrado,0.1,1.1,True,3.0,False
PQR-202510-03430,2025-10-20,2025-10,Faltante en el pedido,Instagram / redes,Bogotá,Cerrado,14.7,35.3,False,3.0,False
PQR-202510-03431,2025-10-06,2025-10,Demora en la entrega,WhatsApp,Bucaramanga,Cerrado,0.1,11.4,True,4.0,False
PQR-202510-03432,2025-10-12,2025-10,Cambio o garantía,Chat del sitio,Bogotá,Cerrado,2.1,39.4,True,3.0,False
PQR-202510-03433,2025-10-25,2025-10,Demora en la entrega,Chat del sitio,Bogotá,Cerrado,0.3,15.7,True,5.0,False
PQR-202510-03434,2025-10-18,2025-10,Solicitud de factura electrónica,WhatsApp,Cali,Cerrado,0.2,9.2,True,3.0,False
PQR-202510-03435,2025-10-26,2025-10,Demora en la entrega,WhatsApp,Bogotá,Cerrado,2.1,3.4,True,3.0,False
PQR-202510-03436,2025-10-11,2025-10,Camiseta personalizada pendiente,Chat del sitio,Bogotá,Cerrado,1.0,92.2,True,3.0,False
PQR-202510-03437,2025-10-11,2025-10,Demora en la entrega,WhatsApp,Bucaramanga,Cerrado,1.1,59.6,True,5.0,False
PQR-202510-03438,2025-10-22,2025-10,Producto averiado en transporte,WhatsApp,Bucaramanga,Cerrado,1.1,8.5,True,4.0,False
PQR-202510-03439,2025-10-16,2025-10,Cambio o garantía,WhatsApp,Bucaramanga,Cerrado,0.4,104.7,True,3.0,False
PQR-202510-03440,2025-10-14,2025-10,Faltante en el pedido,Chat del sitio,Bogotá,Cerrado,0.2,9.5,True,3.0,False
PQR-202510-03441,2025-10-04,2025-10,Faltante en el pedido,WhatsApp,Medellín,Cerrado,0.9,3.6,True,5.0,False
PQR-202510-03442,2025-10-08,2025-10,Reclamo por precio o promoción,Instagram / redes,Medellín,Cerrado,8.9,26.3,False,3.0,False
PQR-202510-03443,2025-10-21,2025-10,Solicitud de factura electrónica,WhatsApp,Cúcuta,Cerrado,1.4,35.2,True,5.0,False
PQR-202510-03444,2025-10-19,2025-10,Contenido incompleto del envase,Línea gratuita #590,Ibagué,Escalado,5.0,62.3,False,4.0,True
PQR-202510-03445,2025-10-13,2025-10,Duda sobre uso del producto,Instagram / redes,Bogotá,Cerrado,6.8,31.5,False,3.0,False
PQR-202510-03446,2025-10-16,2025-10,Evento adverso reportado,Instagram / redes,Armenia,Escalado,18.0,91.7,False,2.0,True
PQR-202510-03447,2025-10-25,2025-10,Contenido incompleto del envase,Chat del sitio,Cali,Escalado,0.1,20.3,True,4.0,True
PQR-202510-03448,2025-10-27,2025-10,Producto averiado en transporte,WhatsApp,Cúcuta,Cerrado,3.8,22.3,True,4.0,False
PQR-202510-03449,2025-10-13,2025-10,Camiseta personalizada pendiente,WhatsApp,Bogotá,Escalado,4.6,106.5,False,3.0,True
PQR-202510-03450,2025-10-17,2025-10,Demora en la entrega,Línea gratuita #590,Bogotá,Cerrado,0.9,15.9,True,3.0,False
PQR-202510-03451,2025-10-23,2025-10,Reclamo por precio o promoción,Instagram / redes,Bogotá,Cerrado,0.9,3.3,True,5.0,False
PQR-202510-03452,2025-10-18,2025-10,Demora en la entrega,WhatsApp,Manizales,Cerrado,1.3,24.7,True,4.0,False
PQR-202510-03453,2025-10-07,2025-10,Demora en la entrega,Instagram / redes,Bogotá,Cerrado,1.5,3.9,True,4.0,False
PQR-202510-03454,2025-10-02,2025-10,Demora en la entrega,Chat del sitio,Pasto,Cerrado,0.6,7.2,True,4.0,False
PQR-202510-03455,2025-10-23,2025-10,Cambio o garantía,Tienda física,Cartagena,Cerrado,2.3,18.0,True,2.0,False
PQR-202510-03456,2025-10-19,2025-10,Cambio o garantía,Chat del sitio,Pereira,Cerrado,2.2,39.3,True,4.0,False
PQR-202510-03457,2025-10-03,2025-10,Producto averiado en transporte,Chat del sitio,Barranquilla,Cerrado,0.9,43.3,True,4.0,False
PQR-202510-03458,2025-10-24,2025-10,Camiseta personalizada pendiente,Línea gratuita #590,Cali,Cerrado,1.1,48.6,True,4.0,False
PQR-202510-03459,2025-10-16,2025-10,Camiseta personalizada pendiente,Correo electrónico,Ibagué,Escalado,8.9,40.4,False,4.0,True
PQR-202510-03460,2025-10-13,2025-10,Camiseta personalizada pendiente,WhatsApp,Cali,Cerrado,0.4,4.7,True,3.0,False
PQR-202510-03461,2025-10-06,2025-10,Evento adverso reportado,Línea gratuita #590,Medellín,Escalado,9.0,118.4,False,3.0,True
PQR-202510-03462,2025-10-22,2025-10,Faltante en el pedido,WhatsApp,Bogotá,Cerrado,0.5,23.6,True,4.0,False
PQR-202510-03463,2025-10-08,2025-10,Contenido incompleto del envase,Tienda física,Bogotá,Escalado,2.5,11.1,True,5.0,True
PQR-202510-03464,2025-10-01,2025-10,Faltante en el pedido,WhatsApp,Cali,Cerrado,0.9,30.2,True,4.0,False
PQR-202510-03465,2025-10-26,2025-10,Solicitud de factura electrónica,WhatsApp,Bogotá,Cerrado,0.1,7.9,True,2.0,False
PQR-202510-03466,2025-10-10,2025-10,Faltante en el pedido,Chat del sitio,Bucaramanga,Cerrado,3.5,19.3,True,5.0,False
PQR-202510-03467,2025-10-03,2025-10,Faltante en el pedido,WhatsApp,Cali,Cerrado,1.5,83.6,True,1.0,False
PQR-202510-03468,2025-10-20,2025-10,Demora en la entrega,Instagram / redes,Medellín,Cerrado,16.4,18.1,False,3.0,False
PQR-202510-03469,2025-10-09,2025-10,Demora en la entrega,WhatsApp,Cali,Cerrado,0.6,12.5,True,3.0,False
PQR-202510-03470,2025-10-24,2025-10,Producto averiado en transporte,Chat del sitio,Bogotá,Cerrado,0.2,22.6,True,3.0,False
PQR-202510-03471,2025-10-11,2025-10,Evento adverso reportado,Instagram / redes,Ibagué,Escalado,7.5,10.5,False,3.0,True
PQR-202510-03472,2025-10-21,2025-10,Solicitud de factura electrónica,Instagram / redes,Bucaramanga,Cerrado,2.5,25.7,True,4.0,False
PQR-202510-03473,2025-10-09,2025-10,Faltante en el pedido,Chat del sitio,Santa Marta,Cerrado,0.4,131.0,True,3.0,False
PQR-202511-03474,2025-11-14,2025-11,Demora en la entrega,Línea gratuita #590,Bucaramanga,Cerrado,1.0,19.3,True,4.0,False
PQR-202511-03475,2025-11-05,2025-11,Camiseta personalizada pendiente,WhatsApp,Medellín,Cerrado,2.1,20.0,True,4.0,False
PQR-202511-03476,2025-11-16,2025-11,Faltante en el pedido,WhatsApp,Cartagena,Cerrado,1.0,41.6,True,3.0,False
PQR-202511-03477,2025-11-12,2025-11,Contenido incompleto del envase,WhatsApp,Bogotá,Cerrado,11.6,19.4,False,4.0,False
PQR-202511-03478,2025-11-23,2025-11,Producto averiado en transporte,Línea gratuita #590,Bucaramanga,Cerrado,4.4,74.8,False,3.0,False
PQR-202511-03479,2025-11-03,2025-11,Contenido incompleto del envase,WhatsApp,Manizales,Cerrado,2.8,52.6,True,4.0,False
PQR-202511-03480,2025-11-11,2025-11,Demora en la entrega,Correo electrónico,Bogotá,Cerrado,2.7,46.2,True,4.0,False
PQR-202511-03481,2025-11-07,2025-11,Demora en la entrega,WhatsApp,Bogotá,Cerrado,1.9,42.4,True,4.0,False
PQR-202511-03482,2025-11-06,2025-11,Demora en la entrega,WhatsApp,Pereira,Cerrado,1.1,34.5,True,5.0,False
PQR-202511-03483,2025-11-06,2025-11,Faltante en el pedido,Tienda física,Cali,Cerrado,0.9,109.3,True,2.0,False
PQR-202511-03484,2025-11-03,2025-11,Demora en la entrega,Línea gratuita #590,Medellín,Cerrado,1.8,15.1,True,3.0,False
PQR-202511-03485,2025-11-17,2025-11,Demora en la entrega,WhatsApp,Cali,Cerrado,1.4,14.5,True,5.0,False
PQR-202511-03486,2025-11-03,2025-11,Demora en la entrega,Línea gratuita #590,Cartagena,Cerrado,1.1,15.8,True,4.0,False
PQR-202511-03487,2025-11-18,2025-11,Contenido incompleto del envase,WhatsApp,Bogotá,Cerrado,3.0,24.8,True,4.0,False
PQR-202511-03488,2025-11-10,2025-11,Reclamo por precio o promoción,Chat del sitio,Cali,Cerrado,0.7,6.8,True,2.0,False
PQR-202511-03489,2025-11-05,2025-11,Faltante en el pedido,WhatsApp,Bogotá,Cerrado,0.2,79.8,True,3.0,False
PQR-202511-03490,2025-11-05,2025-11,Demora en la entrega,WhatsApp,Barranquilla,Cerrado,2.0,40.1,True,3.0,False
PQR-202511-03491,2025-11-04,2025-11,Contenido incompleto del envase,WhatsApp,Bogotá,Cerrado,5.4,58.5,False,4.0,False
PQR-202511-03492,2025-11-19,2025-11,Cambio o garantía,Instagram / redes,Bogotá,Cerrado,66.5,67.5,False,3.0,False
PQR-202511-03493,2025-11-12,2025-11,Demora en la entrega,Chat del sitio,Bogotá,Cerrado,0.8,39.4,True,3.0,False
PQR-202511-03494,2025-11-13,2025-11,Solicitud de factura electrónica,WhatsApp,Cartagena,Cerrado,0.8,13.3,True,3.0,False
PQR-202511-03495,2025-11-17,2025-11,Reclamo por precio o promoción,Línea gratuita #590,Cali,Cerrado,0.8,36.1,True,2.0,False
PQR-202511-03496,2025-11-03,2025-11,Faltante en el pedido,WhatsApp,Bogotá,Cerrado,0.4,8.3,True,2.0,False
PQR-202511-03497,2025-11-05,2025-11,Demora en la entrega,Chat del sitio,Santa Marta,Cerrado,2.1,9.1,True,4.0,False
PQR-202511-03498,2025-11-19,2025-11,Solicitud de factura electrónica,WhatsApp,Ibagué,Cerrado,0.6,13.0,True,3.0,False
PQR-202511-03499,2025-11-24,2025-11,Demora en la entrega,Línea gratuita #590,Medellín,Cerrado,4.5,26.7,False,4.0,False
PQR-202511-03500,2025-11-15,2025-11,Demora en la entrega,WhatsApp,Cali,Cerrado,0.6,7.0,True,5.0,False
PQR-202511-03501,2025-11-07,2025-11,Solicitud de factura electrónica,WhatsApp,Bogotá,Cerrado,0.3,1.3,True,4.0,False
PQR-202511-03502,2025-11-15,2025-11,Demora en la entrega,WhatsApp,Bucaramanga,Cerrado,3.8,80.4,True,3.0,False
PQR-202511-03503,2025-11-07,2025-11,Camiseta personalizada pendiente,WhatsApp,Bogotá,Cerrado,3.4,13.0,True,3.0,False
PQR-202511-03504,2025-11-03,2025-11,Contenido incompleto del envase,Instagram / redes,Pereira,Escalado,4.8,17.8,False,5.0,True
PQR-202511-03505,2025-11-11,2025-11,Producto averiado en transporte,Chat del sitio,Bucaramanga,Cerrado,1.4,42.9,True,3.0,False
PQR-202511-03506,2025-11-20,2025-11,Producto averiado en transporte,WhatsApp,Pereira,Cerrado,1.0,25.5,True,4.0,False
PQR-202511-03507,2025-11-12,2025-11,Reclamo por precio o promoción,Tienda física,Manizales,Cerrado,0.5,6.3,True,3.0,False
PQR-202511-03508,2025-11-09,2025-11,Faltante en el pedido,WhatsApp,Cali,Cerrado,0.9,10.4,True,3.0,False
PQR-202511-03509,2025-11-16,2025-11,Cambio o garantía,Instagram / redes,Cartagena,Cerrado,6.6,7.9,False,5.0,False
PQR-202511-03510,2025-11-24,2025-11,Producto averiado en transporte,Instagram / redes,Bogotá,Cerrado,4.7,90.2,False,2.0,False
PQR-202511-03511,2025-11-19,2025-11,Producto averiado en transporte,WhatsApp,Barranquilla,Cerrado,0.6,67.3,True,3.0,False
PQR-202511-03512,2025-11-04,2025-11,Demora en la entrega,Instagram / redes,Cali,Cerrado,14.9,35.9,False,3.0,False
PQR-202511-03513,2025-11-13,2025-11,Solicitud de factura electrónica,Línea gratuita #590,Santa Marta,Cerrado,0.1,13.2,True,4.0,False
PQR-202511-03514,2025-11-25,2025-11,Reclamo por precio o promoción,WhatsApp,Cali,Cerrado,0.6,2.5,True,4.0,False
PQR-202511-03515,2025-11-19,2025-11,Solicitud de factura electrónica,WhatsApp,Bogotá,Cerrado,0.5,19.9,True,5.0,False
PQR-202511-03516,2025-11-08,2025-11,Demora en la entrega,WhatsApp,Medellín,Cerrado,0.9,6.9,True,5.0,False
PQR-202511-03517,2025-11-25,2025-11,Cambio o garantía,WhatsApp,Bogotá,Cerrado,0.1,29.2,True,5.0,False
PQR-202511-03518,2025-11-06,2025-11,Producto averiado en transporte,WhatsApp,Ibagué,Cerrado,1.1,3.7,True,4.0,False
PQR-202511-03519,2025-11-10,2025-11,Demora en la entrega,WhatsApp,Santa Marta,Cerrado,1.0,73.7,True,3.0,False
PQR-202511-03520,2025-11-11,2025-11,Contenido incompleto del envase,WhatsApp,Medellín,Cerrado,2.5,52.9,True,5.0,False
PQR-202511-03521,2025-11-02,2025-11,Faltante en el pedido,WhatsApp,Cali,Cerrado,0.7,26.1,True,4.0,False
PQR-202511-03522,2025-11-15,2025-11,Demora en la entrega,WhatsApp,Armenia,Cerrado,0.2,17.7,True,5.0,False
PQR-202511-03523,2025-11-15,2025-11,Demora en la entrega,Tienda física,Cúcuta,Cerrado,4.9,33.9,False,4.0,False
PQR-202511-03524,2025-11-06,2025-11,Faltante en el pedido,Tienda física,Cartagena,Cerrado,3.1,31.7,True,4.0,False
PQR-202511-03525,2025-11-15,2025-11,Camiseta personalizada pendiente,Instagram / redes,Cali,Cerrado,7.9,23.9,False,4.0,False
PQR-202511-03526,2025-11-27,2025-11,Faltante en el pedido,WhatsApp,Medellín,Cerrado,1.3,60.0,True,5.0,False
PQR-202511-03527,2025-11-09,2025-11,Demora en la entrega,Línea gratuita #590,Cartagena,Cerrado,1.2,2.7,True,3.0,False
PQR-202511-03528,2025-11-02,2025-11,Cambio o garantía,WhatsApp,Bogotá,Cerrado,6.4,28.8,False,4.0,False
PQR-202511-03529,2025-11-13,2025-11,Producto averiado en transporte,Instagram / redes,Bogotá,Cerrado,13.0,55.5,False,3.0,False
PQR-202511-03530,2025-11-23,2025-11,Solicitud de factura electrónica,Tienda física,Bucaramanga,Cerrado,4.7,93.5,False,4.0,False
PQR-202511-03531,2025-11-15,2025-11,Camiseta personalizada pendiente,WhatsApp,Medellín,Cerrado,3.4,27.7,True,2.0,False
PQR-202511-03532,2025-11-06,2025-11,Demora en la entrega,Línea gratuita #590,Cali,Cerrado,2.7,10.9,True,4.0,False
PQR-202511-03533,2025-11-13,2025-11,Faltante en el pedido,WhatsApp,Barranquilla,Cerrado,1.6,79.8,True,3.0,False
PQR-202511-03534,2025-11-11,2025-11,Contenido incompleto del envase,Chat del sitio,Bogotá,Cerrado,3.9,84.5,True,3.0,False
PQR-202511-03535,2025-11-26,2025-11,Contenido incompleto del envase,Línea gratuita #590,Barranquilla,Cerrado,13.4,71.4,False,4.0,False
PQR-202511-03536,2025-11-18,2025-11,Cambio o garantía,WhatsApp,Medellín,Cerrado,3.4,41.5,True,3.0,False
PQR-202511-03537,2025-11-08,2025-11,Faltante en el pedido,Instagram / redes,Bogotá,Cerrado,9.2,19.3,False,2.0,False
PQR-202511-03538,2025-11-05,2025-11,Reclamo por precio o promoción,WhatsApp,Bogotá,Cerrado,3.0,20.2,True,4.0,False
PQR-202511-03539,2025-11-20,2025-11,Camiseta personalizada pendiente,Instagram / redes,Medellín,Cerrado,3.8,12.5,True,4.0,False
PQR-202511-03540,2025-11-25,2025-11,Demora en la entrega,Chat del sitio,Barranquilla,Cerrado,3.3,18.7,True,5.0,False
PQR-202511-03541,2025-11-25,2025-11,Evento adverso reportado,WhatsApp,Manizales,Escalado,2.7,41.9,True,4.0,True
PQR-202511-03542,2025-11-16,2025-11,Faltante en el pedido,WhatsApp,Neiva,Cerrado,3.3,20.8,True,4.0,False
PQR-202511-03543,2025-11-27,2025-11,Faltante en el pedido,WhatsApp,Pasto,Cerrado,1.1,16.0,True,3.0,False
PQR-202511-03544,2025-11-14,2025-11,Evento adverso reportado,Línea gratuita #590,Bogotá,Escalado,3.4,6.5,True,4.0,True
PQR-202511-03545,2025-11-13,2025-11,Producto averiado en transporte,WhatsApp,Medellín,Cerrado,0.1,1.1,True,3.0,False
PQR-202511-03546,2025-11-25,2025-11,Evento adverso reportado,Línea gratuita #590,Barranquilla,Cerrado,2.7,27.0,True,5.0,True
PQR-202511-03547,2025-11-15,2025-11,Evento adverso reportado,WhatsApp,Ibagué,Cerrado,0.5,20.2,True,4.0,True
PQR-202511-03548,2025-11-02,2025-11,Contenido incompleto del envase,WhatsApp,Bucaramanga,Escalado,1.3,87.5,True,3.0,True
PQR-202511-03549,2025-11-04,2025-11,Faltante en el pedido,Chat del sitio,Bogotá,Cerrado,1.2,9.1,True,5.0,False
PQR-202511-03550,2025-11-04,2025-11,Contenido incompleto del envase,Correo electrónico,Bogotá,Escalado,26.2,75.1,False,3.0,True
PQR-202511-03551,2025-11-18,2025-11,Camiseta personalizada pendiente,Correo electrónico,Pasto,Escalado,20.4,47.6,False,3.0,True
PQR-202511-03552,2025-11-03,2025-11,Demora en la entrega,WhatsApp,Cartagena,Cerrado,0.4,3.7,True,4.0,False
PQR-202511-03553,2025-11-09,2025-11,Evento adverso reportado,Chat del sitio,Barranquilla,Escalado,3.5,67.2,True,4.0,True
PQR-202511-03554,2025-11-27,2025-11,Demora en la entrega,WhatsApp,Cali,Cerrado,0.1,32.1,True,5.0,False
PQR-202511-03555,2025-11-12,2025-11,Demora en la entrega,Línea gratuita #590,Barranquilla,Cerrado,4.5,18.4,False,4.0,False
PQR-202511-03556,2025-11-15,2025-11,Solicitud de factura electrónica,WhatsApp,Cali,Cerrado,0.3,18.7,True,4.0,False
PQR-202511-03557,2025-11-18,2025-11,Camiseta personalizada pendiente,WhatsApp,Armenia,Cerrado,4.0,22.0,True,5.0,False
PQR-202511-03558,2025-11-22,2025-11,Faltante en el pedido,WhatsApp,Medellín,Cerrado,4.8,46.4,False,3.0,False
PQR-202511-03559,2025-11-02,2025-11,Contenido incompleto del envase,WhatsApp,Ibagué,Escalado,2.4,9.7,True,5.0,True
PQR-202511-03560,2025-11-10,2025-11,Faltante en el pedido,Instagram / redes,Bogotá,Cerrado,16.0,56.2,False,3.0,False
PQR-202511-03561,2025-11-12,2025-11,Camiseta personalizada pendiente,Tienda física,Cúcuta,Escalado,7.8,27.9,False,4.0,True
PQR-202511-03562,2025-11-25,2025-11,Demora en la entrega,WhatsApp,Cali,Cerrado,0.6,20.0,True,3.0,False
PQR-202511-03563,2025-11-04,2025-11,Cambio o garantía,Línea gratuita #590,Cali,Cerrado,0.1,6.6,True,5.0,False
PQR-202511-03564,2025-11-12,2025-11,Camiseta personalizada pendiente,Tienda física,Pereira,Cerrado,4.4,57.4,False,4.0,False
PQR-202511-03565,2025-11-04,2025-11,Faltante en el pedido,WhatsApp,Bogotá,Cerrado,2.5,17.3,True,3.0,False
PQR-202511-03566,2025-11-25,2025-11,Cambio o garantía,Chat del sitio,Barranquilla,Cerrado,0.1,24.9,True,3.0,False
PQR-202511-03567,2025-11-11,2025-11,Demora en la entrega,WhatsApp,Bogotá,Cerrado,1.4,23.8,True,4.0,False
PQR-202511-03568,2025-11-09,2025-11,Camiseta personalizada pendiente,Instagram / redes,Bucaramanga,Cerrado,8.3,50.9,False,4.0,False
PQR-202511-03569,2025-11-17,2025-11,Faltante en el pedido,Instagram / redes,Medellín,Cerrado,1.1,7.2,True,4.0,False
PQR-202511-03570,2025-11-12,2025-11,Demora en la entrega,WhatsApp,Medellín,Cerrado,0.6,8.7,True,3.0,False
PQR-202511-03571,2025-11-18,2025-11,Producto averiado en transporte,Línea gratuita #590,Medellín,Cerrado,1.0,23.7,True,3.0,False
PQR-202511-03572,2025-11-14,2025-11,Demora en la entrega,WhatsApp,Bogotá,Cerrado,0.1,16.1,True,5.0,False
PQR-202511-03573,2025-11-22,2025-11,Contenido incompleto del envase,WhatsApp,Bogotá,Cerrado,0.2,12.4,True,3.0,False
PQR-202511-03574,2025-11-03,2025-11,Evento adverso reportado,WhatsApp,Bogotá,Cerrado,0.7,96.0,True,3.0,True
PQR-202511-03575,2025-11-23,2025-11,Demora en la entrega,Chat del sitio,Bucaramanga,Cerrado,0.5,1.6,True,3.0,False
PQR-202511-03576,2025-11-25,2025-11,Solicitud de factura electrónica,Chat del sitio,Medellín,Cerrado,1.3,2.3,True,3.0,False
PQR-202511-03577,2025-11-03,2025-11,Demora en la entrega,WhatsApp,Cali,Cerrado,3.1,40.0,True,4.0,False
PQR-202511-03578,2025-11-24,2025-11,Camiseta personalizada pendiente,Línea gratuita #590,Ibagué,Cerrado,4.5,29.9,False,5.0,False
PQR-202511-03579,2025-11-15,2025-11,Reclamo por precio o promoción,WhatsApp,Cali,Cerrado,0.9,108.5,True,3.0,False
PQR-202511-03580,2025-11-20,2025-11,Evento adverso reportado,WhatsApp,Santa Marta,Cerrado,4.9,65.3,False,4.0,True
PQR-202511-03581,2025-11-20,2025-11,Reclamo por precio o promoción,WhatsApp,Bogotá,Cerrado,0.1,56.3,True,4.0,False
PQR-202511-03582,2025-11-25,2025-11,Demora en la entrega,Chat del sitio,Cali,Cerrado,0.3,3.9,True,5.0,False
PQR-202511-03583,2025-11-21,2025-11,Faltante en el pedido,Línea gratuita #590,Barranquilla,Cerrado,1.0,8.6,True,3.0,False
PQR-202511-03584,2025-11-04,2025-11,Camiseta personalizada pendiente,WhatsApp,Bogotá,Cerrado,0.3,20.9,True,3.0,False
PQR-202511-03585,2025-11-19,2025-11,Evento adverso reportado,WhatsApp,Pereira,Escalado,0.2,5.5,True,4.0,True
PQR-202511-03586,2025-11-21,2025-11,Faltante en el pedido,WhatsApp,Cali,Cerrado,0.2,5.2,True,4.0,False
PQR-202511-03587,2025-11-18,2025-11,Reclamo por precio o promoción,WhatsApp,Medellín,Cerrado,1.0,54.1,True,2.0,False
PQR-202511-03588,2025-11-08,2025-11,Solicitud de factura electrónica,WhatsApp,Cali,Cerrado,0.1,4.1,True,5.0,False
PQR-202511-03589,2025-11-25,2025-11,Faltante en el pedido,WhatsApp,Bucaramanga,Cerrado,3.7,79.2,True,3.0,False
PQR-202511-03590,2025-11-26,2025-11,Contenido incompleto del envase,Instagram / redes,Cúcuta,Cerrado,10.8,56.4,False,4.0,False
PQR-202511-03591,2025-11-15,2025-11,Faltante en el pedido,Chat del sitio,Bogotá,Cerrado,0.5,110.2,True,2.0,False
PQR-202511-03592,2025-11-20,2025-11,Producto averiado en transporte,Línea gratuita #590,Armenia,Cerrado,1.6,5.5,True,3.0,False
PQR-202511-03593,2025-11-11,2025-11,Contenido incompleto del envase,WhatsApp,Cúcuta,Cerrado,1.5,295.0,True,3.0,False
PQR-202511-03594,2025-11-08,2025-11,Solicitud de factura electrónica,Chat del sitio,Medellín,Cerrado,0.3,55.4,True,5.0,False
PQR-202511-03595,2025-11-16,2025-11,Reclamo por precio o promoción,Línea gratuita #590,Medellín,Cerrado,4.3,102.5,False,1.0,False
PQR-202511-03596,2025-11-19,2025-11,Evento adverso reportado,Línea gratuita #590,Bogotá,Cerrado,2.0,13.5,True,4.0,True
PQR-202511-03597,2025-11-05,2025-11,Camiseta personalizada pendiente,Línea gratuita #590,Bucaramanga,Escalado,11.6,13.2,False,5.0,True
PQR-202511-03598,2025-11-11,2025-11,Cambio o garantía,Línea gratuita #590,Bucaramanga,Cerrado,3.2,12.3,True,3.0,False
PQR-202511-03599,2025-11-09,2025-11,Producto averiado en transporte,WhatsApp,Medellín,Cerrado,0.8,11.4,True,5.0,False
PQR-202511-03600,2025-11-20,2025-11,Faltante en el pedido,Correo electrónico,Medellín,Cerrado,5.5,33.2,False,3.0,False
PQR-202511-03601,2025-11-14,2025-11,Producto averiado en transporte,WhatsApp,Bogotá,Cerrado,1.4,23.2,True,4.0,False
PQR-202511-03602,2025-11-21,2025-11,Demora en la entrega,WhatsApp,Manizales,Cerrado,0.4,23.6,True,3.0,False
PQR-202511-03603,2025-11-25,2025-11,Faltante en el pedido,Instagram / redes,Medellín,Cerrado,2.4,12.8,True,4.0,False
PQR-202511-03604,2025-11-23,2025-11,Camiseta personalizada pendiente,WhatsApp,Cali,Escalado,1.6,43.8,True,4.0,True
PQR-202511-03605,2025-11-16,2025-11,Contenido incompleto del envase,WhatsApp,Bogotá,Escalado,0.5,11.2,True,3.0,True
PQR-202511-03606,2025-11-19,2025-11,Contenido incompleto del envase,Línea gratuita #590,Armenia,Cerrado,5.2,14.3,False,2.0,False
PQR-202511-03607,2025-11-14,2025-11,Contenido incompleto del envase,WhatsApp,Medellín,Cerrado,1.3,123.7,True,3.0,False
PQR-202511-03608,2025-11-15,2025-11,Demora en la entrega,Chat del sitio,Medellín,Cerrado,0.5,17.7,True,3.0,False
PQR-202511-03609,2025-11-07,2025-11,Solicitud de factura electrónica,Instagram / redes,Medellín,Cerrado,0.1,65.9,True,3.0,False
PQR-202511-03610,2025-11-26,2025-11,Contenido incompleto del envase,WhatsApp,Ibagué,Cerrado,1.2,39.8,True,3.0,False
PQR-202511-03611,2025-11-19,2025-11,Contenido incompleto del envase,Chat del sitio,Bogotá,Escalado,3.7,37.9,True,3.0,True
PQR-202511-03612,2025-11-11,2025-11,Contenido incompleto del envase,WhatsApp,Cartagena,Escalado,1.4,7.8,True,4.0,True
PQR-202511-03613,2025-11-25,2025-11,Faltante en el pedido,WhatsApp,Bogotá,Cerrado,5.6,120.6,False,2.0,False
PQR-202511-03614,2025-11-17,2025-11,Duda sobre uso del producto,Instagram / redes,Bucaramanga,Cerrado,4.6,13.7,False,5.0,False
PQR-202511-03615,2025-11-05,2025-11,Demora en la entrega,Línea gratuita #590,Barranquilla,Cerrado,1.0,11.9,True,3.0,False
PQR-202511-03616,2025-11-13,2025-11,Evento adverso reportado,Instagram / redes,Bogotá,Escalado,11.2,118.6,False,2.0,True
PQR-202511-03617,2025-11-13,2025-11,Demora en la entrega,Tienda física,Bogotá,Cerrado,2.7,68.5,True,4.0,False
PQR-202511-03618,2025-11-17,2025-11,Faltante en el pedido,Línea gratuita #590,Medellín,Cerrado,3.2,14.0,True,4.0,False
PQR-202511-03619,2025-11-08,2025-11,Faltante en el pedido,Chat del sitio,Cali,Cerrado,7.0,29.0,False,5.0,False
PQR-202511-03620,2025-11-21,2025-11,Producto averiado en transporte,WhatsApp,Bogotá,Cerrado,0.7,2.7,True,4.0,False
PQR-202511-03621,2025-11-25,2025-11,Cambio o garantía,WhatsApp,Medellín,Cerrado,2.2,5.4,True,3.0,False
PQR-202511-03622,2025-11-17,2025-11,Contenido incompleto del envase,Instagram / redes,Bogotá,Cerrado,10.7,179.7,False,3.0,False
PQR-202511-03623,2025-11-14,2025-11,Contenido incompleto del envase,WhatsApp,Bucaramanga,Escalado,0.5,10.5,True,3.0,True
PQR-202511-03624,2025-11-07,2025-11,Cambio o garantía,Chat del sitio,Bogotá,Cerrado,1.2,60.1,True,5.0,False
PQR-202511-03625,2025-11-22,2025-11,Demora en la entrega,Tienda física,Bogotá,Cerrado,9.2,36.1,False,4.0,False
PQR-202511-03626,2025-11-27,2025-11,Producto averiado en transporte,WhatsApp,Medellín,Cerrado,0.6,11.2,True,4.0,False
PQR-202511-03627,2025-11-27,2025-11,Duda sobre uso del producto,WhatsApp,Ibagué,Cerrado,0.2,10.1,True,5.0,False
PQR-202511-03628,2025-11-13,2025-11,Faltante en el pedido,WhatsApp,Bogotá,Cerrado,0.3,39.6,True,4.0,False
PQR-202511-03629,2025-11-06,2025-11,Reclamo por precio o promoción,WhatsApp,Cali,Cerrado,2.2,23.6,True,3.0,False
PQR-202511-03630,2025-11-03,2025-11,Duda sobre uso del producto,Chat del sitio,Bogotá,Cerrado,0.1,5.5,True,5.0,False
PQR-202511-03631,2025-11-07,2025-11,Reclamo por precio o promoción,Instagram / redes,Barranquilla,Cerrado,4.1,10.8,False,4.0,False
PQR-202511-03632,2025-11-11,2025-11,Demora en la entrega,Instagram / redes,Barranquilla,Cerrado,11.2,60.5,False,3.0,False
PQR-202511-03633,2025-11-24,2025-11,Camiseta personalizada pendiente,Línea gratuita #590,Bogotá,Escalado,1.1,18.3,True,2.0,True
PQR-202511-03634,2025-11-15,2025-11,Camiseta personalizada pendiente,Instagram / redes,Cartagena,Cerrado,29.6,45.4,False,4.0,False
PQR-202511-03635,2025-11-04,2025-11,Camiseta personalizada pendiente,WhatsApp,Medellín,Escalado,3.1,69.6,True,3.0,True
PQR-202511-03636,2025-11-09,2025-11,Cambio o garantía,Instagram / redes,Cali,Cerrado,36.4,55.9,False,2.0,False
PQR-202511-03637,2025-11-04,2025-11,Cambio o garantía,Línea gratuita #590,Bogotá,Cerrado,3.2,37.2,True,3.0,False
PQR-202511-03638,2025-11-23,2025-11,Faltante en el pedido,Tienda física,Bogotá,Cerrado,0.6,9.4,True,3.0,False
PQR-202511-03639,2025-11-10,2025-11,Camiseta personalizada pendiente,WhatsApp,Medellín,Cerrado,1.6,5.2,True,3.0,False
PQR-202511-03640,2025-11-24,2025-11,Solicitud de factura electrónica,WhatsApp,Bucaramanga,Cerrado,0.9,5.2,True,3.0,False
PQR-202511-03641,2025-11-08,2025-11,Solicitud de factura electrónica,Chat del sitio,Bogotá,Cerrado,0.6,8.1,True,3.0,False
PQR-202511-03642,2025-11-27,2025-11,Camiseta personalizada pendiente,WhatsApp,Medellín,Cerrado,2.7,120.8,True,2.0,False
PQR-202511-03643,2025-11-09,2025-11,Reclamo por precio o promoción,WhatsApp,Barranquilla,Cerrado,0.8,8.5,True,4.0,False
PQR-202511-03644,2025-11-25,2025-11,Producto averiado en transporte,WhatsApp,Bucaramanga,Cerrado,1.3,28.9,True,3.0,False
PQR-202511-03645,2025-11-03,2025-11,Faltante en el pedido,Instagram / redes,Pereira,Cerrado,2.0,49.4,True,4.0,False
PQR-202511-03646,2025-11-02,2025-11,Faltante en el pedido,WhatsApp,Bogotá,Cerrado,0.1,7.1,True,4.0,False
PQR-202511-03647,2025-11-01,2025-11,Demora en la entrega,Instagram / redes,Cartagena,Cerrado,4.1,42.7,False,3.0,False
PQR-202511-03648,2025-11-06,2025-11,Demora en la entrega,WhatsApp,Bucaramanga,Cerrado,0.1,53.3,True,4.0,False
PQR-202511-03649,2025-11-17,2025-11,Faltante en el pedido,WhatsApp,Pereira,Cerrado,2.7,24.7,True,4.0,False
PQR-202511-03650,2025-11-21,2025-11,Demora en la entrega,WhatsApp,Barranquilla,Cerrado,0.3,57.8,True,5.0,False
PQR-202511-03651,2025-11-10,2025-11,Producto averiado en transporte,WhatsApp,Cali,Cerrado,1.2,2.2,True,3.0,False
PQR-202511-03652,2025-11-18,2025-11,Camiseta personalizada pendiente,WhatsApp,Cartagena,Cerrado,1.7,53.6,True,4.0,False
PQR-202511-03653,2025-11-22,2025-11,Demora en la entrega,Correo electrónico,Cali,Cerrado,16.0,70.9,False,4.0,False
PQR-202511-03654,2025-11-13,2025-11,Demora en la entrega,Instagram / redes,Barranquilla,Cerrado,3.6,79.2,True,2.0,False
PQR-202511-03655,2025-11-09,2025-11,Reclamo por precio o promoción,WhatsApp,Santa Marta,Cerrado,0.2,9.8,True,3.0,False
PQR-202511-03656,2025-11-06,2025-11,Cambio o garantía,Chat del sitio,Cali,Cerrado,0.8,17.1,True,5.0,False
PQR-202511-03657,2025-11-16,2025-11,Producto averiado en transporte,Correo electrónico,Cali,Cerrado,25.6,45.8,False,3.0,False
PQR-202511-03658,2025-11-19,2025-11,Faltante en el pedido,WhatsApp,Medellín,Cerrado,1.0,38.2,True,4.0,False
PQR-202511-03659,2025-11-11,2025-11,Faltante en el pedido,Línea gratuita #590,Cúcuta,Cerrado,0.6,51.4,True,4.0,False
PQR-202511-03660,2025-11-02,2025-11,Demora en la entrega,WhatsApp,Medellín,Cerrado,0.2,21.8,True,4.0,False
PQR-202511-03661,2025-11-03,2025-11,Producto averiado en transporte,WhatsApp,Pereira,Cerrado,0.5,50.3,True,3.0,False
PQR-202511-03662,2025-11-23,2025-11,Demora en la entrega,WhatsApp,Medellín,Cerrado,9.4,46.7,False,5.0,False
PQR-202511-03663,2025-11-19,2025-11,Faltante en el pedido,WhatsApp,Pereira,Cerrado,1.5,2.5,True,2.0,False
PQR-202511-03664,2025-11-19,2025-11,Faltante en el pedido,WhatsApp,Bogotá,Cerrado,0.6,3.2,True,2.0,False
PQR-202511-03665,2025-11-18,2025-11,Camiseta personalizada pendiente,WhatsApp,Medellín,Escalado,1.5,31.9,True,5.0,True
PQR-202511-03666,2025-11-16,2025-11,Cambio o garantía,Línea gratuita #590,Villavicencio,Cerrado,3.8,116.6,True,2.0,False
PQR-202511-03667,2025-11-01,2025-11,Cambio o garantía,WhatsApp,Pereira,Cerrado,2.1,4.5,True,4.0,False
PQR-202511-03668,2025-11-25,2025-11,Demora en la entrega,WhatsApp,Bogotá,Cerrado,0.9,44.0,True,5.0,False
PQR-202511-03669,2025-11-13,2025-11,Faltante en el pedido,Correo electrónico,Cali,Cerrado,2.5,41.1,True,3.0,False
PQR-202511-03670,2025-11-15,2025-11,Demora en la entrega,WhatsApp,Cali,Cerrado,3.6,4.6,True,4.0,False
PQR-202511-03671,2025-11-17,2025-11,Demora en la entrega,WhatsApp,Bogotá,Cerrado,0.9,1.9,True,4.0,False
PQR-202511-03672,2025-11-16,2025-11,Faltante en el pedido,Línea gratuita #590,Barranquilla,Cerrado,3.9,44.9,True,3.0,False
PQR-202511-03673,2025-11-17,2025-11,Solicitud de factura electrónica,WhatsApp,Bogotá,Cerrado,0.2,8.6,True,5.0,False
PQR-202511-03674,2025-11-13,2025-11,Reclamo por precio o promoción,Tienda física,Medellín,Cerrado,0.6,4.3,True,4.0,False
PQR-202511-03675,2025-11-23,2025-11,Cambio o garantía,Línea gratuita #590,Cartagena,Cerrado,2.4,48.5,True,4.0,False
PQR-202511-03676,2025-11-26,2025-11,Faltante en el pedido,WhatsApp,Cúcuta,Cerrado,1.0,19.0,True,3.0,False
PQR-202511-03677,2025-11-12,2025-11,Camiseta personalizada pendiente,WhatsApp,Bogotá,Cerrado,0.5,78.1,True,2.0,False
PQR-202511-03678,2025-11-21,2025-11,Cambio o garantía,Chat del sitio,Barranquilla,Cerrado,0.9,45.9,True,5.0,False
PQR-202511-03679,2025-11-05,2025-11,Solicitud de factura electrónica,WhatsApp,Bogotá,Cerrado,1.3,5.2,True,3.0,False
PQR-202511-03680,2025-11-10,2025-11,Demora en la entrega,Línea gratuita #590,Cali,Cerrado,3.7,9.5,True,5.0,False
PQR-202511-03681,2025-11-07,2025-11,Camiseta personalizada pendiente,Chat del sitio,Bucaramanga,Cerrado,0.8,35.2,True,4.0,False
PQR-202511-03682,2025-11-27,2025-11,Faltante en el pedido,WhatsApp,Medellín,Cerrado,0.4,52.5,True,4.0,False
PQR-202511-03683,2025-11-11,2025-11,Duda sobre uso del producto,Línea gratuita #590,Bogotá,Cerrado,0.2,2.9,True,3.0,False
PQR-202511-03684,2025-11-15,2025-11,Demora en la entrega,WhatsApp,Medellín,Cerrado,4.0,39.2,True,4.0,False
PQR-202511-03685,2025-11-24,2025-11,Evento adverso reportado,WhatsApp,Medellín,Cerrado,4.0,43.1,True,5.0,True
PQR-202511-03686,2025-11-22,2025-11,Producto averiado en transporte,WhatsApp,Bogotá,Cerrado,0.6,23.8,True,4.0,False
PQR-202511-03687,2025-11-13,2025-11,Demora en la entrega,WhatsApp,Barranquilla,Cerrado,0.8,13.3,True,4.0,False
PQR-202511-03688,2025-11-23,2025-11,Camiseta personalizada pendiente,Línea gratuita #590,Bogotá,Cerrado,20.8,31.9,False,3.0,False
PQR-202511-03689,2025-11-22,2025-11,Cambio o garantía,Línea gratuita #590,Armenia,Cerrado,0.9,1.9,True,5.0,False
PQR-202511-03690,2025-11-01,2025-11,Faltante en el pedido,Instagram / redes,Villavicencio,Cerrado,5.2,11.2,False,3.0,False
PQR-202511-03691,2025-11-27,2025-11,Producto averiado en transporte,WhatsApp,Bogotá,Cerrado,0.4,15.8,True,5.0,False
PQR-202511-03692,2025-11-02,2025-11,Solicitud de factura electrónica,WhatsApp,Cali,Cerrado,0.2,2.3,True,4.0,False
PQR-202511-03693,2025-11-21,2025-11,Producto averiado en transporte,Tienda física,Bogotá,Cerrado,5.2,14.4,False,5.0,False
PQR-202511-03694,2025-11-08,2025-11,Reclamo por precio o promoción,WhatsApp,Cali,Cerrado,0.2,9.2,True,4.0,False
PQR-202511-03695,2025-11-16,2025-11,Duda sobre uso del producto,WhatsApp,Medellín,Cerrado,0.1,21.5,True,4.0,False
PQR-202511-03696,2025-11-18,2025-11,Demora en la entrega,WhatsApp,Cali,Cerrado,1.1,147.1,True,2.0,False
PQR-202511-03697,2025-11-02,2025-11,Faltante en el pedido,Línea gratuita #590,Cali,Cerrado,0.9,101.5,True,2.0,False
PQR-202511-03698,2025-11-16,2025-11,Faltante en el pedido,WhatsApp,Bogotá,Cerrado,1.5,9.0,True,4.0,False
PQR-202511-03699,2025-11-26,2025-11,Reclamo por precio o promoción,WhatsApp,Cali,Cerrado,2.9,21.7,True,2.0,False
PQR-202511-03700,2025-11-02,2025-11,Cambio o garantía,Línea gratuita #590,Bogotá,Cerrado,0.7,42.9,True,4.0,False
PQR-202511-03701,2025-11-24,2025-11,Producto averiado en transporte,WhatsApp,Bogotá,Cerrado,3.7,37.8,True,4.0,False
PQR-202511-03702,2025-11-18,2025-11,Demora en la entrega,Tienda física,Medellín,Cerrado,0.7,52.6,True,3.0,False
PQR-202511-03703,2025-11-13,2025-11,Faltante en el pedido,WhatsApp,Cartagena,Cerrado,0.4,8.9,True,3.0,False
PQR-202511-03704,2025-11-20,2025-11,Camiseta personalizada pendiente,Línea gratuita #590,Cali,Escalado,2.6,50.0,True,4.0,True
PQR-202511-03705,2025-11-16,2025-11,Demora en la entrega,WhatsApp,Cartagena,Cerrado,1.1,44.0,True,3.0,False
PQR-202511-03706,2025-11-14,2025-11,Producto averiado en transporte,Chat del sitio,Medellín,Cerrado,2.3,35.1,True,4.0,False
PQR-202511-03707,2025-11-06,2025-11,Faltante en el pedido,Línea gratuita #590,Bogotá,Cerrado,7.6,17.6,False,4.0,False
PQR-202511-03708,2025-11-26,2025-11,Camiseta personalizada pendiente,WhatsApp,Bogotá,Cerrado,1.2,3.1,True,4.0,False
PQR-202511-03709,2025-11-21,2025-11,Cambio o garantía,WhatsApp,Bogotá,Cerrado,4.8,15.1,False,5.0,False
PQR-202511-03710,2025-11-18,2025-11,Faltante en el pedido,WhatsApp,Barranquilla,Cerrado,1.3,13.7,True,4.0,False
PQR-202511-03711,2025-11-11,2025-11,Contenido incompleto del envase,WhatsApp,Bogotá,Escalado,2.2,110.7,True,2.0,True
PQR-202511-03712,2025-11-21,2025-11,Solicitud de factura electrónica,Chat del sitio,Manizales,Cerrado,0.8,13.5,True,5.0,False
PQR-202511-03713,2025-11-25,2025-11,Faltante en el pedido,WhatsApp,Bucaramanga,Cerrado,0.2,21.0,True,4.0,False
PQR-202511-03714,2025-11-13,2025-11,Contenido incompleto del envase,WhatsApp,Bucaramanga,Cerrado,8.6,39.4,False,3.0,False
PQR-202511-03715,2025-11-24,2025-11,Demora en la entrega,Línea gratuita #590,Cali,Cerrado,2.8,14.9,True,4.0,False
PQR-202511-03716,2025-11-24,2025-11,Camiseta personalizada pendiente,Correo electrónico,Bogotá,Cerrado,20.4,32.1,False,3.0,False
PQR-202511-03717,2025-11-27,2025-11,Demora en la entrega,Chat del sitio,Bogotá,Cerrado,3.3,9.6,True,4.0,False
PQR-202511-03718,2025-11-07,2025-11,Duda sobre uso del producto,WhatsApp,Cali,Cerrado,1.1,2.4,True,3.0,False
PQR-202511-03719,2025-11-18,2025-11,Reclamo por precio o promoción,Chat del sitio,Bogotá,Cerrado,2.7,18.3,True,4.0,False
PQR-202511-03720,2025-11-16,2025-11,Solicitud de factura electrónica,Correo electrónico,Barranquilla,Cerrado,0.5,5.4,True,3.0,False
PQR-202511-03721,2025-11-11,2025-11,Camiseta personalizada pendiente,Línea gratuita #590,Cúcuta,Escalado,2.9,43.9,True,3.0,True
PQR-202511-03722,2025-11-02,2025-11,Faltante en el pedido,Tienda física,Ibagué,Cerrado,2.7,74.2,True,3.0,False
PQR-202511-03723,2025-11-21,2025-11,Reclamo por precio o promoción,Chat del sitio,Bogotá,Cerrado,1.0,7.5,True,4.0,False
PQR-202511-03724,2025-11-27,2025-11,Faltante en el pedido,Chat del sitio,Bucaramanga,Cerrado,6.3,25.2,False,4.0,False
PQR-202511-03725,2025-11-08,2025-11,Evento adverso reportado,WhatsApp,Medellín,Cerrado,2.2,77.8,True,2.0,True
PQR-202511-03726,2025-11-07,2025-11,Camiseta personalizada pendiente,WhatsApp,Bucaramanga,Cerrado,2.1,6.0,True,5.0,False
PQR-202511-03727,2025-11-07,2025-11,Duda sobre uso del producto,WhatsApp,Bogotá,Cerrado,0.2,4.6,True,4.0,False
PQR-202511-03728,2025-11-22,2025-11,Cambio o garantía,Línea gratuita #590,Barranquilla,Cerrado,10.5,25.5,False,5.0,False
PQR-202511-03729,2025-11-11,2025-11,Camiseta personalizada pendiente,Chat del sitio,Medellín,Cerrado,3.7,15.9,True,3.0,False
PQR-202511-03730,2025-11-05,2025-11,Duda sobre uso del producto,Línea gratuita #590,Barranquilla,Cerrado,0.6,24.5,True,5.0,False
PQR-202511-03731,2025-11-03,2025-11,Camiseta personalizada pendiente,Línea gratuita #590,Medellín,Cerrado,6.6,34.5,False,3.0,False
PQR-202511-03732,2025-11-18,2025-11,Duda sobre uso del producto,Chat del sitio,Medellín,Cerrado,0.3,9.9,True,3.0,False
PQR-202511-03733,2025-11-12,2025-11,Producto averiado en transporte,Línea gratuita #590,Barranquilla,Cerrado,1.8,25.6,True,4.0,False
PQR-202511-03734,2025-11-08,2025-11,Reclamo por precio o promoción,Línea gratuita #590,Bogotá,Cerrado,5.9,14.5,False,3.0,False
PQR-202511-03735,2025-11-01,2025-11,Reclamo por precio o promoción,Instagram / redes,Pereira,Cerrado,6.8,19.3,False,3.0,False
PQR-202511-03736,2025-11-08,2025-11,Cambio o garantía,WhatsApp,Barranquilla,Cerrado,0.7,8.6,True,3.0,False
PQR-202511-03737,2025-11-21,2025-11,Reclamo por precio o promoción,WhatsApp,Pasto,Cerrado,1.0,37.7,True,3.0,False
PQR-202511-03738,2025-11-09,2025-11,Reclamo por precio o promoción,Línea gratuita #590,Bogotá,Cerrado,2.5,5.4,True,5.0,False
PQR-202511-03739,2025-11-04,2025-11,Faltante en el pedido,WhatsApp,Cartagena,Cerrado,2.5,41.0,True,3.0,False
PQR-202511-03740,2025-11-27,2025-11,Contenido incompleto del envase,WhatsApp,Ibagué,Cerrado,0.1,333.0,True,3.0,False
PQR-202511-03741,2025-11-17,2025-11,Contenido incompleto del envase,WhatsApp,Bogotá,Escalado,0.9,63.0,True,5.0,True
PQR-202511-03742,2025-11-18,2025-11,Demora en la entrega,WhatsApp,Medellín,Cerrado,2.1,3.1,True,4.0,False
PQR-202511-03743,2025-11-27,2025-11,Reclamo por precio o promoción,WhatsApp,Bogotá,Cerrado,2.6,78.6,True,3.0,False
PQR-202511-03744,2025-11-24,2025-11,Demora en la entrega,Instagram / redes,Bogotá,Cerrado,26.2,79.1,False,2.0,False
PQR-202511-03745,2025-11-20,2025-11,Solicitud de factura electrónica,WhatsApp,Bogotá,Cerrado,0.6,23.5,True,5.0,False
PQR-202511-03746,2025-11-27,2025-11,Demora en la entrega,WhatsApp,Cali,Cerrado,0.6,53.2,True,4.0,False
PQR-202511-03747,2025-11-14,2025-11,Demora en la entrega,Línea gratuita #590,Bogotá,Cerrado,0.4,17.6,True,3.0,False
PQR-202511-03748,2025-11-17,2025-11,Solicitud de factura electrónica,Correo electrónico,Bogotá,Cerrado,1.4,14.5,True,2.0,False
PQR-202511-03749,2025-11-14,2025-11,Faltante en el pedido,Instagram / redes,Barranquilla,Cerrado,1.7,29.9,True,3.0,False
PQR-202511-03750,2025-11-04,2025-11,Camiseta personalizada pendiente,WhatsApp,Bogotá,Cerrado,5.2,20.4,False,5.0,False
PQR-202511-03751,2025-11-26,2025-11,Duda sobre uso del producto,Chat del sitio,Bucaramanga,Cerrado,0.4,21.6,True,3.0,False
PQR-202511-03752,2025-11-22,2025-11,Evento adverso reportado,WhatsApp,Bogotá,Cerrado,5.6,7.0,False,5.0,True
PQR-202511-03753,2025-11-16,2025-11,Producto averiado en transporte,WhatsApp,Medellín,Cerrado,0.8,4.4,True,5.0,False
PQR-202511-03754,2025-11-14,2025-11,Camiseta personalizada pendiente,WhatsApp,Bogotá,Escalado,0.7,8.7,True,5.0,True
PQR-202511-03755,2025-11-15,2025-11,Contenido incompleto del envase,Instagram / redes,Medellín,Cerrado,0.7,21.1,True,4.0,False
PQR-202511-03756,2025-11-26,2025-11,Demora en la entrega,Línea gratuita #590,Bogotá,Cerrado,0.1,21.9,True,4.0,False
PQR-202511-03757,2025-11-19,2025-11,Cambio o garantía,WhatsApp,Bogotá,Cerrado,3.6,12.5,True,4.0,False
PQR-202511-03758,2025-11-04,2025-11,Producto averiado en transporte,Línea gratuita #590,Ibagué,Cerrado,1.7,20.4,True,3.0,False
PQR-202511-03759,2025-11-14,2025-11,Producto averiado en transporte,WhatsApp,Barranquilla,Cerrado,2.3,4.5,True,3.0,False
PQR-202511-03760,2025-11-16,2025-11,Reclamo por precio o promoción,Línea gratuita #590,Cali,Cerrado,0.6,17.5,True,4.0,False
PQR-202511-03761,2025-11-01,2025-11,Demora en la entrega,WhatsApp,Bogotá,Cerrado,0.4,13.9,True,4.0,False
PQR-202511-03762,2025-11-14,2025-11,Cambio o garantía,WhatsApp,Cali,Cerrado,1.9,19.0,True,3.0,False
PQR-202511-03763,2025-11-03,2025-11,Duda sobre uso del producto,Tienda física,Medellín,Cerrado,2.5,5.2,True,5.0,False
PQR-202511-03764,2025-11-16,2025-11,Demora en la entrega,WhatsApp,Barranquilla,Cerrado,0.1,34.3,True,3.0,False
PQR-202511-03765,2025-11-07,2025-11,Producto averiado en transporte,WhatsApp,Bogotá,Cerrado,5.1,6.1,False,5.0,False
PQR-202511-03766,2025-11-09,2025-11,Producto averiado en transporte,Correo electrónico,Cúcuta,Cerrado,20.4,23.1,False,5.0,False
PQR-202511-03767,2025-11-02,2025-11,Solicitud de factura electrónica,WhatsApp,Bogotá,Cerrado,0.4,12.8,True,2.0,False
PQR-202511-03768,2025-11-15,2025-11,Camiseta personalizada pendiente,WhatsApp,Bogotá,Cerrado,4.0,72.0,False,3.0,False
PQR-202511-03769,2025-11-10,2025-11,Solicitud de factura electrónica,Instagram / redes,Bucaramanga,Cerrado,3.8,10.4,True,4.0,False
PQR-202511-03770,2025-11-16,2025-11,Faltante en el pedido,Línea gratuita #590,Ibagué,Cerrado,0.3,25.3,True,4.0,False
PQR-202511-03771,2025-11-17,2025-11,Evento adverso reportado,WhatsApp,Medellín,Cerrado,0.7,69.1,True,3.0,True
PQR-202511-03772,2025-11-13,2025-11,Faltante en el pedido,Chat del sitio,Villavicencio,Cerrado,0.1,12.1,True,4.0,False
PQR-202511-03773,2025-11-19,2025-11,Faltante en el pedido,Instagram / redes,Medellín,Cerrado,0.5,4.0,True,4.0,False
PQR-202511-03774,2025-11-23,2025-11,Demora en la entrega,Línea gratuita #590,Cali,Cerrado,1.6,6.4,True,4.0,False
PQR-202511-03775,2025-11-20,2025-11,Demora en la entrega,WhatsApp,Barranquilla,Cerrado,0.9,7.0,True,3.0,False
PQR-202511-03776,2025-11-07,2025-11,Demora en la entrega,WhatsApp,Pereira,Cerrado,2.8,47.7,True,4.0,False
PQR-202511-03777,2025-11-12,2025-11,Evento adverso reportado,Línea gratuita #590,Armenia,Escalado,3.8,8.3,True,4.0,True
PQR-202511-03778,2025-11-25,2025-11,Solicitud de factura electrónica,Línea gratuita #590,Medellín,Cerrado,5.0,13.7,False,5.0,False
PQR-202511-03779,2025-11-04,2025-11,Faltante en el pedido,WhatsApp,Cúcuta,Cerrado,0.6,26.5,True,4.0,False
PQR-202511-03780,2025-11-11,2025-11,Reclamo por precio o promoción,Correo electrónico,Cúcuta,Cerrado,1.7,7.6,True,5.0,False
PQR-202511-03781,2025-11-01,2025-11,Solicitud de factura electrónica,Línea gratuita #590,Medellín,Cerrado,0.4,5.4,True,4.0,False
PQR-202511-03782,2025-11-10,2025-11,Faltante en el pedido,WhatsApp,Cali,Cerrado,1.3,37.3,True,3.0,False
PQR-202511-03783,2025-11-02,2025-11,Camiseta personalizada pendiente,Línea gratuita #590,Medellín,Cerrado,0.5,33.5,True,2.0,False
PQR-202511-03784,2025-11-02,2025-11,Faltante en el pedido,Correo electrónico,Barranquilla,Cerrado,5.4,18.8,False,3.0,False
PQR-202511-03785,2025-11-24,2025-11,Faltante en el pedido,Instagram / redes,Pereira,Cerrado,5.6,8.2,False,4.0,False
PQR-202511-03786,2025-11-09,2025-11,Demora en la entrega,WhatsApp,Medellín,Cerrado,1.5,24.8,True,4.0,False
PQR-202511-03787,2025-11-16,2025-11,Contenido incompleto del envase,WhatsApp,Bogotá,Cerrado,0.6,16.4,True,5.0,False
PQR-202511-03788,2025-11-14,2025-11,Producto averiado en transporte,WhatsApp,Cúcuta,Cerrado,3.1,12.5,True,5.0,False
PQR-202511-03789,2025-11-19,2025-11,Camiseta personalizada pendiente,WhatsApp,Manizales,Cerrado,2.3,118.9,True,2.0,False
PQR-202511-03790,2025-11-26,2025-11,Cambio o garantía,Instagram / redes,Cali,Cerrado,8.5,28.2,False,5.0,False
PQR-202511-03791,2025-11-25,2025-11,Producto averiado en transporte,WhatsApp,Cartagena,Cerrado,2.1,30.4,True,4.0,False
PQR-202511-03792,2025-11-22,2025-11,Demora en la entrega,Chat del sitio,Medellín,Cerrado,3.3,34.2,True,3.0,False
PQR-202511-03793,2025-11-17,2025-11,Camiseta personalizada pendiente,Tienda física,Bogotá,Escalado,5.9,21.0,False,4.0,True
PQR-202511-03794,2025-11-15,2025-11,Solicitud de factura electrónica,Instagram / redes,Ibagué,Cerrado,2.8,7.0,True,4.0,False
PQR-202511-03795,2025-11-17,2025-11,Solicitud de factura electrónica,Instagram / redes,Pereira,Cerrado,1.4,2.4,True,5.0,False
PQR-202511-03796,2025-11-05,2025-11,Reclamo por precio o promoción,WhatsApp,Cartagena,Cerrado,4.8,5.8,False,4.0,False
PQR-202511-03797,2025-11-02,2025-11,Demora en la entrega,Chat del sitio,Pasto,Cerrado,3.6,25.7,True,3.0,False
PQR-202511-03798,2025-11-01,2025-11,Camiseta personalizada pendiente,Chat del sitio,Cali,Escalado,0.3,34.0,True,3.0,True
PQR-202511-03799,2025-11-12,2025-11,Evento adverso reportado,Instagram / redes,Bogotá,Cerrado,0.7,30.1,True,3.0,True
PQR-202511-03800,2025-11-21,2025-11,Faltante en el pedido,Chat del sitio,Cúcuta,Cerrado,1.5,3.9,True,4.0,False
PQR-202511-03801,2025-11-14,2025-11,Reclamo por precio o promoción,Chat del sitio,Santa Marta,Cerrado,1.0,19.3,True,4.0,False
PQR-202511-03802,2025-11-27,2025-11,Faltante en el pedido,WhatsApp,Manizales,Cerrado,0.8,3.5,True,4.0,False
PQR-202511-03803,2025-11-12,2025-11,Camiseta personalizada pendiente,WhatsApp,Cali,Escalado,1.5,4.8,True,5.0,True
PQR-202511-03804,2025-11-22,2025-11,Producto averiado en transporte,Instagram / redes,Bogotá,Cerrado,2.9,10.4,True,4.0,False
PQR-202511-03805,2025-11-09,2025-11,Camiseta personalizada pendiente,Línea gratuita #590,Bogotá,Escalado,1.4,9.9,True,3.0,True
PQR-202511-03806,2025-11-16,2025-11,Camiseta personalizada pendiente,Tienda física,Medellín,Escalado,2.1,123.7,True,4.0,True
PQR-202511-03807,2025-11-08,2025-11,Faltante en el pedido,Instagram / redes,Bogotá,Cerrado,6.5,86.8,False,3.0,False
PQR-202511-03808,2025-11-01,2025-11,Contenido incompleto del envase,WhatsApp,Bogotá,Cerrado,1.3,26.2,True,4.0,False
PQR-202511-03809,2025-11-20,2025-11,Solicitud de factura electrónica,WhatsApp,Villavicencio,Cerrado,0.8,14.2,True,3.0,False
PQR-202511-03810,2025-11-12,2025-11,Faltante en el pedido,Chat del sitio,Pereira,Cerrado,0.6,2.9,True,4.0,False
PQR-202511-03811,2025-11-14,2025-11,Reclamo por precio o promoción,Instagram / redes,Santa Marta,Cerrado,7.7,38.3,False,5.0,False
PQR-202511-03812,2025-11-17,2025-11,Demora en la entrega,Instagram / redes,Medellín,Cerrado,2.6,21.4,True,3.0,False
PQR-202511-03813,2025-11-10,2025-11,Producto averiado en transporte,Chat del sitio,Barranquilla,Cerrado,0.8,51.2,True,3.0,False
PQR-202511-03814,2025-11-25,2025-11,Demora en la entrega,WhatsApp,Medellín,Cerrado,1.6,13.9,True,4.0,False
PQR-202511-03815,2025-11-11,2025-11,Reclamo por precio o promoción,Chat del sitio,Cali,Cerrado,0.1,12.9,True,4.0,False
PQR-202511-03816,2025-11-15,2025-11,Cambio o garantía,Línea gratuita #590,Barranquilla,Cerrado,0.6,85.0,True,3.0,False
PQR-202511-03817,2025-11-14,2025-11,Reclamo por precio o promoción,WhatsApp,Armenia,Cerrado,0.5,7.5,True,5.0,False
PQR-202511-03818,2025-11-18,2025-11,Faltante en el pedido,WhatsApp,Medellín,Cerrado,0.4,17.8,True,4.0,False
PQR-202511-03819,2025-11-13,2025-11,Contenido incompleto del envase,Tienda física,Bogotá,Escalado,18.1,26.7,False,3.0,True
PQR-202511-03820,2025-11-11,2025-11,Demora en la entrega,WhatsApp,Bogotá,Cerrado,1.9,27.0,True,5.0,False
PQR-202511-03821,2025-11-25,2025-11,Duda sobre uso del producto,Línea gratuita #590,Bogotá,Cerrado,1.0,2.3,True,3.0,False
PQR-202511-03822,2025-11-06,2025-11,Camiseta personalizada pendiente,Línea gratuita #590,Armenia,Cerrado,1.6,27.2,True,3.0,False
PQR-202511-03823,2025-11-16,2025-11,Faltante en el pedido,Tienda física,Bogotá,Cerrado,1.0,37.0,True,3.0,False
PQR-202511-03824,2025-11-19,2025-11,Demora en la entrega,Línea gratuita #590,Cali,Cerrado,2.9,9.2,True,5.0,False
PQR-202511-03825,2025-11-22,2025-11,Demora en la entrega,WhatsApp,Cali,Cerrado,1.6,28.1,True,4.0,False
PQR-202511-03826,2025-11-24,2025-11,Camiseta personalizada pendiente,Línea gratuita #590,Bucaramanga,Escalado,2.6,83.4,True,2.0,True
PQR-202511-03827,2025-11-02,2025-11,Demora en la entrega,WhatsApp,Medellín,Cerrado,1.8,49.8,True,5.0,False
PQR-202511-03828,2025-11-10,2025-11,Cambio o garantía,WhatsApp,Bogotá,Cerrado,6.2,109.1,False,2.0,False
PQR-202511-03829,2025-11-25,2025-11,Demora en la entrega,WhatsApp,Bogotá,Cerrado,3.2,51.3,True,4.0,False
PQR-202511-03830,2025-11-16,2025-11,Cambio o garantía,WhatsApp,Barranquilla,Cerrado,0.9,29.6,True,4.0,False
PQR-202511-03831,2025-11-12,2025-11,Reclamo por precio o promoción,WhatsApp,Ibagué,Cerrado,1.3,24.8,True,4.0,False
PQR-202511-03832,2025-11-17,2025-11,Reclamo por precio o promoción,Línea gratuita #590,Armenia,Cerrado,4.1,11.4,False,3.0,False
PQR-202511-03833,2025-11-12,2025-11,Faltante en el pedido,Instagram / redes,Bogotá,Cerrado,1.1,68.1,True,3.0,False
PQR-202511-03834,2025-11-01,2025-11,Demora en la entrega,Instagram / redes,Cali,Cerrado,0.7,1.7,True,4.0,False
PQR-202511-03835,2025-11-27,2025-11,Evento adverso reportado,WhatsApp,Bucaramanga,Escalado,4.1,136.1,False,1.0,True
PQR-202511-03836,2025-11-24,2025-11,Camiseta personalizada pendiente,Chat del sitio,Bogotá,Escalado,0.3,11.3,True,5.0,True
PQR-202511-03837,2025-11-18,2025-11,Camiseta personalizada pendiente,Chat del sitio,Bogotá,Cerrado,2.2,26.9,True,5.0,False
PQR-202511-03838,2025-11-27,2025-11,Reclamo por precio o promoción,WhatsApp,Bogotá,Cerrado,1.0,7.8,True,3.0,False
PQR-202511-03839,2025-11-16,2025-11,Faltante en el pedido,WhatsApp,Bogotá,Cerrado,6.0,76.6,False,3.0,False
PQR-202511-03840,2025-11-20,2025-11,Contenido incompleto del envase,Instagram / redes,Bogotá,Escalado,15.7,48.3,False,4.0,True
PQR-202511-03841,2025-11-18,2025-11,Faltante en el pedido,Instagram / redes,Pereira,Cerrado,13.0,39.5,False,5.0,False
PQR-202511-03842,2025-11-21,2025-11,Demora en la entrega,WhatsApp,Bogotá,Cerrado,0.2,25.1,True,4.0,False
PQR-202511-03843,2025-11-26,2025-11,Producto averiado en transporte,WhatsApp,Cali,Cerrado,0.2,23.0,True,4.0,False
PQR-202511-03844,2025-11-23,2025-11,Demora en la entrega,Instagram / redes,Neiva,Cerrado,8.5,73.1,False,4.0,False
PQR-202511-03845,2025-11-23,2025-11,Faltante en el pedido,WhatsApp,Pereira,Cerrado,2.1,40.4,True,5.0,False
PQR-202511-03846,2025-11-23,2025-11,Duda sobre uso del producto,WhatsApp,Bogotá,Cerrado,0.1,3.7,True,3.0,False
PQR-202511-03847,2025-11-18,2025-11,Contenido incompleto del envase,Tienda física,Medellín,Escalado,0.4,31.1,True,2.0,True
PQR-202511-03848,2025-11-02,2025-11,Demora en la entrega,WhatsApp,Bogotá,Cerrado,2.8,55.1,True,4.0,False
PQR-202511-03849,2025-11-10,2025-11,Producto averiado en transporte,Instagram / redes,Medellín,Cerrado,4.6,10.0,False,3.0,False
PQR-202511-03850,2025-11-22,2025-11,Solicitud de factura electrónica,WhatsApp,Cali,Cerrado,0.1,12.4,True,2.0,False
PQR-202511-03851,2025-11-27,2025-11,Reclamo por precio o promoción,Chat del sitio,Bogotá,Cerrado,2.1,29.2,True,3.0,False
PQR-202511-03852,2025-11-20,2025-11,Producto averiado en transporte,Línea gratuita #590,Cali,Cerrado,2.0,39.7,True,4.0,False
PQR-202511-03853,2025-11-01,2025-11,Producto averiado en transporte,Tienda física,Medellín,Cerrado,3.3,96.0,True,2.0,False
PQR-202511-03854,2025-11-25,2025-11,Contenido incompleto del envase,Instagram / redes,Bogotá,Escalado,2.5,6.2,True,4.0,True
PQR-202511-03855,2025-11-16,2025-11,Contenido incompleto del envase,Línea gratuita #590,Cartagena,Escalado,2.0,38.3,True,4.0,True
PQR-202511-03856,2025-11-10,2025-11,Contenido incompleto del envase,WhatsApp,Cali,Cerrado,0.8,25.6,True,5.0,False
PQR-202511-03857,2025-11-07,2025-11,Camiseta personalizada pendiente,Instagram / redes,Bogotá,Escalado,4.5,124.6,False,4.0,True
PQR-202511-03858,2025-11-14,2025-11,Faltante en el pedido,WhatsApp,Barranquilla,Cerrado,1.2,38.3,True,4.0,False
PQR-202511-03859,2025-11-22,2025-11,Camiseta personalizada pendiente,WhatsApp,Barranquilla,Cerrado,1.4,6.2,True,5.0,False
PQR-202511-03860,2025-11-20,2025-11,Evento adverso reportado,Correo electrónico,Barranquilla,Cerrado,26.3,97.9,False,3.0,True
PQR-202511-03861,2025-11-04,2025-11,Duda sobre uso del producto,Chat del sitio,Neiva,Cerrado,2.2,3.2,True,5.0,False
PQR-202511-03862,2025-11-04,2025-11,Faltante en el pedido,Chat del sitio,Bogotá,Cerrado,1.3,21.9,True,4.0,False
PQR-202511-03863,2025-11-11,2025-11,Cambio o garantía,WhatsApp,Manizales,Cerrado,0.3,20.2,True,3.0,False
PQR-202511-03864,2025-11-15,2025-11,Camiseta personalizada pendiente,Chat del sitio,Bogotá,Escalado,5.1,6.1,False,5.0,True
PQR-202511-03865,2025-11-14,2025-11,Duda sobre uso del producto,WhatsApp,Bogotá,Cerrado,0.7,43.2,True,4.0,False
PQR-202511-03866,2025-11-21,2025-11,Demora en la entrega,Línea gratuita #590,Cali,Cerrado,2.6,79.5,True,3.0,False
PQR-202511-03867,2025-11-10,2025-11,Faltante en el pedido,Línea gratuita #590,Bogotá,Cerrado,0.2,32.7,True,4.0,False
PQR-202511-03868,2025-11-09,2025-11,Cambio o garantía,Chat del sitio,Bogotá,Cerrado,10.3,12.3,False,4.0,False
PQR-202511-03869,2025-11-10,2025-11,Demora en la entrega,WhatsApp,Cali,Cerrado,1.6,31.8,True,4.0,False
PQR-202511-03870,2025-11-02,2025-11,Producto averiado en transporte,Correo electrónico,Bucaramanga,Cerrado,32.1,89.9,False,3.0,False
PQR-202511-03871,2025-11-19,2025-11,Faltante en el pedido,Línea gratuita #590,Bogotá,Cerrado,0.4,1.4,True,3.0,False
PQR-202511-03872,2025-11-06,2025-11,Reclamo por precio o promoción,Chat del sitio,Bucaramanga,Cerrado,0.7,4.3,True,2.0,False
PQR-202511-03873,2025-11-17,2025-11,Contenido incompleto del envase,Línea gratuita #590,Bogotá,Escalado,0.1,43.4,True,3.0,True
PQR-202511-03874,2025-11-06,2025-11,Faltante en el pedido,WhatsApp,Medellín,Cerrado,2.7,15.8,True,4.0,False
PQR-202511-03875,2025-11-13,2025-11,Producto averiado en transporte,Chat del sitio,Bucaramanga,Cerrado,1.1,190.2,True,3.0,False
PQR-202511-03876,2025-11-11,2025-11,Reclamo por precio o promoción,Línea gratuita #590,Bogotá,Cerrado,0.2,8.0,True,4.0,False
PQR-202511-03877,2025-11-24,2025-11,Demora en la entrega,WhatsApp,Barranquilla,Cerrado,1.2,10.0,True,5.0,False
PQR-202511-03878,2025-11-05,2025-11,Contenido incompleto del envase,WhatsApp,Bucaramanga,Escalado,0.2,18.6,True,3.0,True
PQR-202511-03879,2025-11-05,2025-11,Producto averiado en transporte,WhatsApp,Cali,Cerrado,4.3,86.7,False,4.0,False
PQR-202511-03880,2025-11-25,2025-11,Camiseta personalizada pendiente,Línea gratuita #590,Pasto,Escalado,0.2,90.8,True,2.0,True
PQR-202511-03881,2025-11-18,2025-11,Demora en la entrega,Línea gratuita #590,Bogotá,Cerrado,3.0,23.4,True,5.0,False
PQR-202511-03882,2025-11-17,2025-11,Reclamo por precio o promoción,Chat del sitio,Cali,Cerrado,0.9,2.3,True,4.0,False
PQR-202511-03883,2025-11-15,2025-11,Demora en la entrega,WhatsApp,Pereira,Cerrado,1.9,25.5,True,3.0,False
PQR-202511-03884,2025-11-10,2025-11,Producto averiado en transporte,Chat del sitio,Medellín,Cerrado,1.4,47.5,True,4.0,False
PQR-202511-03885,2025-11-18,2025-11,Producto averiado en transporte,WhatsApp,Medellín,Cerrado,1.5,4.7,True,3.0,False
PQR-202511-03886,2025-11-17,2025-11,Reclamo por precio o promoción,WhatsApp,Bogotá,Cerrado,1.0,35.7,True,5.0,False
PQR-202511-03887,2025-11-11,2025-11,Contenido incompleto del envase,Línea gratuita #590,Bogotá,Escalado,7.1,101.3,False,1.0,True
PQR-202511-03888,2025-11-09,2025-11,Cambio o garantía,Chat del sitio,Medellín,Cerrado,0.3,21.6,True,5.0,False
PQR-202511-03889,2025-11-18,2025-11,Demora en la entrega,Línea gratuita #590,Bogotá,Cerrado,7.7,12.0,False,4.0,False
PQR-202511-03890,2025-11-15,2025-11,Producto averiado en transporte,Correo electrónico,Medellín,Cerrado,2.5,5.3,True,3.0,False
PQR-202511-03891,2025-11-06,2025-11,Producto averiado en transporte,Instagram / redes,Cali,Cerrado,2.2,24.9,True,5.0,False
PQR-202511-03892,2025-11-21,2025-11,Reclamo por precio o promoción,WhatsApp,Bogotá,Cerrado,0.1,39.5,True,5.0,False
PQR-202511-03893,2025-11-05,2025-11,Producto averiado en transporte,WhatsApp,Barranquilla,Cerrado,1.4,29.2,True,3.0,False
PQR-202511-03894,2025-11-06,2025-11,Cambio o garantía,WhatsApp,Cali,Cerrado,3.3,13.8,True,2.0,False
PQR-202511-03895,2025-11-17,2025-11,Reclamo por precio o promoción,WhatsApp,Medellín,Cerrado,0.2,4.9,True,5.0,False
PQR-202511-03896,2025-11-17,2025-11,Demora en la entrega,Chat del sitio,Medellín,Cerrado,0.6,18.6,True,4.0,False
PQR-202511-03897,2025-11-22,2025-11,Solicitud de factura electrónica,WhatsApp,Cali,Cerrado,0.4,1.9,True,5.0,False
PQR-202511-03898,2025-11-26,2025-11,Contenido incompleto del envase,Chat del sitio,Medellín,Cerrado,0.8,19.8,True,3.0,False
PQR-202511-03899,2025-11-11,2025-11,Solicitud de factura electrónica,Línea gratuita #590,Cartagena,Cerrado,0.9,40.2,True,3.0,False
PQR-202511-03900,2025-11-20,2025-11,Demora en la entrega,Instagram / redes,Bogotá,Cerrado,15.5,41.9,False,4.0,False
PQR-202511-03901,2025-11-08,2025-11,Duda sobre uso del producto,Tienda física,Medellín,Cerrado,0.1,9.6,True,4.0,False
PQR-202511-03902,2025-11-03,2025-11,Cambio o garantía,WhatsApp,Cali,Cerrado,2.2,38.6,True,4.0,False
PQR-202511-03903,2025-11-01,2025-11,Producto averiado en transporte,Tienda física,Pereira,Cerrado,3.5,38.3,True,2.0,False
PQR-202511-03904,2025-11-17,2025-11,Contenido incompleto del envase,Instagram / redes,Bogotá,Cerrado,3.4,60.2,True,4.0,False
PQR-202511-03905,2025-11-09,2025-11,Producto averiado en transporte,Tienda física,Pereira,Cerrado,0.1,73.7,True,3.0,False
PQR-202511-03906,2025-11-23,2025-11,Reclamo por precio o promoción,Línea gratuita #590,Cali,Cerrado,0.7,1.7,True,4.0,False
PQR-202511-03907,2025-11-23,2025-11,Demora en la entrega,Correo electrónico,Bogotá,Cerrado,3.5,23.7,True,4.0,False
PQR-202511-03908,2025-11-09,2025-11,Faltante en el pedido,Línea gratuita #590,Santa Marta,Cerrado,5.4,29.8,False,5.0,False
PQR-202511-03909,2025-11-26,2025-11,Producto averiado en transporte,Instagram / redes,Bogotá,Cerrado,1.1,9.8,True,4.0,False
PQR-202511-03910,2025-11-06,2025-11,Demora en la entrega,WhatsApp,Armenia,Cerrado,1.7,87.6,True,2.0,False
PQR-202511-03911,2025-11-16,2025-11,Demora en la entrega,Línea gratuita #590,Pasto,Cerrado,1.7,26.3,True,3.0,False
PQR-202511-03912,2025-11-20,2025-11,Reclamo por precio o promoción,WhatsApp,Barranquilla,Cerrado,0.2,34.5,True,3.0,False
PQR-202511-03913,2025-11-12,2025-11,Camiseta personalizada pendiente,WhatsApp,Medellín,Escalado,0.7,17.4,True,4.0,True
PQR-202511-03914,2025-11-12,2025-11,Faltante en el pedido,Chat del sitio,Manizales,Cerrado,2.3,28.9,True,3.0,False
PQR-202511-03915,2025-11-26,2025-11,Solicitud de factura electrónica,Línea gratuita #590,Cali,Cerrado,0.2,10.7,True,4.0,False
PQR-202511-03916,2025-11-01,2025-11,Duda sobre uso del producto,WhatsApp,Bucaramanga,Cerrado,0.4,15.8,True,4.0,False
PQR-202511-03917,2025-11-17,2025-11,Demora en la entrega,Instagram / redes,Bogotá,Cerrado,1.7,16.0,True,5.0,False
PQR-202511-03918,2025-11-19,2025-11,Contenido incompleto del envase,Correo electrónico,Manizales,Escalado,11.5,54.9,False,5.0,True
PQR-202511-03919,2025-11-10,2025-11,Solicitud de factura electrónica,Línea gratuita #590,Cali,Cerrado,1.2,46.6,True,4.0,False
PQR-202511-03920,2025-11-09,2025-11,Producto averiado en transporte,Línea gratuita #590,Barranquilla,Cerrado,1.9,24.0,True,5.0,False
PQR-202511-03921,2025-11-14,2025-11,Demora en la entrega,Chat del sitio,Neiva,Cerrado,0.6,5.8,True,5.0,False
PQR-202511-03922,2025-11-27,2025-11,Demora en la entrega,Línea gratuita #590,Neiva,Cerrado,1.2,66.3,True,3.0,False
PQR-202511-03923,2025-11-27,2025-11,Camiseta personalizada pendiente,WhatsApp,Cúcuta,Cerrado,0.1,54.8,True,5.0,False
PQR-202511-03924,2025-11-08,2025-11,Solicitud de factura electrónica,WhatsApp,Ibagué,Cerrado,0.1,5.5,True,4.0,False
PQR-202511-03925,2025-11-13,2025-11,Faltante en el pedido,Chat del sitio,Bogotá,Cerrado,1.0,103.2,True,3.0,False
PQR-202511-03926,2025-11-04,2025-11,Demora en la entrega,WhatsApp,Santa Marta,Cerrado,0.4,17.0,True,5.0,False
PQR-202511-03927,2025-11-18,2025-11,Contenido incompleto del envase,WhatsApp,Neiva,Escalado,2.6,17.3,True,2.0,True
PQR-202511-03928,2025-11-09,2025-11,Faltante en el pedido,Instagram / redes,Santa Marta,Cerrado,9.3,21.3,False,4.0,False
PQR-202511-03929,2025-11-06,2025-11,Reclamo por precio o promoción,WhatsApp,Cali,Cerrado,3.3,6.7,True,5.0,False
PQR-202511-03930,2025-11-16,2025-11,Faltante en el pedido,Instagram / redes,Medellín,Cerrado,5.2,61.8,False,5.0,False
PQR-202511-03931,2025-11-14,2025-11,Demora en la entrega,WhatsApp,Cali,Cerrado,1.3,31.6,True,5.0,False
PQR-202511-03932,2025-11-13,2025-11,Demora en la entrega,WhatsApp,Medellín,Cerrado,0.3,28.8,True,2.0,False
PQR-202511-03933,2025-11-10,2025-11,Contenido incompleto del envase,WhatsApp,Pasto,Escalado,0.9,31.7,True,2.0,True
PQR-202511-03934,2025-11-22,2025-11,Demora en la entrega,WhatsApp,Bogotá,Cerrado,1.6,2.6,True,4.0,False
PQR-202511-03935,2025-11-07,2025-11,Faltante en el pedido,Instagram / redes,Pereira,Cerrado,8.6,25.5,False,4.0,False
PQR-202511-03936,2025-11-04,2025-11,Demora en la entrega,Correo electrónico,Bogotá,Cerrado,0.6,8.9,True,4.0,False
PQR-202511-03937,2025-11-15,2025-11,Cambio o garantía,Correo electrónico,Cali,Cerrado,6.2,26.7,False,3.0,False
PQR-202511-03938,2025-11-07,2025-11,Demora en la entrega,Correo electrónico,Medellín,Cerrado,1.7,6.1,True,3.0,False
PQR-202511-03939,2025-11-22,2025-11,Faltante en el pedido,WhatsApp,Bogotá,Cerrado,2.6,20.1,True,4.0,False
PQR-202511-03940,2025-11-05,2025-11,Reclamo por precio o promoción,WhatsApp,Pereira,Cerrado,1.2,2.6,True,4.0,False
PQR-202511-03941,2025-11-01,2025-11,Contenido incompleto del envase,WhatsApp,Bucaramanga,Cerrado,2.2,68.6,True,5.0,False
PQR-202511-03942,2025-11-27,2025-11,Producto averiado en transporte,Tienda física,Armenia,Cerrado,2.6,3.6,True,4.0,False
PQR-202511-03943,2025-11-11,2025-11,Duda sobre uso del producto,Chat del sitio,Santa Marta,Cerrado,0.1,34.5,True,3.0,False
PQR-202511-03944,2025-11-12,2025-11,Faltante en el pedido,WhatsApp,Bucaramanga,Cerrado,1.4,3.4,True,4.0,False
PQR-202511-03945,2025-11-22,2025-11,Evento adverso reportado,Chat del sitio,Cartagena,Cerrado,7.4,64.6,False,5.0,True
PQR-202511-03946,2025-11-08,2025-11,Faltante en el pedido,WhatsApp,Bogotá,Cerrado,0.3,13.9,True,4.0,False
PQR-202511-03947,2025-11-11,2025-11,Faltante en el pedido,WhatsApp,Cali,Cerrado,1.2,16.8,True,3.0,False
PQR-202511-03948,2025-11-14,2025-11,Contenido incompleto del envase,WhatsApp,Pereira,Cerrado,0.6,27.2,True,4.0,False
PQR-202511-03949,2025-11-25,2025-11,Demora en la entrega,WhatsApp,Barranquilla,Cerrado,0.1,8.4,True,4.0,False
PQR-202511-03950,2025-11-05,2025-11,Camiseta personalizada pendiente,Línea gratuita #590,Cali,Escalado,2.5,82.5,True,2.0,True
PQR-202511-03951,2025-11-06,2025-11,Demora en la entrega,Instagram / redes,Bogotá,Cerrado,1.1,84.0,True,1.0,False
PQR-202511-03952,2025-11-19,2025-11,Producto averiado en transporte,WhatsApp,Bogotá,Cerrado,0.2,3.6,True,4.0,False
PQR-202511-03953,2025-11-03,2025-11,Demora en la entrega,WhatsApp,Pereira,Cerrado,1.0,32.6,True,5.0,False
PQR-202511-03954,2025-11-05,2025-11,Producto averiado en transporte,WhatsApp,Medellín,Cerrado,0.8,40.7,True,3.0,False
PQR-202511-03955,2025-11-07,2025-11,Camiseta personalizada pendiente,Línea gratuita #590,Cartagena,Escalado,9.1,30.0,False,4.0,True
PQR-202511-03956,2025-11-18,2025-11,Faltante en el pedido,WhatsApp,Cúcuta,Cerrado,1.8,47.6,True,4.0,False
PQR-202511-03957,2025-11-20,2025-11,Demora en la entrega,Chat del sitio,Bucaramanga,Cerrado,4.6,61.4,False,4.0,False
PQR-202511-03958,2025-11-27,2025-11,Cambio o garantía,Instagram / redes,Barranquilla,Cerrado,7.4,11.3,False,4.0,False
PQR-202511-03959,2025-11-25,2025-11,Cambio o garantía,Instagram / redes,Santa Marta,Cerrado,3.1,137.2,True,5.0,False
PQR-202511-03960,2025-11-01,2025-11,Demora en la entrega,Chat del sitio,Cali,Cerrado,0.1,12.2,True,2.0,False
PQR-202511-03961,2025-11-03,2025-11,Producto averiado en transporte,Tienda física,Pereira,Cerrado,0.1,7.7,True,3.0,False
PQR-202511-03962,2025-11-15,2025-11,Faltante en el pedido,Chat del sitio,Villavicencio,Cerrado,3.0,65.1,True,3.0,False
PQR-202512-03963,2025-12-15,2025-12,Reclamo por precio o promoción,WhatsApp,Pereira,Cerrado,1.2,18.6,True,3.0,False
PQR-202512-03964,2025-12-06,2025-12,Demora en la entrega,Línea gratuita #590,Cali,Cerrado,0.6,13.7,True,5.0,False
PQR-202512-03965,2025-12-10,2025-12,Faltante en el pedido,Línea gratuita #590,Santa Marta,Cerrado,0.6,4.5,True,3.0,False
PQR-202512-03966,2025-12-18,2025-12,Demora en la entrega,WhatsApp,Barranquilla,Cerrado,0.6,60.2,True,4.0,False
PQR-202512-03967,2025-12-09,2025-12,Contenido incompleto del envase,WhatsApp,Cartagena,Escalado,0.7,40.0,True,5.0,True
PQR-202512-03968,2025-12-23,2025-12,Contenido incompleto del envase,Instagram / redes,Bogotá,Cerrado,36.7,40.8,False,4.0,False
PQR-202512-03969,2025-12-21,2025-12,Camiseta personalizada pendiente,Correo electrónico,Cali,Cerrado,8.3,9.4,False,5.0,False
PQR-202512-03970,2025-12-18,2025-12,Producto averiado en transporte,WhatsApp,Medellín,Cerrado,0.1,8.1,True,3.0,False
PQR-202512-03971,2025-12-11,2025-12,Solicitud de factura electrónica,Línea gratuita #590,Manizales,Cerrado,1.3,11.9,True,3.0,False
PQR-202512-03972,2025-12-05,2025-12,Producto averiado en transporte,Chat del sitio,Bogotá,Cerrado,2.4,10.9,True,5.0,False
PQR-202512-03973,2025-12-15,2025-12,Evento adverso reportado,Chat del sitio,Barranquilla,Escalado,0.1,1.1,True,2.0,True
PQR-202512-03974,2025-12-26,2025-12,Producto averiado en transporte,WhatsApp,Villavicencio,Cerrado,0.1,17.0,True,4.0,False
PQR-202512-03975,2025-12-26,2025-12,Faltante en el pedido,Línea gratuita #590,Neiva,Cerrado,0.5,67.3,True,4.0,False
PQR-202512-03976,2025-12-05,2025-12,Solicitud de factura electrónica,WhatsApp,Cali,Cerrado,3.6,35.5,True,3.0,False
PQR-202512-03977,2025-12-22,2025-12,Cambio o garantía,WhatsApp,Armenia,Cerrado,0.4,107.3,True,3.0,False
PQR-202512-03978,2025-12-27,2025-12,Solicitud de factura electrónica,Correo electrónico,Bucaramanga,Cerrado,2.2,27.7,True,4.0,False
PQR-202512-03979,2025-12-13,2025-12,Faltante en el pedido,Tienda física,Villavicencio,Cerrado,1.5,32.7,True,5.0,False
PQR-202512-03980,2025-12-11,2025-12,Producto averiado en transporte,Instagram / redes,Bogotá,Cerrado,16.5,45.2,False,2.0,False
PQR-202512-03981,2025-12-19,2025-12,Evento adverso reportado,Instagram / redes,Bucaramanga,Cerrado,1.4,74.9,True,5.0,True
PQR-202512-03982,2025-12-18,2025-12,Solicitud de factura electrónica,Línea gratuita #590,Medellín,Cerrado,0.2,19.3,True,4.0,False
PQR-202512-03983,2025-12-21,2025-12,Producto averiado en transporte,Chat del sitio,Cali,Cerrado,1.7,7.2,True,4.0,False
PQR-202512-03984,2025-12-11,2025-12,Faltante en el pedido,WhatsApp,Medellín,Cerrado,1.3,31.3,True,4.0,False
PQR-202512-03985,2025-12-14,2025-12,Faltante en el pedido,WhatsApp,Cartagena,Cerrado,0.1,37.8,True,3.0,False
PQR-202512-03986,2025-12-20,2025-12,Contenido incompleto del envase,Correo electrónico,Bogotá,Cerrado,31.5,34.1,False,5.0,False
PQR-202512-03987,2025-12-24,2025-12,Demora en la entrega,Tienda física,Cali,Cerrado,0.9,12.6,True,3.0,False
PQR-202512-03988,2025-12-05,2025-12,Contenido incompleto del envase,WhatsApp,Medellín,Cerrado,1.7,57.9,True,4.0,False
PQR-202512-03989,2025-12-17,2025-12,Camiseta personalizada pendiente,WhatsApp,Medellín,Cerrado,4.5,8.3,False,3.0,False
PQR-202512-03990,2025-12-15,2025-12,Camiseta personalizada pendiente,Chat del sitio,Cali,Escalado,1.3,9.2,True,3.0,True
PQR-202512-03991,2025-12-11,2025-12,Solicitud de factura electrónica,WhatsApp,Cali,Cerrado,0.8,4.5,True,4.0,False
PQR-202512-03992,2025-12-20,2025-12,Faltante en el pedido,Tienda física,Medellín,Cerrado,2.5,32.1,True,4.0,False
PQR-202512-03993,2025-12-23,2025-12,Faltante en el pedido,WhatsApp,Pereira,Cerrado,1.6,105.8,True,2.0,False
PQR-202512-03994,2025-12-25,2025-12,Demora en la entrega,WhatsApp,Bucaramanga,Cerrado,0.3,7.1,True,4.0,False
PQR-202512-03995,2025-12-24,2025-12,Faltante en el pedido,WhatsApp,Cali,Cerrado,0.5,77.1,True,5.0,False
PQR-202512-03996,2025-12-04,2025-12,Camiseta personalizada pendiente,Tienda física,Pereira,Cerrado,6.1,31.5,False,5.0,False
PQR-202512-03997,2025-12-01,2025-12,Demora en la entrega,WhatsApp,Cartagena,Cerrado,4.2,24.9,False,4.0,False
PQR-202512-03998,2025-12-01,2025-12,Demora en la entrega,WhatsApp,Ibagué,Cerrado,0.3,7.4,True,3.0,False
PQR-202512-03999,2025-12-17,2025-12,Demora en la entrega,Línea gratuita #590,Pasto,Cerrado,0.1,1.1,True,3.0,False
PQR-202512-04000,2025-12-01,2025-12,Evento adverso reportado,Línea gratuita #590,Cali,Escalado,5.5,87.3,False,2.0,True
PQR-202512-04001,2025-12-16,2025-12,Faltante en el pedido,Instagram / redes,Barranquilla,Cerrado,1.3,20.3,True,5.0,False
PQR-202512-04002,2025-12-23,2025-12,Camiseta personalizada pendiente,WhatsApp,Cali,Cerrado,2.7,18.6,True,3.0,False
PQR-202512-04003,2025-12-26,2025-12,Producto averiado en transporte,WhatsApp,Bucaramanga,Cerrado,0.4,32.5,True,5.0,False
PQR-202512-04004,2025-12-15,2025-12,Demora en la entrega,Tienda física,Medellín,Cerrado,0.9,20.0,True,4.0,False
PQR-202512-04005,2025-12-02,2025-12,Demora en la entrega,WhatsApp,Pereira,Cerrado,0.4,98.3,True,3.0,False
PQR-202512-04006,2025-12-06,2025-12,Demora en la entrega,Línea gratuita #590,Bogotá,Cerrado,1.0,15.3,True,3.0,False
PQR-202512-04007,2025-12-23,2025-12,Cambio o garantía,WhatsApp,Cali,Cerrado,7.9,40.0,False,4.0,False
PQR-202512-04008,2025-12-23,2025-12,Contenido incompleto del envase,Línea gratuita #590,Bogotá,Escalado,11.4,72.1,False,3.0,True
PQR-202512-04009,2025-12-06,2025-12,Faltante en el pedido,WhatsApp,Medellín,Cerrado,3.1,9.8,True,4.0,False
PQR-202512-04010,2025-12-01,2025-12,Camiseta personalizada pendiente,Línea gratuita #590,Bucaramanga,Cerrado,0.7,13.4,True,4.0,False
PQR-202512-04011,2025-12-02,2025-12,Camiseta personalizada pendiente,WhatsApp,Cali,Cerrado,2.3,12.7,True,4.0,False
PQR-202512-04012,2025-12-05,2025-12,Solicitud de factura electrónica,WhatsApp,Cali,Cerrado,0.3,16.9,True,3.0,False
PQR-202512-04013,2025-12-13,2025-12,Contenido incompleto del envase,Instagram / redes,Bogotá,Cerrado,0.4,18.9,True,5.0,False
PQR-202512-04014,2025-12-01,2025-12,Duda sobre uso del producto,Línea gratuita #590,Manizales,Cerrado,1.1,4.4,True,3.0,False
PQR-202512-04015,2025-12-14,2025-12,Reclamo por precio o promoción,Instagram / redes,Medellín,Cerrado,2.4,64.5,True,4.0,False
PQR-202512-04016,2025-12-25,2025-12,Demora en la entrega,Correo electrónico,Barranquilla,Cerrado,0.6,32.8,True,3.0,False
PQR-202512-04017,2025-12-03,2025-12,Demora en la entrega,Instagram / redes,Cúcuta,Cerrado,6.4,47.4,False,5.0,False
PQR-202512-04018,2025-12-15,2025-12,Faltante en el pedido,WhatsApp,Medellín,Cerrado,1.3,49.9,True,4.0,False
PQR-202512-04019,2025-12-13,2025-12,Cambio o garantía,Línea gratuita #590,Bogotá,Cerrado,0.4,117.0,True,3.0,False
PQR-202512-04020,2025-12-16,2025-12,Camiseta personalizada pendiente,Chat del sitio,Bogotá,Escalado,4.4,5.4,False,3.0,True
PQR-202512-04021,2025-12-23,2025-12,Evento adverso reportado,WhatsApp,Barranquilla,Cerrado,4.1,29.5,False,3.0,True
PQR-202512-04022,2025-12-20,2025-12,Faltante en el pedido,WhatsApp,Bogotá,Cerrado,3.6,18.8,True,5.0,False
PQR-202512-04023,2025-12-27,2025-12,Demora en la entrega,Correo electrónico,Bucaramanga,Cerrado,0.7,6.5,True,3.0,False
PQR-202512-04024,2025-12-08,2025-12,Evento adverso reportado,WhatsApp,Pereira,Cerrado,0.5,53.8,True,5.0,True
PQR-202512-04025,2025-12-10,2025-12,Contenido incompleto del envase,Chat del sitio,Barranquilla,Escalado,3.2,33.7,True,5.0,True
PQR-202512-04026,2025-12-10,2025-12,Cambio o garantía,Línea gratuita #590,Pereira,Cerrado,0.3,118.8,True,4.0,False
PQR-202512-04027,2025-12-15,2025-12,Demora en la entrega,WhatsApp,Cali,Cerrado,0.3,45.7,True,4.0,False
PQR-202512-04028,2025-12-25,2025-12,Faltante en el pedido,WhatsApp,Cali,Cerrado,2.2,47.2,True,5.0,False
PQR-202512-04029,2025-12-21,2025-12,Demora en la entrega,WhatsApp,Manizales,Cerrado,0.6,3.6,True,4.0,False
PQR-202512-04030,2025-12-26,2025-12,Duda sobre uso del producto,WhatsApp,Ibagué,Cerrado,0.4,10.5,True,3.0,False
PQR-202512-04031,2025-12-14,2025-12,Producto averiado en transporte,WhatsApp,Pereira,Cerrado,3.1,123.8,True,4.0,False
PQR-202512-04032,2025-12-24,2025-12,Camiseta personalizada pendiente,WhatsApp,Bogotá,Escalado,0.8,65.6,True,3.0,True
PQR-202512-04033,2025-12-11,2025-12,Contenido incompleto del envase,WhatsApp,Bogotá,Cerrado,3.4,165.8,True,2.0,False
PQR-202512-04034,2025-12-26,2025-12,Demora en la entrega,Chat del sitio,Bogotá,Cerrado,1.4,48.8,True,4.0,False
PQR-202512-04035,2025-12-19,2025-12,Demora en la entrega,Instagram / redes,Cartagena,Cerrado,5.6,17.5,False,4.0,False
PQR-202512-04036,2025-12-10,2025-12,Camiseta personalizada pendiente,WhatsApp,Bogotá,Escalado,1.1,18.0,True,3.0,True
PQR-202512-04037,2025-12-11,2025-12,Evento adverso reportado,WhatsApp,Bogotá,Cerrado,0.6,137.9,True,3.0,True
PQR-202512-04038,2025-12-11,2025-12,Producto averiado en transporte,Instagram / redes,Bogotá,Cerrado,7.0,15.2,False,5.0,False
PQR-202512-04039,2025-12-01,2025-12,Producto averiado en transporte,WhatsApp,Cartagena,Cerrado,0.1,4.0,True,2.0,False
PQR-202512-04040,2025-12-05,2025-12,Reclamo por precio o promoción,Correo electrónico,Medellín,Cerrado,7.4,54.2,False,4.0,False
PQR-202512-04041,2025-12-12,2025-12,Demora en la entrega,Línea gratuita #590,Santa Marta,Cerrado,0.1,11.6,True,4.0,False
PQR-202512-04042,2025-12-20,2025-12,Demora en la entrega,Instagram / redes,Cali,Cerrado,1.8,16.6,True,2.0,False
PQR-202512-04043,2025-12-23,2025-12,Camiseta personalizada pendiente,Línea gratuita #590,Cali,Escalado,7.3,28.8,False,2.0,True
PQR-202512-04044,2025-12-17,2025-12,Demora en la entrega,Instagram / redes,Cali,Cerrado,12.7,39.4,False,4.0,False
PQR-202512-04045,2025-12-27,2025-12,Camiseta personalizada pendiente,Línea gratuita #590,Bucaramanga,Cerrado,0.2,69.9,True,3.0,False
PQR-202512-04046,2025-12-18,2025-12,Camiseta personalizada pendiente,Instagram / redes,Ibagué,Cerrado,20.5,99.4,False,1.0,False
PQR-202512-04047,2025-12-21,2025-12,Duda sobre uso del producto,Instagram / redes,Bogotá,Cerrado,0.2,23.2,True,3.0,False
PQR-202512-04048,2025-12-24,2025-12,Demora en la entrega,WhatsApp,Manizales,Cerrado,0.5,31.8,True,3.0,False
PQR-202512-04049,2025-12-12,2025-12,Evento adverso reportado,WhatsApp,Cartagena,Escalado,6.1,175.2,False,4.0,True
PQR-202512-04050,2025-12-23,2025-12,Contenido incompleto del envase,Línea gratuita #590,Medellín,Escalado,0.7,5.9,True,4.0,True
PQR-202512-04051,2025-12-01,2025-12,Duda sobre uso del producto,WhatsApp,Cali,Cerrado,0.4,11.4,True,4.0,False
PQR-202512-04052,2025-12-19,2025-12,Producto averiado en transporte,Correo electrónico,Barranquilla,Cerrado,21.9,47.9,False,4.0,False
PQR-202512-04053,2025-12-06,2025-12,Demora en la entrega,Chat del sitio,Cali,Cerrado,1.0,18.9,True,4.0,False
PQR-202512-04054,2025-12-02,2025-12,Faltante en el pedido,Tienda física,Medellín,Cerrado,5.0,36.6,False,5.0,False
PQR-202512-04055,2025-12-10,2025-12,Demora en la entrega,Tienda física,Cúcuta,Cerrado,3.6,5.9,True,5.0,False
PQR-202512-04056,2025-12-18,2025-12,Demora en la entrega,Línea gratuita #590,Cali,Cerrado,0.6,7.9,True,4.0,False
PQR-202512-04057,2025-12-07,2025-12,Solicitud de factura electrónica,Tienda física,Cartagena,Cerrado,1.0,12.1,True,4.0,False
PQR-202512-04058,2025-12-12,2025-12,Producto averiado en transporte,WhatsApp,Armenia,Cerrado,0.4,8.9,True,4.0,False
PQR-202512-04059,2025-12-20,2025-12,Camiseta personalizada pendiente,WhatsApp,Cartagena,Escalado,1.6,70.6,True,5.0,True
PQR-202512-04060,2025-12-05,2025-12,Faltante en el pedido,Instagram / redes,Medellín,Cerrado,5.9,9.4,False,4.0,False
PQR-202512-04061,2025-12-25,2025-12,Contenido incompleto del envase,Chat del sitio,Medellín,Escalado,4.5,20.8,False,4.0,True
PQR-202512-04062,2025-12-27,2025-12,Producto averiado en transporte,Línea gratuita #590,Bogotá,Cerrado,12.9,28.3,False,4.0,False
PQR-202512-04063,2025-12-22,2025-12,Cambio o garantía,WhatsApp,Bogotá,Cerrado,2.2,68.5,True,5.0,False
PQR-202512-04064,2025-12-06,2025-12,Faltante en el pedido,WhatsApp,Cali,Cerrado,4.9,15.4,False,4.0,False
PQR-202512-04065,2025-12-08,2025-12,Reclamo por precio o promoción,Línea gratuita #590,Barranquilla,Cerrado,0.4,16.5,True,5.0,False
PQR-202512-04066,2025-12-01,2025-12,Cambio o garantía,WhatsApp,Bogotá,Cerrado,3.3,13.0,True,5.0,False
PQR-202512-04067,2025-12-02,2025-12,Evento adverso reportado,Chat del sitio,Bogotá,Escalado,6.3,64.7,False,3.0,True
PQR-202512-04068,2025-12-14,2025-12,Cambio o garantía,Línea gratuita #590,Medellín,Cerrado,2.1,12.2,True,4.0,False
PQR-202512-04069,2025-12-03,2025-12,Producto averiado en transporte,WhatsApp,Bogotá,Cerrado,4.5,12.1,False,3.0,False
PQR-202512-04070,2025-12-25,2025-12,Camiseta personalizada pendiente,Chat del sitio,Bogotá,Cerrado,0.9,69.3,True,4.0,False
PQR-202512-04071,2025-12-20,2025-12,Cambio o garantía,Chat del sitio,Medellín,Cerrado,0.6,3.7,True,4.0,False
PQR-202512-04072,2025-12-07,2025-12,Contenido incompleto del envase,WhatsApp,Neiva,Cerrado,6.0,68.3,False,4.0,False
PQR-202512-04073,2025-12-26,2025-12,Demora en la entrega,WhatsApp,Santa Marta,Cerrado,0.9,15.6,True,3.0,False
PQR-202512-04074,2025-12-11,2025-12,Evento adverso reportado,WhatsApp,Bogotá,Escalado,5.7,244.6,False,3.0,True
PQR-202512-04075,2025-12-09,2025-12,Faltante en el pedido,Correo electrónico,Bogotá,Cerrado,19.9,48.8,False,5.0,False
PQR-202512-04076,2025-12-12,2025-12,Demora en la entrega,Chat del sitio,Cúcuta,Cerrado,0.6,4.8,True,3.0,False
PQR-202512-04077,2025-12-01,2025-12,Faltante en el pedido,WhatsApp,Bogotá,Cerrado,2.0,71.1,True,3.0,False
PQR-202512-04078,2025-12-14,2025-12,Cambio o garantía,WhatsApp,Ibagué,Cerrado,0.3,47.1,True,5.0,False
PQR-202512-04079,2025-12-14,2025-12,Demora en la entrega,Chat del sitio,Bogotá,Cerrado,0.6,12.8,True,3.0,False
PQR-202512-04080,2025-12-03,2025-12,Demora en la entrega,WhatsApp,Pereira,Cerrado,0.5,19.8,True,4.0,False
PQR-202512-04081,2025-12-11,2025-12,Contenido incompleto del envase,Instagram / redes,Cúcuta,Escalado,0.7,11.7,True,5.0,True
PQR-202512-04082,2025-12-17,2025-12,Faltante en el pedido,Instagram / redes,Bucaramanga,Cerrado,10.3,11.8,False,4.0,False
PQR-202512-04083,2025-12-07,2025-12,Evento adverso reportado,WhatsApp,Medellín,Cerrado,5.0,94.3,False,5.0,True
PQR-202512-04084,2025-12-02,2025-12,Contenido incompleto del envase,Instagram / redes,Barranquilla,Cerrado,4.9,39.8,False,3.0,False
PQR-202512-04085,2025-12-11,2025-12,Contenido incompleto del envase,Chat del sitio,Bogotá,Cerrado,7.4,105.9,False,3.0,False
PQR-202512-04086,2025-12-19,2025-12,Demora en la entrega,Chat del sitio,Pereira,Cerrado,2.4,19.4,True,3.0,False
PQR-202512-04087,2025-12-06,2025-12,Demora en la entrega,WhatsApp,Bogotá,Cerrado,3.3,17.3,True,4.0,False
PQR-202512-04088,2025-12-02,2025-12,Faltante en el pedido,Correo electrónico,Bogotá,Cerrado,0.1,61.7,True,3.0,False
PQR-202512-04089,2025-12-11,2025-12,Evento adverso reportado,Tienda física,Barranquilla,Escalado,3.3,22.0,True,4.0,True
PQR-202512-04090,2025-12-18,2025-12,Reclamo por precio o promoción,Línea gratuita #590,Bogotá,Cerrado,0.2,40.9,True,4.0,False
PQR-202512-04091,2025-12-14,2025-12,Producto averiado en transporte,Línea gratuita #590,Bucaramanga,Cerrado,0.2,52.0,True,3.0,False
PQR-202512-04092,2025-12-26,2025-12,Demora en la entrega,WhatsApp,Cali,Cerrado,0.6,30.4,True,4.0,False
PQR-202512-04093,2025-12-06,2025-12,Reclamo por precio o promoción,Chat del sitio,Bogotá,Cerrado,0.7,4.1,True,4.0,False
PQR-202512-04094,2025-12-16,2025-12,Contenido incompleto del envase,WhatsApp,Bogotá,Cerrado,0.6,84.7,True,2.0,False
PQR-202512-04095,2025-12-10,2025-12,Duda sobre uso del producto,Chat del sitio,Villavicencio,Cerrado,1.0,2.0,True,5.0,False
PQR-202512-04096,2025-12-07,2025-12,Evento adverso reportado,Chat del sitio,Bogotá,Escalado,3.4,112.3,True,1.0,True
PQR-202512-04097,2025-12-02,2025-12,Camiseta personalizada pendiente,Línea gratuita #590,Bogotá,Escalado,7.1,44.3,False,2.0,True
PQR-202512-04098,2025-12-13,2025-12,Producto averiado en transporte,Línea gratuita #590,Villavicencio,Cerrado,3.7,5.3,True,4.0,False
PQR-202512-04099,2025-12-03,2025-12,Faltante en el pedido,WhatsApp,Medellín,Cerrado,2.2,5.0,True,4.0,False
PQR-202512-04100,2025-12-25,2025-12,Camiseta personalizada pendiente,WhatsApp,Ibagué,Cerrado,4.4,23.2,False,3.0,False
PQR-202512-04101,2025-12-01,2025-12,Demora en la entrega,Tienda física,Bogotá,Cerrado,0.8,27.2,True,3.0,False
PQR-202512-04102,2025-12-04,2025-12,Contenido incompleto del envase,Línea gratuita #590,Cali,Escalado,3.3,16.1,True,5.0,True
PQR-202512-04103,2025-12-04,2025-12,Demora en la entrega,Tienda física,Cali,Cerrado,2.5,7.3,True,3.0,False
PQR-202512-04104,2025-12-13,2025-12,Contenido incompleto del envase,WhatsApp,Bogotá,Escalado,0.9,80.3,True,3.0,True
PQR-202512-04105,2025-12-01,2025-12,Producto averiado en transporte,Línea gratuita #590,Cartagena,Cerrado,0.6,26.4,True,5.0,False
PQR-202512-04106,2025-12-05,2025-12,Cambio o garantía,WhatsApp,Bucaramanga,Cerrado,4.6,37.3,False,5.0,False
PQR-202512-04107,2025-12-07,2025-12,Cambio o garantía,Instagram / redes,Medellín,Cerrado,0.1,44.3,True,3.0,False
PQR-202512-04108,2025-12-15,2025-12,Faltante en el pedido,Chat del sitio,Bogotá,Cerrado,0.5,49.5,True,5.0,False
PQR-202512-04109,2025-12-04,2025-12,Producto averiado en transporte,WhatsApp,Manizales,Cerrado,1.3,28.6,True,3.0,False
PQR-202512-04110,2025-12-19,2025-12,Solicitud de factura electrónica,Instagram / redes,Cartagena,Cerrado,2.7,12.8,True,5.0,False
PQR-202512-04111,2025-12-03,2025-12,Producto averiado en transporte,WhatsApp,Medellín,Cerrado,1.2,6.3,True,5.0,False
PQR-202512-04112,2025-12-24,2025-12,Solicitud de factura electrónica,WhatsApp,Armenia,Cerrado,0.4,2.7,True,3.0,False
PQR-202512-04113,2025-12-21,2025-12,Demora en la entrega,WhatsApp,Medellín,Cerrado,1.1,9.0,True,5.0,False
PQR-202512-04114,2025-12-11,2025-12,Contenido incompleto del envase,Instagram / redes,Santa Marta,Escalado,17.1,76.4,False,3.0,True
PQR-202512-04115,2025-12-12,2025-12,Duda sobre uso del producto,WhatsApp,Medellín,Cerrado,0.5,21.2,True,5.0,False
PQR-202512-04116,2025-12-22,2025-12,Producto averiado en transporte,Línea gratuita #590,Cali,Cerrado,1.0,24.6,True,5.0,False
PQR-202512-04117,2025-12-18,2025-12,Evento adverso reportado,WhatsApp,Bogotá,Escalado,7.4,68.0,False,4.0,True
PQR-202512-04118,2025-12-08,2025-12,Camiseta personalizada pendiente,Tienda física,Bogotá,Escalado,7.3,19.8,False,2.0,True
PQR-202512-04119,2025-12-02,2025-12,Solicitud de factura electrónica,Línea gratuita #590,Cúcuta,Cerrado,2.7,3.9,True,4.0,False
PQR-202512-04120,2025-12-21,2025-12,Faltante en el pedido,WhatsApp,Cúcuta,Cerrado,0.5,8.1,True,3.0,False
PQR-202512-04121,2025-12-27,2025-12,Cambio o garantía,WhatsApp,Cali,Cerrado,0.7,1.7,True,4.0,False
PQR-202512-04122,2025-12-14,2025-12,Camiseta personalizada pendiente,Chat del sitio,Cali,Cerrado,1.0,7.2,True,4.0,False
PQR-202512-04123,2025-12-13,2025-12,Producto averiado en transporte,WhatsApp,Cali,Cerrado,1.0,25.1,True,5.0,False
PQR-202512-04124,2025-12-01,2025-12,Faltante en el pedido,WhatsApp,Medellín,Cerrado,0.1,69.8,True,3.0,False
PQR-202512-04125,2025-12-09,2025-12,Reclamo por precio o promoción,WhatsApp,Bogotá,Cerrado,2.4,6.7,True,2.0,False
PQR-202512-04126,2025-12-04,2025-12,Faltante en el pedido,Correo electrónico,Bogotá,Cerrado,2.6,12.6,True,4.0,False
PQR-202512-04127,2025-12-04,2025-12,Demora en la entrega,WhatsApp,Pereira,Cerrado,1.0,14.3,True,3.0,False
PQR-202512-04128,2025-12-23,2025-12,Demora en la entrega,WhatsApp,Cúcuta,Cerrado,0.9,18.6,True,4.0,False
PQR-202512-04129,2025-12-18,2025-12,Contenido incompleto del envase,Línea gratuita #590,Bogotá,Cerrado,8.9,53.8,False,3.0,False
PQR-202512-04130,2025-12-11,2025-12,Producto averiado en transporte,Tienda física,Barranquilla,Cerrado,0.1,25.3,True,3.0,False
PQR-202512-04131,2025-12-02,2025-12,Cambio o garantía,WhatsApp,Medellín,Cerrado,6.5,25.8,False,4.0,False
PQR-202512-04132,2025-12-01,2025-12,Duda sobre uso del producto,Instagram / redes,Medellín,Cerrado,3.5,47.8,True,4.0,False
PQR-202512-04133,2025-12-19,2025-12,Faltante en el pedido,WhatsApp,Bogotá,Cerrado,2.5,24.2,True,4.0,False
PQR-202512-04134,2025-12-06,2025-12,Demora en la entrega,WhatsApp,Cartagena,Cerrado,2.6,6.9,True,4.0,False
PQR-202512-04135,2025-12-12,2025-12,Producto averiado en transporte,Línea gratuita #590,Medellín,Cerrado,0.4,17.9,True,4.0,False
PQR-202512-04136,2025-12-09,2025-12,Producto averiado en transporte,WhatsApp,Ibagué,Cerrado,0.7,2.7,True,4.0,False
PQR-202512-04137,2025-12-21,2025-12,Demora en la entrega,Chat del sitio,Medellín,Cerrado,1.4,82.6,True,3.0,False
PQR-202512-04138,2025-12-02,2025-12,Duda sobre uso del producto,WhatsApp,Bucaramanga,Cerrado,0.8,1.8,True,5.0,False
PQR-202512-04139,2025-12-12,2025-12,Demora en la entrega,Correo electrónico,Cali,Cerrado,2.5,3.5,True,5.0,False
PQR-202512-04140,2025-12-02,2025-12,Faltante en el pedido,Línea gratuita #590,Cali,Cerrado,3.6,30.5,True,3.0,False
PQR-202512-04141,2025-12-08,2025-12,Reclamo por precio o promoción,WhatsApp,Villavicencio,Cerrado,1.2,14.8,True,5.0,False
PQR-202512-04142,2025-12-27,2025-12,Duda sobre uso del producto,Línea gratuita #590,Medellín,Cerrado,1.5,2.7,True,4.0,False
PQR-202512-04143,2025-12-19,2025-12,Demora en la entrega,Chat del sitio,Bogotá,Cerrado,3.0,38.9,True,4.0,False
PQR-202512-04144,2025-12-12,2025-12,Demora en la entrega,WhatsApp,Pereira,Cerrado,0.6,18.9,True,2.0,False
PQR-202512-04145,2025-12-25,2025-12,Faltante en el pedido,Correo electrónico,Bogotá,Cerrado,19.3,54.8,False,4.0,False
PQR-202512-04146,2025-12-16,2025-12,Demora en la entrega,Instagram / redes,Pasto,Cerrado,6.9,13.9,False,3.0,False
PQR-202512-04147,2025-12-10,2025-12,Contenido incompleto del envase,WhatsApp,Cartagena,Escalado,2.4,11.1,True,2.0,True
PQR-202512-04148,2025-12-22,2025-12,Faltante en el pedido,WhatsApp,Bogotá,Cerrado,1.7,29.2,True,2.0,False
PQR-202512-04149,2025-12-06,2025-12,Reclamo por precio o promoción,WhatsApp,Ibagué,Cerrado,0.1,26.5,True,5.0,False
PQR-202512-04150,2025-12-15,2025-12,Demora en la entrega,Instagram / redes,Cartagena,Cerrado,4.5,66.9,False,4.0,False
PQR-202512-04151,2025-12-21,2025-12,Demora en la entrega,Instagram / redes,Barranquilla,Cerrado,14.7,50.8,False,3.0,False
PQR-202512-04152,2025-12-24,2025-12,Demora en la entrega,Tienda física,Barranquilla,Cerrado,0.6,16.4,True,5.0,False
PQR-202512-04153,2025-12-10,2025-12,Faltante en el pedido,WhatsApp,Medellín,Cerrado,0.8,8.1,True,3.0,False
PQR-202512-04154,2025-12-02,2025-12,Solicitud de factura electrónica,WhatsApp,Cali,Cerrado,0.9,18.0,True,4.0,False
PQR-202512-04155,2025-12-09,2025-12,Producto averiado en transporte,WhatsApp,Bogotá,Cerrado,0.9,11.7,True,5.0,False
PQR-202512-04156,2025-12-07,2025-12,Faltante en el pedido,Tienda física,Medellín,Cerrado,4.5,27.1,False,3.0,False
PQR-202512-04157,2025-12-19,2025-12,Demora en la entrega,WhatsApp,Bogotá,Cerrado,0.5,10.7,True,4.0,False
PQR-202512-04158,2025-12-11,2025-12,Camiseta personalizada pendiente,Tienda física,Pasto,Escalado,4.9,14.4,False,5.0,True
PQR-202512-04159,2025-12-15,2025-12,Camiseta personalizada pendiente,Tienda física,Bogotá,Escalado,0.1,127.4,True,3.0,True
PQR-202512-04160,2025-12-07,2025-12,Producto averiado en transporte,Línea gratuita #590,Cali,Cerrado,0.3,74.3,True,3.0,False
PQR-202512-04161,2025-12-12,2025-12,Contenido incompleto del envase,Instagram / redes,Bogotá,Cerrado,23.8,180.4,False,4.0,False
PQR-202512-04162,2025-12-23,2025-12,Faltante en el pedido,WhatsApp,Barranquilla,Cerrado,1.1,37.6,True,5.0,False
PQR-202512-04163,2025-12-07,2025-12,Producto averiado en transporte,WhatsApp,Bucaramanga,Cerrado,0.4,14.0,True,3.0,False
PQR-202512-04164,2025-12-26,2025-12,Evento adverso reportado,Instagram / redes,Pereira,Cerrado,0.3,114.8,True,3.0,True
PQR-202512-04165,2025-12-17,2025-12,Demora en la entrega,WhatsApp,Medellín,Cerrado,0.9,8.9,True,4.0,False
PQR-202512-04166,2025-12-21,2025-12,Reclamo por precio o promoción,Línea gratuita #590,Bogotá,Cerrado,1.1,80.4,True,2.0,False
PQR-202512-04167,2025-12-25,2025-12,Camiseta personalizada pendiente,WhatsApp,Pereira,Escalado,1.7,71.4,True,3.0,True
PQR-202512-04168,2025-12-17,2025-12,Producto averiado en transporte,WhatsApp,Barranquilla,Cerrado,0.5,28.1,True,4.0,False
PQR-202512-04169,2025-12-03,2025-12,Producto averiado en transporte,WhatsApp,Cartagena,Cerrado,1.0,25.5,True,3.0,False
PQR-202512-04170,2025-12-26,2025-12,Contenido incompleto del envase,WhatsApp,Barranquilla,Escalado,8.8,46.0,False,5.0,True
PQR-202512-04171,2025-12-05,2025-12,Faltante en el pedido,WhatsApp,Ibagué,Cerrado,0.5,61.0,True,3.0,False
PQR-202512-04172,2025-12-01,2025-12,Evento adverso reportado,Línea gratuita #590,Bogotá,Escalado,1.3,40.1,True,5.0,True
PQR-202512-04173,2025-12-10,2025-12,Demora en la entrega,WhatsApp,Barranquilla,Cerrado,1.3,29.6,True,3.0,False
PQR-202512-04174,2025-12-09,2025-12,Contenido incompleto del envase,Tienda física,Cali,Escalado,3.4,78.0,True,2.0,True
PQR-202512-04175,2025-12-26,2025-12,Faltante en el pedido,WhatsApp,Cúcuta,Cerrado,3.3,48.1,True,4.0,False
PQR-202512-04176,2025-12-02,2025-12,Faltante en el pedido,WhatsApp,Medellín,Cerrado,1.5,9.3,True,3.0,False
PQR-202512-04177,2025-12-04,2025-12,Demora en la entrega,WhatsApp,Cúcuta,Cerrado,1.4,22.4,True,4.0,False
PQR-202512-04178,2025-12-15,2025-12,Solicitud de factura electrónica,Línea gratuita #590,Medellín,Cerrado,1.7,12.6,True,5.0,False
PQR-202512-04179,2025-12-17,2025-12,Contenido incompleto del envase,WhatsApp,Bogotá,Escalado,3.1,36.7,True,5.0,True
PQR-202512-04180,2025-12-12,2025-12,Cambio o garantía,WhatsApp,Pereira,Cerrado,2.0,70.6,True,4.0,False
PQR-202512-04181,2025-12-22,2025-12,Contenido incompleto del envase,Instagram / redes,Bogotá,Escalado,8.9,59.3,False,4.0,True
PQR-202512-04182,2025-12-05,2025-12,Solicitud de factura electrónica,Correo electrónico,Cúcuta,Cerrado,8.4,20.8,False,3.0,False
PQR-202512-04183,2025-12-07,2025-12,Producto averiado en transporte,Correo electrónico,Neiva,Cerrado,11.0,25.4,False,3.0,False
PQR-202512-04184,2025-12-02,2025-12,Demora en la entrega,WhatsApp,Bogotá,Cerrado,3.4,29.6,True,4.0,False
PQR-202512-04185,2025-12-13,2025-12,Duda sobre uso del producto,WhatsApp,Bogotá,Cerrado,0.2,1.7,True,4.0,False
PQR-202512-04186,2025-12-05,2025-12,Reclamo por precio o promoción,WhatsApp,Medellín,Cerrado,1.3,55.0,True,5.0,False
PQR-202512-04187,2025-12-18,2025-12,Producto averiado en transporte,WhatsApp,Pereira,Cerrado,4.2,28.0,False,3.0,False
PQR-202512-04188,2025-12-19,2025-12,Solicitud de factura electrónica,WhatsApp,Cali,Cerrado,0.2,3.3,True,4.0,False
PQR-202512-04189,2025-12-25,2025-12,Faltante en el pedido,WhatsApp,Bogotá,Cerrado,0.6,16.2,True,4.0,False
PQR-202512-04190,2025-12-09,2025-12,Reclamo por precio o promoción,WhatsApp,Cali,Cerrado,0.6,4.2,True,3.0,False
PQR-202512-04191,2025-12-05,2025-12,Faltante en el pedido,Tienda física,Medellín,Cerrado,1.7,64.2,True,4.0,False
PQR-202512-04192,2025-12-26,2025-12,Faltante en el pedido,Tienda física,Cartagena,Cerrado,1.8,2.8,True,3.0,False
PQR-202512-04193,2025-12-12,2025-12,Demora en la entrega,Chat del sitio,Cali,Cerrado,4.2,41.3,False,5.0,False
PQR-202512-04194,2025-12-18,2025-12,Camiseta personalizada pendiente,Línea gratuita #590,Barranquilla,Escalado,0.5,3.2,True,2.0,True
PQR-202512-04195,2025-12-16,2025-12,Faltante en el pedido,WhatsApp,Santa Marta,Cerrado,2.3,12.7,True,4.0,False
PQR-202512-04196,2025-12-25,2025-12,Producto averiado en transporte,Instagram / redes,Cúcuta,Cerrado,2.6,33.9,True,4.0,False
PQR-202512-04197,2025-12-02,2025-12,Demora en la entrega,Instagram / redes,Bogotá,Cerrado,19.3,20.7,False,3.0,False
PQR-202512-04198,2025-12-23,2025-12,Producto averiado en transporte,WhatsApp,Bogotá,Cerrado,0.1,18.2,True,3.0,False
PQR-202512-04199,2025-12-10,2025-12,Faltante en el pedido,WhatsApp,Bogotá,Cerrado,0.5,13.3,True,4.0,False
PQR-202512-04200,2025-12-15,2025-12,Contenido incompleto del envase,Línea gratuita #590,Barranquilla,Escalado,4.5,18.0,False,4.0,True
PQR-202512-04201,2025-12-06,2025-12,Demora en la entrega,Línea gratuita #590,Santa Marta,Cerrado,3.8,11.9,True,4.0,False
PQR-202512-04202,2025-12-21,2025-12,Faltante en el pedido,Chat del sitio,Cúcuta,Cerrado,0.2,67.2,True,4.0,False
PQR-202512-04203,2025-12-08,2025-12,Solicitud de factura electrónica,Instagram / redes,Cali,Cerrado,4.9,18.3,False,4.0,False
PQR-202512-04204,2025-12-06,2025-12,Demora en la entrega,WhatsApp,Medellín,Cerrado,1.0,13.1,True,5.0,False
PQR-202512-04205,2025-12-02,2025-12,Producto averiado en transporte,Línea gratuita #590,Bucaramanga,Cerrado,0.4,1.4,True,3.0,False
PQR-202512-04206,2025-12-18,2025-12,Demora en la entrega,Instagram / redes,Cali,Cerrado,3.2,93.1,True,4.0,False
PQR-202512-04207,2025-12-14,2025-12,Reclamo por precio o promoción,Instagram / redes,Medellín,Cerrado,1.1,4.4,True,3.0,False
PQR-202512-04208,2025-12-09,2025-12,Producto averiado en transporte,Correo electrónico,Manizales,Cerrado,9.5,28.4,False,5.0,False
PQR-202512-04209,2025-12-17,2025-12,Contenido incompleto del envase,Línea gratuita #590,Bucaramanga,Cerrado,7.2,55.3,False,4.0,False
PQR-202512-04210,2025-12-01,2025-12,Duda sobre uso del producto,Chat del sitio,Bogotá,Cerrado,0.4,2.4,True,3.0,False
PQR-202512-04211,2025-12-14,2025-12,Demora en la entrega,Chat del sitio,Cartagena,Cerrado,0.2,13.4,True,5.0,False
PQR-202512-04212,2025-12-24,2025-12,Reclamo por precio o promoción,WhatsApp,Bogotá,Cerrado,0.6,12.6,True,5.0,False
PQR-202512-04213,2025-12-22,2025-12,Faltante en el pedido,Chat del sitio,Bogotá,Cerrado,2.3,27.1,True,5.0,False
PQR-202512-04214,2025-12-23,2025-12,Faltante en el pedido,WhatsApp,Cali,Cerrado,0.2,13.5,True,5.0,False
PQR-202512-04215,2025-12-16,2025-12,Producto averiado en transporte,WhatsApp,Medellín,Cerrado,0.8,56.1,True,4.0,False
PQR-202512-04216,2025-12-12,2025-12,Producto averiado en transporte,Línea gratuita #590,Barranquilla,Cerrado,3.3,17.4,True,5.0,False
PQR-202512-04217,2025-12-04,2025-12,Demora en la entrega,Línea gratuita #590,Medellín,Cerrado,11.7,13.3,False,5.0,False
PQR-202512-04218,2025-12-15,2025-12,Contenido incompleto del envase,Correo electrónico,Medellín,Cerrado,17.6,31.2,False,4.0,False
PQR-202512-04219,2025-12-09,2025-12,Demora en la entrega,Instagram / redes,Bogotá,Cerrado,2.0,35.3,True,3.0,False
PQR-202512-04220,2025-12-18,2025-12,Contenido incompleto del envase,WhatsApp,Medellín,Escalado,3.1,24.5,True,4.0,True
PQR-202512-04221,2025-12-02,2025-12,Faltante en el pedido,Línea gratuita #590,Cali,Cerrado,0.3,45.4,True,5.0,False
PQR-202512-04222,2025-12-23,2025-12,Contenido incompleto del envase,Línea gratuita #590,Santa Marta,Escalado,3.8,46.2,True,4.0,True
PQR-202512-04223,2025-12-24,2025-12,Demora en la entrega,WhatsApp,Bogotá,Cerrado,1.0,15.6,True,4.0,False
PQR-202512-04224,2025-12-20,2025-12,Producto averiado en transporte,Instagram / redes,Bogotá,Cerrado,1.8,20.3,True,5.0,False
PQR-202512-04225,2025-12-04,2025-12,Faltante en el pedido,WhatsApp,Medellín,Cerrado,1.0,4.4,True,4.0,False
PQR-202512-04226,2025-12-19,2025-12,Camiseta personalizada pendiente,Correo electrónico,Bogotá,Cerrado,9.7,34.3,False,2.0,False
PQR-202512-04227,2025-12-27,2025-12,Camiseta personalizada pendiente,Correo electrónico,Pereira,Cerrado,1.2,9.0,True,5.0,False
PQR-202512-04228,2025-12-07,2025-12,Faltante en el pedido,WhatsApp,Medellín,Cerrado,2.1,48.9,True,4.0,False
PQR-202512-04229,2025-12-25,2025-12,Producto averiado en transporte,Instagram / redes,Ibagué,Cerrado,0.9,26.7,True,4.0,False
PQR-202512-04230,2025-12-21,2025-12,Demora en la entrega,Línea gratuita #590,Cúcuta,Cerrado,0.9,3.7,True,3.0,False
PQR-202512-04231,2025-12-26,2025-12,Camiseta personalizada pendiente,Línea gratuita #590,Cali,Escalado,0.5,10.2,True,4.0,True
PQR-202512-04232,2025-12-13,2025-12,Faltante en el pedido,Línea gratuita #590,Bogotá,Cerrado,1.9,38.2,True,3.0,False
PQR-202512-04233,2025-12-05,2025-12,Camiseta personalizada pendiente,Tienda física,Bogotá,Escalado,20.2,24.2,False,4.0,True
PQR-202512-04234,2025-12-07,2025-12,Solicitud de factura electrónica,Instagram / redes,Bogotá,Cerrado,5.2,34.0,False,3.0,False
PQR-202512-04235,2025-12-26,2025-12,Contenido incompleto del envase,Chat del sitio,Bogotá,Cerrado,4.4,31.3,False,5.0,False
PQR-202512-04236,2025-12-13,2025-12,Faltante en el pedido,Chat del sitio,Cali,Cerrado,0.8,146.7,True,3.0,False
PQR-202512-04237,2025-12-16,2025-12,Demora en la entrega,Correo electrónico,Ibagué,Cerrado,0.5,1.6,True,4.0,False
PQR-202512-04238,2025-12-18,2025-12,Faltante en el pedido,Instagram / redes,Bogotá,Cerrado,1.6,85.2,True,2.0,False
PQR-202512-04239,2025-12-02,2025-12,Demora en la entrega,WhatsApp,Bogotá,Cerrado,0.4,14.7,True,4.0,False
PQR-202512-04240,2025-12-21,2025-12,Solicitud de factura electrónica,Línea gratuita #590,Bogotá,Cerrado,2.3,16.5,True,4.0,False
PQR-202512-04241,2025-12-07,2025-12,Demora en la entrega,WhatsApp,Santa Marta,Cerrado,1.7,14.3,True,5.0,False
PQR-202512-04242,2025-12-18,2025-12,Faltante en el pedido,WhatsApp,Barranquilla,Cerrado,2.3,44.1,True,3.0,False
PQR-202512-04243,2025-12-23,2025-12,Reclamo por precio o promoción,WhatsApp,Bogotá,Cerrado,0.3,1.3,True,3.0,False
PQR-202512-04244,2025-12-09,2025-12,Contenido incompleto del envase,WhatsApp,Bogotá,Escalado,2.1,28.5,True,3.0,True
PQR-202512-04245,2025-12-18,2025-12,Solicitud de factura electrónica,WhatsApp,Bucaramanga,Cerrado,0.7,3.0,True,4.0,False
PQR-202512-04246,2025-12-27,2025-12,Cambio o garantía,WhatsApp,Medellín,Cerrado,1.0,9.0,True,4.0,False
PQR-202512-04247,2025-12-15,2025-12,Producto averiado en transporte,Línea gratuita #590,Cali,Cerrado,1.0,27.8,True,3.0,False
PQR-202512-04248,2025-12-01,2025-12,Reclamo por precio o promoción,WhatsApp,Cali,Cerrado,0.4,38.2,True,4.0,False
PQR-202512-04249,2025-12-05,2025-12,Solicitud de factura electrónica,WhatsApp,Medellín,Cerrado,0.7,8.0,True,4.0,False
PQR-202512-04250,2025-12-25,2025-12,Demora en la entrega,Línea gratuita #590,Bucaramanga,Cerrado,0.3,6.9,True,4.0,False
PQR-202512-04251,2025-12-09,2025-12,Faltante en el pedido,WhatsApp,Bucaramanga,Cerrado,6.2,8.7,False,4.0,False
PQR-202512-04252,2025-12-18,2025-12,Faltante en el pedido,WhatsApp,Neiva,Cerrado,1.7,52.5,True,3.0,False
PQR-202512-04253,2025-12-11,2025-12,Faltante en el pedido,WhatsApp,Medellín,Cerrado,0.5,28.5,True,4.0,False
PQR-202512-04254,2025-12-20,2025-12,Demora en la entrega,Línea gratuita #590,Bogotá,Cerrado,5.7,22.3,False,4.0,False
PQR-202512-04255,2025-12-09,2025-12,Contenido incompleto del envase,WhatsApp,Ibagué,Escalado,1.8,19.2,True,3.0,True
PQR-202512-04256,2025-12-25,2025-12,Contenido incompleto del envase,Tienda física,Barranquilla,Cerrado,1.8,2.8,True,3.0,False
PQR-202512-04257,2025-12-10,2025-12,Contenido incompleto del envase,Chat del sitio,Barranquilla,Cerrado,1.6,87.7,True,4.0,False
PQR-202512-04258,2025-12-16,2025-12,Cambio o garantía,Chat del sitio,Pereira,Cerrado,0.2,8.7,True,4.0,False
PQR-202512-04259,2025-12-09,2025-12,Demora en la entrega,WhatsApp,Bogotá,Cerrado,0.5,12.7,True,4.0,False
PQR-202512-04260,2025-12-07,2025-12,Camiseta personalizada pendiente,Tienda física,Bogotá,Cerrado,0.7,13.1,True,3.0,False
PQR-202512-04261,2025-12-07,2025-12,Faltante en el pedido,Chat del sitio,Bogotá,Cerrado,1.9,89.1,True,3.0,False
PQR-202512-04262,2025-12-15,2025-12,Demora en la entrega,WhatsApp,Medellín,Cerrado,0.3,10.2,True,2.0,False
PQR-202512-04263,2025-12-26,2025-12,Faltante en el pedido,WhatsApp,Bogotá,Cerrado,0.1,12.8,True,5.0,False
PQR-202512-04264,2025-12-13,2025-12,Contenido incompleto del envase,WhatsApp,Cali,Cerrado,8.8,13.4,False,3.0,False
PQR-202512-04265,2025-12-25,2025-12,Faltante en el pedido,Correo electrónico,Cali,Cerrado,1.0,20.7,True,3.0,False
PQR-202512-04266,2025-12-20,2025-12,Faltante en el pedido,Línea gratuita #590,Medellín,Cerrado,3.8,4.8,True,5.0,False
PQR-202512-04267,2025-12-05,2025-12,Demora en la entrega,Tienda física,Cali,Cerrado,4.5,41.7,False,4.0,False
PQR-202512-04268,2025-12-23,2025-12,Solicitud de factura electrónica,Línea gratuita #590,Barranquilla,Cerrado,3.0,17.0,True,3.0,False
PQR-202512-04269,2025-12-23,2025-12,Demora en la entrega,WhatsApp,Bucaramanga,Cerrado,3.1,25.9,True,3.0,False
PQR-202512-04270,2025-12-27,2025-12,Camiseta personalizada pendiente,WhatsApp,Bogotá,Escalado,1.1,125.1,True,3.0,True
PQR-202512-04271,2025-12-20,2025-12,Faltante en el pedido,WhatsApp,Villavicencio,Cerrado,0.9,25.2,True,2.0,False
PQR-202512-04272,2025-12-14,2025-12,Solicitud de factura electrónica,Instagram / redes,Cali,Cerrado,2.4,33.7,True,4.0,False
PQR-202512-04273,2025-12-09,2025-12,Demora en la entrega,Instagram / redes,Bogotá,Cerrado,3.6,28.8,True,5.0,False
PQR-202512-04274,2025-12-20,2025-12,Faltante en el pedido,Chat del sitio,Manizales,Cerrado,7.5,46.0,False,3.0,False
PQR-202512-04275,2025-12-20,2025-12,Reclamo por precio o promoción,Chat del sitio,Ibagué,Cerrado,0.6,26.6,True,3.0,False
PQR-202512-04276,2025-12-27,2025-12,Faltante en el pedido,Instagram / redes,Bogotá,Cerrado,0.5,4.6,True,5.0,False
PQR-202512-04277,2025-12-18,2025-12,Demora en la entrega,Instagram / redes,Barranquilla,Cerrado,0.1,16.6,True,3.0,False
PQR-202512-04278,2025-12-19,2025-12,Solicitud de factura electrónica,WhatsApp,Bucaramanga,Cerrado,0.3,16.7,True,3.0,False
PQR-202512-04279,2025-12-11,2025-12,Faltante en el pedido,Tienda física,Manizales,Cerrado,0.3,22.0,True,5.0,False
PQR-202512-04280,2025-12-20,2025-12,Evento adverso reportado,Línea gratuita #590,Cali,Cerrado,6.8,18.1,False,3.0,True
PQR-202512-04281,2025-12-06,2025-12,Contenido incompleto del envase,WhatsApp,Bogotá,Cerrado,1.5,118.6,True,3.0,False
PQR-202512-04282,2025-12-19,2025-12,Demora en la entrega,Chat del sitio,Cali,Cerrado,0.6,93.7,True,2.0,False
PQR-202512-04283,2025-12-20,2025-12,Camiseta personalizada pendiente,Correo electrónico,Bogotá,Escalado,2.3,8.5,True,4.0,True
PQR-202512-04284,2025-12-05,2025-12,Reclamo por precio o promoción,WhatsApp,Bogotá,Cerrado,3.1,32.4,True,4.0,False
PQR-202512-04285,2025-12-25,2025-12,Faltante en el pedido,WhatsApp,Cali,Cerrado,1.2,43.8,True,5.0,False
PQR-202512-04286,2025-12-18,2025-12,Faltante en el pedido,Línea gratuita #590,Bogotá,Cerrado,1.2,10.8,True,2.0,False
PQR-202512-04287,2025-12-05,2025-12,Producto averiado en transporte,WhatsApp,Bogotá,Cerrado,0.8,26.2,True,4.0,False
PQR-202512-04288,2025-12-08,2025-12,Demora en la entrega,Chat del sitio,Bogotá,Cerrado,1.3,3.3,True,4.0,False
PQR-202512-04289,2025-12-02,2025-12,Producto averiado en transporte,Línea gratuita #590,Bucaramanga,Cerrado,0.4,1.7,True,3.0,False
PQR-202512-04290,2025-12-19,2025-12,Faltante en el pedido,Correo electrónico,Bogotá,Cerrado,2.3,21.0,True,4.0,False
PQR-202512-04291,2025-12-06,2025-12,Reclamo por precio o promoción,WhatsApp,Bogotá,Cerrado,2.3,44.4,True,3.0,False
PQR-202512-04292,2025-12-06,2025-12,Producto averiado en transporte,WhatsApp,Pereira,Cerrado,1.8,16.3,True,5.0,False
PQR-202512-04293,2025-12-05,2025-12,Evento adverso reportado,WhatsApp,Medellín,Cerrado,2.0,21.6,True,5.0,True
PQR-202512-04294,2025-12-16,2025-12,Producto averiado en transporte,Línea gratuita #590,Bogotá,Cerrado,0.6,37.5,True,4.0,False
PQR-202512-04295,2025-12-26,2025-12,Evento adverso reportado,WhatsApp,Medellín,Cerrado,3.6,8.1,True,3.0,True
PQR-202512-04296,2025-12-12,2025-12,Faltante en el pedido,Correo electrónico,Cali,Cerrado,7.0,58.8,False,3.0,False
PQR-202512-04297,2025-12-22,2025-12,Evento adverso reportado,WhatsApp,Bogotá,Cerrado,10.9,20.1,False,4.0,True
PQR-202512-04298,2025-12-16,2025-12,Demora en la entrega,WhatsApp,Santa Marta,Cerrado,1.6,40.7,True,3.0,False
PQR-202512-04299,2025-12-26,2025-12,Demora en la entrega,WhatsApp,Bogotá,Cerrado,0.9,37.8,True,3.0,False
PQR-202512-04300,2025-12-02,2025-12,Contenido incompleto del envase,WhatsApp,Bogotá,Cerrado,3.7,27.2,True,3.0,False
PQR-202512-04301,2025-12-20,2025-12,Camiseta personalizada pendiente,WhatsApp,Bogotá,Cerrado,0.7,31.7,True,4.0,False
PQR-202512-04302,2025-12-18,2025-12,Faltante en el pedido,Instagram / redes,Pasto,Cerrado,8.2,74.1,False,3.0,False
PQR-202512-04303,2025-12-05,2025-12,Solicitud de factura electrónica,Instagram / redes,Cali,Cerrado,0.1,2.4,True,3.0,False
PQR-202512-04304,2025-12-18,2025-12,Demora en la entrega,Línea gratuita #590,Bucaramanga,Cerrado,3.7,13.3,True,5.0,False
PQR-202512-04305,2025-12-10,2025-12,Cambio o garantía,WhatsApp,Cali,Cerrado,3.1,81.3,True,3.0,False
PQR-202512-04306,2025-12-06,2025-12,Camiseta personalizada pendiente,Correo electrónico,Bogotá,Escalado,6.8,7.8,False,2.0,True
PQR-202512-04307,2025-12-26,2025-12,Producto averiado en transporte,WhatsApp,Ibagué,Cerrado,0.3,6.3,True,3.0,False
PQR-202512-04308,2025-12-20,2025-12,Evento adverso reportado,Tienda física,Medellín,Escalado,8.9,74.9,False,3.0,True
PQR-202512-04309,2025-12-25,2025-12,Camiseta personalizada pendiente,Correo electrónico,Medellín,Cerrado,6.7,54.2,False,3.0,False
PQR-202512-04310,2025-12-04,2025-12,Demora en la entrega,WhatsApp,Medellín,Cerrado,0.7,64.5,True,4.0,False
PQR-202512-04311,2025-12-11,2025-12,Producto averiado en transporte,WhatsApp,Cartagena,Cerrado,0.3,27.4,True,4.0,False
PQR-202512-04312,2025-12-27,2025-12,Demora en la entrega,WhatsApp,Bucaramanga,Cerrado,0.8,12.3,True,4.0,False
PQR-202512-04313,2025-12-09,2025-12,Camiseta personalizada pendiente,WhatsApp,Cartagena,Escalado,1.2,36.3,True,5.0,True
PQR-202512-04314,2025-12-22,2025-12,Camiseta personalizada pendiente,Chat del sitio,Bogotá,Escalado,1.8,12.3,True,3.0,True
PQR-202512-04315,2025-12-10,2025-12,Demora en la entrega,WhatsApp,Bogotá,Cerrado,3.2,17.3,True,3.0,False
PQR-202512-04316,2025-12-10,2025-12,Cambio o garantía,WhatsApp,Medellín,Cerrado,1.9,71.9,True,3.0,False
PQR-202512-04317,2025-12-03,2025-12,Producto averiado en transporte,WhatsApp,Cali,Cerrado,6.7,65.5,False,5.0,False
PQR-202512-04318,2025-12-03,2025-12,Contenido incompleto del envase,Chat del sitio,Barranquilla,Cerrado,2.8,61.5,True,3.0,False
PQR-202512-04319,2025-12-22,2025-12,Cambio o garantía,WhatsApp,Medellín,Cerrado,4.2,5.2,False,4.0,False
PQR-202512-04320,2025-12-12,2025-12,Demora en la entrega,WhatsApp,Barranquilla,Cerrado,3.4,57.9,True,3.0,False
PQR-202512-04321,2025-12-23,2025-12,Producto averiado en transporte,Línea gratuita #590,Cali,Cerrado,6.4,49.9,False,4.0,False
PQR-202512-04322,2025-12-04,2025-12,Demora en la entrega,Línea gratuita #590,Bogotá,Cerrado,4.2,33.6,False,3.0,False
PQR-202512-04323,2025-12-26,2025-12,Camiseta personalizada pendiente,Chat del sitio,Medellín,Cerrado,2.3,70.4,True,4.0,False
PQR-202512-04324,2025-12-26,2025-12,Cambio o garantía,Línea gratuita #590,Bogotá,Cerrado,3.5,84.8,True,3.0,False
PQR-202512-04325,2025-12-14,2025-12,Producto averiado en transporte,Chat del sitio,Bogotá,Cerrado,0.3,9.9,True,3.0,False
PQR-202512-04326,2025-12-10,2025-12,Solicitud de factura electrónica,Instagram / redes,Ibagué,Cerrado,0.3,55.7,True,4.0,False
PQR-202512-04327,2025-12-23,2025-12,Producto averiado en transporte,WhatsApp,Villavicencio,Cerrado,0.5,11.5,True,3.0,False
PQR-202512-04328,2025-12-20,2025-12,Reclamo por precio o promoción,Instagram / redes,Bucaramanga,Cerrado,10.1,13.0,False,4.0,False
PQR-202512-04329,2025-12-06,2025-12,Camiseta personalizada pendiente,WhatsApp,Cúcuta,Escalado,1.7,52.3,True,4.0,True
PQR-202512-04330,2025-12-20,2025-12,Demora en la entrega,WhatsApp,Bogotá,Cerrado,0.9,51.2,True,4.0,False
PQR-202512-04331,2025-12-04,2025-12,Reclamo por precio o promoción,Tienda física,Medellín,Cerrado,0.5,13.8,True,4.0,False
PQR-202512-04332,2025-12-11,2025-12,Demora en la entrega,Línea gratuita #590,Barranquilla,Cerrado,3.8,31.8,True,4.0,False
PQR-202512-04333,2025-12-10,2025-12,Contenido incompleto del envase,Línea gratuita #590,Bucaramanga,Escalado,5.5,129.7,False,3.0,True
PQR-202512-04334,2025-12-24,2025-12,Faltante en el pedido,Tienda física,Bogotá,Cerrado,0.9,11.7,True,3.0,False
PQR-202512-04335,2025-12-15,2025-12,Producto averiado en transporte,WhatsApp,Bogotá,Cerrado,0.3,48.5,True,3.0,False
PQR-202512-04336,2025-12-19,2025-12,Demora en la entrega,Línea gratuita #590,Villavicencio,Cerrado,1.0,16.5,True,5.0,False
PQR-202512-04337,2025-12-01,2025-12,Camiseta personalizada pendiente,Instagram / redes,Bogotá,Escalado,18.7,36.1,False,5.0,True
PQR-202512-04338,2025-12-12,2025-12,Producto averiado en transporte,Tienda física,Cúcuta,Cerrado,3.8,27.9,True,4.0,False
PQR-202512-04339,2025-12-17,2025-12,Demora en la entrega,Instagram / redes,Cali,Cerrado,0.9,17.1,True,3.0,False
PQR-202512-04340,2025-12-25,2025-12,Camiseta personalizada pendiente,WhatsApp,Bucaramanga,Cerrado,1.8,28.1,True,2.0,False
PQR-202512-04341,2025-12-20,2025-12,Camiseta personalizada pendiente,WhatsApp,Medellín,Cerrado,13.9,18.5,False,4.0,False
PQR-202512-04342,2025-12-23,2025-12,Camiseta personalizada pendiente,Correo electrónico,Manizales,Escalado,6.1,7.1,False,5.0,True
PQR-202512-04343,2025-12-18,2025-12,Solicitud de factura electrónica,Tienda física,Bogotá,Cerrado,1.0,7.7,True,5.0,False
PQR-202512-04344,2025-12-11,2025-12,Camiseta personalizada pendiente,WhatsApp,Medellín,Escalado,0.3,118.1,True,3.0,True
PQR-202512-04345,2025-12-04,2025-12,Demora en la entrega,WhatsApp,Medellín,Cerrado,2.3,6.4,True,4.0,False
PQR-202512-04346,2025-12-13,2025-12,Demora en la entrega,WhatsApp,Medellín,Cerrado,0.1,10.8,True,4.0,False
PQR-202512-04347,2025-12-25,2025-12,Producto averiado en transporte,Instagram / redes,Bogotá,Cerrado,0.4,1.5,True,5.0,False
PQR-202512-04348,2025-12-26,2025-12,Contenido incompleto del envase,Línea gratuita #590,Cartagena,Escalado,3.5,97.5,True,2.0,True
PQR-202512-04349,2025-12-05,2025-12,Faltante en el pedido,WhatsApp,Barranquilla,Cerrado,0.3,17.3,True,3.0,False
PQR-202512-04350,2025-12-25,2025-12,Cambio o garantía,WhatsApp,Cali,Cerrado,3.3,9.4,True,4.0,False
PQR-202512-04351,2025-12-12,2025-12,Producto averiado en transporte,Instagram / redes,Cali,Cerrado,5.9,47.0,False,4.0,False
PQR-202512-04352,2025-12-17,2025-12,Demora en la entrega,Instagram / redes,Manizales,Cerrado,3.7,7.8,True,4.0,False
PQR-202512-04353,2025-12-26,2025-12,Solicitud de factura electrónica,Chat del sitio,Bogotá,Cerrado,0.1,22.1,True,4.0,False
PQR-202512-04354,2025-12-08,2025-12,Faltante en el pedido,WhatsApp,Villavicencio,Cerrado,0.3,36.5,True,4.0,False
PQR-202512-04355,2025-12-06,2025-12,Demora en la entrega,Chat del sitio,Medellín,Cerrado,0.6,45.3,True,3.0,False
PQR-202512-04356,2025-12-22,2025-12,Producto averiado en transporte,Chat del sitio,Medellín,Cerrado,0.3,8.6,True,5.0,False
PQR-202512-04357,2025-12-15,2025-12,Reclamo por precio o promoción,WhatsApp,Cúcuta,Cerrado,0.3,6.7,True,3.0,False
PQR-202512-04358,2025-12-25,2025-12,Solicitud de factura electrónica,Tienda física,Medellín,Cerrado,0.8,34.3,True,4.0,False
PQR-202512-04359,2025-12-01,2025-12,Camiseta personalizada pendiente,Línea gratuita #590,Cali,Cerrado,6.8,28.5,False,2.0,False
PQR-202512-04360,2025-12-24,2025-12,Faltante en el pedido,WhatsApp,Cali,Cerrado,3.0,37.0,True,4.0,False
PQR-202512-04361,2025-12-07,2025-12,Contenido incompleto del envase,WhatsApp,Bogotá,Cerrado,0.1,42.0,True,3.0,False
PQR-202512-04362,2025-12-07,2025-12,Evento adverso reportado,Chat del sitio,Medellín,Cerrado,2.7,27.8,True,5.0,True
PQR-202512-04363,2025-12-16,2025-12,Demora en la entrega,Tienda física,Barranquilla,Cerrado,2.0,7.1,True,4.0,False
PQR-202512-04364,2025-12-22,2025-12,Faltante en el pedido,WhatsApp,Pereira,Cerrado,1.8,59.5,True,3.0,False
PQR-202512-04365,2025-12-22,2025-12,Solicitud de factura electrónica,WhatsApp,Cali,Cerrado,1.2,8.0,True,5.0,False
PQR-202512-04366,2025-12-17,2025-12,Demora en la entrega,Línea gratuita #590,Ibagué,Cerrado,5.7,17.3,False,2.0,False
PQR-202512-04367,2025-12-20,2025-12,Demora en la entrega,Línea gratuita #590,Bogotá,Cerrado,1.5,76.6,True,1.0,False
PQR-202512-04368,2025-12-23,2025-12,Contenido incompleto del envase,Chat del sitio,Medellín,Escalado,0.7,52.4,True,3.0,True
PQR-202512-04369,2025-12-14,2025-12,Contenido incompleto del envase,Tienda física,Cartagena,Cerrado,6.8,106.2,False,5.0,False
PQR-202512-04370,2025-12-19,2025-12,Contenido incompleto del envase,Chat del sitio,Villavicencio,Cerrado,2.3,76.8,True,3.0,False
PQR-202512-04371,2025-12-16,2025-12,Contenido incompleto del envase,WhatsApp,Bogotá,Cerrado,0.3,201.6,True,3.0,False
PQR-202512-04372,2025-12-04,2025-12,Demora en la entrega,WhatsApp,Cali,Cerrado,1.2,9.1,True,4.0,False
PQR-202512-04373,2025-12-04,2025-12,Faltante en el pedido,Línea gratuita #590,Cali,Cerrado,3.4,81.1,True,3.0,False
PQR-202512-04374,2025-12-11,2025-12,Producto averiado en transporte,Instagram / redes,Bogotá,Cerrado,17.2,23.3,False,4.0,False
PQR-202512-04375,2025-12-23,2025-12,Producto averiado en transporte,Línea gratuita #590,Barranquilla,Cerrado,2.5,43.8,True,5.0,False
PQR-202512-04376,2025-12-06,2025-12,Solicitud de factura electrónica,Chat del sitio,Bogotá,Cerrado,0.2,9.1,True,5.0,False
PQR-202512-04377,2025-12-20,2025-12,Demora en la entrega,WhatsApp,Bogotá,Cerrado,2.0,30.5,True,5.0,False
PQR-202512-04378,2025-12-09,2025-12,Camiseta personalizada pendiente,WhatsApp,Bogotá,Escalado,1.2,36.3,True,5.0,True
PQR-202512-04379,2025-12-20,2025-12,Cambio o garantía,Correo electrónico,Bogotá,Cerrado,5.5,21.2,False,3.0,False
PQR-202512-04380,2025-12-02,2025-12,Cambio o garantía,Instagram / redes,Villavicencio,Cerrado,1.0,57.8,True,3.0,False
PQR-202512-04381,2025-12-18,2025-12,Cambio o garantía,Chat del sitio,Bogotá,Cerrado,0.5,49.6,True,4.0,False
PQR-202512-04382,2025-12-02,2025-12,Contenido incompleto del envase,Instagram / redes,Bogotá,Cerrado,3.6,146.6,True,2.0,False
PQR-202512-04383,2025-12-16,2025-12,Faltante en el pedido,WhatsApp,Cali,Cerrado,1.7,31.4,True,5.0,False
PQR-202512-04384,2025-12-24,2025-12,Solicitud de factura electrónica,WhatsApp,Barranquilla,Cerrado,0.9,1.9,True,5.0,False
PQR-202512-04385,2025-12-25,2025-12,Producto averiado en transporte,Chat del sitio,Bogotá,Cerrado,0.5,28.7,True,4.0,False
PQR-202512-04386,2025-12-06,2025-12,Demora en la entrega,WhatsApp,Bucaramanga,Cerrado,0.3,15.3,True,3.0,False
PQR-202512-04387,2025-12-23,2025-12,Contenido incompleto del envase,Tienda física,Manizales,Cerrado,0.9,23.9,True,5.0,False
PQR-202512-04388,2025-12-21,2025-12,Demora en la entrega,WhatsApp,Bogotá,Cerrado,0.9,39.9,True,4.0,False
PQR-202512-04389,2025-12-17,2025-12,Contenido incompleto del envase,WhatsApp,Pereira,Cerrado,1.2,33.4,True,3.0,False
PQR-202512-04390,2025-12-20,2025-12,Camiseta personalizada pendiente,WhatsApp,Medellín,Cerrado,1.4,57.1,True,5.0,False
PQR-202512-04391,2025-12-19,2025-12,Solicitud de factura electrónica,Chat del sitio,Cali,Cerrado,3.2,6.8,True,4.0,False
PQR-202512-04392,2025-12-26,2025-12,Faltante en el pedido,WhatsApp,Medellín,Cerrado,0.7,16.8,True,3.0,False
PQR-202512-04393,2025-12-02,2025-12,Reclamo por precio o promoción,Línea gratuita #590,Medellín,Cerrado,0.3,3.1,True,3.0,False
PQR-202512-04394,2025-12-27,2025-12,Demora en la entrega,Instagram / redes,Cali,Cerrado,0.1,3.1,True,5.0,False
PQR-202512-04395,2025-12-27,2025-12,Camiseta personalizada pendiente,WhatsApp,Medellín,Cerrado,1.4,6.5,True,3.0,False
PQR-202512-04396,2025-12-02,2025-12,Camiseta personalizada pendiente,Tienda física,Armenia,Cerrado,5.2,81.9,False,3.0,False
PQR-202512-04397,2025-12-17,2025-12,Solicitud de factura electrónica,WhatsApp,Bogotá,Cerrado,0.5,19.0,True,3.0,False
PQR-202512-04398,2025-12-03,2025-12,Demora en la entrega,WhatsApp,Bogotá,Cerrado,0.1,14.6,True,3.0,False
PQR-202512-04399,2025-12-13,2025-12,Reclamo por precio o promoción,WhatsApp,Cali,Cerrado,0.6,5.8,True,4.0,False
PQR-202512-04400,2025-12-02,2025-12,Producto averiado en transporte,Tienda física,Bogotá,Cerrado,3.8,12.7,True,3.0,False
PQR-202512-04401,2025-12-24,2025-12,Camiseta personalizada pendiente,WhatsApp,Bogotá,Cerrado,1.3,88.9,True,3.0,False
PQR-202512-04402,2025-12-16,2025-12,Faltante en el pedido,WhatsApp,Ibagué,Cerrado,1.4,16.6,True,3.0,False
PQR-202512-04403,2025-12-27,2025-12,Producto averiado en transporte,Instagram / redes,Cúcuta,Cerrado,6.0,47.3,False,4.0,False
PQR-202512-04404,2025-12-16,2025-12,Faltante en el pedido,WhatsApp,Bogotá,Cerrado,1.0,34.2,True,3.0,False
PQR-202512-04405,2025-12-02,2025-12,Reclamo por precio o promoción,Tienda física,Cali,Cerrado,0.3,15.2,True,4.0,False
PQR-202512-04406,2025-12-01,2025-12,Producto averiado en transporte,Chat del sitio,Barranquilla,Cerrado,1.2,18.4,True,3.0,False
PQR-202512-04407,2025-12-05,2025-12,Contenido incompleto del envase,WhatsApp,Medellín,Cerrado,2.7,74.6,True,2.0,False
PQR-202512-04408,2025-12-19,2025-12,Demora en la entrega,Chat del sitio,Cali,Cerrado,0.7,54.2,True,4.0,False
PQR-202512-04409,2025-12-04,2025-12,Demora en la entrega,WhatsApp,Bogotá,Cerrado,2.1,16.4,True,4.0,False
PQR-202512-04410,2025-12-08,2025-12,Cambio o garantía,WhatsApp,Villavicencio,Cerrado,1.4,11.2,True,4.0,False
PQR-202512-04411,2025-12-26,2025-12,Producto averiado en transporte,Chat del sitio,Cali,Cerrado,3.7,19.1,True,4.0,False
PQR-202512-04412,2025-12-23,2025-12,Camiseta personalizada pendiente,Línea gratuita #590,Pereira,Cerrado,7.7,40.4,False,3.0,False
PQR-202512-04413,2025-12-27,2025-12,Producto averiado en transporte,Instagram / redes,Bogotá,Cerrado,6.6,24.9,False,4.0,False
PQR-202512-04414,2025-12-25,2025-12,Contenido incompleto del envase,WhatsApp,Cali,Cerrado,1.0,36.5,True,4.0,False
PQR-202512-04415,2025-12-14,2025-12,Cambio o garantía,WhatsApp,Bucaramanga,Cerrado,2.5,17.6,True,3.0,False
PQR-202512-04416,2025-12-02,2025-12,Camiseta personalizada pendiente,WhatsApp,Bucaramanga,Cerrado,1.3,23.2,True,3.0,False
PQR-202512-04417,2025-12-08,2025-12,Demora en la entrega,WhatsApp,Pereira,Cerrado,0.2,30.0,True,4.0,False
PQR-202512-04418,2025-12-16,2025-12,Faltante en el pedido,Instagram / redes,Barranquilla,Cerrado,3.9,34.7,True,4.0,False
PQR-202512-04419,2025-12-07,2025-12,Contenido incompleto del envase,WhatsApp,Medellín,Escalado,0.1,72.3,True,2.0,True
PQR-202512-04420,2025-12-13,2025-12,Camiseta personalizada pendiente,WhatsApp,Manizales,Cerrado,2.7,10.3,True,5.0,False
PQR-202512-04421,2025-12-06,2025-12,Faltante en el pedido,Tienda física,Manizales,Cerrado,1.4,9.5,True,3.0,False
PQR-202512-04422,2025-12-05,2025-12,Evento adverso reportado,Instagram / redes,Bucaramanga,Cerrado,4.1,62.7,False,4.0,True
PQR-202512-04423,2025-12-06,2025-12,Faltante en el pedido,Chat del sitio,Neiva,Cerrado,6.5,28.6,False,3.0,False
PQR-202512-04424,2025-12-20,2025-12,Reclamo por precio o promoción,WhatsApp,Barranquilla,Cerrado,0.2,23.6,True,5.0,False
PQR-202512-04425,2025-12-21,2025-12,Demora en la entrega,Instagram / redes,Bogotá,Cerrado,7.0,20.2,False,3.0,False
PQR-202512-04426,2025-12-08,2025-12,Duda sobre uso del producto,WhatsApp,Bogotá,Cerrado,0.2,9.4,True,4.0,False
PQR-202512-04427,2025-12-23,2025-12,Contenido incompleto del envase,WhatsApp,Barranquilla,Cerrado,3.4,161.7,True,1.0,False
PQR-202512-04428,2025-12-22,2025-12,Evento adverso reportado,WhatsApp,Medellín,Cerrado,8.4,9.4,False,5.0,True
PQR-202512-04429,2025-12-13,2025-12,Faltante en el pedido,WhatsApp,Bogotá,Cerrado,1.0,61.6,True,5.0,False
PQR-202512-04430,2025-12-17,2025-12,Solicitud de factura electrónica,WhatsApp,Santa Marta,Cerrado,0.5,3.7,True,2.0,False
PQR-202512-04431,2025-12-27,2025-12,Camiseta personalizada pendiente,WhatsApp,Ibagué,Escalado,6.4,43.8,False,5.0,True
PQR-202512-04432,2025-12-05,2025-12,Camiseta personalizada pendiente,Tienda física,Bogotá,Cerrado,18.9,107.3,False,2.0,False
PQR-202512-04433,2025-12-18,2025-12,Reclamo por precio o promoción,WhatsApp,Villavicencio,Cerrado,0.1,9.1,True,4.0,False
PQR-202512-04434,2025-12-11,2025-12,Demora en la entrega,Línea gratuita #590,Bogotá,Cerrado,6.8,20.3,False,4.0,False
PQR-202512-04435,2025-12-03,2025-12,Solicitud de factura electrónica,Instagram / redes,Cartagena,Cerrado,4.1,9.6,False,5.0,False
PQR-202512-04436,2025-12-02,2025-12,Contenido incompleto del envase,WhatsApp,Bucaramanga,Cerrado,3.1,34.6,True,4.0,False
PQR-202512-04437,2025-12-10,2025-12,Demora en la entrega,Instagram / redes,Cali,Cerrado,1.5,20.6,True,3.0,False
PQR-202512-04438,2025-12-05,2025-12,Demora en la entrega,Tienda física,Medellín,Cerrado,1.9,20.6,True,5.0,False
PQR-202512-04439,2025-12-13,2025-12,Demora en la entrega,Línea gratuita #590,Cúcuta,Cerrado,2.1,40.7,True,4.0,False
PQR-202512-04440,2025-12-18,2025-12,Demora en la entrega,Línea gratuita #590,Bucaramanga,Cerrado,0.1,6.1,True,4.0,False
PQR-202512-04441,2025-12-15,2025-12,Contenido incompleto del envase,Tienda física,Medellín,Cerrado,2.2,22.6,True,4.0,False
PQR-202512-04442,2025-12-19,2025-12,Faltante en el pedido,Instagram / redes,Medellín,Cerrado,9.5,22.1,False,5.0,False
PQR-202512-04443,2025-12-25,2025-12,Faltante en el pedido,WhatsApp,Santa Marta,Cerrado,3.2,35.7,True,3.0,False
PQR-202512-04444,2025-12-26,2025-12,Reclamo por precio o promoción,Chat del sitio,Barranquilla,Cerrado,0.1,21.3,True,3.0,False
PQR-202512-04445,2025-12-08,2025-12,Faltante en el pedido,WhatsApp,Villavicencio,Cerrado,1.8,30.9,True,5.0,False
PQR-202512-04446,2025-12-12,2025-12,Evento adverso reportado,Línea gratuita #590,Medellín,Cerrado,10.7,31.5,False,4.0,True
PQR-202512-04447,2025-12-07,2025-12,Faltante en el pedido,WhatsApp,Cali,Cerrado,1.3,15.5,True,3.0,False
PQR-202512-04448,2025-12-14,2025-12,Faltante en el pedido,Chat del sitio,Barranquilla,Cerrado,0.8,33.3,True,3.0,False
PQR-202512-04449,2025-12-09,2025-12,Solicitud de factura electrónica,WhatsApp,Neiva,Cerrado,0.1,5.3,True,5.0,False
PQR-202512-04450,2025-12-18,2025-12,Demora en la entrega,Correo electrónico,Medellín,Cerrado,15.1,43.5,False,3.0,False
PQR-202512-04451,2025-12-03,2025-12,Demora en la entrega,WhatsApp,Bogotá,Cerrado,0.6,67.6,True,2.0,False
PQR-202512-04452,2025-12-25,2025-12,Demora en la entrega,Tienda física,Bogotá,Cerrado,1.4,40.6,True,4.0,False
PQR-202512-04453,2025-12-01,2025-12,Reclamo por precio o promoción,WhatsApp,Bogotá,Cerrado,1.0,47.9,True,4.0,False
PQR-202512-04454,2025-12-06,2025-12,Solicitud de factura electrónica,Línea gratuita #590,Medellín,Cerrado,1.3,6.1,True,3.0,False
PQR-202512-04455,2025-12-18,2025-12,Reclamo por precio o promoción,WhatsApp,Cúcuta,Cerrado,0.9,3.1,True,3.0,False
PQR-202512-04456,2025-12-13,2025-12,Contenido incompleto del envase,WhatsApp,Bucaramanga,Cerrado,2.5,30.4,True,5.0,False
PQR-202601-04457,2026-01-23,2026-01,Reclamo por precio o promoción,WhatsApp,Bogotá,Cerrado,0.3,1.5,True,5.0,False
PQR-202601-04458,2026-01-21,2026-01,Faltante en el pedido,WhatsApp,Bogotá,Cerrado,1.8,28.4,True,4.0,False
PQR-202601-04459,2026-01-12,2026-01,Cambio o garantía,Línea gratuita #590,Medellín,Cerrado,5.1,57.2,False,5.0,False
PQR-202601-04460,2026-01-12,2026-01,Camiseta personalizada pendiente,Correo electrónico,Medellín,Cerrado,0.4,15.8,True,4.0,False
PQR-202601-04461,2026-01-12,2026-01,Demora en la entrega,Instagram / redes,Bogotá,Cerrado,11.8,59.7,False,4.0,False
PQR-202601-04462,2026-01-03,2026-01,Solicitud de factura electrónica,Chat del sitio,Bogotá,Cerrado,0.1,27.3,True,3.0,False
PQR-202601-04463,2026-01-23,2026-01,Solicitud de factura electrónica,WhatsApp,Cúcuta,Cerrado,0.1,10.5,True,5.0,False
PQR-202601-04464,2026-01-02,2026-01,Faltante en el pedido,WhatsApp,Cúcuta,Cerrado,0.8,5.0,True,4.0,False
PQR-202601-04465,2026-01-01,2026-01,Reclamo por precio o promoción,WhatsApp,Bogotá,Cerrado,0.2,3.2,True,4.0,False
PQR-202601-04466,2026-01-16,2026-01,Camiseta personalizada pendiente,Tienda física,Cali,Escalado,1.3,13.1,True,3.0,True
PQR-202601-04467,2026-01-17,2026-01,Duda sobre uso del producto,WhatsApp,Bogotá,Cerrado,1.5,9.8,True,3.0,False
PQR-202601-04468,2026-01-17,2026-01,Camiseta personalizada pendiente,Tienda física,Medellín,Cerrado,0.2,38.0,True,3.0,False
PQR-202601-04469,2026-01-01,2026-01,Camiseta personalizada pendiente,Correo electrónico,Cali,Cerrado,1.6,14.6,True,4.0,False
PQR-202601-04470,2026-01-05,2026-01,Faltante en el pedido,Correo electrónico,Armenia,Cerrado,4.3,11.4,False,3.0,False
PQR-202601-04471,2026-01-17,2026-01,Duda sobre uso del producto,Línea gratuita #590,Medellín,Cerrado,0.8,20.9,True,5.0,False
PQR-202601-04472,2026-01-04,2026-01,Duda sobre uso del producto,Correo electrónico,Barranquilla,Cerrado,1.2,6.4,True,4.0,False
PQR-202601-04473,2026-01-05,2026-01,Faltante en el pedido,WhatsApp,Bogotá,Cerrado,4.3,22.2,False,5.0,False
PQR-202601-04474,2026-01-13,2026-01,Contenido incompleto del envase,Correo electrónico,Bogotá,Escalado,37.8,83.1,False,2.0,True
PQR-202601-04475,2026-01-06,2026-01,Contenido incompleto del envase,WhatsApp,Cali,Cerrado,4.4,6.7,False,4.0,False
PQR-202601-04476,2026-01-03,2026-01,Cambio o garantía,Chat del sitio,Cali,Cerrado,2.3,3.8,True,4.0,False
PQR-202601-04477,2026-01-18,2026-01,Camiseta personalizada pendiente,Instagram / redes,Cali,Cerrado,18.4,28.6,False,5.0,False
PQR-202601-04478,2026-01-09,2026-01,Duda sobre uso del producto,Tienda física,Bogotá,Cerrado,1.1,9.0,True,5.0,False
PQR-202601-04479,2026-01-24,2026-01,Camiseta personalizada pendiente,WhatsApp,Pereira,Escalado,3.7,22.8,True,4.0,True
PQR-202601-04480,2026-01-04,2026-01,Duda sobre uso del producto,WhatsApp,Bucaramanga,Cerrado,0.1,31.1,True,3.0,False
PQR-202601-04481,2026-01-02,2026-01,Solicitud de factura electrónica,Instagram / redes,Cartagena,Cerrado,5.8,15.7,False,3.0,False
PQR-202601-04482,2026-01-18,2026-01,Reclamo por precio o promoción,WhatsApp,Bogotá,Cerrado,0.5,5.6,True,3.0,False
PQR-202601-04483,2026-01-19,2026-01,Demora en la entrega,Tienda física,Cúcuta,Cerrado,0.6,5.2,True,3.0,False
PQR-202601-04484,2026-01-02,2026-01,Demora en la entrega,WhatsApp,Cartagena,Cerrado,1.9,19.4,True,5.0,False
PQR-202601-04485,2026-01-07,2026-01,Faltante en el pedido,Chat del sitio,Pereira,Cerrado,0.3,13.3,True,3.0,False
PQR-202601-04486,2026-01-23,2026-01,Duda sobre uso del producto,WhatsApp,Bucaramanga,Cerrado,0.1,31.2,True,4.0,False
PQR-202601-04487,2026-01-17,2026-01,Demora en la entrega,Chat del sitio,Medellín,Cerrado,1.6,18.6,True,3.0,False
PQR-202601-04488,2026-01-23,2026-01,Cambio o garantía,WhatsApp,Bogotá,Cerrado,0.2,12.6,True,4.0,False
PQR-202601-04489,2026-01-25,2026-01,Faltante en el pedido,Chat del sitio,Bogotá,Cerrado,0.5,17.0,True,5.0,False
PQR-202601-04490,2026-01-24,2026-01,Camiseta personalizada pendiente,Chat del sitio,Medellín,Escalado,4.5,93.5,False,4.0,True
PQR-202601-04491,2026-01-14,2026-01,Demora en la entrega,WhatsApp,Bogotá,Cerrado,1.8,43.7,True,3.0,False
PQR-202601-04492,2026-01-19,2026-01,Demora en la entrega,WhatsApp,Barranquilla,Cerrado,2.6,50.2,True,4.0,False
PQR-202601-04493,2026-01-01,2026-01,Contenido incompleto del envase,WhatsApp,Manizales,Escalado,4.3,10.5,False,3.0,True
PQR-202601-04494,2026-01-15,2026-01,Contenido incompleto del envase,Línea gratuita #590,Cúcuta,Escalado,0.2,38.6,True,4.0,True
PQR-202601-04495,2026-01-08,2026-01,Reclamo por precio o promoción,WhatsApp,Bucaramanga,Cerrado,0.7,28.9,True,5.0,False
PQR-202601-04496,2026-01-10,2026-01,Camiseta personalizada pendiente,WhatsApp,Cali,Escalado,6.3,29.0,False,4.0,True
PQR-202601-04497,2026-01-18,2026-01,Demora en la entrega,Instagram / redes,Medellín,Cerrado,3.4,10.6,True,4.0,False
PQR-202601-04498,2026-01-08,2026-01,Cambio o garantía,WhatsApp,Bucaramanga,Cerrado,1.4,3.2,True,4.0,False
PQR-202601-04499,2026-01-18,2026-01,Producto averiado en transporte,Línea gratuita #590,Bogotá,Cerrado,1.7,3.2,True,4.0,False
PQR-202601-04500,2026-01-21,2026-01,Contenido incompleto del envase,Línea gratuita #590,Neiva,Cerrado,1.0,59.9,True,3.0,False
PQR-202601-04501,2026-01-18,2026-01,Faltante en el pedido,Línea gratuita #590,Bucaramanga,Cerrado,1.8,55.7,True,2.0,False
PQR-202601-04502,2026-01-19,2026-01,Duda sobre uso del producto,Instagram / redes,Medellín,Cerrado,0.5,3.9,True,5.0,False
PQR-202601-04503,2026-01-18,2026-01,Solicitud de factura electrónica,Instagram / redes,Bucaramanga,Cerrado,2.1,9.6,True,4.0,False
PQR-202601-04504,2026-01-20,2026-01,Cambio o garantía,Línea gratuita #590,Bogotá,Cerrado,1.5,21.8,True,4.0,False
PQR-202601-04505,2026-01-11,2026-01,Producto averiado en transporte,Instagram / redes,Cali,Cerrado,3.1,20.6,True,5.0,False
PQR-202601-04506,2026-01-26,2026-01,Reclamo por precio o promoción,Chat del sitio,Villavicencio,Cerrado,0.2,13.8,True,5.0,False
PQR-202601-04507,2026-01-19,2026-01,Demora en la entrega,Instagram / redes,Medellín,Cerrado,7.0,49.3,False,4.0,False
PQR-202601-04508,2026-01-16,2026-01,Faltante en el pedido,Tienda física,Bogotá,Cerrado,6.8,12.4,False,3.0,False
PQR-202601-04509,2026-01-26,2026-01,Contenido incompleto del envase,Línea gratuita #590,Bogotá,Escalado,1.5,65.9,True,5.0,True
PQR-202601-04510,2026-01-17,2026-01,Solicitud de factura electrónica,WhatsApp,Bogotá,Cerrado,0.6,8.3,True,5.0,False
PQR-202601-04511,2026-01-24,2026-01,Demora en la entrega,Instagram / redes,Barranquilla,Cerrado,6.0,30.6,False,4.0,False
PQR-202601-04512,2026-01-10,2026-01,Demora en la entrega,WhatsApp,Pereira,Cerrado,0.2,33.7,True,4.0,False
PQR-202601-04513,2026-01-05,2026-01,Demora en la entrega,Línea gratuita #590,Medellín,Cerrado,0.5,3.7,True,3.0,False
PQR-202601-04514,2026-01-11,2026-01,Faltante en el pedido,WhatsApp,Bogotá,Cerrado,0.5,56.8,True,3.0,False
PQR-202601-04515,2026-01-16,2026-01,Faltante en el pedido,Chat del sitio,Bogotá,Cerrado,0.9,23.8,True,5.0,False
PQR-202601-04516,2026-01-21,2026-01,Faltante en el pedido,Línea gratuita #590,Cali,Cerrado,3.3,6.1,True,3.0,False
PQR-202601-04517,2026-01-08,2026-01,Camiseta personalizada pendiente,Tienda física,Barranquilla,Escalado,4.8,39.3,False,4.0,True
PQR-202601-04518,2026-01-22,2026-01,Reclamo por precio o promoción,WhatsApp,Cali,Cerrado,0.1,35.0,True,4.0,False
PQR-202601-04519,2026-01-23,2026-01,Duda sobre uso del producto,Chat del sitio,Cúcuta,Cerrado,0.1,11.4,True,3.0,False
PQR-202601-04520,2026-01-02,2026-01,Faltante en el pedido,Instagram / redes,Bogotá,Cerrado,12.3,32.1,False,4.0,False
PQR-202601-04521,2026-01-20,2026-01,Producto averiado en transporte,Instagram / redes,Pereira,Cerrado,3.1,51.7,True,3.0,False
PQR-202601-04522,2026-01-03,2026-01,Solicitud de factura electrónica,Tienda física,Bogotá,Cerrado,3.1,48.3,True,4.0,False
PQR-202601-04523,2026-01-10,2026-01,Demora en la entrega,WhatsApp,Cali,Cerrado,0.3,27.8,True,4.0,False
PQR-202601-04524,2026-01-20,2026-01,Faltante en el pedido,WhatsApp,Barranquilla,Cerrado,1.2,47.7,True,4.0,False
PQR-202601-04525,2026-01-12,2026-01,Camiseta personalizada pendiente,Instagram / redes,Cartagena,Cerrado,17.7,35.2,False,3.0,False
PQR-202601-04526,2026-01-23,2026-01,Faltante en el pedido,WhatsApp,Bucaramanga,Cerrado,0.1,13.6,True,5.0,False
PQR-202601-04527,2026-01-16,2026-01,Demora en la entrega,Tienda física,Cúcuta,Cerrado,0.4,6.8,True,4.0,False
PQR-202601-04528,2026-01-09,2026-01,Cambio o garantía,WhatsApp,Bucaramanga,Cerrado,0.1,25.4,True,4.0,False
PQR-202601-04529,2026-01-07,2026-01,Contenido incompleto del envase,WhatsApp,Bogotá,Cerrado,2.5,3.6,True,2.0,False
PQR-202601-04530,2026-01-08,2026-01,Camiseta personalizada pendiente,WhatsApp,Ibagué,Cerrado,0.3,70.6,True,2.0,False
PQR-202601-04531,2026-01-02,2026-01,Evento adverso reportado,Chat del sitio,Bogotá,Cerrado,13.1,77.9,False,3.0,True
PQR-202601-04532,2026-01-03,2026-01,Cambio o garantía,WhatsApp,Medellín,Cerrado,2.5,80.3,True,3.0,False
PQR-202601-04533,2026-01-23,2026-01,Camiseta personalizada pendiente,WhatsApp,Cartagena,Escalado,2.9,9.9,True,4.0,True
PQR-202601-04534,2026-01-22,2026-01,Contenido incompleto del envase,Chat del sitio,Cartagena,Cerrado,1.3,109.2,True,2.0,False
PQR-202601-04535,2026-01-26,2026-01,Producto averiado en transporte,Chat del sitio,Cali,Cerrado,0.7,48.9,True,5.0,False
PQR-202601-04536,2026-01-27,2026-01,Camiseta personalizada pendiente,Línea gratuita #590,Cúcuta,Escalado,3.3,20.2,True,4.0,True
PQR-202601-04537,2026-01-12,2026-01,Demora en la entrega,Chat del sitio,Pereira,Cerrado,1.4,25.6,True,3.0,False
PQR-202601-04538,2026-01-20,2026-01,Contenido incompleto del envase,Instagram / redes,Bogotá,Escalado,7.4,70.9,False,4.0,True
PQR-202601-04539,2026-01-16,2026-01,Producto averiado en transporte,Línea gratuita #590,Medellín,Cerrado,5.3,87.9,False,4.0,False
PQR-202601-04540,2026-01-17,2026-01,Camiseta personalizada pendiente,WhatsApp,Neiva,Cerrado,0.9,28.5,True,4.0,False
PQR-202601-04541,2026-01-03,2026-01,Reclamo por precio o promoción,WhatsApp,Bogotá,Cerrado,2.8,7.3,True,4.0,False
PQR-202601-04542,2026-01-01,2026-01,Faltante en el pedido,WhatsApp,Bogotá,Cerrado,0.4,7.1,True,3.0,False
PQR-202601-04543,2026-01-04,2026-01,Faltante en el pedido,Chat del sitio,Medellín,Cerrado,1.3,100.2,True,2.0,False
PQR-202601-04544,2026-01-16,2026-01,Duda sobre uso del producto,Instagram / redes,Bucaramanga,Cerrado,3.8,26.7,True,3.0,False
PQR-202601-04545,2026-01-24,2026-01,Demora en la entrega,Línea gratuita #590,Ibagué,Cerrado,3.1,14.7,True,4.0,False
PQR-202601-04546,2026-01-21,2026-01,Producto averiado en transporte,Línea gratuita #590,Cali,Cerrado,0.6,10.4,True,3.0,False
PQR-202601-04547,2026-01-14,2026-01,Demora en la entrega,Línea gratuita #590,Medellín,Cerrado,1.2,2.5,True,5.0,False
PQR-202601-04548,2026-01-23,2026-01,Demora en la entrega,Línea gratuita #590,Bogotá,Cerrado,0.1,104.4,True,2.0,False
PQR-202601-04549,2026-01-06,2026-01,Producto averiado en transporte,WhatsApp,Bogotá,Cerrado,0.2,1.6,True,4.0,False
PQR-202601-04550,2026-01-26,2026-01,Contenido incompleto del envase,WhatsApp,Manizales,Cerrado,0.8,61.3,True,3.0,False
PQR-202601-04551,2026-01-13,2026-01,Faltante en el pedido,Tienda física,Bogotá,Cerrado,2.3,4.9,True,3.0,False
PQR-202601-04552,2026-01-05,2026-01,Faltante en el pedido,Tienda física,Manizales,Cerrado,0.4,16.7,True,3.0,False
PQR-202601-04553,2026-01-12,2026-01,Producto averiado en transporte,Chat del sitio,Bogotá,Cerrado,0.8,4.0,True,5.0,False
PQR-202601-04554,2026-01-26,2026-01,Camiseta personalizada pendiente,WhatsApp,Villavicencio,Cerrado,0.6,80.2,True,2.0,False
PQR-202601-04555,2026-01-11,2026-01,Solicitud de factura electrónica,WhatsApp,Armenia,Cerrado,0.9,25.7,True,4.0,False
PQR-202601-04556,2026-01-01,2026-01,Solicitud de factura electrónica,Correo electrónico,Bogotá,Cerrado,4.0,36.9,False,4.0,False
PQR-202601-04557,2026-01-06,2026-01,Cambio o garantía,Chat del sitio,Medellín,Cerrado,1.6,61.1,True,2.0,False
PQR-202601-04558,2026-01-12,2026-01,Producto averiado en transporte,Correo electrónico,Barranquilla,Cerrado,10.4,64.3,False,3.0,False
PQR-202601-04559,2026-01-13,2026-01,Producto averiado en transporte,Chat del sitio,Ibagué,Cerrado,0.3,1.7,True,4.0,False
PQR-202601-04560,2026-01-06,2026-01,Producto averiado en transporte,Tienda física,Pereira,Cerrado,1.5,76.5,True,3.0,False
PQR-202601-04561,2026-01-21,2026-01,Reclamo por precio o promoción,WhatsApp,Bucaramanga,Cerrado,1.0,14.4,True,3.0,False
PQR-202601-04562,2026-01-07,2026-01,Demora en la entrega,WhatsApp,Cúcuta,Cerrado,0.3,4.7,True,4.0,False
PQR-202601-04563,2026-01-08,2026-01,Demora en la entrega,WhatsApp,Bogotá,Cerrado,0.2,35.9,True,4.0,False
PQR-202601-04564,2026-01-11,2026-01,Demora en la entrega,WhatsApp,Cartagena,Cerrado,2.1,60.2,True,4.0,False
PQR-202601-04565,2026-01-06,2026-01,Contenido incompleto del envase,Línea gratuita #590,Cali,Cerrado,1.7,46.6,True,4.0,False
PQR-202601-04566,2026-01-17,2026-01,Demora en la entrega,Línea gratuita #590,Barranquilla,Cerrado,0.3,4.8,True,4.0,False
PQR-202601-04567,2026-01-05,2026-01,Faltante en el pedido,WhatsApp,Barranquilla,Cerrado,3.0,22.0,True,4.0,False
PQR-202601-04568,2026-01-22,2026-01,Producto averiado en transporte,WhatsApp,Bogotá,Cerrado,0.1,58.0,True,4.0,False
PQR-202601-04569,2026-01-05,2026-01,Contenido incompleto del envase,WhatsApp,Cúcuta,Escalado,0.1,94.8,True,1.0,True
PQR-202601-04570,2026-01-08,2026-01,Solicitud de factura electrónica,Chat del sitio,Villavicencio,Cerrado,0.6,3.3,True,4.0,False
PQR-202601-04571,2026-01-18,2026-01,Demora en la entrega,WhatsApp,Cúcuta,Cerrado,1.0,32.9,True,3.0,False
PQR-202601-04572,2026-01-05,2026-01,Contenido incompleto del envase,Chat del sitio,Medellín,Cerrado,1.5,24.5,True,3.0,False
PQR-202601-04573,2026-01-21,2026-01,Demora en la entrega,Instagram / redes,Bogotá,Cerrado,7.4,9.9,False,5.0,False
PQR-202601-04574,2026-01-06,2026-01,Solicitud de factura electrónica,Chat del sitio,Bogotá,Cerrado,0.3,33.2,True,3.0,False
PQR-202601-04575,2026-01-07,2026-01,Faltante en el pedido,WhatsApp,Bogotá,Cerrado,0.8,5.1,True,4.0,False
PQR-202601-04576,2026-01-08,2026-01,Contenido incompleto del envase,Chat del sitio,Medellín,Cerrado,2.6,19.4,True,4.0,False
PQR-202601-04577,2026-01-04,2026-01,Solicitud de factura electrónica,WhatsApp,Barranquilla,Cerrado,0.3,15.2,True,5.0,False
PQR-202601-04578,2026-01-11,2026-01,Contenido incompleto del envase,WhatsApp,Medellín,Escalado,3.6,22.1,True,4.0,True
PQR-202601-04579,2026-01-01,2026-01,Camiseta personalizada pendiente,Chat del sitio,Cali,Cerrado,0.2,99.2,True,2.0,False
PQR-202601-04580,2026-01-19,2026-01,Producto averiado en transporte,Tienda física,Villavicencio,Cerrado,1.4,47.1,True,3.0,False
PQR-202601-04581,2026-01-25,2026-01,Producto averiado en transporte,Línea gratuita #590,Ibagué,Cerrado,0.9,6.8,True,3.0,False
PQR-202601-04582,2026-01-07,2026-01,Faltante en el pedido,WhatsApp,Cali,Cerrado,1.0,41.5,True,5.0,False
PQR-202601-04583,2026-01-17,2026-01,Demora en la entrega,Línea gratuita #590,Bogotá,Cerrado,4.2,10.0,False,3.0,False
PQR-202601-04584,2026-01-12,2026-01,Duda sobre uso del producto,Correo electrónico,Bogotá,Cerrado,1.9,6.3,True,4.0,False
PQR-202601-04585,2026-01-04,2026-01,Demora en la entrega,Línea gratuita #590,Santa Marta,Cerrado,1.0,27.6,True,3.0,False
PQR-202601-04586,2026-01-11,2026-01,Contenido incompleto del envase,WhatsApp,Ibagué,Escalado,0.8,67.0,True,4.0,True
PQR-202601-04587,2026-01-03,2026-01,Demora en la entrega,Línea gratuita #590,Bogotá,Cerrado,0.1,29.0,True,3.0,False
PQR-202601-04588,2026-01-12,2026-01,Cambio o garantía,Instagram / redes,Santa Marta,Cerrado,13.2,93.5,False,4.0,False
PQR-202601-04589,2026-01-09,2026-01,Producto averiado en transporte,WhatsApp,Bogotá,Cerrado,0.9,7.8,True,2.0,False
PQR-202601-04590,2026-01-20,2026-01,Contenido incompleto del envase,Instagram / redes,Bogotá,Escalado,14.1,70.8,False,2.0,True
PQR-202601-04591,2026-01-09,2026-01,Reclamo por precio o promoción,Instagram / redes,Bogotá,Cerrado,0.7,3.2,True,4.0,False
PQR-202601-04592,2026-01-12,2026-01,Faltante en el pedido,WhatsApp,Medellín,Cerrado,0.2,38.1,True,2.0,False
PQR-202601-04593,2026-01-22,2026-01,Reclamo por precio o promoción,Línea gratuita #590,Bogotá,Cerrado,0.1,10.1,True,5.0,False
PQR-202601-04594,2026-01-26,2026-01,Camiseta personalizada pendiente,Instagram / redes,Cartagena,Cerrado,9.5,22.3,False,5.0,False
PQR-202601-04595,2026-01-02,2026-01,Contenido incompleto del envase,WhatsApp,Barranquilla,Escalado,1.0,9.9,True,3.0,True
PQR-202601-04596,2026-01-14,2026-01,Producto averiado en transporte,Chat del sitio,Bogotá,Cerrado,3.2,20.4,True,4.0,False
PQR-202601-04597,2026-01-27,2026-01,Camiseta personalizada pendiente,Línea gratuita #590,Bucaramanga,Cerrado,5.1,16.5,False,2.0,False
PQR-202601-04598,2026-01-04,2026-01,Duda sobre uso del producto,Correo electrónico,Cartagena,Cerrado,0.8,12.4,True,4.0,False
PQR-202601-04599,2026-01-24,2026-01,Faltante en el pedido,Chat del sitio,Santa Marta,Cerrado,3.8,35.5,True,3.0,False
PQR-202601-04600,2026-01-27,2026-01,Demora en la entrega,Línea gratuita #590,Medellín,Cerrado,1.9,32.8,True,4.0,False
PQR-202601-04601,2026-01-15,2026-01,Demora en la entrega,Tienda física,Bogotá,Cerrado,12.1,45.7,False,3.0,False
PQR-202601-04602,2026-01-11,2026-01,Reclamo por precio o promoción,Tienda física,Bogotá,Cerrado,4.5,17.9,False,4.0,False
PQR-202601-04603,2026-01-22,2026-01,Demora en la entrega,Chat del sitio,Pereira,Cerrado,1.7,4.0,True,2.0,False
PQR-202601-04604,2026-01-15,2026-01,Demora en la entrega,WhatsApp,Bogotá,Cerrado,0.5,64.5,True,3.0,False
PQR-202601-04605,2026-01-20,2026-01,Reclamo por precio o promoción,WhatsApp,Barranquilla,Cerrado,0.6,51.4,True,3.0,False
PQR-202601-04606,2026-01-19,2026-01,Demora en la entrega,Tienda física,Armenia,Cerrado,0.9,51.7,True,4.0,False
PQR-202601-04607,2026-01-22,2026-01,Reclamo por precio o promoción,WhatsApp,Bogotá,Cerrado,2.7,8.7,True,3.0,False
PQR-202601-04608,2026-01-24,2026-01,Reclamo por precio o promoción,Línea gratuita #590,Bogotá,Cerrado,2.1,53.0,True,4.0,False
PQR-202601-04609,2026-01-02,2026-01,Faltante en el pedido,Instagram / redes,Bogotá,Cerrado,2.0,26.8,True,4.0,False
PQR-202601-04610,2026-01-17,2026-01,Producto averiado en transporte,Línea gratuita #590,Medellín,Cerrado,0.9,18.4,True,5.0,False
PQR-202601-04611,2026-01-21,2026-01,Demora en la entrega,Chat del sitio,Cúcuta,Cerrado,0.5,34.0,True,4.0,False
PQR-202601-04612,2026-01-26,2026-01,Demora en la entrega,WhatsApp,Cúcuta,Cerrado,0.7,20.5,True,2.0,False
PQR-202601-04613,2026-01-03,2026-01,Faltante en el pedido,Línea gratuita #590,Pasto,Cerrado,1.6,27.6,True,4.0,False
PQR-202601-04614,2026-01-09,2026-01,Solicitud de factura electrónica,WhatsApp,Cúcuta,Cerrado,1.2,2.2,True,5.0,False
PQR-202601-04615,2026-01-17,2026-01,Faltante en el pedido,WhatsApp,Bogotá,Cerrado,0.1,16.8,True,3.0,False
PQR-202601-04616,2026-01-16,2026-01,Contenido incompleto del envase,Línea gratuita #590,Medellín,Escalado,1.4,64.9,True,3.0,True
PQR-202601-04617,2026-01-21,2026-01,Producto averiado en transporte,Línea gratuita #590,Cali,Cerrado,0.5,62.3,True,4.0,False
PQR-202601-04618,2026-01-19,2026-01,Demora en la entrega,Chat del sitio,Cali,Cerrado,5.1,45.3,False,4.0,False
PQR-202601-04619,2026-01-24,2026-01,Faltante en el pedido,WhatsApp,Manizales,Cerrado,0.7,29.3,True,4.0,False
PQR-202601-04620,2026-01-23,2026-01,Reclamo por precio o promoción,Instagram / redes,Barranquilla,Cerrado,10.6,30.8,False,5.0,False
PQR-202601-04621,2026-01-06,2026-01,Faltante en el pedido,Correo electrónico,Bogotá,Cerrado,25.3,35.1,False,4.0,False
PQR-202601-04622,2026-01-04,2026-01,Contenido incompleto del envase,WhatsApp,Bogotá,Cerrado,1.2,51.5,True,3.0,False
PQR-202601-04623,2026-01-17,2026-01,Producto averiado en transporte,Línea gratuita #590,Bogotá,Cerrado,2.8,3.8,True,5.0,False
PQR-202601-04624,2026-01-19,2026-01,Demora en la entrega,WhatsApp,Ibagué,Cerrado,0.6,5.2,True,5.0,False
PQR-202601-04625,2026-01-10,2026-01,Contenido incompleto del envase,Línea gratuita #590,Cartagena,Cerrado,5.6,178.1,False,3.0,False
PQR-202601-04626,2026-01-20,2026-01,Demora en la entrega,WhatsApp,Bogotá,Cerrado,3.1,17.8,True,3.0,False
PQR-202601-04627,2026-01-16,2026-01,Producto averiado en transporte,WhatsApp,Bogotá,Cerrado,0.4,4.8,True,3.0,False
PQR-202601-04628,2026-01-21,2026-01,Producto averiado en transporte,Línea gratuita #590,Cali,Cerrado,7.8,24.2,False,3.0,False
PQR-202601-04629,2026-01-04,2026-01,Cambio o garantía,WhatsApp,Bogotá,Cerrado,0.8,35.6,True,4.0,False
PQR-202601-04630,2026-01-27,2026-01,Producto averiado en transporte,WhatsApp,Cali,Cerrado,1.8,30.3,True,5.0,False
PQR-202601-04631,2026-01-18,2026-01,Cambio o garantía,WhatsApp,Medellín,Cerrado,2.1,11.2,True,4.0,False
PQR-202601-04632,2026-01-25,2026-01,Faltante en el pedido,Tienda física,Bucaramanga,Cerrado,1.1,58.3,True,3.0,False
PQR-202601-04633,2026-01-01,2026-01,Cambio o garantía,WhatsApp,Manizales,Cerrado,0.2,18.1,True,3.0,False
PQR-202601-04634,2026-01-05,2026-01,Faltante en el pedido,WhatsApp,Cali,Cerrado,0.4,13.2,True,3.0,False
PQR-202601-04635,2026-01-20,2026-01,Evento adverso reportado,WhatsApp,Bogotá,Cerrado,2.0,54.6,True,4.0,True
PQR-202601-04636,2026-01-25,2026-01,Faltante en el pedido,Línea gratuita #590,Villavicencio,Cerrado,4.9,46.6,False,4.0,False
PQR-202601-04637,2026-01-11,2026-01,Camiseta personalizada pendiente,WhatsApp,Cali,Cerrado,2.2,84.6,True,4.0,False
PQR-202601-04638,2026-01-22,2026-01,Producto averiado en transporte,Línea gratuita #590,Bogotá,Cerrado,0.8,25.8,True,4.0,False
PQR-202601-04639,2026-01-05,2026-01,Camiseta personalizada pendiente,WhatsApp,Bogotá,Cerrado,0.9,27.7,True,3.0,False
PQR-202601-04640,2026-01-03,2026-01,Reclamo por precio o promoción,Chat del sitio,Medellín,Cerrado,0.6,12.3,True,4.0,False
PQR-202601-04641,2026-01-09,2026-01,Cambio o garantía,Línea gratuita #590,Barranquilla,Cerrado,4.5,26.2,False,5.0,False
PQR-202601-04642,2026-01-13,2026-01,Faltante en el pedido,Tienda física,Bogotá,Cerrado,0.6,10.2,True,4.0,False
PQR-202601-04643,2026-01-05,2026-01,Evento adverso reportado,Chat del sitio,Bogotá,Escalado,3.6,38.7,True,3.0,True
PQR-202601-04644,2026-01-04,2026-01,Demora en la entrega,WhatsApp,Pereira,Cerrado,0.4,48.3,True,4.0,False
PQR-202601-04645,2026-01-01,2026-01,Producto averiado en transporte,WhatsApp,Cali,Cerrado,0.3,39.7,True,4.0,False
PQR-202601-04646,2026-01-24,2026-01,Evento adverso reportado,WhatsApp,Ibagué,Cerrado,2.6,146.8,True,2.0,True
PQR-202601-04647,2026-01-20,2026-01,Solicitud de factura electrónica,WhatsApp,Barranquilla,Cerrado,2.0,3.8,True,4.0,False
PQR-202601-04648,2026-01-17,2026-01,Solicitud de factura electrónica,Línea gratuita #590,Barranquilla,Cerrado,1.9,16.4,True,4.0,False
PQR-202601-04649,2026-01-09,2026-01,Faltante en el pedido,WhatsApp,Bogotá,Cerrado,0.9,18.5,True,5.0,False
PQR-202601-04650,2026-01-06,2026-01,Contenido incompleto del envase,Línea gratuita #590,Cartagena,Escalado,9.0,39.3,False,3.0,True
PQR-202601-04651,2026-01-12,2026-01,Producto averiado en transporte,Chat del sitio,Pereira,Cerrado,5.0,15.9,False,4.0,False
PQR-202601-04652,2026-01-27,2026-01,Camiseta personalizada pendiente,WhatsApp,Medellín,Cerrado,2.4,20.9,True,4.0,False
PQR-202601-04653,2026-01-10,2026-01,Producto averiado en transporte,WhatsApp,Barranquilla,Cerrado,0.5,41.0,True,3.0,False
PQR-202601-04654,2026-01-04,2026-01,Faltante en el pedido,Línea gratuita #590,Medellín,Cerrado,3.9,52.3,True,3.0,False
PQR-202601-04655,2026-01-21,2026-01,Demora en la entrega,WhatsApp,Santa Marta,Cerrado,0.9,47.6,True,4.0,False
PQR-202601-04656,2026-01-26,2026-01,Solicitud de factura electrónica,Línea gratuita #590,Cali,Cerrado,1.5,7.7,True,4.0,False
PQR-202601-04657,2026-01-03,2026-01,Producto averiado en transporte,Chat del sitio,Barranquilla,Cerrado,3.7,48.3,True,5.0,False
PQR-202601-04658,2026-01-08,2026-01,Cambio o garantía,WhatsApp,Bogotá,Cerrado,2.1,130.4,True,3.0,False
PQR-202601-04659,2026-01-18,2026-01,Camiseta personalizada pendiente,WhatsApp,Ibagué,Cerrado,0.3,60.3,True,5.0,False
PQR-202601-04660,2026-01-23,2026-01,Demora en la entrega,WhatsApp,Bogotá,Cerrado,0.8,12.8,True,4.0,False
PQR-202601-04661,2026-01-27,2026-01,Duda sobre uso del producto,Línea gratuita #590,Bogotá,Cerrado,0.1,14.5,True,4.0,False
PQR-202601-04662,2026-01-09,2026-01,Reclamo por precio o promoción,Tienda física,Bogotá,Cerrado,1.5,17.9,True,5.0,False
PQR-202601-04663,2026-01-12,2026-01,Faltante en el pedido,Línea gratuita #590,Ibagué,Cerrado,4.3,8.6,False,4.0,False
PQR-202601-04664,2026-01-09,2026-01,Demora en la entrega,Tienda física,Cali,Cerrado,0.7,8.8,True,4.0,False
PQR-202601-04665,2026-01-06,2026-01,Evento adverso reportado,WhatsApp,Cali,Escalado,0.7,10.5,True,2.0,True
PQR-202601-04666,2026-01-24,2026-01,Evento adverso reportado,Chat del sitio,Cúcuta,Cerrado,11.4,32.4,False,3.0,True
PQR-202601-04667,2026-01-08,2026-01,Duda sobre uso del producto,Línea gratuita #590,Barranquilla,Cerrado,1.6,26.3,True,5.0,False
PQR-202601-04668,2026-01-03,2026-01,Demora en la entrega,Instagram / redes,Pasto,Cerrado,15.4,27.9,False,4.0,False
PQR-202601-04669,2026-01-14,2026-01,Camiseta personalizada pendiente,Tienda física,Bucaramanga,Cerrado,0.2,32.0,True,3.0,False
PQR-202601-04670,2026-01-14,2026-01,Faltante en el pedido,WhatsApp,Medellín,Cerrado,1.7,15.5,True,4.0,False
PQR-202601-04671,2026-01-06,2026-01,Demora en la entrega,Correo electrónico,Bogotá,Cerrado,13.7,31.6,False,4.0,False
PQR-202601-04672,2026-01-18,2026-01,Reclamo por precio o promoción,Chat del sitio,Bogotá,Cerrado,0.5,32.0,True,4.0,False
PQR-202601-04673,2026-01-07,2026-01,Camiseta personalizada pendiente,Línea gratuita #590,Bogotá,Escalado,2.9,7.4,True,3.0,True
PQR-202601-04674,2026-01-16,2026-01,Faltante en el pedido,Instagram / redes,Medellín,Cerrado,7.5,86.1,False,2.0,False
PQR-202601-04675,2026-01-03,2026-01,Faltante en el pedido,WhatsApp,Cali,Cerrado,2.0,28.5,True,4.0,False
PQR-202601-04676,2026-01-11,2026-01,Demora en la entrega,Línea gratuita #590,Medellín,Cerrado,2.3,44.0,True,4.0,False
PQR-202601-04677,2026-01-10,2026-01,Reclamo por precio o promoción,WhatsApp,Barranquilla,Cerrado,1.0,16.4,True,3.0,False
PQR-202601-04678,2026-01-09,2026-01,Contenido incompleto del envase,Chat del sitio,Bucaramanga,Escalado,5.7,13.5,False,4.0,True
PQR-202601-04679,2026-01-02,2026-01,Demora en la entrega,Chat del sitio,Bogotá,Cerrado,1.8,22.7,True,2.0,False
PQR-202601-04680,2026-01-01,2026-01,Producto averiado en transporte,WhatsApp,Bogotá,Cerrado,1.0,33.9,True,5.0,False
PQR-202601-04681,2026-01-10,2026-01,Faltante en el pedido,WhatsApp,Cali,Cerrado,2.2,23.8,True,4.0,False
PQR-202601-04682,2026-01-25,2026-01,Faltante en el pedido,Chat del sitio,Bogotá,Cerrado,2.5,67.6,True,5.0,False
PQR-202601-04683,2026-01-10,2026-01,Demora en la entrega,Línea gratuita #590,Bucaramanga,Cerrado,0.5,55.5,True,3.0,False
PQR-202601-04684,2026-01-06,2026-01,Demora en la entrega,Correo electrónico,Bucaramanga,Cerrado,5.5,14.6,False,4.0,False
PQR-202601-04685,2026-01-25,2026-01,Producto averiado en transporte,WhatsApp,Bogotá,Cerrado,1.8,26.5,True,2.0,False
PQR-202601-04686,2026-01-06,2026-01,Faltante en el pedido,WhatsApp,Bogotá,Cerrado,0.1,2.9,True,5.0,False
PQR-202601-04687,2026-01-02,2026-01,Demora en la entrega,WhatsApp,Barranquilla,Cerrado,1.1,35.2,True,4.0,False
PQR-202601-04688,2026-01-05,2026-01,Producto averiado en transporte,Instagram / redes,Manizales,Cerrado,1.7,16.5,True,4.0,False
PQR-202601-04689,2026-01-02,2026-01,Cambio o garantía,WhatsApp,Cali,Cerrado,3.6,4.6,True,4.0,False
PQR-202601-04690,2026-01-24,2026-01,Producto averiado en transporte,Correo electrónico,Manizales,Cerrado,1.8,4.6,True,3.0,False
PQR-202601-04691,2026-01-22,2026-01,Producto averiado en transporte,WhatsApp,Neiva,Cerrado,0.3,15.5,True,4.0,False
PQR-202601-04692,2026-01-24,2026-01,Faltante en el pedido,Línea gratuita #590,Pereira,Cerrado,2.1,107.3,True,2.0,False
PQR-202601-04693,2026-01-08,2026-01,Contenido incompleto del envase,Correo electrónico,Cali,Cerrado,3.1,4.7,True,4.0,False
PQR-202601-04694,2026-01-13,2026-01,Cambio o garantía,WhatsApp,Pasto,Cerrado,3.2,148.4,True,3.0,False
PQR-202601-04695,2026-01-02,2026-01,Reclamo por precio o promoción,WhatsApp,Medellín,Cerrado,0.7,2.5,True,4.0,False
PQR-202601-04696,2026-01-15,2026-01,Reclamo por precio o promoción,Línea gratuita #590,Barranquilla,Cerrado,0.9,2.7,True,4.0,False
PQR-202601-04697,2026-01-13,2026-01,Demora en la entrega,Chat del sitio,Medellín,Cerrado,0.5,56.7,True,4.0,False
PQR-202601-04698,2026-01-12,2026-01,Faltante en el pedido,WhatsApp,Cúcuta,Cerrado,0.8,27.5,True,3.0,False
PQR-202601-04699,2026-01-10,2026-01,Solicitud de factura electrónica,Chat del sitio,Medellín,Cerrado,3.3,13.3,True,4.0,False
PQR-202601-04700,2026-01-01,2026-01,Demora en la entrega,WhatsApp,Barranquilla,Cerrado,0.6,45.9,True,4.0,False
PQR-202601-04701,2026-01-18,2026-01,Demora en la entrega,WhatsApp,Medellín,Cerrado,0.2,15.2,True,4.0,False
PQR-202601-04702,2026-01-14,2026-01,Demora en la entrega,WhatsApp,Medellín,Cerrado,1.8,16.1,True,4.0,False
PQR-202601-04703,2026-01-02,2026-01,Reclamo por precio o promoción,Instagram / redes,Bogotá,Cerrado,5.9,11.9,False,3.0,False
PQR-202601-04704,2026-01-21,2026-01,Contenido incompleto del envase,Instagram / redes,Pereira,Escalado,28.4,111.4,False,2.0,True
PQR-202601-04705,2026-01-03,2026-01,Camiseta personalizada pendiente,WhatsApp,Bogotá,Cerrado,0.1,120.0,True,4.0,False
PQR-202601-04706,2026-01-02,2026-01,Contenido incompleto del envase,Línea gratuita #590,Villavicencio,Cerrado,2.4,35.2,True,3.0,False
PQR-202601-04707,2026-01-01,2026-01,Producto averiado en transporte,Chat del sitio,Cali,Cerrado,0.7,45.0,True,3.0,False
PQR-202601-04708,2026-01-10,2026-01,Contenido incompleto del envase,WhatsApp,Medellín,Escalado,9.8,116.4,False,4.0,True
PQR-202601-04709,2026-01-05,2026-01,Faltante en el pedido,WhatsApp,Bogotá,Cerrado,0.7,49.4,True,4.0,False
PQR-202601-04710,2026-01-08,2026-01,Contenido incompleto del envase,Línea gratuita #590,Cali,Escalado,7.6,91.3,False,3.0,True
PQR-202601-04711,2026-01-05,2026-01,Solicitud de factura electrónica,WhatsApp,Armenia,Cerrado,1.4,10.8,True,3.0,False
PQR-202601-04712,2026-01-03,2026-01,Contenido incompleto del envase,WhatsApp,Santa Marta,Escalado,1.2,7.5,True,5.0,True
PQR-202601-04713,2026-01-10,2026-01,Producto averiado en transporte,WhatsApp,Medellín,Cerrado,2.3,3.3,True,3.0,False
PQR-202601-04714,2026-01-17,2026-01,Demora en la entrega,Línea gratuita #590,Santa Marta,Cerrado,0.2,11.4,True,3.0,False
PQR-202601-04715,2026-01-04,2026-01,Faltante en el pedido,WhatsApp,Cali,Cerrado,2.2,9.5,True,4.0,False
PQR-202601-04716,2026-01-07,2026-01,Contenido incompleto del envase,WhatsApp,Pereira,Cerrado,1.1,39.9,True,4.0,False
PQR-202601-04717,2026-01-22,2026-01,Demora en la entrega,WhatsApp,Cartagena,Cerrado,1.1,17.9,True,4.0,False
PQR-202601-04718,2026-01-07,2026-01,Evento adverso reportado,Línea gratuita #590,Pereira,Cerrado,5.5,48.7,False,3.0,True
PQR-202601-04719,2026-01-25,2026-01,Demora en la entrega,WhatsApp,Medellín,Cerrado,0.2,22.4,True,3.0,False
PQR-202601-04720,2026-01-18,2026-01,Faltante en el pedido,Chat del sitio,Cartagena,Cerrado,0.5,45.5,True,5.0,False
PQR-202601-04721,2026-01-12,2026-01,Faltante en el pedido,Línea gratuita #590,Bogotá,Cerrado,4.5,13.9,False,4.0,False
PQR-202601-04722,2026-01-23,2026-01,Demora en la entrega,WhatsApp,Bucaramanga,Cerrado,0.8,26.6,True,4.0,False
PQR-202601-04723,2026-01-19,2026-01,Reclamo por precio o promoción,Línea gratuita #590,Manizales,Cerrado,0.4,5.7,True,3.0,False
PQR-202601-04724,2026-01-23,2026-01,Demora en la entrega,WhatsApp,Bogotá,Cerrado,0.6,2.0,True,3.0,False
PQR-202601-04725,2026-01-02,2026-01,Faltante en el pedido,Chat del sitio,Bogotá,Cerrado,0.1,32.2,True,4.0,False
PQR-202601-04726,2026-01-13,2026-01,Producto averiado en transporte,Línea gratuita #590,Bogotá,Cerrado,0.1,5.5,True,3.0,False
PQR-202601-04727,2026-01-25,2026-01,Producto averiado en transporte,WhatsApp,Bucaramanga,Cerrado,1.2,20.1,True,5.0,False
PQR-202601-04728,2026-01-02,2026-01,Solicitud de factura electrónica,WhatsApp,Cartagena,Cerrado,0.1,16.1,True,3.0,False
PQR-202601-04729,2026-01-11,2026-01,Demora en la entrega,Línea gratuita #590,Cali,Cerrado,1.0,2.0,True,3.0,False
PQR-202601-04730,2026-01-04,2026-01,Camiseta personalizada pendiente,WhatsApp,Pasto,Cerrado,2.9,20.2,True,3.0,False
PQR-202601-04731,2026-01-06,2026-01,Demora en la entrega,Chat del sitio,Cúcuta,Cerrado,0.3,23.0,True,5.0,False
PQR-202601-04732,2026-01-23,2026-01,Demora en la entrega,Tienda física,Cartagena,Cerrado,7.6,19.3,False,3.0,False
PQR-202601-04733,2026-01-20,2026-01,Reclamo por precio o promoción,WhatsApp,Santa Marta,Cerrado,0.6,6.0,True,3.0,False
PQR-202601-04734,2026-01-17,2026-01,Demora en la entrega,Correo electrónico,Villavicencio,Cerrado,10.4,14.5,False,4.0,False
PQR-202601-04735,2026-01-21,2026-01,Reclamo por precio o promoción,Chat del sitio,Bogotá,Cerrado,0.5,24.0,True,3.0,False
PQR-202601-04736,2026-01-25,2026-01,Faltante en el pedido,WhatsApp,Bogotá,Cerrado,0.1,60.1,True,3.0,False
PQR-202601-04737,2026-01-21,2026-01,Faltante en el pedido,Chat del sitio,Bogotá,Cerrado,6.8,14.7,False,2.0,False
PQR-202601-04738,2026-01-10,2026-01,Cambio o garantía,WhatsApp,Barranquilla,Cerrado,0.5,13.0,True,4.0,False
PQR-202601-04739,2026-01-07,2026-01,Demora en la entrega,Línea gratuita #590,Cali,Cerrado,1.4,41.1,True,5.0,False
PQR-202601-04740,2026-01-21,2026-01,Producto averiado en transporte,WhatsApp,Bogotá,Cerrado,1.8,29.7,True,3.0,False
PQR-202601-04741,2026-01-24,2026-01,Reclamo por precio o promoción,WhatsApp,Medellín,Cerrado,1.6,36.9,True,5.0,False
PQR-202601-04742,2026-01-01,2026-01,Faltante en el pedido,Línea gratuita #590,Medellín,Cerrado,2.0,14.8,True,3.0,False
PQR-202601-04743,2026-01-21,2026-01,Reclamo por precio o promoción,Chat del sitio,Cali,Cerrado,4.9,19.3,False,4.0,False
PQR-202601-04744,2026-01-24,2026-01,Solicitud de factura electrónica,Línea gratuita #590,Medellín,Cerrado,0.8,4.3,True,4.0,False
PQR-202601-04745,2026-01-11,2026-01,Demora en la entrega,Chat del sitio,Medellín,Cerrado,0.1,48.5,True,3.0,False
PQR-202601-04746,2026-01-18,2026-01,Camiseta personalizada pendiente,WhatsApp,Santa Marta,Cerrado,0.4,57.2,True,4.0,False
PQR-202601-04747,2026-01-05,2026-01,Demora en la entrega,Instagram / redes,Bucaramanga,Cerrado,2.3,7.6,True,4.0,False
PQR-202601-04748,2026-01-09,2026-01,Contenido incompleto del envase,WhatsApp,Cali,Escalado,0.2,62.0,True,5.0,True
PQR-202601-04749,2026-01-18,2026-01,Demora en la entrega,Instagram / redes,Cali,Cerrado,0.1,18.2,True,3.0,False
PQR-202601-04750,2026-01-04,2026-01,Solicitud de factura electrónica,Línea gratuita #590,Bogotá,Cerrado,0.1,8.5,True,5.0,False
PQR-202601-04751,2026-01-12,2026-01,Producto averiado en transporte,WhatsApp,Bogotá,Cerrado,4.9,15.1,False,2.0,False
PQR-202601-04752,2026-01-10,2026-01,Contenido incompleto del envase,Línea gratuita #590,Bogotá,Cerrado,3.5,70.2,True,4.0,False
PQR-202601-04753,2026-01-14,2026-01,Solicitud de factura electrónica,Línea gratuita #590,Cali,Cerrado,1.3,5.8,True,5.0,False
PQR-202601-04754,2026-01-10,2026-01,Faltante en el pedido,Chat del sitio,Bogotá,Cerrado,0.4,6.8,True,3.0,False
PQR-202601-04755,2026-01-14,2026-01,Camiseta personalizada pendiente,WhatsApp,Armenia,Escalado,0.1,70.2,True,4.0,True
PQR-202601-04756,2026-01-08,2026-01,Faltante en el pedido,Correo electrónico,Cali,Cerrado,19.8,22.3,False,4.0,False
PQR-202601-04757,2026-01-15,2026-01,Camiseta personalizada pendiente,Instagram / redes,Cali,Escalado,0.7,83.2,True,3.0,True
PQR-202601-04758,2026-01-18,2026-01,Producto averiado en transporte,Instagram / redes,Bucaramanga,Cerrado,2.4,33.1,True,3.0,False
PQR-202601-04759,2026-01-03,2026-01,Demora en la entrega,WhatsApp,Bucaramanga,Cerrado,0.3,6.0,True,4.0,False
PQR-202601-04760,2026-01-25,2026-01,Cambio o garantía,WhatsApp,Cali,Cerrado,1.1,13.3,True,3.0,False
PQR-202601-04761,2026-01-22,2026-01,Faltante en el pedido,WhatsApp,Bogotá,Cerrado,1.8,2.8,True,4.0,False
PQR-202601-04762,2026-01-25,2026-01,Demora en la entrega,Correo electrónico,Cali,Cerrado,4.4,16.9,False,4.0,False
PQR-202601-04763,2026-01-03,2026-01,Demora en la entrega,WhatsApp,Cali,Cerrado,2.4,7.8,True,4.0,False
PQR-202601-04764,2026-01-11,2026-01,Contenido incompleto del envase,Línea gratuita #590,Neiva,Cerrado,6.1,51.9,False,2.0,False
PQR-202601-04765,2026-01-08,2026-01,Producto averiado en transporte,Instagram / redes,Medellín,Cerrado,5.7,35.3,False,3.0,False
PQR-202601-04766,2026-01-12,2026-01,Camiseta personalizada pendiente,WhatsApp,Cali,Cerrado,1.2,172.5,True,3.0,False
PQR-202601-04767,2026-01-02,2026-01,Camiseta personalizada pendiente,WhatsApp,Pereira,Escalado,0.9,67.6,True,4.0,True
PQR-202601-04768,2026-01-09,2026-01,Duda sobre uso del producto,Instagram / redes,Cali,Cerrado,2.3,30.2,True,3.0,False
PQR-202601-04769,2026-01-13,2026-01,Solicitud de factura electrónica,WhatsApp,Pereira,Cerrado,0.3,9.7,True,4.0,False
PQR-202601-04770,2026-01-22,2026-01,Duda sobre uso del producto,Instagram / redes,Barranquilla,Cerrado,2.3,14.3,True,4.0,False
PQR-202601-04771,2026-01-09,2026-01,Camiseta personalizada pendiente,Instagram / redes,Cali,Escalado,1.4,10.8,True,5.0,True
PQR-202601-04772,2026-01-01,2026-01,Demora en la entrega,WhatsApp,Bucaramanga,Cerrado,2.4,59.1,True,4.0,False
PQR-202601-04773,2026-01-26,2026-01,Contenido incompleto del envase,WhatsApp,Manizales,Escalado,2.6,114.9,True,3.0,True
PQR-202601-04774,2026-01-09,2026-01,Producto averiado en transporte,WhatsApp,Cali,Cerrado,0.4,10.7,True,2.0,False
PQR-202601-04775,2026-01-14,2026-01,Faltante en el pedido,WhatsApp,Bogotá,Cerrado,3.8,9.9,True,4.0,False
PQR-202601-04776,2026-01-18,2026-01,Reclamo por precio o promoción,WhatsApp,Barranquilla,Cerrado,1.4,50.3,True,4.0,False
PQR-202601-04777,2026-01-25,2026-01,Faltante en el pedido,WhatsApp,Barranquilla,Cerrado,1.4,11.3,True,5.0,False
PQR-202601-04778,2026-01-10,2026-01,Reclamo por precio o promoción,WhatsApp,Bucaramanga,Cerrado,0.9,4.1,True,3.0,False
PQR-202601-04779,2026-01-02,2026-01,Producto averiado en transporte,Chat del sitio,Cartagena,Cerrado,2.0,23.3,True,4.0,False
PQR-202601-04780,2026-01-18,2026-01,Evento adverso reportado,Instagram / redes,Medellín,Cerrado,1.7,125.4,True,2.0,True
PQR-202601-04781,2026-01-08,2026-01,Contenido incompleto del envase,Línea gratuita #590,Cartagena,Cerrado,0.3,44.4,True,4.0,False
PQR-202601-04782,2026-01-02,2026-01,Camiseta personalizada pendiente,WhatsApp,Barranquilla,Escalado,4.1,41.7,False,4.0,True
PQR-202601-04783,2026-01-18,2026-01,Reclamo por precio o promoción,WhatsApp,Barranquilla,Cerrado,1.7,15.8,True,5.0,False
PQR-202601-04784,2026-01-20,2026-01,Demora en la entrega,Línea gratuita #590,Bogotá,Cerrado,4.6,13.4,False,5.0,False
PQR-202601-04785,2026-01-26,2026-01,Camiseta personalizada pendiente,Chat del sitio,Ibagué,Escalado,0.3,15.8,True,4.0,True
PQR-202601-04786,2026-01-03,2026-01,Evento adverso reportado,Línea gratuita #590,Bogotá,Escalado,3.0,4.0,True,5.0,True
PQR-202601-04787,2026-01-08,2026-01,Demora en la entrega,Línea gratuita #590,Bogotá,Cerrado,0.1,65.4,True,4.0,False
PQR-202601-04788,2026-01-24,2026-01,Camiseta personalizada pendiente,WhatsApp,Cali,Escalado,2.1,77.6,True,4.0,True
PQR-202601-04789,2026-01-09,2026-01,Camiseta personalizada pendiente,Línea gratuita #590,Bucaramanga,Escalado,0.1,4.5,True,4.0,True
PQR-202601-04790,2026-01-16,2026-01,Camiseta personalizada pendiente,Línea gratuita #590,Bogotá,Escalado,1.9,27.2,True,3.0,True
PQR-202601-04791,2026-01-03,2026-01,Duda sobre uso del producto,Tienda física,Cali,Cerrado,0.2,13.2,True,5.0,False
PQR-202601-04792,2026-01-16,2026-01,Demora en la entrega,Chat del sitio,Bogotá,Cerrado,1.9,91.6,True,4.0,False
PQR-202601-04793,2026-01-22,2026-01,Camiseta personalizada pendiente,Línea gratuita #590,Medellín,Cerrado,1.5,21.6,True,4.0,False
PQR-202601-04794,2026-01-17,2026-01,Demora en la entrega,WhatsApp,Cali,Cerrado,3.2,39.2,True,5.0,False
PQR-202601-04795,2026-01-07,2026-01,Camiseta personalizada pendiente,WhatsApp,Santa Marta,Escalado,2.1,164.1,True,3.0,True
PQR-202601-04796,2026-01-21,2026-01,Solicitud de factura electrónica,WhatsApp,Cali,Cerrado,0.4,29.3,True,3.0,False
PQR-202601-04797,2026-01-22,2026-01,Cambio o garantía,WhatsApp,Medellín,Cerrado,0.3,11.9,True,4.0,False
PQR-202601-04798,2026-01-05,2026-01,Producto averiado en transporte,Correo electrónico,Barranquilla,Cerrado,4.8,17.0,False,3.0,False
PQR-202601-04799,2026-01-10,2026-01,Demora en la entrega,WhatsApp,Pereira,Cerrado,0.9,73.7,True,3.0,False
PQR-202601-04800,2026-01-08,2026-01,Demora en la entrega,Instagram / redes,Bogotá,Cerrado,11.7,16.0,False,4.0,False
PQR-202601-04801,2026-01-06,2026-01,Solicitud de factura electrónica,Línea gratuita #590,Bucaramanga,Cerrado,0.2,4.3,True,5.0,False
PQR-202601-04802,2026-01-09,2026-01,Faltante en el pedido,Línea gratuita #590,Cali,Cerrado,0.2,48.0,True,4.0,False
PQR-202601-04803,2026-01-03,2026-01,Faltante en el pedido,WhatsApp,Barranquilla,Cerrado,0.2,29.6,True,4.0,False
PQR-202601-04804,2026-01-05,2026-01,Reclamo por precio o promoción,Chat del sitio,Ibagué,Cerrado,0.2,1.2,True,3.0,False
PQR-202601-04805,2026-01-19,2026-01,Demora en la entrega,Tienda física,Villavicencio,Cerrado,2.6,28.7,True,4.0,False
PQR-202601-04806,2026-01-17,2026-01,Evento adverso reportado,WhatsApp,Pereira,Escalado,0.8,73.8,True,3.0,True
PQR-202601-04807,2026-01-06,2026-01,Solicitud de factura electrónica,Tienda física,Cali,Cerrado,2.4,4.1,True,3.0,False
PQR-202601-04808,2026-01-17,2026-01,Cambio o garantía,WhatsApp,Cúcuta,Cerrado,0.1,37.3,True,4.0,False
PQR-202601-04809,2026-01-10,2026-01,Demora en la entrega,Chat del sitio,Pereira,Cerrado,0.6,57.7,True,5.0,False
PQR-202601-04810,2026-01-15,2026-01,Duda sobre uso del producto,WhatsApp,Villavicencio,Cerrado,0.3,21.2,True,3.0,False
PQR-202601-04811,2026-01-15,2026-01,Demora en la entrega,WhatsApp,Manizales,Cerrado,0.4,3.9,True,4.0,False
PQR-202601-04812,2026-01-01,2026-01,Demora en la entrega,Línea gratuita #590,Cali,Cerrado,0.8,33.3,True,4.0,False
PQR-202601-04813,2026-01-27,2026-01,Cambio o garantía,Chat del sitio,Barranquilla,Cerrado,5.6,17.6,False,4.0,False
PQR-202601-04814,2026-01-03,2026-01,Camiseta personalizada pendiente,Línea gratuita #590,Cúcuta,Escalado,1.5,49.9,True,5.0,True
PQR-202601-04815,2026-01-04,2026-01,Cambio o garantía,Chat del sitio,Barranquilla,Cerrado,2.7,8.7,True,3.0,False
PQR-202601-04816,2026-01-15,2026-01,Demora en la entrega,WhatsApp,Bucaramanga,Cerrado,0.2,5.3,True,4.0,False
PQR-202601-04817,2026-01-12,2026-01,Solicitud de factura electrónica,WhatsApp,Villavicencio,Cerrado,0.2,10.9,True,4.0,False
PQR-202601-04818,2026-01-04,2026-01,Camiseta personalizada pendiente,Chat del sitio,Bogotá,Escalado,6.3,43.9,False,3.0,True
PQR-202601-04819,2026-01-15,2026-01,Faltante en el pedido,WhatsApp,Medellín,Cerrado,6.7,24.6,False,2.0,False
PQR-202601-04820,2026-01-06,2026-01,Camiseta personalizada pendiente,Correo electrónico,Medellín,Escalado,5.1,32.9,False,2.0,True
PQR-202601-04821,2026-01-21,2026-01,Contenido incompleto del envase,Chat del sitio,Ibagué,Cerrado,6.4,37.2,False,4.0,False
PQR-202601-04822,2026-01-08,2026-01,Demora en la entrega,Chat del sitio,Bogotá,Cerrado,0.7,28.4,True,4.0,False
PQR-202601-04823,2026-01-21,2026-01,Cambio o garantía,WhatsApp,Bogotá,Cerrado,2.2,7.8,True,4.0,False
PQR-202601-04824,2026-01-03,2026-01,Faltante en el pedido,WhatsApp,Cali,Cerrado,1.0,129.2,True,3.0,False
PQR-202601-04825,2026-01-06,2026-01,Demora en la entrega,WhatsApp,Bucaramanga,Cerrado,3.0,5.4,True,4.0,False
PQR-202601-04826,2026-01-23,2026-01,Producto averiado en transporte,Correo electrónico,Bogotá,Cerrado,9.4,14.2,False,4.0,False
PQR-202601-04827,2026-01-14,2026-01,Reclamo por precio o promoción,Línea gratuita #590,Bogotá,Cerrado,2.5,32.9,True,4.0,False
PQR-202601-04828,2026-01-27,2026-01,Contenido incompleto del envase,WhatsApp,Bogotá,Escalado,4.8,91.1,False,4.0,True
PQR-202601-04829,2026-01-22,2026-01,Camiseta personalizada pendiente,Tienda física,Cali,Escalado,13.4,44.6,False,4.0,True
PQR-202601-04830,2026-01-08,2026-01,Demora en la entrega,Chat del sitio,Santa Marta,Cerrado,0.3,33.4,True,4.0,False
PQR-202601-04831,2026-01-24,2026-01,Camiseta personalizada pendiente,WhatsApp,Cali,Escalado,4.2,46.8,False,5.0,True
PQR-202601-04832,2026-01-22,2026-01,Faltante en el pedido,Instagram / redes,Bogotá,Cerrado,7.1,91.6,False,3.0,False
PQR-202601-04833,2026-01-20,2026-01,Reclamo por precio o promoción,WhatsApp,Bogotá,Cerrado,4.8,8.3,False,4.0,False
PQR-202601-04834,2026-01-16,2026-01,Reclamo por precio o promoción,WhatsApp,Pereira,Cerrado,0.5,3.4,True,3.0,False
PQR-202601-04835,2026-01-02,2026-01,Solicitud de factura electrónica,Chat del sitio,Bogotá,Cerrado,1.4,3.1,True,5.0,False
PQR-202601-04836,2026-01-16,2026-01,Faltante en el pedido,Chat del sitio,Medellín,Cerrado,0.1,6.7,True,4.0,False
PQR-202601-04837,2026-01-23,2026-01,Camiseta personalizada pendiente,WhatsApp,Ibagué,Escalado,1.7,59.9,True,4.0,True
PQR-202601-04838,2026-01-26,2026-01,Evento adverso reportado,Línea gratuita #590,Bogotá,Cerrado,2.1,7.2,True,4.0,True
PQR-202601-04839,2026-01-27,2026-01,Faltante en el pedido,Tienda física,Villavicencio,Cerrado,1.6,3.5,True,5.0,False
PQR-202601-04840,2026-01-01,2026-01,Faltante en el pedido,Chat del sitio,Medellín,Cerrado,0.1,24.5,True,3.0,False
PQR-202601-04841,2026-01-12,2026-01,Reclamo por precio o promoción,Línea gratuita #590,Bogotá,Cerrado,0.3,16.5,True,4.0,False
PQR-202601-04842,2026-01-27,2026-01,Demora en la entrega,WhatsApp,Pereira,Cerrado,1.0,8.4,True,3.0,False
PQR-202601-04843,2026-01-01,2026-01,Faltante en el pedido,Chat del sitio,Cali,Cerrado,0.4,26.3,True,4.0,False
PQR-202601-04844,2026-01-04,2026-01,Producto averiado en transporte,Instagram / redes,Manizales,Cerrado,1.4,13.3,True,4.0,False
PQR-202601-04845,2026-01-05,2026-01,Demora en la entrega,WhatsApp,Cartagena,Cerrado,0.6,6.2,True,4.0,False
PQR-202601-04846,2026-01-17,2026-01,Demora en la entrega,Chat del sitio,Pasto,Cerrado,0.3,60.3,True,4.0,False
PQR-202601-04847,2026-01-24,2026-01,Faltante en el pedido,WhatsApp,Bogotá,Cerrado,1.2,16.5,True,4.0,False
PQR-202601-04848,2026-01-05,2026-01,Camiseta personalizada pendiente,Línea gratuita #590,Bogotá,Escalado,5.4,59.7,False,3.0,True
PQR-202601-04849,2026-01-12,2026-01,Cambio o garantía,WhatsApp,Cali,Cerrado,1.5,72.9,True,4.0,False
PQR-202601-04850,2026-01-04,2026-01,Solicitud de factura electrónica,WhatsApp,Barranquilla,Cerrado,0.5,1.5,True,5.0,False
PQR-202601-04851,2026-01-03,2026-01,Contenido incompleto del envase,Tienda física,Cúcuta,Cerrado,11.5,12.5,False,4.0,False
PQR-202601-04852,2026-01-10,2026-01,Demora en la entrega,Línea gratuita #590,Medellín,Cerrado,1.1,36.0,True,3.0,False
PQR-202601-04853,2026-01-26,2026-01,Camiseta personalizada pendiente,WhatsApp,Bucaramanga,Cerrado,2.5,18.4,True,2.0,False
PQR-202601-04854,2026-01-23,2026-01,Camiseta personalizada pendiente,Línea gratuita #590,Villavicencio,Escalado,0.5,37.3,True,4.0,True
PQR-202601-04855,2026-01-09,2026-01,Faltante en el pedido,Correo electrónico,Cali,Cerrado,26.1,31.6,False,3.0,False
PQR-202601-04856,2026-01-03,2026-01,Evento adverso reportado,WhatsApp,Bogotá,Cerrado,3.7,343.7,True,3.0,True
PQR-202601-04857,2026-01-19,2026-01,Faltante en el pedido,WhatsApp,Cartagena,Cerrado,1.0,50.9,True,5.0,False
PQR-202601-04858,2026-01-23,2026-01,Cambio o garantía,WhatsApp,Bogotá,Cerrado,0.9,32.9,True,3.0,False
PQR-202601-04859,2026-01-08,2026-01,Faltante en el pedido,WhatsApp,Manizales,Cerrado,1.1,131.2,True,3.0,False
PQR-202601-04860,2026-01-08,2026-01,Faltante en el pedido,Tienda física,Pereira,Cerrado,3.7,128.7,True,3.0,False
PQR-202601-04861,2026-01-24,2026-01,Demora en la entrega,WhatsApp,Pereira,Cerrado,0.7,11.3,True,4.0,False
PQR-202601-04862,2026-01-25,2026-01,Solicitud de factura electrónica,WhatsApp,Medellín,Cerrado,0.4,12.1,True,4.0,False
PQR-202601-04863,2026-01-08,2026-01,Reclamo por precio o promoción,WhatsApp,Bucaramanga,Cerrado,0.3,2.7,True,2.0,False
PQR-202601-04864,2026-01-26,2026-01,Producto averiado en transporte,Instagram / redes,Santa Marta,Cerrado,5.7,41.2,False,4.0,False
PQR-202601-04865,2026-01-27,2026-01,Faltante en el pedido,WhatsApp,Bogotá,Cerrado,0.7,4.1,True,3.0,False
PQR-202601-04866,2026-01-08,2026-01,Faltante en el pedido,Línea gratuita #590,Bogotá,Cerrado,4.2,24.6,False,4.0,False
PQR-202601-04867,2026-01-12,2026-01,Faltante en el pedido,WhatsApp,Cartagena,Cerrado,0.1,42.7,True,4.0,False
PQR-202601-04868,2026-01-08,2026-01,Contenido incompleto del envase,Tienda física,Bogotá,Cerrado,1.4,15.9,True,3.0,False
PQR-202601-04869,2026-01-26,2026-01,Demora en la entrega,WhatsApp,Ibagué,Cerrado,0.1,44.6,True,4.0,False
PQR-202601-04870,2026-01-17,2026-01,Reclamo por precio o promoción,WhatsApp,Bogotá,Cerrado,2.0,5.6,True,5.0,False
PQR-202601-04871,2026-01-06,2026-01,Contenido incompleto del envase,Línea gratuita #590,Cúcuta,Escalado,0.3,38.6,True,4.0,True
PQR-202601-04872,2026-01-18,2026-01,Demora en la entrega,WhatsApp,Villavicencio,Cerrado,0.2,22.1,True,3.0,False
PQR-202601-04873,2026-01-09,2026-01,Solicitud de factura electrónica,WhatsApp,Medellín,Cerrado,0.5,17.8,True,5.0,False
PQR-202601-04874,2026-01-11,2026-01,Cambio o garantía,WhatsApp,Cartagena,Cerrado,1.8,8.2,True,4.0,False
PQR-202601-04875,2026-01-22,2026-01,Demora en la entrega,WhatsApp,Pereira,Cerrado,3.4,23.1,True,4.0,False
PQR-202601-04876,2026-01-15,2026-01,Cambio o garantía,Tienda física,Cali,Cerrado,2.6,31.8,True,3.0,False
PQR-202601-04877,2026-01-20,2026-01,Duda sobre uso del producto,Correo electrónico,Cali,Cerrado,1.1,11.7,True,3.0,False
PQR-202601-04878,2026-01-09,2026-01,Demora en la entrega,WhatsApp,Bucaramanga,Cerrado,4.6,8.2,False,5.0,False
PQR-202601-04879,2026-01-06,2026-01,Producto averiado en transporte,WhatsApp,Villavicencio,Cerrado,0.1,15.0,True,4.0,False
PQR-202601-04880,2026-01-23,2026-01,Evento adverso reportado,Línea gratuita #590,Manizales,Escalado,3.2,93.9,True,3.0,True
PQR-202601-04881,2026-01-17,2026-01,Faltante en el pedido,WhatsApp,Medellín,Cerrado,0.1,75.2,True,3.0,False
PQR-202601-04882,2026-01-19,2026-01,Demora en la entrega,WhatsApp,Medellín,Cerrado,0.1,4.7,True,2.0,False
PQR-202601-04883,2026-01-16,2026-01,Duda sobre uso del producto,Correo electrónico,Cali,Cerrado,1.9,6.7,True,3.0,False
PQR-202601-04884,2026-01-23,2026-01,Reclamo por precio o promoción,WhatsApp,Medellín,Cerrado,1.7,8.1,True,4.0,False
PQR-202601-04885,2026-01-03,2026-01,Demora en la entrega,WhatsApp,Barranquilla,Cerrado,0.3,3.4,True,3.0,False
PQR-202601-04886,2026-01-19,2026-01,Contenido incompleto del envase,Línea gratuita #590,Medellín,Escalado,1.2,78.6,True,3.0,True
PQR-202601-04887,2026-01-22,2026-01,Contenido incompleto del envase,Tienda física,Cali,Escalado,3.5,16.5,True,3.0,True
PQR-202601-04888,2026-01-19,2026-01,Faltante en el pedido,WhatsApp,Medellín,Cerrado,1.6,28.4,True,5.0,False
PQR-202601-04889,2026-01-27,2026-01,Solicitud de factura electrónica,WhatsApp,Barranquilla,Cerrado,3.3,5.3,True,3.0,False
PQR-202601-04890,2026-01-15,2026-01,Camiseta personalizada pendiente,Línea gratuita #590,Medellín,Cerrado,7.1,100.0,False,2.0,False
PQR-202601-04891,2026-01-22,2026-01,Faltante en el pedido,WhatsApp,Bogotá,Cerrado,1.0,57.4,True,3.0,False
PQR-202601-04892,2026-01-15,2026-01,Faltante en el pedido,Línea gratuita #590,Bogotá,Cerrado,4.4,9.9,False,4.0,False
PQR-202601-04893,2026-01-01,2026-01,Producto averiado en transporte,Tienda física,Pereira,Cerrado,3.7,5.2,True,4.0,False
PQR-202601-04894,2026-01-03,2026-01,Producto averiado en transporte,WhatsApp,Armenia,Cerrado,0.1,1.1,True,5.0,False
PQR-202601-04895,2026-01-25,2026-01,Duda sobre uso del producto,Instagram / redes,Medellín,Cerrado,2.9,16.3,True,4.0,False
PQR-202601-04896,2026-01-20,2026-01,Demora en la entrega,WhatsApp,Bogotá,Cerrado,1.1,10.0,True,4.0,False
PQR-202601-04897,2026-01-23,2026-01,Demora en la entrega,Chat del sitio,Bogotá,Cerrado,5.1,8.7,False,4.0,False
PQR-202601-04898,2026-01-03,2026-01,Contenido incompleto del envase,WhatsApp,Cali,Cerrado,1.8,10.8,True,4.0,False
PQR-202601-04899,2026-01-01,2026-01,Producto averiado en transporte,WhatsApp,Bogotá,Cerrado,0.6,29.7,True,3.0,False
PQR-202601-04900,2026-01-13,2026-01,Demora en la entrega,Instagram / redes,Cúcuta,Cerrado,13.9,70.6,False,5.0,False
PQR-202601-04901,2026-01-17,2026-01,Camiseta personalizada pendiente,WhatsApp,Ibagué,Escalado,1.7,92.0,True,2.0,True
PQR-202601-04902,2026-01-02,2026-01,Cambio o garantía,Correo electrónico,Barranquilla,Cerrado,13.8,65.8,False,4.0,False
PQR-202601-04903,2026-01-27,2026-01,Demora en la entrega,WhatsApp,Bogotá,Cerrado,0.2,24.5,True,5.0,False
PQR-202601-04904,2026-01-20,2026-01,Demora en la entrega,Tienda física,Bogotá,Cerrado,1.2,41.9,True,4.0,False
PQR-202601-04905,2026-01-17,2026-01,Demora en la entrega,WhatsApp,Bogotá,Cerrado,0.4,38.7,True,2.0,False
PQR-202601-04906,2026-01-19,2026-01,Camiseta personalizada pendiente,Línea gratuita #590,Bogotá,Cerrado,0.2,52.5,True,3.0,False
PQR-202601-04907,2026-01-14,2026-01,Faltante en el pedido,Instagram / redes,Cali,Cerrado,4.6,34.5,False,4.0,False
PQR-202601-04908,2026-01-13,2026-01,Demora en la entrega,WhatsApp,Bogotá,Cerrado,0.5,5.4,True,5.0,False
PQR-202601-04909,2026-01-12,2026-01,Camiseta personalizada pendiente,WhatsApp,Ibagué,Escalado,0.1,39.9,True,3.0,True
PQR-202601-04910,2026-01-21,2026-01,Faltante en el pedido,WhatsApp,Bucaramanga,Cerrado,1.3,21.3,True,3.0,False
PQR-202601-04911,2026-01-02,2026-01,Demora en la entrega,WhatsApp,Bogotá,Cerrado,0.7,54.1,True,4.0,False
PQR-202601-04912,2026-01-10,2026-01,Cambio o garantía,WhatsApp,Cali,Cerrado,0.8,2.0,True,5.0,False
PQR-202601-04913,2026-01-04,2026-01,Duda sobre uso del producto,WhatsApp,Medellín,Cerrado,0.4,7.2,True,3.0,False
PQR-202601-04914,2026-01-14,2026-01,Reclamo por precio o promoción,WhatsApp,Cali,Cerrado,1.5,16.8,True,5.0,False
PQR-202601-04915,2026-01-01,2026-01,Camiseta personalizada pendiente,Chat del sitio,Medellín,Cerrado,1.3,2.6,True,4.0,False
PQR-202601-04916,2026-01-03,2026-01,Reclamo por precio o promoción,Línea gratuita #590,Barranquilla,Cerrado,1.5,57.7,True,4.0,False
PQR-202601-04917,2026-01-25,2026-01,Camiseta personalizada pendiente,Instagram / redes,Bucaramanga,Cerrado,5.2,8.7,False,4.0,False
PQR-202601-04918,2026-01-09,2026-01,Demora en la entrega,Línea gratuita #590,Ibagué,Cerrado,1.1,8.7,True,2.0,False
PQR-202601-04919,2026-01-08,2026-01,Demora en la entrega,WhatsApp,Bogotá,Cerrado,3.9,21.7,True,4.0,False
PQR-202601-04920,2026-01-17,2026-01,Solicitud de factura electrónica,WhatsApp,Barranquilla,Cerrado,2.3,3.3,True,3.0,False
PQR-202601-04921,2026-01-08,2026-01,Demora en la entrega,Línea gratuita #590,Bogotá,Cerrado,1.8,6.3,True,5.0,False
PQR-202601-04922,2026-01-04,2026-01,Camiseta personalizada pendiente,WhatsApp,Medellín,Cerrado,0.1,1.1,True,4.0,False
PQR-202602-04923,2026-02-06,2026-02,Contenido incompleto del envase,WhatsApp,Bogotá,Escalado,0.6,20.8,True,4.0,True
PQR-202602-04924,2026-02-20,2026-02,Demora en la entrega,Tienda física,Pereira,Cerrado,2.6,25.7,True,3.0,False
PQR-202602-04925,2026-02-14,2026-02,Solicitud de factura electrónica,WhatsApp,Barranquilla,Cerrado,1.5,4.9,True,4.0,False
PQR-202602-04926,2026-02-16,2026-02,Solicitud de factura electrónica,WhatsApp,Villavicencio,Cerrado,1.1,3.4,True,3.0,False
PQR-202602-04927,2026-02-18,2026-02,Camiseta personalizada pendiente,Línea gratuita #590,Villavicencio,Escalado,4.0,17.4,True,3.0,True
PQR-202602-04928,2026-02-24,2026-02,Producto averiado en transporte,Chat del sitio,Cali,Cerrado,0.1,17.4,True,3.0,False
PQR-202602-04929,2026-02-13,2026-02,Faltante en el pedido,Chat del sitio,Bogotá,Cerrado,1.9,10.9,True,4.0,False
PQR-202602-04930,2026-02-05,2026-02,Faltante en el pedido,Chat del sitio,Medellín,Cerrado,2.5,9.1,True,5.0,False
PQR-202602-04931,2026-02-21,2026-02,Solicitud de factura electrónica,Línea gratuita #590,Pereira,Cerrado,0.1,22.0,True,4.0,False
PQR-202602-04932,2026-02-01,2026-02,Producto averiado en transporte,WhatsApp,Bogotá,Cerrado,1.3,43.8,True,4.0,False
PQR-202602-04933,2026-02-07,2026-02,Producto averiado en transporte,Línea gratuita #590,Barranquilla,Cerrado,2.3,18.3,True,4.0,False
PQR-202602-04934,2026-02-18,2026-02,Faltante en el pedido,WhatsApp,Cali,Cerrado,0.1,44.9,True,3.0,False
PQR-202602-04935,2026-02-27,2026-02,Reclamo por precio o promoción,Instagram / redes,Cartagena,Cerrado,2.2,60.5,True,3.0,False
PQR-202602-04936,2026-02-11,2026-02,Solicitud de factura electrónica,Línea gratuita #590,Bogotá,Cerrado,0.4,10.7,True,3.0,False
PQR-202602-04937,2026-02-05,2026-02,Faltante en el pedido,WhatsApp,Pereira,Cerrado,0.8,35.1,True,5.0,False
PQR-202602-04938,2026-02-18,2026-02,Producto averiado en transporte,Instagram / redes,Bucaramanga,Cerrado,3.9,15.2,True,3.0,False
PQR-202602-04939,2026-02-07,2026-02,Demora en la entrega,WhatsApp,Barranquilla,Cerrado,1.2,72.8,True,2.0,False
PQR-202602-04940,2026-02-19,2026-02,Faltante en el pedido,WhatsApp,Cali,Cerrado,4.5,15.7,False,4.0,False
PQR-202602-04941,2026-02-09,2026-02,Faltante en el pedido,Instagram / redes,Cali,Cerrado,5.6,28.2,False,4.0,False
PQR-202602-04942,2026-02-22,2026-02,Duda sobre uso del producto,Línea gratuita #590,Santa Marta,Cerrado,0.3,7.4,True,5.0,False
PQR-202602-04943,2026-02-12,2026-02,Camiseta personalizada pendiente,WhatsApp,Pereira,Cerrado,0.1,13.1,True,5.0,False
PQR-202602-04944,2026-02-10,2026-02,Cambio o garantía,Línea gratuita #590,Bucaramanga,Cerrado,1.1,17.3,True,4.0,False
PQR-202602-04945,2026-02-17,2026-02,Solicitud de factura electrónica,WhatsApp,Cartagena,Cerrado,0.1,1.6,True,4.0,False
PQR-202602-04946,2026-02-08,2026-02,Contenido incompleto del envase,Instagram / redes,Bogotá,Escalado,2.5,6.5,True,3.0,True
PQR-202602-04947,2026-02-16,2026-02,Camiseta personalizada pendiente,WhatsApp,Cartagena,Escalado,4.6,69.7,False,4.0,True
PQR-202602-04948,2026-02-22,2026-02,Faltante en el pedido,Tienda física,Cali,Cerrado,0.1,41.5,True,3.0,False
PQR-202602-04949,2026-02-10,2026-02,Contenido incompleto del envase,Línea gratuita #590,Cartagena,Escalado,1.0,20.5,True,4.0,True
PQR-202602-04950,2026-02-09,2026-02,Demora en la entrega,Chat del sitio,Barranquilla,Cerrado,1.3,30.0,True,5.0,False
PQR-202602-04951,2026-02-25,2026-02,Producto averiado en transporte,WhatsApp,Manizales,Cerrado,1.5,9.5,True,4.0,False
PQR-202602-04952,2026-02-16,2026-02,Reclamo por precio o promoción,Línea gratuita #590,Bogotá,Cerrado,0.1,5.0,True,5.0,False
PQR-202602-04953,2026-02-10,2026-02,Demora en la entrega,WhatsApp,Bogotá,Cerrado,0.2,78.7,True,5.0,False
PQR-202602-04954,2026-02-27,2026-02,Evento adverso reportado,Línea gratuita #590,Bogotá,Escalado,4.9,9.8,False,4.0,True
PQR-202602-04955,2026-02-02,2026-02,Reclamo por precio o promoción,Instagram / redes,Cali,Cerrado,1.1,7.6,True,2.0,False
PQR-202602-04956,2026-02-15,2026-02,Demora en la entrega,WhatsApp,Medellín,Cerrado,0.2,41.6,True,4.0,False
PQR-202602-04957,2026-02-03,2026-02,Duda sobre uso del producto,WhatsApp,Barranquilla,Cerrado,2.6,13.5,True,4.0,False
PQR-202602-04958,2026-02-01,2026-02,Producto averiado en transporte,Instagram / redes,Medellín,Cerrado,2.2,60.3,True,3.0,False
PQR-202602-04959,2026-02-20,2026-02,Solicitud de factura electrónica,WhatsApp,Barranquilla,Cerrado,0.3,9.1,True,3.0,False
PQR-202602-04960,2026-02-08,2026-02,Reclamo por precio o promoción,WhatsApp,Bogotá,Cerrado,0.8,11.4,True,4.0,False
PQR-202602-04961,2026-02-21,2026-02,Faltante en el pedido,Chat del sitio,Medellín,Cerrado,0.2,4.4,True,3.0,False
PQR-202602-04962,2026-02-13,2026-02,Faltante en el pedido,Tienda física,Medellín,Cerrado,4.3,37.9,False,2.0,False
PQR-202602-04963,2026-02-23,2026-02,Faltante en el pedido,WhatsApp,Ibagué,Cerrado,1.4,87.4,True,2.0,False
PQR-202602-04964,2026-02-18,2026-02,Demora en la entrega,WhatsApp,Barranquilla,Cerrado,0.3,15.4,True,5.0,False
PQR-202602-04965,2026-02-23,2026-02,Camiseta personalizada pendiente,Chat del sitio,Bogotá,Escalado,0.7,51.2,True,3.0,True
PQR-202602-04966,2026-02-14,2026-02,Demora en la entrega,Línea gratuita #590,Barranquilla,Cerrado,0.9,23.5,True,4.0,False
PQR-202602-04967,2026-02-02,2026-02,Contenido incompleto del envase,WhatsApp,Cali,Escalado,6.8,126.5,False,2.0,True
PQR-202602-04968,2026-02-11,2026-02,Solicitud de factura electrónica,Línea gratuita #590,Cúcuta,Cerrado,1.4,3.2,True,3.0,False
PQR-202602-04969,2026-02-03,2026-02,Cambio o garantía,Línea gratuita #590,Pereira,Cerrado,1.9,54.8,True,3.0,False
PQR-202602-04970,2026-02-05,2026-02,Contenido incompleto del envase,Instagram / redes,Bogotá,Cerrado,1.9,25.3,True,4.0,False
PQR-202602-04971,2026-02-26,2026-02,Contenido incompleto del envase,Correo electrónico,Bogotá,Escalado,53.4,62.5,False,5.0,True
PQR-202602-04972,2026-02-20,2026-02,Producto averiado en transporte,WhatsApp,Barranquilla,Cerrado,3.9,13.4,True,4.0,False
PQR-202602-04973,2026-02-08,2026-02,Contenido incompleto del envase,Chat del sitio,Medellín,Escalado,1.5,50.8,True,4.0,True
PQR-202602-04974,2026-02-21,2026-02,Producto averiado en transporte,Tienda física,Cúcuta,Cerrado,3.9,33.0,True,4.0,False
PQR-202602-04975,2026-02-14,2026-02,Producto averiado en transporte,Línea gratuita #590,Barranquilla,Cerrado,11.1,52.7,False,4.0,False
PQR-202602-04976,2026-02-22,2026-02,Faltante en el pedido,Chat del sitio,Barranquilla,Cerrado,0.5,12.4,True,3.0,False
PQR-202602-04977,2026-02-14,2026-02,Faltante en el pedido,Línea gratuita #590,Ibagué,Cerrado,2.2,48.2,True,3.0,False
PQR-202602-04978,2026-02-04,2026-02,Producto averiado en transporte,WhatsApp,Bucaramanga,Cerrado,0.9,26.9,True,3.0,False
PQR-202602-04979,2026-02-24,2026-02,Faltante en el pedido,WhatsApp,Bogotá,Cerrado,1.5,22.7,True,5.0,False
PQR-202602-04980,2026-02-25,2026-02,Camiseta personalizada pendiente,Línea gratuita #590,Bogotá,Escalado,3.4,109.5,True,2.0,True
PQR-202602-04981,2026-02-24,2026-02,Reclamo por precio o promoción,WhatsApp,Bogotá,Cerrado,0.3,1.3,True,3.0,False
PQR-202602-04982,2026-02-04,2026-02,Camiseta personalizada pendiente,WhatsApp,Bogotá,Cerrado,1.5,13.2,True,3.0,False
PQR-202602-04983,2026-02-08,2026-02,Faltante en el pedido,WhatsApp,Bogotá,Cerrado,3.5,19.1,True,4.0,False
PQR-202602-04984,2026-02-14,2026-02,Reclamo por precio o promoción,WhatsApp,Cali,Cerrado,2.4,25.5,True,4.0,False
PQR-202602-04985,2026-02-12,2026-02,Producto averiado en transporte,WhatsApp,Bogotá,Cerrado,1.0,10.5,True,4.0,False
PQR-202602-04986,2026-02-24,2026-02,Producto averiado en transporte,Chat del sitio,Villavicencio,Cerrado,0.4,40.4,True,3.0,False
PQR-202602-04987,2026-02-11,2026-02,Contenido incompleto del envase,Correo electrónico,Medellín,Cerrado,7.6,77.3,False,4.0,False
PQR-202602-04988,2026-02-16,2026-02,Evento adverso reportado,WhatsApp,Pasto,Cerrado,0.6,102.5,True,2.0,True
PQR-202602-04989,2026-02-07,2026-02,Demora en la entrega,WhatsApp,Cali,Cerrado,0.7,20.1,True,4.0,False
PQR-202602-04990,2026-02-07,2026-02,Duda sobre uso del producto,WhatsApp,Cartagena,Cerrado,0.9,9.1,True,4.0,False
PQR-202602-04991,2026-02-10,2026-02,Faltante en el pedido,Correo electrónico,Cali,Cerrado,0.5,45.4,True,3.0,False
PQR-202602-04992,2026-02-20,2026-02,Cambio o garantía,Tienda física,Bogotá,Cerrado,9.3,25.5,False,4.0,False
PQR-202602-04993,2026-02-17,2026-02,Demora en la entrega,Chat del sitio,Bogotá,Cerrado,1.3,12.9,True,5.0,False
PQR-202602-04994,2026-02-25,2026-02,Demora en la entrega,WhatsApp,Barranquilla,Cerrado,2.0,5.4,True,3.0,False
PQR-202602-04995,2026-02-23,2026-02,Evento adverso reportado,WhatsApp,Ibagué,Escalado,3.8,8.7,True,3.0,True
PQR-202602-04996,2026-02-16,2026-02,Demora en la entrega,Tienda física,Neiva,Cerrado,6.7,41.0,False,3.0,False
PQR-202602-04997,2026-02-27,2026-02,Faltante en el pedido,Instagram / redes,Bogotá,Cerrado,5.4,27.7,False,4.0,False
PQR-202602-04998,2026-02-10,2026-02,Demora en la entrega,Instagram / redes,Bogotá,Cerrado,2.8,28.0,True,3.0,False
PQR-202602-04999,2026-02-01,2026-02,Faltante en el pedido,WhatsApp,Bogotá,Cerrado,3.5,147.1,True,2.0,False
PQR-202602-05000,2026-02-20,2026-02,Faltante en el pedido,Instagram / redes,Cali,Cerrado,13.5,65.5,False,2.0,False
PQR-202602-05001,2026-02-19,2026-02,Producto averiado en transporte,Línea gratuita #590,Bogotá,Cerrado,0.9,13.3,True,3.0,False
PQR-202602-05002,2026-02-09,2026-02,Cambio o garantía,WhatsApp,Bogotá,Cerrado,0.4,5.4,True,4.0,False
PQR-202602-05003,2026-02-06,2026-02,Demora en la entrega,WhatsApp,Bucaramanga,Cerrado,0.5,29.3,True,5.0,False
PQR-202602-05004,2026-02-24,2026-02,Producto averiado en transporte,Chat del sitio,Medellín,Cerrado,4.4,19.6,False,3.0,False
PQR-202602-05005,2026-02-10,2026-02,Solicitud de factura electrónica,Línea gratuita #590,Bogotá,Cerrado,0.2,1.2,True,2.0,False
PQR-202602-05006,2026-02-22,2026-02,Demora en la entrega,WhatsApp,Barranquilla,Cerrado,0.3,9.4,True,5.0,False
PQR-202602-05007,2026-02-13,2026-02,Reclamo por precio o promoción,WhatsApp,Barranquilla,Cerrado,1.4,4.1,True,4.0,False
PQR-202602-05008,2026-02-02,2026-02,Faltante en el pedido,Chat del sitio,Pereira,Cerrado,0.5,20.3,True,2.0,False
PQR-202602-05009,2026-02-06,2026-02,Camiseta personalizada pendiente,Línea gratuita #590,Cali,Cerrado,2.1,29.4,True,4.0,False
PQR-202602-05010,2026-02-22,2026-02,Camiseta personalizada pendiente,Línea gratuita #590,Pereira,Cerrado,3.9,53.4,True,3.0,False
PQR-202602-05011,2026-02-24,2026-02,Camiseta personalizada pendiente,WhatsApp,Cúcuta,Escalado,0.4,123.6,True,2.0,True
PQR-202602-05012,2026-02-13,2026-02,Contenido incompleto del envase,Chat del sitio,Bogotá,Cerrado,0.1,62.2,True,4.0,False
PQR-202602-05013,2026-02-20,2026-02,Solicitud de factura electrónica,Instagram / redes,Bogotá,Cerrado,1.0,9.1,True,3.0,False
PQR-202602-05014,2026-02-21,2026-02,Camiseta personalizada pendiente,Chat del sitio,Ibagué,Cerrado,0.3,88.9,True,4.0,False
PQR-202602-05015,2026-02-22,2026-02,Demora en la entrega,WhatsApp,Bogotá,Cerrado,0.5,18.3,True,4.0,False
PQR-202602-05016,2026-02-11,2026-02,Producto averiado en transporte,WhatsApp,Medellín,Cerrado,1.4,2.4,True,4.0,False
PQR-202602-05017,2026-02-23,2026-02,Demora en la entrega,WhatsApp,Barranquilla,Cerrado,0.9,4.5,True,4.0,False
PQR-202602-05018,2026-02-13,2026-02,Solicitud de factura electrónica,WhatsApp,Bucaramanga,Cerrado,0.7,3.7,True,4.0,False
PQR-202602-05019,2026-02-05,2026-02,Producto averiado en transporte,WhatsApp,Bogotá,Cerrado,0.9,3.7,True,4.0,False
PQR-202602-05020,2026-02-02,2026-02,Camiseta personalizada pendiente,Instagram / redes,Barranquilla,Escalado,5.6,16.3,False,4.0,True
PQR-202602-05021,2026-02-24,2026-02,Camiseta personalizada pendiente,Línea gratuita #590,Cali,Cerrado,5.9,39.8,False,2.0,False
PQR-202602-05022,2026-02-12,2026-02,Demora en la entrega,WhatsApp,Cartagena,Cerrado,1.6,75.3,True,1.0,False
PQR-202602-05023,2026-02-12,2026-02,Evento adverso reportado,WhatsApp,Bogotá,Escalado,1.3,18.5,True,4.0,True
PQR-202602-05024,2026-02-08,2026-02,Cambio o garantía,Chat del sitio,Bogotá,Cerrado,0.7,161.3,True,5.0,False
PQR-202602-05025,2026-02-14,2026-02,Producto averiado en transporte,Línea gratuita #590,Cali,Cerrado,0.2,64.8,True,4.0,False
PQR-202602-05026,2026-02-22,2026-02,Camiseta personalizada pendiente,Línea gratuita #590,Cali,Escalado,1.3,6.8,True,4.0,True
PQR-202602-05027,2026-02-21,2026-02,Contenido incompleto del envase,Chat del sitio,Barranquilla,Escalado,1.3,14.0,True,4.0,True
PQR-202602-05028,2026-02-15,2026-02,Demora en la entrega,Tienda física,Neiva,Cerrado,0.6,5.9,True,4.0,False
PQR-202602-05029,2026-02-13,2026-02,Faltante en el pedido,Chat del sitio,Cali,Cerrado,0.6,1.6,True,5.0,False
PQR-202602-05030,2026-02-26,2026-02,Evento adverso reportado,WhatsApp,Bogotá,Cerrado,1.9,13.4,True,4.0,True
PQR-202602-05031,2026-02-14,2026-02,Producto averiado en transporte,Instagram / redes,Bogotá,Cerrado,3.6,59.5,True,5.0,False
PQR-202602-05032,2026-02-17,2026-02,Demora en la entrega,Tienda física,Neiva,Cerrado,0.9,8.3,True,3.0,False
PQR-202602-05033,2026-02-17,2026-02,Demora en la entrega,Chat del sitio,Cali,Cerrado,0.1,26.3,True,2.0,False
PQR-202602-05034,2026-02-24,2026-02,Demora en la entrega,Tienda física,Bogotá,Cerrado,0.5,7.6,True,4.0,False
PQR-202602-05035,2026-02-21,2026-02,Reclamo por precio o promoción,WhatsApp,Bogotá,Cerrado,0.1,29.7,True,3.0,False
PQR-202602-05036,2026-02-09,2026-02,Camiseta personalizada pendiente,Línea gratuita #590,Bogotá,Cerrado,0.6,34.4,True,3.0,False
PQR-202602-05037,2026-02-05,2026-02,Demora en la entrega,WhatsApp,Cali,Cerrado,0.3,21.7,True,4.0,False
PQR-202602-05038,2026-02-07,2026-02,Faltante en el pedido,WhatsApp,Barranquilla,Cerrado,1.6,15.7,True,4.0,False
PQR-202602-05039,2026-02-26,2026-02,Cambio o garantía,Chat del sitio,Bogotá,Cerrado,0.6,2.4,True,4.0,False
PQR-202602-05040,2026-02-01,2026-02,Solicitud de factura electrónica,Instagram / redes,Bucaramanga,Cerrado,1.7,56.5,True,3.0,False
PQR-202602-05041,2026-02-18,2026-02,Camiseta personalizada pendiente,WhatsApp,Cartagena,Escalado,5.1,42.5,False,4.0,True
PQR-202602-05042,2026-02-04,2026-02,Camiseta personalizada pendiente,WhatsApp,Barranquilla,Cerrado,4.3,114.4,False,5.0,False
PQR-202602-05043,2026-02-08,2026-02,Producto averiado en transporte,WhatsApp,Pereira,Cerrado,0.2,1.2,True,4.0,False
PQR-202602-05044,2026-02-03,2026-02,Duda sobre uso del producto,Chat del sitio,Barranquilla,Cerrado,0.1,12.3,True,5.0,False
PQR-202602-05045,2026-02-03,2026-02,Faltante en el pedido,WhatsApp,Medellín,Cerrado,1.3,15.0,True,3.0,False
PQR-202602-05046,2026-02-05,2026-02,Solicitud de factura electrónica,WhatsApp,Cali,Cerrado,0.8,1.8,True,4.0,False
PQR-202602-05047,2026-02-20,2026-02,Faltante en el pedido,WhatsApp,Medellín,Cerrado,0.8,1.8,True,4.0,False
PQR-202602-05048,2026-02-03,2026-02,Reclamo por precio o promoción,WhatsApp,Barranquilla,Cerrado,0.5,5.8,True,4.0,False
PQR-202602-05049,2026-02-02,2026-02,Producto averiado en transporte,WhatsApp,Bogotá,Cerrado,0.2,29.7,True,4.0,False
PQR-202602-05050,2026-02-09,2026-02,Demora en la entrega,Chat del sitio,Armenia,Cerrado,3.3,8.3,True,3.0,False
PQR-202602-05051,2026-02-13,2026-02,Demora en la entrega,WhatsApp,Medellín,Cerrado,0.6,19.4,True,4.0,False
PQR-202602-05052,2026-02-02,2026-02,Producto averiado en transporte,Línea gratuita #590,Bogotá,Cerrado,0.4,4.6,True,4.0,False
PQR-202602-05053,2026-02-07,2026-02,Faltante en el pedido,Línea gratuita #590,Cali,Cerrado,0.9,3.1,True,4.0,False
PQR-202602-05054,2026-02-21,2026-02,Solicitud de factura electrónica,Chat del sitio,Bogotá,Cerrado,2.5,13.4,True,3.0,False
PQR-202602-05055,2026-02-27,2026-02,Demora en la entrega,Línea gratuita #590,Bucaramanga,Cerrado,0.3,21.4,True,2.0,False
PQR-202602-05056,2026-02-13,2026-02,Demora en la entrega,Instagram / redes,Cali,Cerrado,0.6,18.0,True,4.0,False
PQR-202602-05057,2026-02-05,2026-02,Demora en la entrega,WhatsApp,Bogotá,Cerrado,7.1,59.6,False,4.0,False
PQR-202602-05058,2026-02-27,2026-02,Camiseta personalizada pendiente,Tienda física,Barranquilla,Cerrado,4.4,85.2,False,3.0,False
PQR-202602-05059,2026-02-23,2026-02,Camiseta personalizada pendiente,Chat del sitio,Pereira,Cerrado,1.3,56.8,True,3.0,False
PQR-202602-05060,2026-02-13,2026-02,Solicitud de factura electrónica,WhatsApp,Bogotá,Cerrado,0.2,3.7,True,4.0,False
PQR-202602-05061,2026-02-19,2026-02,Reclamo por precio o promoción,Tienda física,Santa Marta,Cerrado,1.0,4.8,True,5.0,False
PQR-202602-05062,2026-02-19,2026-02,Cambio o garantía,Chat del sitio,Bucaramanga,Cerrado,1.1,6.6,True,4.0,False
PQR-202602-05063,2026-02-07,2026-02,Solicitud de factura electrónica,WhatsApp,Medellín,Cerrado,0.1,7.3,True,4.0,False
PQR-202602-05064,2026-02-03,2026-02,Cambio o garantía,Tienda física,Cali,Cerrado,2.9,37.9,True,4.0,False
PQR-202602-05065,2026-02-23,2026-02,Evento adverso reportado,WhatsApp,Armenia,Escalado,2.4,66.3,True,3.0,True
PQR-202602-05066,2026-02-13,2026-02,Camiseta personalizada pendiente,Chat del sitio,Bucaramanga,Cerrado,0.5,15.7,True,4.0,False
PQR-202602-05067,2026-02-12,2026-02,Demora en la entrega,WhatsApp,Medellín,Cerrado,0.5,4.5,True,5.0,False
PQR-202602-05068,2026-02-18,2026-02,Duda sobre uso del producto,WhatsApp,Bogotá,Cerrado,0.7,2.7,True,4.0,False
PQR-202602-05069,2026-02-22,2026-02,Producto averiado en transporte,WhatsApp,Bucaramanga,Cerrado,2.6,107.0,True,4.0,False
PQR-202602-05070,2026-02-06,2026-02,Faltante en el pedido,Línea gratuita #590,Bogotá,Cerrado,2.8,28.8,True,4.0,False
PQR-202602-05071,2026-02-13,2026-02,Evento adverso reportado,WhatsApp,Bogotá,Escalado,6.4,7.4,False,3.0,True
PQR-202602-05072,2026-02-20,2026-02,Producto averiado en transporte,WhatsApp,Bogotá,Cerrado,0.5,34.0,True,4.0,False
PQR-202602-05073,2026-02-27,2026-02,Contenido incompleto del envase,Tienda física,Medellín,Escalado,3.7,24.5,True,4.0,True
PQR-202602-05074,2026-02-27,2026-02,Demora en la entrega,Línea gratuita #590,Bogotá,Cerrado,1.5,58.5,True,4.0,False
PQR-202602-05075,2026-02-02,2026-02,Producto averiado en transporte,WhatsApp,Bogotá,Cerrado,0.5,100.6,True,4.0,False
PQR-202602-05076,2026-02-25,2026-02,Faltante en el pedido,Línea gratuita #590,Barranquilla,Cerrado,3.1,22.5,True,4.0,False
PQR-202602-05077,2026-02-16,2026-02,Faltante en el pedido,Línea gratuita #590,Bogotá,Cerrado,2.4,22.8,True,4.0,False
PQR-202602-05078,2026-02-24,2026-02,Contenido incompleto del envase,Tienda física,Cali,Cerrado,2.8,72.9,True,2.0,False
PQR-202602-05079,2026-02-11,2026-02,Producto averiado en transporte,Chat del sitio,Cali,Cerrado,1.2,25.8,True,4.0,False
PQR-202602-05080,2026-02-16,2026-02,Demora en la entrega,Línea gratuita #590,Bogotá,Cerrado,2.5,25.0,True,5.0,False
PQR-202602-05081,2026-02-16,2026-02,Solicitud de factura electrónica,Tienda física,Pereira,Cerrado,0.8,12.8,True,4.0,False
PQR-202602-05082,2026-02-24,2026-02,Cambio o garantía,WhatsApp,Cartagena,Cerrado,1.3,140.6,True,4.0,False
PQR-202602-05083,2026-02-06,2026-02,Contenido incompleto del envase,WhatsApp,Manizales,Escalado,0.6,40.1,True,2.0,True
PQR-202602-05084,2026-02-12,2026-02,Camiseta personalizada pendiente,Chat del sitio,Barranquilla,Cerrado,1.8,3.2,True,4.0,False
PQR-202602-05085,2026-02-01,2026-02,Producto averiado en transporte,WhatsApp,Bogotá,Cerrado,0.3,52.9,True,3.0,False
PQR-202602-05086,2026-02-19,2026-02,Demora en la entrega,WhatsApp,Barranquilla,Cerrado,0.5,1.5,True,5.0,False
PQR-202602-05087,2026-02-21,2026-02,Demora en la entrega,Línea gratuita #590,Bogotá,Cerrado,0.1,47.2,True,3.0,False
PQR-202602-05088,2026-02-25,2026-02,Producto averiado en transporte,WhatsApp,Cali,Cerrado,1.3,16.4,True,4.0,False
PQR-202602-05089,2026-02-16,2026-02,Demora en la entrega,Línea gratuita #590,Cali,Cerrado,3.1,7.2,True,4.0,False
PQR-202602-05090,2026-02-09,2026-02,Demora en la entrega,Chat del sitio,Medellín,Cerrado,0.6,28.1,True,4.0,False
PQR-202602-05091,2026-02-19,2026-02,Cambio o garantía,Chat del sitio,Cali,Cerrado,1.1,20.2,True,4.0,False
PQR-202602-05092,2026-02-04,2026-02,Contenido incompleto del envase,Chat del sitio,Cali,Cerrado,1.6,23.8,True,4.0,False
PQR-202602-05093,2026-02-01,2026-02,Producto averiado en transporte,Chat del sitio,Cali,Cerrado,2.6,11.8,True,5.0,False
PQR-202602-05094,2026-02-17,2026-02,Solicitud de factura electrónica,WhatsApp,Cartagena,Cerrado,0.1,1.1,True,4.0,False
PQR-202602-05095,2026-02-19,2026-02,Camiseta personalizada pendiente,Chat del sitio,Bogotá,Cerrado,4.6,42.0,False,3.0,False
PQR-202602-05096,2026-02-15,2026-02,Demora en la entrega,Línea gratuita #590,Bogotá,Cerrado,0.4,15.4,True,4.0,False
PQR-202602-05097,2026-02-16,2026-02,Evento adverso reportado,WhatsApp,Bogotá,Escalado,2.4,16.5,True,3.0,True
PQR-202602-05098,2026-02-11,2026-02,Camiseta personalizada pendiente,Chat del sitio,Cali,Escalado,0.5,8.1,True,3.0,True
PQR-202602-05099,2026-02-24,2026-02,Contenido incompleto del envase,Correo electrónico,Cali,Cerrado,6.6,41.7,False,4.0,False
PQR-202602-05100,2026-02-23,2026-02,Contenido incompleto del envase,Chat del sitio,Cartagena,Cerrado,3.2,17.2,True,4.0,False
PQR-202602-05101,2026-02-22,2026-02,Demora en la entrega,Instagram / redes,Bogotá,Cerrado,1.0,43.2,True,4.0,False
PQR-202602-05102,2026-02-20,2026-02,Cambio o garantía,WhatsApp,Bogotá,Cerrado,1.5,64.3,True,4.0,False
PQR-202602-05103,2026-02-02,2026-02,Faltante en el pedido,Instagram / redes,Bogotá,Cerrado,3.1,21.6,True,4.0,False
PQR-202602-05104,2026-02-15,2026-02,Faltante en el pedido,WhatsApp,Bogotá,Cerrado,0.1,15.3,True,4.0,False
PQR-202602-05105,2026-02-14,2026-02,Faltante en el pedido,WhatsApp,Medellín,Cerrado,2.8,81.8,True,4.0,False
PQR-202602-05106,2026-02-17,2026-02,Camiseta personalizada pendiente,Instagram / redes,Bogotá,Escalado,1.6,155.8,True,2.0,True
PQR-202602-05107,2026-02-10,2026-02,Faltante en el pedido,Instagram / redes,Cartagena,Cerrado,3.3,4.7,True,4.0,False
PQR-202602-05108,2026-02-01,2026-02,Producto averiado en transporte,WhatsApp,Cali,Cerrado,0.6,21.2,True,2.0,False
PQR-202602-05109,2026-02-27,2026-02,Solicitud de factura electrónica,Chat del sitio,Bogotá,Cerrado,0.1,4.2,True,4.0,False
PQR-202602-05110,2026-02-11,2026-02,Demora en la entrega,Línea gratuita #590,Bogotá,Cerrado,2.5,19.7,True,3.0,False
PQR-202602-05111,2026-02-18,2026-02,Demora en la entrega,WhatsApp,Bucaramanga,Cerrado,1.1,62.3,True,3.0,False
PQR-202602-05112,2026-02-25,2026-02,Duda sobre uso del producto,WhatsApp,Bucaramanga,Cerrado,0.1,11.0,True,4.0,False
PQR-202602-05113,2026-02-27,2026-02,Camiseta personalizada pendiente,WhatsApp,Cali,Escalado,2.4,40.5,True,3.0,True
PQR-202602-05114,2026-02-13,2026-02,Camiseta personalizada pendiente,WhatsApp,Bogotá,Cerrado,1.0,135.3,True,3.0,False
PQR-202602-05115,2026-02-11,2026-02,Camiseta personalizada pendiente,WhatsApp,Bogotá,Cerrado,2.1,5.5,True,3.0,False
PQR-202602-05116,2026-02-11,2026-02,Demora en la entrega,Línea gratuita #590,Manizales,Cerrado,3.2,16.3,True,4.0,False
PQR-202602-05117,2026-02-24,2026-02,Solicitud de factura electrónica,WhatsApp,Bogotá,Cerrado,0.1,8.4,True,3.0,False
PQR-202602-05118,2026-02-19,2026-02,Demora en la entrega,WhatsApp,Cali,Cerrado,5.8,24.1,False,2.0,False
PQR-202602-05119,2026-02-23,2026-02,Faltante en el pedido,Instagram / redes,Medellín,Cerrado,11.7,24.7,False,4.0,False
PQR-202602-05120,2026-02-14,2026-02,Demora en la entrega,Chat del sitio,Bogotá,Cerrado,0.5,33.6,True,4.0,False
PQR-202602-05121,2026-02-21,2026-02,Demora en la entrega,Tienda física,Bogotá,Cerrado,7.4,37.0,False,4.0,False
PQR-202602-05122,2026-02-18,2026-02,Demora en la entrega,WhatsApp,Medellín,Cerrado,2.6,85.7,True,2.0,False
PQR-202602-05123,2026-02-25,2026-02,Demora en la entrega,Línea gratuita #590,Cali,Cerrado,1.7,3.6,True,3.0,False
PQR-202602-05124,2026-02-24,2026-02,Demora en la entrega,Línea gratuita #590,Cali,Cerrado,0.5,23.5,True,5.0,False
PQR-202602-05125,2026-02-23,2026-02,Demora en la entrega,Instagram / redes,Cali,Cerrado,0.8,3.7,True,3.0,False
PQR-202602-05126,2026-02-19,2026-02,Demora en la entrega,Línea gratuita #590,Barranquilla,Cerrado,2.7,41.9,True,4.0,False
PQR-202602-05127,2026-02-21,2026-02,Solicitud de factura electrónica,Instagram / redes,Medellín,Cerrado,2.4,46.0,True,4.0,False
PQR-202602-05128,2026-02-25,2026-02,Faltante en el pedido,Línea gratuita #590,Pereira,Cerrado,5.3,10.0,False,3.0,False
PQR-202602-05129,2026-02-27,2026-02,Solicitud de factura electrónica,WhatsApp,Medellín,Cerrado,1.1,32.6,True,4.0,False
PQR-202602-05130,2026-02-22,2026-02,Demora en la entrega,WhatsApp,Bogotá,Cerrado,0.2,41.4,True,3.0,False
PQR-202602-05131,2026-02-08,2026-02,Reclamo por precio o promoción,WhatsApp,Medellín,Cerrado,0.3,35.1,True,4.0,False
PQR-202602-05132,2026-02-17,2026-02,Demora en la entrega,Tienda física,Barranquilla,Cerrado,2.1,28.4,True,5.0,False
PQR-202602-05133,2026-02-16,2026-02,Contenido incompleto del envase,Instagram / redes,Bogotá,Escalado,4.2,5.2,False,4.0,True
PQR-202602-05134,2026-02-20,2026-02,Contenido incompleto del envase,Tienda física,Cali,Escalado,1.5,8.6,True,4.0,True
PQR-202602-05135,2026-02-18,2026-02,Evento adverso reportado,WhatsApp,Bogotá,Cerrado,3.0,60.7,True,5.0,True
PQR-202602-05136,2026-02-07,2026-02,Demora en la entrega,Instagram / redes,Bogotá,Cerrado,2.2,3.2,True,4.0,False
PQR-202602-05137,2026-02-08,2026-02,Contenido incompleto del envase,WhatsApp,Bogotá,Escalado,1.6,18.3,True,4.0,True
PQR-202602-05138,2026-02-22,2026-02,Reclamo por precio o promoción,Tienda física,Bogotá,Cerrado,1.4,7.8,True,5.0,False
PQR-202602-05139,2026-02-19,2026-02,Reclamo por precio o promoción,WhatsApp,Manizales,Cerrado,3.1,30.0,True,5.0,False
PQR-202602-05140,2026-02-25,2026-02,Demora en la entrega,Chat del sitio,Barranquilla,Cerrado,0.1,8.3,True,4.0,False
PQR-202602-05141,2026-02-18,2026-02,Demora en la entrega,WhatsApp,Villavicencio,Cerrado,1.6,10.3,True,5.0,False
PQR-202602-05142,2026-02-25,2026-02,Producto averiado en transporte,Instagram / redes,Cali,Cerrado,2.4,14.9,True,5.0,False
PQR-202602-05143,2026-02-21,2026-02,Solicitud de factura electrónica,WhatsApp,Pasto,Cerrado,0.8,4.4,True,2.0,False
PQR-202602-05144,2026-02-23,2026-02,Camiseta personalizada pendiente,WhatsApp,Bogotá,Cerrado,5.4,18.7,False,3.0,False
PQR-202602-05145,2026-02-09,2026-02,Producto averiado en transporte,Línea gratuita #590,Bogotá,Cerrado,0.2,5.1,True,3.0,False
PQR-202602-05146,2026-02-27,2026-02,Evento adverso reportado,Línea gratuita #590,Cartagena,Escalado,0.1,105.8,True,4.0,True
PQR-202602-05147,2026-02-16,2026-02,Faltante en el pedido,WhatsApp,Cúcuta,Cerrado,1.3,60.4,True,4.0,False
PQR-202602-05148,2026-02-05,2026-02,Cambio o garantía,Chat del sitio,Ibagué,Cerrado,0.4,39.8,True,2.0,False
PQR-202602-05149,2026-02-25,2026-02,Faltante en el pedido,WhatsApp,Santa Marta,Cerrado,1.3,27.9,True,5.0,False
PQR-202602-05150,2026-02-11,2026-02,Producto averiado en transporte,Línea gratuita #590,Bogotá,Cerrado,2.5,26.9,True,3.0,False
PQR-202602-05151,2026-02-21,2026-02,Duda sobre uso del producto,Chat del sitio,Bogotá,Cerrado,0.7,9.6,True,4.0,False
PQR-202602-05152,2026-02-13,2026-02,Evento adverso reportado,Tienda física,Cali,Cerrado,2.6,23.6,True,5.0,True
PQR-202602-05153,2026-02-26,2026-02,Faltante en el pedido,WhatsApp,Bogotá,Cerrado,2.1,3.9,True,3.0,False
PQR-202602-05154,2026-02-04,2026-02,Solicitud de factura electrónica,Tienda física,Pereira,Cerrado,4.8,9.6,False,3.0,False
PQR-202602-05155,2026-02-05,2026-02,Cambio o garantía,Tienda física,Manizales,Cerrado,0.8,57.1,True,4.0,False
PQR-202602-05156,2026-02-09,2026-02,Faltante en el pedido,Chat del sitio,Medellín,Cerrado,8.4,75.2,False,3.0,False
PQR-202602-05157,2026-02-19,2026-02,Reclamo por precio o promoción,WhatsApp,Bogotá,Cerrado,1.1,13.0,True,4.0,False
PQR-202602-05158,2026-02-03,2026-02,Reclamo por precio o promoción,WhatsApp,Villavicencio,Cerrado,0.5,25.6,True,3.0,False
PQR-202602-05159,2026-02-27,2026-02,Faltante en el pedido,WhatsApp,Medellín,Cerrado,0.1,57.0,True,5.0,False
PQR-202602-05160,2026-02-16,2026-02,Faltante en el pedido,WhatsApp,Manizales,Cerrado,3.3,80.2,True,5.0,False
PQR-202602-05161,2026-02-01,2026-02,Demora en la entrega,WhatsApp,Bogotá,Cerrado,2.3,15.1,True,2.0,False
PQR-202602-05162,2026-02-21,2026-02,Demora en la entrega,Chat del sitio,Santa Marta,Cerrado,0.7,43.3,True,4.0,False
PQR-202602-05163,2026-02-20,2026-02,Producto averiado en transporte,WhatsApp,Manizales,Cerrado,0.2,52.5,True,3.0,False
PQR-202602-05164,2026-02-01,2026-02,Reclamo por precio o promoción,Chat del sitio,Medellín,Cerrado,0.1,6.3,True,3.0,False
PQR-202602-05165,2026-02-06,2026-02,Cambio o garantía,WhatsApp,Barranquilla,Cerrado,1.7,6.1,True,2.0,False
PQR-202602-05166,2026-02-14,2026-02,Contenido incompleto del envase,WhatsApp,Cali,Escalado,0.2,203.2,True,2.0,True
PQR-202602-05167,2026-02-06,2026-02,Faltante en el pedido,Chat del sitio,Bogotá,Cerrado,3.5,18.5,True,4.0,False
PQR-202602-05168,2026-02-13,2026-02,Contenido incompleto del envase,Chat del sitio,Bogotá,Cerrado,2.3,3.3,True,4.0,False
PQR-202602-05169,2026-02-27,2026-02,Demora en la entrega,Línea gratuita #590,Cúcuta,Cerrado,4.8,38.7,False,3.0,False
PQR-202602-05170,2026-02-06,2026-02,Demora en la entrega,WhatsApp,Cali,Cerrado,1.4,28.1,True,3.0,False
PQR-202602-05171,2026-02-03,2026-02,Solicitud de factura electrónica,Tienda física,Cali,Cerrado,1.7,28.6,True,4.0,False
PQR-202602-05172,2026-02-22,2026-02,Evento adverso reportado,WhatsApp,Manizales,Escalado,5.5,32.8,False,4.0,True
PQR-202602-05173,2026-02-24,2026-02,Camiseta personalizada pendiente,WhatsApp,Medellín,Escalado,6.8,55.2,False,4.0,True
PQR-202602-05174,2026-02-12,2026-02,Evento adverso reportado,WhatsApp,Bogotá,Escalado,2.0,35.7,True,3.0,True
PQR-202602-05175,2026-02-22,2026-02,Cambio o garantía,WhatsApp,Bucaramanga,Cerrado,7.4,45.2,False,4.0,False
PQR-202602-05176,2026-02-01,2026-02,Cambio o garantía,WhatsApp,Bogotá,Cerrado,0.7,37.5,True,4.0,False
PQR-202602-05177,2026-02-24,2026-02,Demora en la entrega,WhatsApp,Bogotá,Cerrado,2.0,30.8,True,4.0,False
PQR-202602-05178,2026-02-25,2026-02,Duda sobre uso del producto,WhatsApp,Bogotá,Cerrado,0.1,23.7,True,3.0,False
PQR-202602-05179,2026-02-02,2026-02,Producto averiado en transporte,WhatsApp,Medellín,Cerrado,1.3,28.8,True,4.0,False
PQR-202602-05180,2026-02-21,2026-02,Faltante en el pedido,WhatsApp,Cartagena,Cerrado,0.7,44.8,True,2.0,False
PQR-202602-05181,2026-02-19,2026-02,Camiseta personalizada pendiente,Línea gratuita #590,Bogotá,Escalado,14.1,36.5,False,5.0,True
PQR-202602-05182,2026-02-08,2026-02,Camiseta personalizada pendiente,Línea gratuita #590,Cúcuta,Cerrado,0.1,6.7,True,3.0,False
PQR-202602-05183,2026-02-24,2026-02,Contenido incompleto del envase,Instagram / redes,Bogotá,Cerrado,2.6,13.3,True,5.0,False
PQR-202602-05184,2026-02-10,2026-02,Reclamo por precio o promoción,Línea gratuita #590,Villavicencio,Cerrado,1.4,2.4,True,5.0,False
PQR-202602-05185,2026-02-18,2026-02,Demora en la entrega,Chat del sitio,Bogotá,Cerrado,1.9,50.3,True,3.0,False
PQR-202602-05186,2026-02-14,2026-02,Demora en la entrega,WhatsApp,Bogotá,Cerrado,0.1,13.5,True,4.0,False
PQR-202602-05187,2026-02-25,2026-02,Producto averiado en transporte,Instagram / redes,Barranquilla,Cerrado,4.7,18.3,False,4.0,False
PQR-202602-05188,2026-02-12,2026-02,Demora en la entrega,Correo electrónico,Cali,Cerrado,0.2,1.4,True,5.0,False
PQR-202602-05189,2026-02-07,2026-02,Faltante en el pedido,Correo electrónico,Bogotá,Cerrado,2.0,8.9,True,3.0,False
PQR-202602-05190,2026-02-14,2026-02,Demora en la entrega,WhatsApp,Manizales,Cerrado,0.9,32.0,True,4.0,False
PQR-202602-05191,2026-02-04,2026-02,Faltante en el pedido,WhatsApp,Bogotá,Cerrado,1.6,54.6,True,2.0,False
PQR-202602-05192,2026-02-16,2026-02,Producto averiado en transporte,Correo electrónico,Bogotá,Cerrado,6.2,8.4,False,4.0,False
PQR-202602-05193,2026-02-26,2026-02,Producto averiado en transporte,WhatsApp,Santa Marta,Cerrado,1.6,2.6,True,3.0,False
PQR-202602-05194,2026-02-07,2026-02,Demora en la entrega,Correo electrónico,Cali,Cerrado,2.3,9.0,True,5.0,False
PQR-202602-05195,2026-02-05,2026-02,Faltante en el pedido,WhatsApp,Cúcuta,Cerrado,9.2,85.5,False,3.0,False
PQR-202602-05196,2026-02-09,2026-02,Faltante en el pedido,WhatsApp,Cali,Cerrado,1.9,84.7,True,3.0,False
PQR-202602-05197,2026-02-17,2026-02,Camiseta personalizada pendiente,WhatsApp,Bogotá,Escalado,5.1,8.6,False,4.0,True
PQR-202602-05198,2026-02-04,2026-02,Faltante en el pedido,WhatsApp,Manizales,Cerrado,0.6,31.0,True,5.0,False
PQR-202602-05199,2026-02-23,2026-02,Reclamo por precio o promoción,Chat del sitio,Bogotá,Cerrado,0.1,6.3,True,4.0,False
PQR-202602-05200,2026-02-11,2026-02,Producto averiado en transporte,WhatsApp,Medellín,Cerrado,0.2,17.7,True,5.0,False
PQR-202602-05201,2026-02-05,2026-02,Faltante en el pedido,Chat del sitio,Barranquilla,Cerrado,6.6,8.3,False,4.0,False
PQR-202602-05202,2026-02-27,2026-02,Camiseta personalizada pendiente,Línea gratuita #590,Bogotá,Escalado,2.2,104.5,True,2.0,True
PQR-202602-05203,2026-02-12,2026-02,Faltante en el pedido,Chat del sitio,Bogotá,Cerrado,0.6,87.6,True,3.0,False
PQR-202602-05204,2026-02-23,2026-02,Camiseta personalizada pendiente,Línea gratuita #590,Bogotá,Escalado,0.2,57.7,True,4.0,True
PQR-202602-05205,2026-02-05,2026-02,Duda sobre uso del producto,WhatsApp,Cali,Cerrado,0.2,6.3,True,3.0,False
PQR-202602-05206,2026-02-06,2026-02,Reclamo por precio o promoción,Chat del sitio,Ibagué,Cerrado,0.6,2.4,True,4.0,False
PQR-202602-05207,2026-02-11,2026-02,Demora en la entrega,WhatsApp,Cali,Cerrado,2.2,4.2,True,3.0,False
PQR-202602-05208,2026-02-06,2026-02,Cambio o garantía,Tienda física,Medellín,Cerrado,1.3,28.5,True,2.0,False
PQR-202602-05209,2026-02-03,2026-02,Camiseta personalizada pendiente,WhatsApp,Barranquilla,Escalado,1.0,17.2,True,4.0,True
PQR-202602-05210,2026-02-03,2026-02,Camiseta personalizada pendiente,WhatsApp,Bogotá,Escalado,0.6,110.3,True,3.0,True
PQR-202602-05211,2026-02-22,2026-02,Faltante en el pedido,Tienda física,Medellín,Cerrado,1.0,74.3,True,3.0,False
PQR-202602-05212,2026-02-23,2026-02,Contenido incompleto del envase,Chat del sitio,Bucaramanga,Escalado,1.4,33.9,True,5.0,True
PQR-202602-05213,2026-02-08,2026-02,Camiseta personalizada pendiente,Chat del sitio,Pereira,Escalado,1.9,11.0,True,4.0,True
PQR-202602-05214,2026-02-15,2026-02,Camiseta personalizada pendiente,WhatsApp,Bogotá,Cerrado,1.0,17.2,True,4.0,False
PQR-202602-05215,2026-02-19,2026-02,Demora en la entrega,WhatsApp,Bogotá,Cerrado,0.4,9.2,True,3.0,False
PQR-202602-05216,2026-02-05,2026-02,Producto averiado en transporte,WhatsApp,Bogotá,Cerrado,0.3,27.0,True,5.0,False
PQR-202602-05217,2026-02-27,2026-02,Faltante en el pedido,WhatsApp,Barranquilla,Cerrado,2.1,19.8,True,2.0,False
PQR-202602-05218,2026-02-10,2026-02,Demora en la entrega,WhatsApp,Medellín,Cerrado,0.1,20.2,True,4.0,False
PQR-202602-05219,2026-02-14,2026-02,Faltante en el pedido,WhatsApp,Medellín,Cerrado,0.8,75.0,True,3.0,False
PQR-202602-05220,2026-02-16,2026-02,Demora en la entrega,WhatsApp,Cali,Cerrado,0.5,39.3,True,4.0,False
PQR-202602-05221,2026-02-22,2026-02,Faltante en el pedido,WhatsApp,Bogotá,Cerrado,2.0,49.8,True,3.0,False
PQR-202602-05222,2026-02-02,2026-02,Contenido incompleto del envase,Correo electrónico,Medellín,Cerrado,30.0,123.3,False,3.0,False
PQR-202602-05223,2026-02-10,2026-02,Contenido incompleto del envase,Instagram / redes,Santa Marta,Escalado,44.8,46.9,False,3.0,True
PQR-202602-05224,2026-02-24,2026-02,Demora en la entrega,WhatsApp,Cali,Cerrado,1.2,110.0,True,4.0,False
PQR-202602-05225,2026-02-04,2026-02,Camiseta personalizada pendiente,WhatsApp,Neiva,Cerrado,0.5,196.2,True,4.0,False
PQR-202602-05226,2026-02-15,2026-02,Contenido incompleto del envase,WhatsApp,Manizales,Cerrado,0.8,144.5,True,3.0,False
PQR-202602-05227,2026-02-11,2026-02,Producto averiado en transporte,WhatsApp,Bogotá,Cerrado,0.2,115.9,True,4.0,False
PQR-202602-05228,2026-02-22,2026-02,Faltante en el pedido,Línea gratuita #590,Bogotá,Cerrado,0.4,16.3,True,2.0,False
PQR-202602-05229,2026-02-07,2026-02,Evento adverso reportado,Tienda física,Santa Marta,Cerrado,23.8,284.6,False,3.0,True
PQR-202602-05230,2026-02-26,2026-02,Demora en la entrega,WhatsApp,Cartagena,Cerrado,0.1,26.5,True,5.0,False
PQR-202602-05231,2026-02-14,2026-02,Faltante en el pedido,Tienda física,Ibagué,Cerrado,0.2,53.6,True,4.0,False
PQR-202602-05232,2026-02-02,2026-02,Duda sobre uso del producto,Línea gratuita #590,Medellín,Cerrado,0.2,14.0,True,3.0,False
PQR-202602-05233,2026-02-22,2026-02,Camiseta personalizada pendiente,Chat del sitio,Cali,Escalado,1.0,124.9,True,2.0,True
PQR-202602-05234,2026-02-16,2026-02,Duda sobre uso del producto,Chat del sitio,Santa Marta,Cerrado,0.8,4.9,True,4.0,False
PQR-202602-05235,2026-02-03,2026-02,Cambio o garantía,WhatsApp,Bogotá,Cerrado,1.0,48.5,True,5.0,False
PQR-202602-05236,2026-02-09,2026-02,Demora en la entrega,Línea gratuita #590,Cali,Cerrado,4.6,27.9,False,4.0,False
PQR-202602-05237,2026-02-13,2026-02,Contenido incompleto del envase,Instagram / redes,Bogotá,Escalado,1.0,74.1,True,3.0,True
PQR-202602-05238,2026-02-20,2026-02,Producto averiado en transporte,WhatsApp,Barranquilla,Cerrado,1.7,3.0,True,5.0,False
PQR-202602-05239,2026-02-27,2026-02,Faltante en el pedido,WhatsApp,Cali,Cerrado,1.4,15.4,True,5.0,False
PQR-202602-05240,2026-02-01,2026-02,Faltante en el pedido,Correo electrónico,Cali,Cerrado,20.9,28.9,False,3.0,False
PQR-202602-05241,2026-02-13,2026-02,Demora en la entrega,WhatsApp,Barranquilla,Cerrado,0.9,45.3,True,3.0,False
PQR-202602-05242,2026-02-09,2026-02,Demora en la entrega,Chat del sitio,Medellín,Cerrado,3.5,60.2,True,5.0,False
PQR-202602-05243,2026-02-20,2026-02,Duda sobre uso del producto,Instagram / redes,Medellín,Cerrado,1.4,43.6,True,3.0,False
PQR-202602-05244,2026-02-19,2026-02,Demora en la entrega,Línea gratuita #590,Cúcuta,Cerrado,1.3,25.4,True,5.0,False
PQR-202602-05245,2026-02-09,2026-02,Solicitud de factura electrónica,Chat del sitio,Neiva,Cerrado,0.2,1.7,True,3.0,False
PQR-202602-05246,2026-02-09,2026-02,Cambio o garantía,WhatsApp,Bucaramanga,Cerrado,5.4,19.0,False,4.0,False
PQR-202602-05247,2026-02-24,2026-02,Faltante en el pedido,WhatsApp,Armenia,Cerrado,3.3,53.8,True,3.0,False
PQR-202602-05248,2026-02-09,2026-02,Cambio o garantía,Línea gratuita #590,Medellín,Cerrado,4.2,114.4,False,2.0,False
PQR-202602-05249,2026-02-10,2026-02,Demora en la entrega,WhatsApp,Cartagena,Cerrado,0.8,5.0,True,4.0,False
PQR-202602-05250,2026-02-21,2026-02,Camiseta personalizada pendiente,Correo electrónico,Cúcuta,Escalado,11.7,23.7,False,3.0,True
PQR-202602-05251,2026-02-07,2026-02,Cambio o garantía,Chat del sitio,Bogotá,Cerrado,0.1,8.6,True,4.0,False
PQR-202602-05252,2026-02-22,2026-02,Faltante en el pedido,Chat del sitio,Barranquilla,Cerrado,7.9,12.8,False,4.0,False
PQR-202602-05253,2026-02-18,2026-02,Demora en la entrega,WhatsApp,Bogotá,Cerrado,0.7,3.1,True,4.0,False
PQR-202602-05254,2026-02-20,2026-02,Demora en la entrega,Chat del sitio,Medellín,Cerrado,1.3,2.3,True,3.0,False
PQR-202602-05255,2026-02-09,2026-02,Demora en la entrega,Línea gratuita #590,Cartagena,Cerrado,0.4,7.0,True,3.0,False
PQR-202602-05256,2026-02-12,2026-02,Demora en la entrega,WhatsApp,Ibagué,Cerrado,5.8,35.9,False,3.0,False
PQR-202602-05257,2026-02-04,2026-02,Camiseta personalizada pendiente,Chat del sitio,Medellín,Cerrado,1.9,32.1,True,5.0,False
PQR-202602-05258,2026-02-19,2026-02,Faltante en el pedido,Instagram / redes,Barranquilla,Cerrado,7.8,83.1,False,3.0,False
PQR-202602-05259,2026-02-25,2026-02,Faltante en el pedido,WhatsApp,Bogotá,Cerrado,0.8,30.2,True,4.0,False
PQR-202602-05260,2026-02-04,2026-02,Solicitud de factura electrónica,WhatsApp,Cartagena,Cerrado,2.4,48.2,True,5.0,False
PQR-202602-05261,2026-02-25,2026-02,Contenido incompleto del envase,WhatsApp,Medellín,Escalado,3.3,128.0,True,4.0,True
PQR-202602-05262,2026-02-16,2026-02,Camiseta personalizada pendiente,Línea gratuita #590,Bogotá,Cerrado,2.4,27.0,True,4.0,False
PQR-202602-05263,2026-02-23,2026-02,Reclamo por precio o promoción,WhatsApp,Barranquilla,Cerrado,0.1,1.1,True,4.0,False
PQR-202602-05264,2026-02-14,2026-02,Demora en la entrega,WhatsApp,Bogotá,Cerrado,2.6,32.6,True,3.0,False
PQR-202602-05265,2026-02-20,2026-02,Camiseta personalizada pendiente,WhatsApp,Ibagué,Cerrado,2.4,24.2,True,4.0,False
PQR-202602-05266,2026-02-11,2026-02,Producto averiado en transporte,Línea gratuita #590,Bogotá,Cerrado,1.5,12.2,True,4.0,False
PQR-202602-05267,2026-02-26,2026-02,Demora en la entrega,WhatsApp,Bucaramanga,Cerrado,0.1,7.9,True,4.0,False
PQR-202602-05268,2026-02-03,2026-02,Demora en la entrega,WhatsApp,Bogotá,Cerrado,0.1,19.5,True,5.0,False
PQR-202602-05269,2026-02-20,2026-02,Camiseta personalizada pendiente,Chat del sitio,Bogotá,Cerrado,0.4,61.0,True,4.0,False
PQR-202602-05270,2026-02-12,2026-02,Solicitud de factura electrónica,WhatsApp,Cali,Cerrado,0.7,8.9,True,4.0,False
PQR-202602-05271,2026-02-19,2026-02,Faltante en el pedido,Chat del sitio,Bucaramanga,Cerrado,2.6,8.9,True,4.0,False
PQR-202602-05272,2026-02-17,2026-02,Evento adverso reportado,WhatsApp,Cartagena,Escalado,5.4,89.1,False,2.0,True
PQR-202602-05273,2026-02-05,2026-02,Solicitud de factura electrónica,WhatsApp,Cali,Cerrado,0.7,8.8,True,5.0,False
PQR-202602-05274,2026-02-20,2026-02,Demora en la entrega,WhatsApp,Medellín,Cerrado,0.2,16.7,True,4.0,False
PQR-202602-05275,2026-02-01,2026-02,Reclamo por precio o promoción,Línea gratuita #590,Medellín,Cerrado,0.7,16.6,True,5.0,False
PQR-202602-05276,2026-02-02,2026-02,Demora en la entrega,Línea gratuita #590,Cali,Cerrado,0.5,36.0,True,4.0,False
PQR-202602-05277,2026-02-21,2026-02,Evento adverso reportado,Chat del sitio,Barranquilla,Cerrado,3.7,44.7,True,4.0,True
PQR-202602-05278,2026-02-23,2026-02,Camiseta personalizada pendiente,Línea gratuita #590,Medellín,Escalado,0.7,4.1,True,4.0,True
PQR-202602-05279,2026-02-08,2026-02,Demora en la entrega,Instagram / redes,Cali,Cerrado,7.1,29.6,False,4.0,False
PQR-202602-05280,2026-02-03,2026-02,Reclamo por precio o promoción,Chat del sitio,Bogotá,Cerrado,1.8,5.1,True,3.0,False
PQR-202602-05281,2026-02-10,2026-02,Faltante en el pedido,WhatsApp,Bogotá,Cerrado,3.6,6.6,True,3.0,False
PQR-202602-05282,2026-02-01,2026-02,Demora en la entrega,Tienda física,Bogotá,Cerrado,3.6,13.0,True,3.0,False
PQR-202602-05283,2026-02-13,2026-02,Faltante en el pedido,WhatsApp,Villavicencio,Cerrado,0.3,1.9,True,2.0,False
PQR-202602-05284,2026-02-25,2026-02,Contenido incompleto del envase,Línea gratuita #590,Medellín,Escalado,1.7,28.8,True,4.0,True
PQR-202602-05285,2026-02-01,2026-02,Duda sobre uso del producto,Línea gratuita #590,Barranquilla,Cerrado,0.1,33.8,True,3.0,False
PQR-202602-05286,2026-02-12,2026-02,Solicitud de factura electrónica,WhatsApp,Medellín,Cerrado,0.1,12.0,True,5.0,False
PQR-202602-05287,2026-02-09,2026-02,Solicitud de factura electrónica,WhatsApp,Bogotá,Cerrado,0.2,23.3,True,4.0,False
PQR-202602-05288,2026-02-21,2026-02,Solicitud de factura electrónica,Correo electrónico,Bogotá,Cerrado,3.3,4.3,True,3.0,False
PQR-202602-05289,2026-02-16,2026-02,Evento adverso reportado,Chat del sitio,Neiva,Cerrado,3.7,70.9,True,5.0,True
PQR-202602-05290,2026-02-14,2026-02,Demora en la entrega,WhatsApp,Barranquilla,Cerrado,0.6,16.2,True,4.0,False
PQR-202602-05291,2026-02-22,2026-02,Duda sobre uso del producto,WhatsApp,Bogotá,Cerrado,0.1,55.7,True,4.0,False
PQR-202602-05292,2026-02-04,2026-02,Demora en la entrega,Línea gratuita #590,Medellín,Cerrado,0.2,1.2,True,4.0,False
PQR-202602-05293,2026-02-04,2026-02,Reclamo por precio o promoción,WhatsApp,Bogotá,Cerrado,1.3,3.1,True,2.0,False
PQR-202602-05294,2026-02-03,2026-02,Producto averiado en transporte,Chat del sitio,Barranquilla,Cerrado,0.7,4.4,True,4.0,False
PQR-202602-05295,2026-02-07,2026-02,Demora en la entrega,Chat del sitio,Cali,Cerrado,0.4,10.9,True,4.0,False
PQR-202602-05296,2026-02-09,2026-02,Contenido incompleto del envase,WhatsApp,Barranquilla,Cerrado,2.1,8.4,True,4.0,False
PQR-202602-05297,2026-02-11,2026-02,Reclamo por precio o promoción,WhatsApp,Medellín,Cerrado,0.8,15.6,True,4.0,False
PQR-202602-05298,2026-02-15,2026-02,Camiseta personalizada pendiente,Chat del sitio,Ibagué,Escalado,1.1,9.8,True,3.0,True
PQR-202602-05299,2026-02-04,2026-02,Demora en la entrega,Línea gratuita #590,Cali,Cerrado,3.7,56.1,True,5.0,False
PQR-202602-05300,2026-02-09,2026-02,Faltante en el pedido,WhatsApp,Medellín,Cerrado,2.5,58.8,True,3.0,False
PQR-202602-05301,2026-02-07,2026-02,Reclamo por precio o promoción,Chat del sitio,Cartagena,Cerrado,0.2,1.6,True,5.0,False
PQR-202602-05302,2026-02-02,2026-02,Faltante en el pedido,Línea gratuita #590,Bogotá,Cerrado,1.1,15.3,True,5.0,False
PQR-202602-05303,2026-02-18,2026-02,Producto averiado en transporte,Chat del sitio,Bogotá,Cerrado,0.2,25.1,True,3.0,False
PQR-202602-05304,2026-02-12,2026-02,Faltante en el pedido,WhatsApp,Medellín,Cerrado,0.1,21.0,True,3.0,False
PQR-202602-05305,2026-02-01,2026-02,Demora en la entrega,WhatsApp,Bogotá,Cerrado,0.1,24.2,True,4.0,False
PQR-202602-05306,2026-02-16,2026-02,Demora en la entrega,Tienda física,Barranquilla,Cerrado,2.7,11.5,True,4.0,False
PQR-202602-05307,2026-02-02,2026-02,Faltante en el pedido,WhatsApp,Cali,Cerrado,1.6,17.7,True,4.0,False
PQR-202602-05308,2026-02-17,2026-02,Demora en la entrega,Chat del sitio,Bogotá,Cerrado,0.5,51.6,True,3.0,False
PQR-202602-05309,2026-02-23,2026-02,Demora en la entrega,Línea gratuita #590,Bogotá,Cerrado,0.1,2.6,True,4.0,False
PQR-202602-05310,2026-02-15,2026-02,Producto averiado en transporte,WhatsApp,Medellín,Cerrado,3.8,32.6,True,5.0,False
PQR-202602-05311,2026-02-19,2026-02,Demora en la entrega,Chat del sitio,Manizales,Cerrado,3.5,9.0,True,3.0,False
PQR-202602-05312,2026-02-02,2026-02,Evento adverso reportado,Línea gratuita #590,Manizales,Cerrado,7.8,23.6,False,4.0,True
PQR-202602-05313,2026-02-12,2026-02,Cambio o garantía,Línea gratuita #590,Cali,Cerrado,1.2,5.6,True,4.0,False
PQR-202602-05314,2026-02-05,2026-02,Cambio o garantía,Correo electrónico,Cartagena,Cerrado,5.1,86.3,False,3.0,False
PQR-202602-05315,2026-02-10,2026-02,Producto averiado en transporte,WhatsApp,Bogotá,Cerrado,0.9,82.4,True,1.0,False
PQR-202602-05316,2026-02-01,2026-02,Camiseta personalizada pendiente,WhatsApp,Bogotá,Cerrado,5.0,51.0,False,4.0,False
PQR-202602-05317,2026-02-21,2026-02,Reclamo por precio o promoción,Tienda física,Cartagena,Cerrado,0.8,18.5,True,5.0,False
PQR-202602-05318,2026-02-12,2026-02,Demora en la entrega,Chat del sitio,Medellín,Cerrado,2.0,3.6,True,4.0,False
PQR-202602-05319,2026-02-19,2026-02,Contenido incompleto del envase,WhatsApp,Cali,Escalado,4.8,330.1,False,4.0,True
PQR-202602-05320,2026-02-22,2026-02,Demora en la entrega,WhatsApp,Bucaramanga,Cerrado,0.4,22.3,True,3.0,False
PQR-202602-05321,2026-02-09,2026-02,Demora en la entrega,WhatsApp,Bogotá,Cerrado,0.2,15.9,True,5.0,False
PQR-202602-05322,2026-02-05,2026-02,Demora en la entrega,WhatsApp,Neiva,Cerrado,1.6,36.6,True,4.0,False
PQR-202602-05323,2026-02-17,2026-02,Contenido incompleto del envase,Línea gratuita #590,Barranquilla,Escalado,2.9,57.2,True,5.0,True
PQR-202602-05324,2026-02-06,2026-02,Faltante en el pedido,Línea gratuita #590,Ibagué,Cerrado,5.8,14.4,False,4.0,False
PQR-202602-05325,2026-02-18,2026-02,Producto averiado en transporte,WhatsApp,Medellín,Cerrado,3.5,35.5,True,3.0,False
PQR-202602-05326,2026-02-02,2026-02,Demora en la entrega,WhatsApp,Medellín,Cerrado,2.7,74.7,True,2.0,False
PQR-202602-05327,2026-02-07,2026-02,Camiseta personalizada pendiente,WhatsApp,Medellín,Escalado,1.2,64.8,True,4.0,True
PQR-202602-05328,2026-02-20,2026-02,Contenido incompleto del envase,Instagram / redes,Cali,Cerrado,1.2,24.3,True,3.0,False
PQR-202602-05329,2026-02-25,2026-02,Duda sobre uso del producto,Chat del sitio,Barranquilla,Cerrado,1.7,14.7,True,4.0,False
PQR-202602-05330,2026-02-23,2026-02,Evento adverso reportado,Línea gratuita #590,Bucaramanga,Cerrado,0.1,109.1,True,4.0,True
PQR-202602-05331,2026-02-11,2026-02,Demora en la entrega,Chat del sitio,Barranquilla,Cerrado,4.0,12.2,True,4.0,False
PQR-202602-05332,2026-02-08,2026-02,Cambio o garantía,WhatsApp,Cartagena,Cerrado,0.3,59.8,True,4.0,False
PQR-202602-05333,2026-02-20,2026-02,Demora en la entrega,Línea gratuita #590,Pereira,Cerrado,1.3,76.0,True,2.0,False
PQR-202602-05334,2026-02-04,2026-02,Demora en la entrega,Tienda física,Medellín,Cerrado,1.4,41.1,True,3.0,False
PQR-202602-05335,2026-02-20,2026-02,Producto averiado en transporte,Chat del sitio,Medellín,Cerrado,0.1,17.6,True,2.0,False
PQR-202602-05336,2026-02-05,2026-02,Solicitud de factura electrónica,Chat del sitio,Villavicencio,Cerrado,0.6,9.9,True,3.0,False
PQR-202602-05337,2026-02-26,2026-02,Faltante en el pedido,WhatsApp,Bogotá,Cerrado,2.7,12.0,True,4.0,False
PQR-202602-05338,2026-02-18,2026-02,Contenido incompleto del envase,Tienda física,Medellín,Cerrado,12.7,24.7,False,2.0,False
PQR-202602-05339,2026-02-05,2026-02,Camiseta personalizada pendiente,Chat del sitio,Medellín,Cerrado,0.1,4.0,True,2.0,False
PQR-202602-05340,2026-02-05,2026-02,Demora en la entrega,Línea gratuita #590,Bogotá,Cerrado,4.8,74.6,False,2.0,False
PQR-202602-05341,2026-02-19,2026-02,Demora en la entrega,Chat del sitio,Medellín,Cerrado,0.6,30.3,True,3.0,False
PQR-202602-05342,2026-02-14,2026-02,Demora en la entrega,Instagram / redes,Bogotá,Cerrado,0.9,45.9,True,2.0,False
PQR-202602-05343,2026-02-11,2026-02,Demora en la entrega,WhatsApp,Medellín,Cerrado,0.6,18.7,True,5.0,False
PQR-202602-05344,2026-02-18,2026-02,Demora en la entrega,WhatsApp,Medellín,Cerrado,3.3,26.2,True,4.0,False
PQR-202602-05345,2026-02-07,2026-02,Producto averiado en transporte,WhatsApp,Bogotá,Cerrado,0.1,7.3,True,3.0,False
PQR-202602-05346,2026-02-25,2026-02,Faltante en el pedido,WhatsApp,Bogotá,Cerrado,1.8,27.4,True,3.0,False
PQR-202602-05347,2026-02-05,2026-02,Faltante en el pedido,WhatsApp,Medellín,Cerrado,1.2,99.1,True,3.0,False
PQR-202602-05348,2026-02-07,2026-02,Demora en la entrega,Instagram / redes,Bogotá,Cerrado,9.6,35.5,False,4.0,False
PQR-202602-05349,2026-02-04,2026-02,Camiseta personalizada pendiente,WhatsApp,Barranquilla,Escalado,1.4,19.9,True,4.0,True
PQR-202602-05350,2026-02-26,2026-02,Duda sobre uso del producto,Tienda física,Cali,Cerrado,0.1,25.6,True,2.0,False
PQR-202602-05351,2026-02-12,2026-02,Faltante en el pedido,Chat del sitio,Villavicencio,Cerrado,1.9,42.4,True,4.0,False
PQR-202602-05352,2026-02-19,2026-02,Reclamo por precio o promoción,WhatsApp,Barranquilla,Cerrado,2.1,18.7,True,4.0,False
PQR-202602-05353,2026-02-04,2026-02,Demora en la entrega,WhatsApp,Cali,Cerrado,0.1,21.4,True,4.0,False
PQR-202602-05354,2026-02-03,2026-02,Demora en la entrega,WhatsApp,Bucaramanga,Cerrado,0.8,1.8,True,5.0,False
PQR-202602-05355,2026-02-15,2026-02,Demora en la entrega,Instagram / redes,Barranquilla,Cerrado,3.5,11.1,True,3.0,False
PQR-202602-05356,2026-02-27,2026-02,Demora en la entrega,WhatsApp,Bogotá,Cerrado,0.4,1.4,True,4.0,False
PQR-202602-05357,2026-02-17,2026-02,Camiseta personalizada pendiente,Chat del sitio,Medellín,Escalado,3.6,168.1,True,3.0,True
PQR-202602-05358,2026-02-04,2026-02,Producto averiado en transporte,WhatsApp,Cali,Cerrado,2.9,3.9,True,5.0,False
PQR-202602-05359,2026-02-27,2026-02,Cambio o garantía,WhatsApp,Cali,Cerrado,2.3,44.4,True,3.0,False
PQR-202602-05360,2026-02-06,2026-02,Contenido incompleto del envase,Chat del sitio,Bogotá,Cerrado,2.1,57.6,True,3.0,False
PQR-202602-05361,2026-02-06,2026-02,Demora en la entrega,Chat del sitio,Bucaramanga,Cerrado,2.2,13.2,True,3.0,False
PQR-202602-05362,2026-02-27,2026-02,Camiseta personalizada pendiente,Correo electrónico,Cúcuta,Cerrado,1.7,17.4,True,3.0,False
PQR-202602-05363,2026-02-03,2026-02,Cambio o garantía,Línea gratuita #590,Neiva,Cerrado,0.9,104.2,True,5.0,False
PQR-202602-05364,2026-02-01,2026-02,Demora en la entrega,WhatsApp,Medellín,Cerrado,0.4,18.5,True,4.0,False
PQR-202602-05365,2026-02-20,2026-02,Camiseta personalizada pendiente,Chat del sitio,Pereira,Cerrado,4.4,50.2,False,4.0,False
PQR-202602-05366,2026-02-08,2026-02,Camiseta personalizada pendiente,Instagram / redes,Bogotá,Cerrado,5.2,44.3,False,4.0,False
PQR-202602-05367,2026-02-17,2026-02,Faltante en el pedido,WhatsApp,Villavicencio,Cerrado,2.8,5.5,True,4.0,False
PQR-202602-05368,2026-02-13,2026-02,Contenido incompleto del envase,Correo electrónico,Cartagena,Escalado,0.4,75.5,True,3.0,True
PQR-202602-05369,2026-02-07,2026-02,Contenido incompleto del envase,WhatsApp,Bucaramanga,Cerrado,2.3,33.1,True,5.0,False
PQR-202602-05370,2026-02-27,2026-02,Camiseta personalizada pendiente,WhatsApp,Villavicencio,Cerrado,2.8,83.7,True,3.0,False
PQR-202602-05371,2026-02-05,2026-02,Faltante en el pedido,Línea gratuita #590,Bogotá,Cerrado,1.1,70.8,True,3.0,False
PQR-202603-05372,2026-03-03,2026-03,Producto averiado en transporte,Línea gratuita #590,Cartagena,Cerrado,3.2,16.1,True,5.0,False
PQR-202603-05373,2026-03-18,2026-03,Evento adverso reportado,Chat del sitio,Bucaramanga,Cerrado,3.0,42.0,True,3.0,True
PQR-202603-05374,2026-03-03,2026-03,Faltante en el pedido,WhatsApp,Pereira,Cerrado,2.6,6.6,True,4.0,False
PQR-202603-05375,2026-03-02,2026-03,Camiseta personalizada pendiente,Línea gratuita #590,Cali,Cerrado,12.9,61.2,False,5.0,False
PQR-202603-05376,2026-03-26,2026-03,Faltante en el pedido,WhatsApp,Villavicencio,Cerrado,1.1,16.3,True,3.0,False
PQR-202603-05377,2026-03-16,2026-03,Producto averiado en transporte,WhatsApp,Bogotá,Cerrado,4.9,58.1,False,3.0,False
PQR-202603-05378,2026-03-15,2026-03,Faltante en el pedido,Línea gratuita #590,Cali,Cerrado,5.7,62.7,False,3.0,False
PQR-202603-05379,2026-03-26,2026-03,Demora en la entrega,WhatsApp,Medellín,Cerrado,1.8,34.0,True,4.0,False
PQR-202603-05380,2026-03-15,2026-03,Faltante en el pedido,WhatsApp,Barranquilla,Cerrado,8.2,28.3,False,3.0,False
PQR-202603-05381,2026-03-12,2026-03,Solicitud de factura electrónica,Chat del sitio,Ibagué,Cerrado,1.5,48.8,True,5.0,False
PQR-202603-05382,2026-03-14,2026-03,Faltante en el pedido,WhatsApp,Cali,Cerrado,0.3,54.1,True,3.0,False
PQR-202603-05383,2026-03-22,2026-03,Camiseta personalizada pendiente,Chat del sitio,Barranquilla,Cerrado,0.8,34.9,True,2.0,False
PQR-202603-05384,2026-03-09,2026-03,Camiseta personalizada pendiente,Línea gratuita #590,Bogotá,Escalado,4.2,18.6,False,5.0,True
PQR-202603-05385,2026-03-01,2026-03,Solicitud de factura electrónica,WhatsApp,Cartagena,Cerrado,0.2,1.7,True,4.0,False
PQR-202603-05386,2026-03-11,2026-03,Camiseta personalizada pendiente,WhatsApp,Medellín,Escalado,0.8,63.5,True,2.0,True
PQR-202603-05387,2026-03-14,2026-03,Faltante en el pedido,WhatsApp,Medellín,Cerrado,0.9,18.1,True,3.0,False
PQR-202603-05388,2026-03-02,2026-03,Solicitud de factura electrónica,Chat del sitio,Bucaramanga,Cerrado,0.4,11.4,True,5.0,False
PQR-202603-05389,2026-03-04,2026-03,Demora en la entrega,Instagram / redes,Cali,Cerrado,5.9,48.0,False,4.0,False
PQR-202603-05390,2026-03-25,2026-03,Demora en la entrega,Instagram / redes,Medellín,Cerrado,0.9,14.7,True,3.0,False
PQR-202603-05391,2026-03-25,2026-03,Camiseta personalizada pendiente,Chat del sitio,Villavicencio,Escalado,6.4,101.9,False,4.0,True
PQR-202603-05392,2026-03-04,2026-03,Contenido incompleto del envase,WhatsApp,Bogotá,Cerrado,0.6,242.9,True,3.0,False
PQR-202603-05393,2026-03-11,2026-03,Reclamo por precio o promoción,WhatsApp,Bogotá,Cerrado,0.8,4.7,True,4.0,False
PQR-202603-05394,2026-03-18,2026-03,Solicitud de factura electrónica,Correo electrónico,Bucaramanga,Cerrado,3.8,28.2,True,3.0,False
PQR-202603-05395,2026-03-06,2026-03,Camiseta personalizada pendiente,WhatsApp,Cali,Escalado,2.3,4.4,True,4.0,True
PQR-202603-05396,2026-03-19,2026-03,Demora en la entrega,Chat del sitio,Bucaramanga,Cerrado,0.3,15.0,True,3.0,False
PQR-202603-05397,2026-03-08,2026-03,Contenido incompleto del envase,WhatsApp,Bogotá,Cerrado,0.7,4.4,True,4.0,False
PQR-202603-05398,2026-03-05,2026-03,Demora en la entrega,WhatsApp,Bogotá,Cerrado,0.6,73.9,True,2.0,False
PQR-202603-05399,2026-03-18,2026-03,Faltante en el pedido,Línea gratuita #590,Barranquilla,Cerrado,6.0,40.5,False,3.0,False
PQR-202603-05400,2026-03-06,2026-03,Demora en la entrega,Línea gratuita #590,Santa Marta,Cerrado,2.0,47.9,True,3.0,False
PQR-202603-05401,2026-03-24,2026-03,Camiseta personalizada pendiente,Tienda física,Cali,Escalado,6.8,33.2,False,4.0,True
PQR-202603-05402,2026-03-12,2026-03,Camiseta personalizada pendiente,Línea gratuita #590,Bogotá,Escalado,3.9,156.8,True,3.0,True
PQR-202603-05403,2026-03-24,2026-03,Demora en la entrega,Línea gratuita #590,Neiva,Cerrado,1.2,2.5,True,4.0,False
PQR-202603-05404,2026-03-04,2026-03,Solicitud de factura electrónica,WhatsApp,Bogotá,Cerrado,0.8,23.9,True,3.0,False
PQR-202603-05405,2026-03-14,2026-03,Demora en la entrega,WhatsApp,Medellín,Cerrado,2.7,6.6,True,4.0,False
PQR-202603-05406,2026-03-16,2026-03,Reclamo por precio o promoción,Tienda física,Cali,Cerrado,1.2,6.3,True,3.0,False
PQR-202603-05407,2026-03-09,2026-03,Producto averiado en transporte,Línea gratuita #590,Bogotá,Cerrado,6.8,17.3,False,5.0,False
PQR-202603-05408,2026-03-17,2026-03,Contenido incompleto del envase,Línea gratuita #590,Manizales,Escalado,0.1,293.8,True,3.0,True
PQR-202603-05409,2026-03-17,2026-03,Reclamo por precio o promoción,Chat del sitio,Bucaramanga,Cerrado,1.1,4.3,True,4.0,False
PQR-202603-05410,2026-03-20,2026-03,Camiseta personalizada pendiente,Línea gratuita #590,Bogotá,Escalado,0.1,78.7,True,4.0,True
PQR-202603-05411,2026-03-10,2026-03,Demora en la entrega,WhatsApp,Bucaramanga,Cerrado,0.1,33.1,True,4.0,False
PQR-202603-05412,2026-03-21,2026-03,Demora en la entrega,WhatsApp,Bogotá,Cerrado,3.6,20.6,True,4.0,False
PQR-202603-05413,2026-03-18,2026-03,Duda sobre uso del producto,Chat del sitio,Bucaramanga,Cerrado,1.1,7.6,True,5.0,False
PQR-202603-05414,2026-03-24,2026-03,Faltante en el pedido,WhatsApp,Cali,Cerrado,0.1,40.8,True,4.0,False
PQR-202603-05415,2026-03-08,2026-03,Contenido incompleto del envase,WhatsApp,Bogotá,Escalado,1.8,9.5,True,3.0,True
PQR-202603-05416,2026-03-21,2026-03,Demora en la entrega,Instagram / redes,Santa Marta,Cerrado,7.2,38.3,False,5.0,False
PQR-202603-05417,2026-03-16,2026-03,Faltante en el pedido,Tienda física,Bogotá,Cerrado,1.4,56.3,True,3.0,False
PQR-202603-05418,2026-03-07,2026-03,Faltante en el pedido,WhatsApp,Medellín,Cerrado,2.3,8.1,True,5.0,False
PQR-202603-05419,2026-03-21,2026-03,Evento adverso reportado,Línea gratuita #590,Medellín,Cerrado,2.7,14.9,True,5.0,True
PQR-202603-05420,2026-03-19,2026-03,Demora en la entrega,Instagram / redes,Bogotá,Cerrado,0.3,4.4,True,3.0,False
PQR-202603-05421,2026-03-17,2026-03,Demora en la entrega,WhatsApp,Bogotá,Cerrado,0.2,61.9,True,4.0,False
PQR-202603-05422,2026-03-06,2026-03,Faltante en el pedido,WhatsApp,Bogotá,Cerrado,0.2,47.9,True,4.0,False
PQR-202603-05423,2026-03-02,2026-03,Solicitud de factura electrónica,Chat del sitio,Bogotá,Cerrado,1.8,16.8,True,4.0,False
PQR-202603-05424,2026-03-05,2026-03,Demora en la entrega,WhatsApp,Cali,Cerrado,2.3,54.6,True,5.0,False
PQR-202603-05425,2026-03-04,2026-03,Demora en la entrega,Tienda física,Villavicencio,Cerrado,7.3,41.2,False,5.0,False
PQR-202603-05426,2026-03-21,2026-03,Producto averiado en transporte,Línea gratuita #590,Manizales,Cerrado,1.8,23.8,True,4.0,False
PQR-202603-05427,2026-03-11,2026-03,Demora en la entrega,Instagram / redes,Pereira,Cerrado,2.7,25.4,True,4.0,False
PQR-202603-05428,2026-03-16,2026-03,Contenido incompleto del envase,Chat del sitio,Cali,Escalado,14.6,94.1,False,3.0,True
PQR-202603-05429,2026-03-13,2026-03,Camiseta personalizada pendiente,Línea gratuita #590,Bogotá,Escalado,1.2,90.1,True,2.0,True
PQR-202603-05430,2026-03-06,2026-03,Demora en la entrega,Instagram / redes,Ibagué,Cerrado,7.5,24.1,False,2.0,False
PQR-202603-05431,2026-03-25,2026-03,Camiseta personalizada pendiente,WhatsApp,Cali,Cerrado,0.5,69.4,True,5.0,False
PQR-202603-05432,2026-03-23,2026-03,Faltante en el pedido,Instagram / redes,Cúcuta,Cerrado,4.5,5.5,False,5.0,False
PQR-202603-05433,2026-03-13,2026-03,Faltante en el pedido,Tienda física,Bogotá,Cerrado,0.1,49.9,True,3.0,False
PQR-202603-05434,2026-03-18,2026-03,Demora en la entrega,WhatsApp,Cali,Cerrado,0.7,14.4,True,4.0,False
PQR-202603-05435,2026-03-04,2026-03,Faltante en el pedido,Instagram / redes,Bogotá,Cerrado,3.2,119.0,True,4.0,False
PQR-202603-05436,2026-03-17,2026-03,Solicitud de factura electrónica,WhatsApp,Barranquilla,Cerrado,0.2,31.0,True,4.0,False
PQR-202603-05437,2026-03-22,2026-03,Demora en la entrega,WhatsApp,Bucaramanga,Cerrado,0.1,3.6,True,3.0,False
PQR-202603-05438,2026-03-11,2026-03,Contenido incompleto del envase,Chat del sitio,Barranquilla,Cerrado,2.4,39.0,True,4.0,False
PQR-202603-05439,2026-03-01,2026-03,Evento adverso reportado,Tienda física,Medellín,Cerrado,14.2,22.8,False,5.0,True
PQR-202603-05440,2026-03-17,2026-03,Reclamo por precio o promoción,Instagram / redes,Bucaramanga,Cerrado,1.4,4.7,True,5.0,False
PQR-202603-05441,2026-03-07,2026-03,Demora en la entrega,WhatsApp,Medellín,Cerrado,0.8,31.6,True,4.0,False
PQR-202603-05442,2026-03-23,2026-03,Faltante en el pedido,Instagram / redes,Bogotá,Cerrado,10.3,16.7,False,4.0,False
PQR-202603-05443,2026-03-09,2026-03,Demora en la entrega,WhatsApp,Pasto,Cerrado,1.7,64.6,True,4.0,False
PQR-202603-05444,2026-03-12,2026-03,Contenido incompleto del envase,Línea gratuita #590,Barranquilla,Cerrado,2.4,11.1,True,4.0,False
PQR-202603-05445,2026-03-19,2026-03,Producto averiado en transporte,WhatsApp,Bogotá,Cerrado,0.6,59.8,True,4.0,False
PQR-202603-05446,2026-03-06,2026-03,Demora en la entrega,Chat del sitio,Bogotá,Cerrado,4.3,12.2,False,4.0,False
PQR-202603-05447,2026-03-02,2026-03,Camiseta personalizada pendiente,Chat del sitio,Bogotá,Cerrado,2.3,63.2,True,5.0,False
PQR-202603-05448,2026-03-06,2026-03,Contenido incompleto del envase,Chat del sitio,Bogotá,Cerrado,0.1,33.1,True,3.0,False
PQR-202603-05449,2026-03-26,2026-03,Camiseta personalizada pendiente,Chat del sitio,Bogotá,Escalado,2.8,9.6,True,4.0,True
PQR-202603-05450,2026-03-19,2026-03,Demora en la entrega,Tienda física,Medellín,Cerrado,4.3,22.9,False,4.0,False
PQR-202603-05451,2026-03-02,2026-03,Reclamo por precio o promoción,WhatsApp,Bogotá,Cerrado,0.3,14.4,True,5.0,False
PQR-202603-05452,2026-03-10,2026-03,Producto averiado en transporte,Línea gratuita #590,Cali,Cerrado,0.9,8.5,True,4.0,False
PQR-202603-05453,2026-03-20,2026-03,Evento adverso reportado,Tienda física,Medellín,Escalado,15.1,54.8,False,3.0,True
PQR-202603-05454,2026-03-01,2026-03,Reclamo por precio o promoción,WhatsApp,Manizales,Cerrado,0.2,21.0,True,5.0,False
PQR-202603-05455,2026-03-17,2026-03,Cambio o garantía,Línea gratuita #590,Villavicencio,Cerrado,0.7,4.6,True,3.0,False
PQR-202603-05456,2026-03-09,2026-03,Demora en la entrega,Línea gratuita #590,Cali,Cerrado,1.0,22.4,True,3.0,False
PQR-202603-05457,2026-03-23,2026-03,Solicitud de factura electrónica,WhatsApp,Barranquilla,Cerrado,1.1,11.2,True,5.0,False
PQR-202603-05458,2026-03-01,2026-03,Demora en la entrega,Correo electrónico,Santa Marta,Cerrado,9.1,45.0,False,5.0,False
PQR-202603-05459,2026-03-09,2026-03,Reclamo por precio o promoción,WhatsApp,Cartagena,Cerrado,0.1,14.1,True,3.0,False
PQR-202603-05460,2026-03-02,2026-03,Demora en la entrega,Chat del sitio,Santa Marta,Cerrado,1.6,2.8,True,4.0,False
PQR-202603-05461,2026-03-23,2026-03,Duda sobre uso del producto,Línea gratuita #590,Bogotá,Cerrado,0.5,3.1,True,5.0,False
PQR-202603-05462,2026-03-21,2026-03,Demora en la entrega,Chat del sitio,Cali,Cerrado,0.1,6.6,True,4.0,False
PQR-202603-05463,2026-03-18,2026-03,Faltante en el pedido,Correo electrónico,Bogotá,Cerrado,0.5,29.7,True,5.0,False
PQR-202603-05464,2026-03-13,2026-03,Producto averiado en transporte,WhatsApp,Bogotá,Cerrado,2.7,6.8,True,3.0,False
PQR-202603-05465,2026-03-05,2026-03,Solicitud de factura electrónica,WhatsApp,Barranquilla,Cerrado,0.6,8.3,True,3.0,False
PQR-202603-05466,2026-03-26,2026-03,Cambio o garantía,WhatsApp,Bogotá,Cerrado,0.2,61.5,True,3.0,False
PQR-202603-05467,2026-03-25,2026-03,Faltante en el pedido,Tienda física,Medellín,Cerrado,1.0,35.4,True,5.0,False
PQR-202603-05468,2026-03-01,2026-03,Solicitud de factura electrónica,WhatsApp,Bogotá,Cerrado,1.3,20.9,True,5.0,False
PQR-202603-05469,2026-03-05,2026-03,Faltante en el pedido,Instagram / redes,Cali,Cerrado,5.9,39.1,False,3.0,False
PQR-202603-05470,2026-03-24,2026-03,Faltante en el pedido,Tienda física,Manizales,Cerrado,0.9,50.3,True,4.0,False
PQR-202603-05471,2026-03-21,2026-03,Faltante en el pedido,WhatsApp,Bogotá,Cerrado,3.6,38.5,True,4.0,False
PQR-202603-05472,2026-03-07,2026-03,Contenido incompleto del envase,WhatsApp,Bogotá,Escalado,4.3,114.1,False,3.0,True
PQR-202603-05473,2026-03-05,2026-03,Evento adverso reportado,WhatsApp,Bogotá,Cerrado,5.0,28.0,False,3.0,True
PQR-202603-05474,2026-03-06,2026-03,Demora en la entrega,WhatsApp,Neiva,Cerrado,0.5,10.4,True,3.0,False
PQR-202603-05475,2026-03-19,2026-03,Camiseta personalizada pendiente,Chat del sitio,Barranquilla,Cerrado,9.1,11.9,False,3.0,False
PQR-202603-05476,2026-03-02,2026-03,Evento adverso reportado,WhatsApp,Bogotá,Cerrado,2.1,51.0,True,5.0,True
PQR-202603-05477,2026-03-26,2026-03,Contenido incompleto del envase,WhatsApp,Bucaramanga,Escalado,0.2,50.8,True,4.0,True
PQR-202603-05478,2026-03-14,2026-03,Faltante en el pedido,Chat del sitio,Bogotá,Cerrado,2.9,70.7,True,2.0,False
PQR-202603-05479,2026-03-21,2026-03,Solicitud de factura electrónica,WhatsApp,Bucaramanga,Cerrado,0.3,25.7,True,4.0,False
PQR-202603-05480,2026-03-21,2026-03,Contenido incompleto del envase,WhatsApp,Cartagena,Escalado,1.1,77.8,True,3.0,True
PQR-202603-05481,2026-03-20,2026-03,Faltante en el pedido,WhatsApp,Bogotá,Cerrado,0.5,1.5,True,4.0,False
PQR-202603-05482,2026-03-11,2026-03,Faltante en el pedido,Línea gratuita #590,Medellín,Cerrado,2.5,62.8,True,4.0,False
PQR-202603-05483,2026-03-24,2026-03,Faltante en el pedido,WhatsApp,Cali,Cerrado,0.2,18.7,True,4.0,False
PQR-202603-05484,2026-03-12,2026-03,Evento adverso reportado,Línea gratuita #590,Barranquilla,Cerrado,2.4,29.6,True,5.0,True
PQR-202603-05485,2026-03-16,2026-03,Demora en la entrega,WhatsApp,Medellín,Cerrado,0.2,16.2,True,4.0,False
PQR-202603-05486,2026-03-25,2026-03,Demora en la entrega,Tienda física,Bogotá,Cerrado,4.3,12.0,False,4.0,False
PQR-202603-05487,2026-03-11,2026-03,Demora en la entrega,Tienda física,Bogotá,Cerrado,0.8,23.9,True,3.0,False
PQR-202603-05488,2026-03-23,2026-03,Producto averiado en transporte,Línea gratuita #590,Bogotá,Cerrado,1.8,26.2,True,4.0,False
PQR-202603-05489,2026-03-11,2026-03,Duda sobre uso del producto,WhatsApp,Medellín,Cerrado,0.7,11.8,True,4.0,False
PQR-202603-05490,2026-03-25,2026-03,Producto averiado en transporte,WhatsApp,Neiva,Cerrado,1.4,41.0,True,4.0,False
PQR-202603-05491,2026-03-16,2026-03,Producto averiado en transporte,WhatsApp,Cali,Cerrado,1.6,100.6,True,2.0,False
PQR-202603-05492,2026-03-19,2026-03,Producto averiado en transporte,WhatsApp,Cali,Cerrado,1.0,6.6,True,4.0,False
PQR-202603-05493,2026-03-21,2026-03,Reclamo por precio o promoción,Chat del sitio,Bogotá,Cerrado,0.1,13.0,True,4.0,False
PQR-202603-05494,2026-03-05,2026-03,Producto averiado en transporte,Línea gratuita #590,Cali,Cerrado,2.4,14.7,True,3.0,False
PQR-202603-05495,2026-03-10,2026-03,Demora en la entrega,Chat del sitio,Barranquilla,Cerrado,2.9,3.9,True,4.0,False
PQR-202603-05496,2026-03-21,2026-03,Camiseta personalizada pendiente,WhatsApp,Villavicencio,Cerrado,0.4,48.0,True,4.0,False
PQR-202603-05497,2026-03-04,2026-03,Faltante en el pedido,WhatsApp,Barranquilla,Cerrado,1.6,4.9,True,5.0,False
PQR-202603-05498,2026-03-15,2026-03,Faltante en el pedido,WhatsApp,Barranquilla,Cerrado,1.2,14.6,True,4.0,False
PQR-202603-05499,2026-03-02,2026-03,Duda sobre uso del producto,Correo electrónico,Bucaramanga,Cerrado,6.2,8.4,False,5.0,False
PQR-202603-05500,2026-03-05,2026-03,Reclamo por precio o promoción,Línea gratuita #590,Cali,Cerrado,0.7,7.8,True,5.0,False
PQR-202603-05501,2026-03-25,2026-03,Demora en la entrega,Correo electrónico,Santa Marta,Cerrado,23.4,58.0,False,4.0,False
PQR-202603-05502,2026-03-24,2026-03,Producto averiado en transporte,WhatsApp,Cali,Cerrado,0.2,11.0,True,3.0,False
PQR-202603-05503,2026-03-25,2026-03,Demora en la entrega,WhatsApp,Bogotá,Cerrado,1.8,38.1,True,4.0,False
PQR-202603-05504,2026-03-14,2026-03,Producto averiado en transporte,Línea gratuita #590,Cali,Cerrado,0.3,14.4,True,5.0,False
PQR-202603-05505,2026-03-11,2026-03,Reclamo por precio o promoción,Correo electrónico,Medellín,Cerrado,9.2,13.2,False,3.0,False
PQR-202603-05506,2026-03-23,2026-03,Duda sobre uso del producto,Tienda física,Medellín,Cerrado,0.9,2.9,True,4.0,False
PQR-202603-05507,2026-03-23,2026-03,Solicitud de factura electrónica,Instagram / redes,Cali,Cerrado,4.3,5.3,False,4.0,False
PQR-202603-05508,2026-03-02,2026-03,Solicitud de factura electrónica,WhatsApp,Barranquilla,Cerrado,0.1,22.8,True,4.0,False
PQR-202603-05509,2026-03-01,2026-03,Faltante en el pedido,Instagram / redes,Cali,Cerrado,1.2,10.6,True,3.0,False
PQR-202603-05510,2026-03-04,2026-03,Cambio o garantía,Línea gratuita #590,Cúcuta,Cerrado,3.7,63.4,True,2.0,False
PQR-202603-05511,2026-03-20,2026-03,Demora en la entrega,Correo electrónico,Bucaramanga,Cerrado,10.8,107.0,False,4.0,False
PQR-202603-05512,2026-03-18,2026-03,Reclamo por precio o promoción,WhatsApp,Bogotá,Cerrado,0.3,24.4,True,3.0,False
PQR-202603-05513,2026-03-06,2026-03,Demora en la entrega,WhatsApp,Cali,Cerrado,0.6,67.3,True,3.0,False
PQR-202603-05514,2026-03-12,2026-03,Reclamo por precio o promoción,WhatsApp,Bogotá,Cerrado,0.2,6.5,True,4.0,False
PQR-202603-05515,2026-03-08,2026-03,Producto averiado en transporte,WhatsApp,Bogotá,Cerrado,1.3,3.4,True,3.0,False
PQR-202603-05516,2026-03-05,2026-03,Demora en la entrega,WhatsApp,Villavicencio,Cerrado,1.6,78.9,True,2.0,False
PQR-202603-05517,2026-03-15,2026-03,Camiseta personalizada pendiente,Línea gratuita #590,Bogotá,Cerrado,1.1,2.1,True,3.0,False
PQR-202603-05518,2026-03-16,2026-03,Duda sobre uso del producto,Tienda física,Cartagena,Cerrado,0.8,15.1,True,5.0,False
PQR-202603-05519,2026-03-22,2026-03,Demora en la entrega,WhatsApp,Bogotá,Cerrado,6.8,38.9,False,4.0,False
PQR-202603-05520,2026-03-16,2026-03,Solicitud de factura electrónica,WhatsApp,Barranquilla,Cerrado,0.1,1.7,True,4.0,False
PQR-202603-05521,2026-03-02,2026-03,Faltante en el pedido,WhatsApp,Manizales,Cerrado,0.3,1.9,True,5.0,False
PQR-202603-05522,2026-03-20,2026-03,Cambio o garantía,WhatsApp,Manizales,Cerrado,3.2,64.4,True,4.0,False
PQR-202603-05523,2026-03-06,2026-03,Demora en la entrega,WhatsApp,Bogotá,Cerrado,0.4,40.2,True,4.0,False
PQR-202603-05524,2026-03-24,2026-03,Solicitud de factura electrónica,WhatsApp,Neiva,Cerrado,0.9,3.8,True,3.0,False
PQR-202603-05525,2026-03-22,2026-03,Producto averiado en transporte,WhatsApp,Pasto,Cerrado,1.6,68.7,True,5.0,False
PQR-202603-05526,2026-03-19,2026-03,Demora en la entrega,Instagram / redes,Pasto,Cerrado,9.1,28.3,False,2.0,False
PQR-202603-05527,2026-03-15,2026-03,Demora en la entrega,Línea gratuita #590,Medellín,Cerrado,1.0,6.4,True,3.0,False
PQR-202603-05528,2026-03-06,2026-03,Camiseta personalizada pendiente,Tienda física,Pereira,Cerrado,4.9,14.9,False,4.0,False
PQR-202603-05529,2026-03-06,2026-03,Contenido incompleto del envase,Línea gratuita #590,Cúcuta,Cerrado,15.0,102.6,False,4.0,False
PQR-202603-05530,2026-03-09,2026-03,Faltante en el pedido,WhatsApp,Cali,Cerrado,3.2,5.3,True,4.0,False
PQR-202603-05531,2026-03-20,2026-03,Duda sobre uso del producto,WhatsApp,Bogotá,Cerrado,0.3,27.5,True,4.0,False
PQR-202603-05532,2026-03-05,2026-03,Reclamo por precio o promoción,Tienda física,Medellín,Cerrado,3.6,6.4,True,3.0,False
PQR-202603-05533,2026-03-24,2026-03,Faltante en el pedido,Chat del sitio,Medellín,Cerrado,0.6,31.1,True,3.0,False
PQR-202603-05534,2026-03-01,2026-03,Cambio o garantía,Línea gratuita #590,Bogotá,Cerrado,0.8,27.2,True,4.0,False
PQR-202603-05535,2026-03-22,2026-03,Camiseta personalizada pendiente,Chat del sitio,Barranquilla,Cerrado,8.4,39.3,False,4.0,False
PQR-202603-05536,2026-03-12,2026-03,Duda sobre uso del producto,Chat del sitio,Cartagena,Cerrado,0.3,67.2,True,4.0,False
PQR-202603-05537,2026-03-05,2026-03,Solicitud de factura electrónica,WhatsApp,Bogotá,Cerrado,1.1,14.7,True,2.0,False
PQR-202603-05538,2026-03-16,2026-03,Producto averiado en transporte,WhatsApp,Bogotá,Cerrado,0.8,32.6,True,4.0,False
PQR-202603-05539,2026-03-04,2026-03,Cambio o garantía,Línea gratuita #590,Bogotá,Cerrado,8.0,27.5,False,4.0,False
PQR-202603-05540,2026-03-02,2026-03,Reclamo por precio o promoción,Chat del sitio,Bogotá,Cerrado,0.1,7.0,True,4.0,False
PQR-202603-05541,2026-03-02,2026-03,Demora en la entrega,Chat del sitio,Barranquilla,Cerrado,1.7,95.0,True,3.0,False
PQR-202603-05542,2026-03-06,2026-03,Faltante en el pedido,Línea gratuita #590,Bogotá,Cerrado,0.4,31.0,True,5.0,False
PQR-202603-05543,2026-03-18,2026-03,Producto averiado en transporte,Instagram / redes,Medellín,Cerrado,5.8,28.7,False,4.0,False
PQR-202603-05544,2026-03-06,2026-03,Producto averiado en transporte,Instagram / redes,Bogotá,Cerrado,3.4,22.9,True,3.0,False
PQR-202603-05545,2026-03-21,2026-03,Reclamo por precio o promoción,WhatsApp,Villavicencio,Cerrado,0.7,1.7,True,4.0,False
PQR-202603-05546,2026-03-10,2026-03,Reclamo por precio o promoción,WhatsApp,Medellín,Cerrado,0.4,7.3,True,4.0,False
PQR-202603-05547,2026-03-06,2026-03,Producto averiado en transporte,WhatsApp,Cali,Cerrado,4.1,57.8,False,4.0,False
PQR-202603-05548,2026-03-18,2026-03,Demora en la entrega,Chat del sitio,Cúcuta,Cerrado,0.1,10.8,True,3.0,False
PQR-202603-05549,2026-03-17,2026-03,Faltante en el pedido,WhatsApp,Cúcuta,Cerrado,0.2,11.2,True,2.0,False
PQR-202603-05550,2026-03-17,2026-03,Producto averiado en transporte,Línea gratuita #590,Bucaramanga,Cerrado,0.4,33.2,True,3.0,False
PQR-202603-05551,2026-03-27,2026-03,Demora en la entrega,WhatsApp,Bogotá,Cerrado,1.2,2.7,True,5.0,False
PQR-202603-05552,2026-03-24,2026-03,Solicitud de factura electrónica,Instagram / redes,Bogotá,Cerrado,1.1,10.8,True,4.0,False
PQR-202603-05553,2026-03-14,2026-03,Contenido incompleto del envase,Tienda física,Medellín,Escalado,23.0,63.6,False,4.0,True
PQR-202603-05554,2026-03-13,2026-03,Producto averiado en transporte,Línea gratuita #590,Cali,Cerrado,1.9,104.3,True,2.0,False
PQR-202603-05555,2026-03-20,2026-03,Demora en la entrega,WhatsApp,Cúcuta,Cerrado,0.4,21.9,True,4.0,False
PQR-202603-05556,2026-03-01,2026-03,Camiseta personalizada pendiente,WhatsApp,Santa Marta,Escalado,6.7,51.0,False,4.0,True
PQR-202603-05557,2026-03-23,2026-03,Cambio o garantía,WhatsApp,Cali,Cerrado,4.5,69.7,False,4.0,False
PQR-202603-05558,2026-03-10,2026-03,Contenido incompleto del envase,Línea gratuita #590,Bogotá,Escalado,2.3,4.9,True,5.0,True
PQR-202603-05559,2026-03-25,2026-03,Contenido incompleto del envase,WhatsApp,Cúcuta,Escalado,1.9,44.7,True,3.0,True
PQR-202603-05560,2026-03-24,2026-03,Producto averiado en transporte,WhatsApp,Medellín,Cerrado,0.6,11.3,True,5.0,False
PQR-202603-05561,2026-03-20,2026-03,Camiseta personalizada pendiente,WhatsApp,Medellín,Cerrado,6.3,21.4,False,4.0,False
PQR-202603-05562,2026-03-11,2026-03,Camiseta personalizada pendiente,Correo electrónico,Cartagena,Escalado,21.2,25.6,False,3.0,True
PQR-202603-05563,2026-03-23,2026-03,Contenido incompleto del envase,WhatsApp,Cartagena,Cerrado,0.8,56.4,True,4.0,False
PQR-202603-05564,2026-03-17,2026-03,Camiseta personalizada pendiente,WhatsApp,Cartagena,Escalado,0.7,2.7,True,5.0,True
PQR-202603-05565,2026-03-04,2026-03,Cambio o garantía,WhatsApp,Bucaramanga,Cerrado,2.5,5.2,True,4.0,False
PQR-202603-05566,2026-03-01,2026-03,Camiseta personalizada pendiente,Correo electrónico,Bogotá,Cerrado,48.7,96.1,False,3.0,False
PQR-202603-05567,2026-03-14,2026-03,Evento adverso reportado,Correo electrónico,Cali,Cerrado,10.1,24.3,False,3.0,True
PQR-202603-05568,2026-03-01,2026-03,Faltante en el pedido,Línea gratuita #590,Cali,Cerrado,0.6,19.8,True,3.0,False
PQR-202603-05569,2026-03-07,2026-03,Solicitud de factura electrónica,WhatsApp,Cartagena,Cerrado,0.1,39.2,True,2.0,False
PQR-202603-05570,2026-03-05,2026-03,Demora en la entrega,Correo electrónico,Bogotá,Cerrado,4.1,14.7,False,3.0,False
PQR-202603-05571,2026-03-02,2026-03,Demora en la entrega,Tienda física,Pereira,Cerrado,0.7,6.8,True,4.0,False
PQR-202603-05572,2026-03-08,2026-03,Cambio o garantía,WhatsApp,Manizales,Cerrado,0.2,45.4,True,5.0,False
PQR-202603-05573,2026-03-24,2026-03,Producto averiado en transporte,Tienda física,Bucaramanga,Cerrado,1.8,14.1,True,4.0,False
PQR-202603-05574,2026-03-16,2026-03,Demora en la entrega,WhatsApp,Cartagena,Cerrado,0.2,56.9,True,4.0,False
PQR-202603-05575,2026-03-10,2026-03,Solicitud de factura electrónica,Chat del sitio,Medellín,Cerrado,0.5,26.8,True,3.0,False
PQR-202603-05576,2026-03-21,2026-03,Demora en la entrega,Tienda física,Medellín,Cerrado,1.1,28.5,True,3.0,False
PQR-202603-05577,2026-03-18,2026-03,Demora en la entrega,Línea gratuita #590,Medellín,Cerrado,1.2,10.6,True,5.0,False
PQR-202603-05578,2026-03-15,2026-03,Cambio o garantía,Chat del sitio,Medellín,Cerrado,3.2,67.3,True,3.0,False
PQR-202603-05579,2026-03-18,2026-03,Solicitud de factura electrónica,Chat del sitio,Medellín,Cerrado,0.3,6.9,True,5.0,False
PQR-202603-05580,2026-03-04,2026-03,Camiseta personalizada pendiente,Instagram / redes,Pereira,Cerrado,1.4,88.9,True,3.0,False
PQR-202603-05581,2026-03-13,2026-03,Reclamo por precio o promoción,WhatsApp,Cali,Cerrado,0.4,24.4,True,3.0,False
PQR-202603-05582,2026-03-19,2026-03,Reclamo por precio o promoción,Línea gratuita #590,Bogotá,Cerrado,0.6,32.3,True,4.0,False
PQR-202603-05583,2026-03-25,2026-03,Faltante en el pedido,WhatsApp,Bogotá,Cerrado,1.4,26.2,True,3.0,False
PQR-202603-05584,2026-03-25,2026-03,Reclamo por precio o promoción,WhatsApp,Cali,Cerrado,0.4,40.6,True,3.0,False
PQR-202603-05585,2026-03-21,2026-03,Camiseta personalizada pendiente,WhatsApp,Medellín,Cerrado,1.6,57.3,True,4.0,False
PQR-202603-05586,2026-03-08,2026-03,Demora en la entrega,Instagram / redes,Bogotá,Cerrado,18.7,144.9,False,4.0,False
PQR-202603-05587,2026-03-01,2026-03,Demora en la entrega,WhatsApp,Cartagena,Cerrado,1.6,4.1,True,5.0,False
PQR-202603-05588,2026-03-23,2026-03,Producto averiado en transporte,Línea gratuita #590,Bogotá,Cerrado,7.8,23.5,False,2.0,False
PQR-202603-05589,2026-03-14,2026-03,Faltante en el pedido,Correo electrónico,Bogotá,Cerrado,12.8,22.1,False,3.0,False
PQR-202603-05590,2026-03-13,2026-03,Demora en la entrega,Correo electrónico,Bogotá,Cerrado,8.8,9.8,False,4.0,False
PQR-202603-05591,2026-03-19,2026-03,Demora en la entrega,Línea gratuita #590,Bogotá,Cerrado,4.6,7.4,False,4.0,False
PQR-202603-05592,2026-03-05,2026-03,Camiseta personalizada pendiente,Línea gratuita #590,Cali,Cerrado,8.3,51.3,False,4.0,False
PQR-202603-05593,2026-03-26,2026-03,Demora en la entrega,Chat del sitio,Barranquilla,Cerrado,0.2,7.6,True,4.0,False
PQR-202603-05594,2026-03-19,2026-03,Faltante en el pedido,WhatsApp,Bogotá,Cerrado,2.6,138.0,True,1.0,False
PQR-202603-05595,2026-03-27,2026-03,Demora en la entrega,Chat del sitio,Bucaramanga,Cerrado,1.9,59.9,True,4.0,False
PQR-202603-05596,2026-03-26,2026-03,Demora en la entrega,Línea gratuita #590,Bogotá,Cerrado,2.6,22.7,True,4.0,False
PQR-202603-05597,2026-03-11,2026-03,Camiseta personalizada pendiente,WhatsApp,Cali,Cerrado,0.6,100.4,True,3.0,False
PQR-202603-05598,2026-03-26,2026-03,Demora en la entrega,Chat del sitio,Cali,Cerrado,0.1,28.3,True,2.0,False
PQR-202603-05599,2026-03-13,2026-03,Demora en la entrega,WhatsApp,Medellín,Cerrado,0.6,4.9,True,4.0,False
PQR-202603-05600,2026-03-11,2026-03,Evento adverso reportado,Chat del sitio,Medellín,Cerrado,3.7,54.5,True,4.0,True
PQR-202603-05601,2026-03-22,2026-03,Duda sobre uso del producto,Línea gratuita #590,Manizales,Cerrado,0.1,7.2,True,3.0,False
PQR-202603-05602,2026-03-03,2026-03,Cambio o garantía,Correo electrónico,Bogotá,Cerrado,6.6,23.0,False,3.0,False
PQR-202603-05603,2026-03-09,2026-03,Solicitud de factura electrónica,Tienda física,Bogotá,Cerrado,2.3,10.3,True,3.0,False
PQR-202603-05604,2026-03-18,2026-03,Producto averiado en transporte,WhatsApp,Cartagena,Cerrado,4.4,98.1,False,2.0,False
PQR-202603-05605,2026-03-11,2026-03,Producto averiado en transporte,WhatsApp,Medellín,Cerrado,1.8,73.7,True,4.0,False
PQR-202603-05606,2026-03-12,2026-03,Cambio o garantía,WhatsApp,Barranquilla,Cerrado,0.4,10.0,True,4.0,False
PQR-202603-05607,2026-03-17,2026-03,Faltante en el pedido,Correo electrónico,Cali,Cerrado,7.1,54.9,False,4.0,False
PQR-202603-05608,2026-03-13,2026-03,Cambio o garantía,WhatsApp,Bogotá,Cerrado,1.7,33.1,True,3.0,False
PQR-202603-05609,2026-03-22,2026-03,Faltante en el pedido,WhatsApp,Bucaramanga,Cerrado,0.6,6.1,True,2.0,False
PQR-202603-05610,2026-03-22,2026-03,Contenido incompleto del envase,WhatsApp,Bogotá,Cerrado,0.2,41.0,True,3.0,False
PQR-202603-05611,2026-03-13,2026-03,Faltante en el pedido,WhatsApp,Bogotá,Cerrado,1.3,7.5,True,4.0,False
PQR-202603-05612,2026-03-03,2026-03,Producto averiado en transporte,Línea gratuita #590,Bogotá,Cerrado,2.7,28.3,True,5.0,False
PQR-202603-05613,2026-03-01,2026-03,Demora en la entrega,WhatsApp,Bogotá,Cerrado,1.9,3.5,True,2.0,False
PQR-202603-05614,2026-03-17,2026-03,Cambio o garantía,Línea gratuita #590,Pereira,Cerrado,1.0,15.2,True,4.0,False
PQR-202603-05615,2026-03-20,2026-03,Faltante en el pedido,WhatsApp,Bogotá,Cerrado,1.2,26.5,True,2.0,False
PQR-202603-05616,2026-03-08,2026-03,Contenido incompleto del envase,Chat del sitio,Bogotá,Cerrado,7.5,64.1,False,2.0,False
PQR-202603-05617,2026-03-18,2026-03,Camiseta personalizada pendiente,WhatsApp,Medellín,Cerrado,0.1,45.9,True,4.0,False
PQR-202603-05618,2026-03-26,2026-03,Camiseta personalizada pendiente,Chat del sitio,Cali,Cerrado,1.2,86.5,True,3.0,False
PQR-202603-05619,2026-03-17,2026-03,Solicitud de factura electrónica,Chat del sitio,Bogotá,Cerrado,0.4,15.8,True,5.0,False
PQR-202603-05620,2026-03-10,2026-03,Solicitud de factura electrónica,Chat del sitio,Barranquilla,Cerrado,0.2,6.4,True,3.0,False
PQR-202603-05621,2026-03-06,2026-03,Reclamo por precio o promoción,WhatsApp,Bogotá,Cerrado,0.1,53.6,True,3.0,False
PQR-202603-05622,2026-03-05,2026-03,Faltante en el pedido,Línea gratuita #590,Bogotá,Cerrado,0.9,15.7,True,4.0,False
PQR-202603-05623,2026-03-14,2026-03,Faltante en el pedido,Chat del sitio,Medellín,Cerrado,0.7,68.4,True,4.0,False
PQR-202603-05624,2026-03-18,2026-03,Cambio o garantía,WhatsApp,Bogotá,Cerrado,2.7,53.9,True,4.0,False
PQR-202603-05625,2026-03-11,2026-03,Solicitud de factura electrónica,Correo electrónico,Bogotá,Cerrado,0.2,1.3,True,5.0,False
PQR-202603-05626,2026-03-07,2026-03,Evento adverso reportado,Chat del sitio,Bogotá,Cerrado,1.0,32.8,True,3.0,True
PQR-202603-05627,2026-03-13,2026-03,Producto averiado en transporte,WhatsApp,Bucaramanga,Cerrado,0.9,33.2,True,5.0,False
PQR-202603-05628,2026-03-10,2026-03,Contenido incompleto del envase,Línea gratuita #590,Bogotá,Cerrado,1.1,94.3,True,3.0,False
PQR-202603-05629,2026-03-11,2026-03,Demora en la entrega,WhatsApp,Neiva,Cerrado,0.6,36.8,True,5.0,False
PQR-202603-05630,2026-03-18,2026-03,Camiseta personalizada pendiente,WhatsApp,Bogotá,Cerrado,5.0,112.1,False,2.0,False
PQR-202603-05631,2026-03-14,2026-03,Producto averiado en transporte,Chat del sitio,Armenia,Cerrado,0.1,66.8,True,5.0,False
PQR-202603-05632,2026-03-16,2026-03,Reclamo por precio o promoción,Línea gratuita #590,Ibagué,Cerrado,0.1,13.2,True,4.0,False
PQR-202603-05633,2026-03-07,2026-03,Faltante en el pedido,WhatsApp,Bogotá,Cerrado,0.5,16.9,True,3.0,False
PQR-202603-05634,2026-03-20,2026-03,Demora en la entrega,Línea gratuita #590,Cúcuta,Cerrado,0.6,18.0,True,5.0,False
PQR-202603-05635,2026-03-21,2026-03,Reclamo por precio o promoción,WhatsApp,Manizales,Cerrado,0.2,17.2,True,4.0,False
PQR-202603-05636,2026-03-22,2026-03,Producto averiado en transporte,WhatsApp,Cali,Cerrado,0.8,10.6,True,4.0,False
PQR-202603-05637,2026-03-05,2026-03,Reclamo por precio o promoción,WhatsApp,Bucaramanga,Cerrado,0.8,25.1,True,3.0,False
PQR-202603-05638,2026-03-18,2026-03,Cambio o garantía,WhatsApp,Villavicencio,Cerrado,2.7,78.8,True,4.0,False
PQR-202603-05639,2026-03-08,2026-03,Camiseta personalizada pendiente,WhatsApp,Bogotá,Cerrado,0.2,127.9,True,1.0,False
PQR-202603-05640,2026-03-02,2026-03,Evento adverso reportado,Tienda física,Cali,Escalado,3.0,129.4,True,3.0,True
PQR-202603-05641,2026-03-20,2026-03,Demora en la entrega,Chat del sitio,Bogotá,Cerrado,0.1,42.7,True,5.0,False
PQR-202603-05642,2026-03-22,2026-03,Reclamo por precio o promoción,WhatsApp,Armenia,Cerrado,0.1,21.7,True,4.0,False
PQR-202603-05643,2026-03-12,2026-03,Demora en la entrega,WhatsApp,Bogotá,Cerrado,4.1,34.7,False,4.0,False
PQR-202603-05644,2026-03-03,2026-03,Producto averiado en transporte,Línea gratuita #590,Medellín,Cerrado,2.0,54.7,True,3.0,False
PQR-202603-05645,2026-03-22,2026-03,Demora en la entrega,Instagram / redes,Barranquilla,Cerrado,4.8,23.0,False,3.0,False
PQR-202603-05646,2026-03-24,2026-03,Solicitud de factura electrónica,Línea gratuita #590,Medellín,Cerrado,0.2,33.9,True,4.0,False
PQR-202603-05647,2026-03-12,2026-03,Demora en la entrega,Tienda física,Bogotá,Cerrado,0.5,9.2,True,5.0,False
PQR-202603-05648,2026-03-01,2026-03,Duda sobre uso del producto,Instagram / redes,Ibagué,Cerrado,1.6,6.2,True,4.0,False
PQR-202603-05649,2026-03-12,2026-03,Contenido incompleto del envase,Instagram / redes,Villavicencio,Cerrado,11.9,12.9,False,3.0,False
PQR-202603-05650,2026-03-27,2026-03,Faltante en el pedido,WhatsApp,Bogotá,Cerrado,4.5,6.2,False,5.0,False
PQR-202603-05651,2026-03-24,2026-03,Camiseta personalizada pendiente,Tienda física,Bogotá,Escalado,0.3,54.6,True,5.0,True
PQR-202603-05652,2026-03-23,2026-03,Reclamo por precio o promoción,WhatsApp,Bogotá,Cerrado,1.7,13.7,True,4.0,False
PQR-202603-05653,2026-03-09,2026-03,Cambio o garantía,WhatsApp,Cartagena,Cerrado,1.4,25.2,True,5.0,False
PQR-202603-05654,2026-03-22,2026-03,Demora en la entrega,Tienda física,Bogotá,Cerrado,10.7,31.9,False,4.0,False
PQR-202603-05655,2026-03-25,2026-03,Faltante en el pedido,WhatsApp,Bogotá,Cerrado,1.7,28.1,True,5.0,False
PQR-202603-05656,2026-03-01,2026-03,Faltante en el pedido,Línea gratuita #590,Ibagué,Cerrado,6.4,7.4,False,4.0,False
PQR-202603-05657,2026-03-24,2026-03,Cambio o garantía,Chat del sitio,Bogotá,Cerrado,5.1,87.1,False,3.0,False
PQR-202603-05658,2026-03-10,2026-03,Demora en la entrega,WhatsApp,Bogotá,Cerrado,4.3,62.0,False,4.0,False
PQR-202603-05659,2026-03-17,2026-03,Camiseta personalizada pendiente,Chat del sitio,Bogotá,Escalado,9.0,38.7,False,4.0,True
PQR-202603-05660,2026-03-26,2026-03,Faltante en el pedido,WhatsApp,Cali,Cerrado,0.1,68.8,True,3.0,False
PQR-202603-05661,2026-03-04,2026-03,Producto averiado en transporte,Correo electrónico,Bogotá,Cerrado,10.7,31.6,False,5.0,False
PQR-202603-05662,2026-03-01,2026-03,Duda sobre uso del producto,WhatsApp,Cali,Cerrado,0.1,9.5,True,4.0,False
PQR-202603-05663,2026-03-21,2026-03,Cambio o garantía,Chat del sitio,Cartagena,Cerrado,1.5,29.5,True,3.0,False
PQR-202603-05664,2026-03-05,2026-03,Faltante en el pedido,Instagram / redes,Cali,Cerrado,13.8,25.7,False,4.0,False
PQR-202603-05665,2026-03-25,2026-03,Contenido incompleto del envase,Correo electrónico,Bogotá,Escalado,1.5,103.3,True,4.0,True
PQR-202603-05666,2026-03-14,2026-03,Solicitud de factura electrónica,Instagram / redes,Medellín,Cerrado,0.8,21.3,True,5.0,False
PQR-202603-05667,2026-03-05,2026-03,Evento adverso reportado,Línea gratuita #590,Bogotá,Cerrado,2.8,60.6,True,5.0,True
PQR-202603-05668,2026-03-24,2026-03,Duda sobre uso del producto,Chat del sitio,Bucaramanga,Cerrado,2.3,14.0,True,3.0,False
PQR-202603-05669,2026-03-08,2026-03,Demora en la entrega,WhatsApp,Ibagué,Cerrado,0.6,62.9,True,1.0,False
PQR-202603-05670,2026-03-15,2026-03,Producto averiado en transporte,WhatsApp,Cúcuta,Cerrado,0.4,51.6,True,3.0,False
PQR-202603-05671,2026-03-23,2026-03,Demora en la entrega,Chat del sitio,Pereira,Cerrado,8.2,21.2,False,3.0,False
PQR-202603-05672,2026-03-19,2026-03,Demora en la entrega,Línea gratuita #590,Barranquilla,Cerrado,1.8,21.4,True,3.0,False
PQR-202603-05673,2026-03-18,2026-03,Solicitud de factura electrónica,WhatsApp,Ibagué,Cerrado,1.1,9.7,True,3.0,False
PQR-202603-05674,2026-03-18,2026-03,Faltante en el pedido,WhatsApp,Bucaramanga,Cerrado,1.0,17.2,True,3.0,False
PQR-202603-05675,2026-03-25,2026-03,Camiseta personalizada pendiente,Correo electrónico,Bucaramanga,Cerrado,6.5,94.9,False,2.0,False
PQR-202603-05676,2026-03-24,2026-03,Reclamo por precio o promoción,Tienda física,Cartagena,Cerrado,0.5,16.8,True,4.0,False
PQR-202603-05677,2026-03-13,2026-03,Camiseta personalizada pendiente,Chat del sitio,Medellín,Escalado,11.9,245.4,False,3.0,True
PQR-202603-05678,2026-03-11,2026-03,Faltante en el pedido,WhatsApp,Ibagué,Cerrado,0.7,6.2,True,5.0,False
PQR-202603-05679,2026-03-26,2026-03,Reclamo por precio o promoción,Línea gratuita #590,Barranquilla,Cerrado,0.6,10.6,True,5.0,False
PQR-202603-05680,2026-03-01,2026-03,Demora en la entrega,Chat del sitio,Armenia,Cerrado,0.4,10.3,True,5.0,False
PQR-202603-05681,2026-03-08,2026-03,Faltante en el pedido,Línea gratuita #590,Medellín,Cerrado,0.7,7.3,True,4.0,False
PQR-202603-05682,2026-03-13,2026-03,Faltante en el pedido,WhatsApp,Cartagena,Cerrado,1.2,17.8,True,4.0,False
PQR-202603-05683,2026-03-26,2026-03,Faltante en el pedido,Correo electrónico,Barranquilla,Cerrado,1.3,24.8,True,3.0,False
PQR-202603-05684,2026-03-01,2026-03,Contenido incompleto del envase,Chat del sitio,Manizales,Cerrado,1.8,38.9,True,3.0,False
PQR-202603-05685,2026-03-01,2026-03,Demora en la entrega,WhatsApp,Cúcuta,Cerrado,2.3,49.7,True,3.0,False
PQR-202603-05686,2026-03-15,2026-03,Faltante en el pedido,Chat del sitio,Cartagena,Cerrado,2.4,27.1,True,4.0,False
PQR-202603-05687,2026-03-09,2026-03,Cambio o garantía,WhatsApp,Bogotá,Cerrado,1.4,121.6,True,3.0,False
PQR-202603-05688,2026-03-13,2026-03,Demora en la entrega,WhatsApp,Bogotá,Cerrado,1.4,23.3,True,3.0,False
PQR-202603-05689,2026-03-13,2026-03,Demora en la entrega,Chat del sitio,Bogotá,Cerrado,2.3,22.0,True,3.0,False
PQR-202603-05690,2026-03-16,2026-03,Duda sobre uso del producto,Línea gratuita #590,Medellín,Cerrado,0.1,7.1,True,4.0,False
PQR-202603-05691,2026-03-04,2026-03,Faltante en el pedido,Línea gratuita #590,Manizales,Cerrado,1.3,11.5,True,3.0,False
PQR-202603-05692,2026-03-24,2026-03,Cambio o garantía,WhatsApp,Bogotá,Cerrado,1.5,4.0,True,4.0,False
PQR-202603-05693,2026-03-25,2026-03,Demora en la entrega,WhatsApp,Bucaramanga,Cerrado,0.2,8.2,True,3.0,False
PQR-202603-05694,2026-03-01,2026-03,Reclamo por precio o promoción,Chat del sitio,Bogotá,Cerrado,0.8,12.5,True,3.0,False
PQR-202603-05695,2026-03-25,2026-03,Demora en la entrega,WhatsApp,Medellín,Cerrado,0.4,2.3,True,5.0,False
PQR-202603-05696,2026-03-14,2026-03,Contenido incompleto del envase,Instagram / redes,Bogotá,Escalado,3.2,26.8,True,4.0,True
PQR-202603-05697,2026-03-06,2026-03,Demora en la entrega,Línea gratuita #590,Bucaramanga,Cerrado,1.0,4.4,True,4.0,False
PQR-202603-05698,2026-03-14,2026-03,Faltante en el pedido,Chat del sitio,Cúcuta,Cerrado,2.8,15.9,True,4.0,False
PQR-202603-05699,2026-03-14,2026-03,Faltante en el pedido,Instagram / redes,Bogotá,Cerrado,4.4,11.8,False,3.0,False
PQR-202603-05700,2026-03-19,2026-03,Camiseta personalizada pendiente,Línea gratuita #590,Armenia,Escalado,0.3,29.1,True,4.0,True
PQR-202603-05701,2026-03-03,2026-03,Cambio o garantía,WhatsApp,Ibagué,Cerrado,0.4,1.4,True,4.0,False
PQR-202603-05702,2026-03-23,2026-03,Solicitud de factura electrónica,Línea gratuita #590,Medellín,Cerrado,1.5,16.1,True,5.0,False
PQR-202603-05703,2026-03-12,2026-03,Reclamo por precio o promoción,Línea gratuita #590,Medellín,Cerrado,1.4,64.9,True,5.0,False
PQR-202603-05704,2026-03-09,2026-03,Demora en la entrega,WhatsApp,Medellín,Cerrado,2.9,10.0,True,3.0,False
PQR-202603-05705,2026-03-16,2026-03,Contenido incompleto del envase,WhatsApp,Manizales,Cerrado,3.2,87.2,True,4.0,False
PQR-202603-05706,2026-03-19,2026-03,Demora en la entrega,Correo electrónico,Cali,Cerrado,8.9,9.9,False,4.0,False
PQR-202603-05707,2026-03-04,2026-03,Producto averiado en transporte,Chat del sitio,Bogotá,Cerrado,1.4,7.4,True,4.0,False
PQR-202603-05708,2026-03-01,2026-03,Faltante en el pedido,Línea gratuita #590,Bucaramanga,Cerrado,0.1,1.4,True,3.0,False
PQR-202603-05709,2026-03-02,2026-03,Demora en la entrega,Instagram / redes,Barranquilla,Cerrado,12.6,29.5,False,4.0,False
PQR-202603-05710,2026-03-04,2026-03,Demora en la entrega,WhatsApp,Medellín,Cerrado,3.6,10.1,True,5.0,False
PQR-202603-05711,2026-03-25,2026-03,Camiseta personalizada pendiente,WhatsApp,Bogotá,Escalado,1.4,10.2,True,4.0,True
PQR-202603-05712,2026-03-02,2026-03,Demora en la entrega,WhatsApp,Bogotá,Cerrado,3.1,5.3,True,5.0,False
PQR-202603-05713,2026-03-27,2026-03,Demora en la entrega,WhatsApp,Pasto,Cerrado,1.2,14.6,True,4.0,False
PQR-202603-05714,2026-03-15,2026-03,Faltante en el pedido,Instagram / redes,Ibagué,Cerrado,0.2,22.0,True,3.0,False
PQR-202603-05715,2026-03-22,2026-03,Demora en la entrega,WhatsApp,Cali,Cerrado,0.9,43.9,True,2.0,False
PQR-202603-05716,2026-03-27,2026-03,Evento adverso reportado,WhatsApp,Pereira,Escalado,4.8,47.5,False,3.0,True
PQR-202603-05717,2026-03-12,2026-03,Demora en la entrega,WhatsApp,Bogotá,Cerrado,0.5,17.2,True,5.0,False
PQR-202603-05718,2026-03-04,2026-03,Cambio o garantía,Chat del sitio,Cali,Cerrado,0.9,26.8,True,4.0,False
PQR-202603-05719,2026-03-26,2026-03,Reclamo por precio o promoción,Tienda física,Neiva,Cerrado,2.7,13.7,True,4.0,False
PQR-202603-05720,2026-03-07,2026-03,Faltante en el pedido,Línea gratuita #590,Barranquilla,Cerrado,0.2,57.1,True,4.0,False
PQR-202603-05721,2026-03-15,2026-03,Solicitud de factura electrónica,Tienda física,Pereira,Cerrado,1.1,2.9,True,4.0,False
PQR-202603-05722,2026-03-09,2026-03,Demora en la entrega,Tienda física,Medellín,Cerrado,0.3,26.8,True,3.0,False
PQR-202603-05723,2026-03-20,2026-03,Camiseta personalizada pendiente,WhatsApp,Medellín,Cerrado,0.7,131.0,True,3.0,False
PQR-202603-05724,2026-03-06,2026-03,Faltante en el pedido,WhatsApp,Bucaramanga,Cerrado,1.0,39.3,True,4.0,False
PQR-202603-05725,2026-03-02,2026-03,Faltante en el pedido,WhatsApp,Cali,Cerrado,1.0,13.8,True,3.0,False
PQR-202603-05726,2026-03-03,2026-03,Camiseta personalizada pendiente,Línea gratuita #590,Cali,Cerrado,4.5,25.0,False,5.0,False
PQR-202603-05727,2026-03-04,2026-03,Solicitud de factura electrónica,Instagram / redes,Cartagena,Cerrado,5.6,32.7,False,4.0,False
PQR-202603-05728,2026-03-17,2026-03,Producto averiado en transporte,WhatsApp,Bogotá,Cerrado,1.0,50.5,True,3.0,False
PQR-202603-05729,2026-03-20,2026-03,Contenido incompleto del envase,WhatsApp,Manizales,Cerrado,1.0,3.7,True,4.0,False
PQR-202603-05730,2026-03-11,2026-03,Demora en la entrega,WhatsApp,Cartagena,Cerrado,0.4,28.1,True,4.0,False
PQR-202603-05731,2026-03-22,2026-03,Demora en la entrega,WhatsApp,Bogotá,Cerrado,1.8,4.3,True,3.0,False
PQR-202603-05732,2026-03-16,2026-03,Faltante en el pedido,Línea gratuita #590,Pereira,Cerrado,0.6,16.6,True,3.0,False
PQR-202603-05733,2026-03-26,2026-03,Faltante en el pedido,Instagram / redes,Cali,Cerrado,3.2,20.1,True,5.0,False
PQR-202603-05734,2026-03-26,2026-03,Demora en la entrega,WhatsApp,Bogotá,Cerrado,1.9,4.7,True,5.0,False
PQR-202603-05735,2026-03-08,2026-03,Faltante en el pedido,Línea gratuita #590,Bogotá,Cerrado,0.9,22.3,True,3.0,False
PQR-202603-05736,2026-03-15,2026-03,Faltante en el pedido,Chat del sitio,Cali,Cerrado,2.7,6.7,True,4.0,False
PQR-202603-05737,2026-03-01,2026-03,Reclamo por precio o promoción,WhatsApp,Barranquilla,Cerrado,0.1,11.1,True,3.0,False
PQR-202603-05738,2026-03-07,2026-03,Demora en la entrega,WhatsApp,Bogotá,Cerrado,4.0,42.7,True,4.0,False
PQR-202603-05739,2026-03-11,2026-03,Demora en la entrega,Chat del sitio,Pasto,Cerrado,2.2,32.6,True,4.0,False
PQR-202603-05740,2026-03-24,2026-03,Camiseta personalizada pendiente,Instagram / redes,Medellín,Cerrado,10.6,74.3,False,3.0,False
PQR-202603-05741,2026-03-25,2026-03,Demora en la entrega,Instagram / redes,Bucaramanga,Cerrado,1.0,38.3,True,5.0,False
PQR-202603-05742,2026-03-03,2026-03,Camiseta personalizada pendiente,Línea gratuita #590,Bogotá,Cerrado,1.0,47.8,True,4.0,False
PQR-202603-05743,2026-03-13,2026-03,Cambio o garantía,Chat del sitio,Bogotá,Cerrado,0.4,9.4,True,4.0,False
PQR-202603-05744,2026-03-14,2026-03,Contenido incompleto del envase,WhatsApp,Cali,Cerrado,3.4,6.5,True,5.0,False
PQR-202603-05745,2026-03-26,2026-03,Producto averiado en transporte,WhatsApp,Barranquilla,Cerrado,1.2,48.4,True,4.0,False
PQR-202603-05746,2026-03-17,2026-03,Contenido incompleto del envase,Chat del sitio,Bogotá,Cerrado,3.1,8.4,True,4.0,False
PQR-202603-05747,2026-03-13,2026-03,Reclamo por precio o promoción,Instagram / redes,Pasto,Cerrado,9.9,11.0,False,4.0,False
PQR-202603-05748,2026-03-09,2026-03,Cambio o garantía,Correo electrónico,Medellín,Cerrado,1.6,28.2,True,5.0,False
PQR-202603-05749,2026-03-01,2026-03,Contenido incompleto del envase,WhatsApp,Bogotá,Escalado,0.1,131.7,True,4.0,True
PQR-202603-05750,2026-03-03,2026-03,Producto averiado en transporte,Línea gratuita #590,Bucaramanga,Cerrado,1.5,34.0,True,3.0,False
PQR-202603-05751,2026-03-27,2026-03,Demora en la entrega,WhatsApp,Cali,Cerrado,0.7,72.0,True,5.0,False
PQR-202603-05752,2026-03-23,2026-03,Demora en la entrega,Chat del sitio,Cali,Cerrado,6.5,8.0,False,4.0,False
PQR-202603-05753,2026-03-24,2026-03,Camiseta personalizada pendiente,WhatsApp,Bogotá,Cerrado,1.0,60.5,True,3.0,False
PQR-202603-05754,2026-03-10,2026-03,Producto averiado en transporte,WhatsApp,Manizales,Cerrado,0.4,2.6,True,4.0,False
PQR-202603-05755,2026-03-12,2026-03,Producto averiado en transporte,Instagram / redes,Armenia,Cerrado,8.4,40.5,False,4.0,False
PQR-202603-05756,2026-03-08,2026-03,Faltante en el pedido,Correo electrónico,Medellín,Cerrado,0.5,35.8,True,3.0,False
PQR-202603-05757,2026-03-26,2026-03,Camiseta personalizada pendiente,WhatsApp,Bogotá,Cerrado,1.4,60.9,True,4.0,False
PQR-202603-05758,2026-03-03,2026-03,Faltante en el pedido,Línea gratuita #590,Neiva,Cerrado,2.1,65.7,True,5.0,False
PQR-202603-05759,2026-03-24,2026-03,Faltante en el pedido,WhatsApp,Bogotá,Cerrado,0.2,20.9,True,3.0,False
PQR-202603-05760,2026-03-01,2026-03,Contenido incompleto del envase,WhatsApp,Medellín,Escalado,0.6,44.8,True,4.0,True
PQR-202603-05761,2026-03-04,2026-03,Faltante en el pedido,Instagram / redes,Bogotá,Cerrado,4.8,28.3,False,4.0,False
PQR-202603-05762,2026-03-20,2026-03,Evento adverso reportado,Tienda física,Bogotá,Cerrado,10.6,82.1,False,3.0,True
PQR-202603-05763,2026-03-22,2026-03,Demora en la entrega,WhatsApp,Bucaramanga,Cerrado,0.6,105.9,True,3.0,False
PQR-202603-05764,2026-03-25,2026-03,Duda sobre uso del producto,WhatsApp,Santa Marta,Cerrado,0.1,7.8,True,3.0,False
PQR-202603-05765,2026-03-01,2026-03,Demora en la entrega,WhatsApp,Manizales,Cerrado,1.3,50.8,True,4.0,False
PQR-202603-05766,2026-03-21,2026-03,Camiseta personalizada pendiente,Correo electrónico,Bogotá,Cerrado,24.9,63.5,False,5.0,False
PQR-202603-05767,2026-03-02,2026-03,Producto averiado en transporte,Línea gratuita #590,Bogotá,Cerrado,2.4,67.3,True,5.0,False
PQR-202603-05768,2026-03-12,2026-03,Demora en la entrega,WhatsApp,Medellín,Cerrado,1.6,30.5,True,3.0,False
PQR-202603-05769,2026-03-08,2026-03,Demora en la entrega,WhatsApp,Cúcuta,Cerrado,0.5,28.0,True,4.0,False
PQR-202603-05770,2026-03-24,2026-03,Producto averiado en transporte,WhatsApp,Bucaramanga,Cerrado,2.7,15.3,True,4.0,False
PQR-202603-05771,2026-03-15,2026-03,Evento adverso reportado,WhatsApp,Villavicencio,Escalado,0.5,131.9,True,4.0,True
PQR-202603-05772,2026-03-08,2026-03,Faltante en el pedido,Línea gratuita #590,Bucaramanga,Cerrado,0.5,20.7,True,4.0,False
PQR-202603-05773,2026-03-02,2026-03,Contenido incompleto del envase,Instagram / redes,Medellín,Cerrado,2.9,102.8,True,3.0,False
PQR-202603-05774,2026-03-14,2026-03,Demora en la entrega,Tienda física,Cali,Cerrado,3.9,22.2,True,3.0,False
PQR-202603-05775,2026-03-18,2026-03,Demora en la entrega,Línea gratuita #590,Bucaramanga,Cerrado,2.5,145.6,True,3.0,False
PQR-202603-05776,2026-03-20,2026-03,Producto averiado en transporte,WhatsApp,Villavicencio,Cerrado,2.5,26.5,True,4.0,False
PQR-202603-05777,2026-03-15,2026-03,Demora en la entrega,Chat del sitio,Manizales,Cerrado,0.8,10.2,True,5.0,False
PQR-202603-05778,2026-03-07,2026-03,Faltante en el pedido,Línea gratuita #590,Medellín,Cerrado,3.0,4.0,True,3.0,False
PQR-202603-05779,2026-03-16,2026-03,Camiseta personalizada pendiente,Chat del sitio,Bogotá,Cerrado,8.6,17.4,False,4.0,False
PQR-202603-05780,2026-03-11,2026-03,Contenido incompleto del envase,Chat del sitio,Barranquilla,Escalado,5.3,52.9,False,4.0,True
PQR-202603-05781,2026-03-19,2026-03,Camiseta personalizada pendiente,Instagram / redes,Bogotá,Escalado,5.1,9.9,False,5.0,True
PQR-202603-05782,2026-03-23,2026-03,Evento adverso reportado,Línea gratuita #590,Bogotá,Cerrado,1.0,67.9,True,3.0,True
PQR-202603-05783,2026-03-20,2026-03,Reclamo por precio o promoción,WhatsApp,Bogotá,Cerrado,0.7,11.5,True,4.0,False
PQR-202603-05784,2026-03-10,2026-03,Faltante en el pedido,Línea gratuita #590,Cali,Cerrado,3.1,37.9,True,4.0,False
PQR-202603-05785,2026-03-26,2026-03,Solicitud de factura electrónica,Instagram / redes,Bogotá,Cerrado,0.8,4.2,True,2.0,False
PQR-202603-05786,2026-03-11,2026-03,Demora en la entrega,WhatsApp,Bogotá,Cerrado,0.4,47.3,True,4.0,False
PQR-202603-05787,2026-03-06,2026-03,Reclamo por precio o promoción,Chat del sitio,Bogotá,Cerrado,1.5,3.4,True,4.0,False
PQR-202603-05788,2026-03-14,2026-03,Faltante en el pedido,Línea gratuita #590,Bogotá,Cerrado,1.0,11.5,True,3.0,False
PQR-202603-05789,2026-03-22,2026-03,Faltante en el pedido,Chat del sitio,Cali,Cerrado,0.8,4.9,True,4.0,False
PQR-202603-05790,2026-03-07,2026-03,Producto averiado en transporte,WhatsApp,Medellín,Cerrado,1.5,16.5,True,4.0,False
PQR-202603-05791,2026-03-01,2026-03,Duda sobre uso del producto,WhatsApp,Pereira,Cerrado,0.1,2.2,True,4.0,False
PQR-202603-05792,2026-03-04,2026-03,Faltante en el pedido,Chat del sitio,Bogotá,Cerrado,1.4,6.1,True,4.0,False
PQR-202603-05793,2026-03-22,2026-03,Demora en la entrega,Tienda física,Bucaramanga,Cerrado,8.7,12.6,False,3.0,False
PQR-202603-05794,2026-03-26,2026-03,Producto averiado en transporte,WhatsApp,Bogotá,Cerrado,0.6,41.1,True,3.0,False
PQR-202603-05795,2026-03-03,2026-03,Faltante en el pedido,WhatsApp,Ibagué,Cerrado,1.7,2.7,True,5.0,False
PQR-202603-05796,2026-03-13,2026-03,Demora en la entrega,Tienda física,Cúcuta,Cerrado,1.1,17.9,True,4.0,False
PQR-202603-05797,2026-03-03,2026-03,Cambio o garantía,Chat del sitio,Cartagena,Cerrado,0.8,38.3,True,4.0,False
PQR-202603-05798,2026-03-18,2026-03,Producto averiado en transporte,Chat del sitio,Cartagena,Cerrado,0.3,70.6,True,3.0,False
PQR-202603-05799,2026-03-22,2026-03,Faltante en el pedido,Instagram / redes,Cartagena,Cerrado,21.3,81.3,False,3.0,False
PQR-202603-05800,2026-03-13,2026-03,Faltante en el pedido,Tienda física,Bucaramanga,Cerrado,4.1,11.1,False,4.0,False
PQR-202603-05801,2026-03-08,2026-03,Faltante en el pedido,Instagram / redes,Medellín,Cerrado,5.8,12.6,False,4.0,False
PQR-202603-05802,2026-03-04,2026-03,Camiseta personalizada pendiente,Tienda física,Cúcuta,Escalado,8.4,19.3,False,2.0,True
PQR-202603-05803,2026-03-10,2026-03,Producto averiado en transporte,Instagram / redes,Medellín,Cerrado,1.7,6.9,True,4.0,False
PQR-202603-05804,2026-03-25,2026-03,Faltante en el pedido,WhatsApp,Bogotá,Cerrado,2.3,21.2,True,4.0,False
PQR-202603-05805,2026-03-21,2026-03,Contenido incompleto del envase,Chat del sitio,Pasto,Escalado,1.8,70.6,True,2.0,True
PQR-202603-05806,2026-03-14,2026-03,Faltante en el pedido,WhatsApp,Bogotá,Cerrado,1.2,3.5,True,4.0,False
PQR-202603-05807,2026-03-12,2026-03,Reclamo por precio o promoción,WhatsApp,Bogotá,Cerrado,0.1,4.5,True,4.0,False
PQR-202603-05808,2026-03-11,2026-03,Cambio o garantía,WhatsApp,Cali,Cerrado,0.3,15.5,True,4.0,False
PQR-202603-05809,2026-03-15,2026-03,Producto averiado en transporte,WhatsApp,Medellín,Cerrado,0.1,32.1,True,2.0,False
PQR-202603-05810,2026-03-14,2026-03,Demora en la entrega,Instagram / redes,Barranquilla,Cerrado,2.1,8.1,True,4.0,False
PQR-202603-05811,2026-03-22,2026-03,Faltante en el pedido,Chat del sitio,Santa Marta,Cerrado,3.5,5.5,True,4.0,False
PQR-202603-05812,2026-03-25,2026-03,Faltante en el pedido,Línea gratuita #590,Bogotá,Cerrado,1.3,4.6,True,4.0,False
PQR-202603-05813,2026-03-19,2026-03,Demora en la entrega,Tienda física,Cúcuta,Cerrado,2.7,33.4,True,4.0,False
PQR-202603-05814,2026-03-06,2026-03,Demora en la entrega,WhatsApp,Bogotá,Cerrado,0.1,12.3,True,4.0,False
PQR-202603-05815,2026-03-05,2026-03,Faltante en el pedido,Línea gratuita #590,Medellín,Cerrado,3.4,17.9,True,4.0,False
PQR-202603-05816,2026-03-01,2026-03,Demora en la entrega,WhatsApp,Cali,Cerrado,8.6,60.9,False,3.0,False
PQR-202603-05817,2026-03-02,2026-03,Producto averiado en transporte,WhatsApp,Medellín,Cerrado,2.0,33.8,True,5.0,False
PQR-202603-05818,2026-03-02,2026-03,Producto averiado en transporte,WhatsApp,Manizales,Cerrado,1.5,11.9,True,3.0,False
PQR-202603-05819,2026-03-10,2026-03,Contenido incompleto del envase,Instagram / redes,Bogotá,Cerrado,0.3,22.2,True,4.0,False
PQR-202603-05820,2026-03-09,2026-03,Faltante en el pedido,WhatsApp,Bogotá,Cerrado,1.1,14.9,True,4.0,False
PQR-202603-05821,2026-03-10,2026-03,Camiseta personalizada pendiente,WhatsApp,Cali,Escalado,0.8,30.5,True,4.0,True
PQR-202603-05822,2026-03-10,2026-03,Demora en la entrega,WhatsApp,Cartagena,Cerrado,0.2,72.9,True,2.0,False
PQR-202603-05823,2026-03-01,2026-03,Demora en la entrega,Instagram / redes,Bogotá,Cerrado,12.4,15.1,False,4.0,False
PQR-202603-05824,2026-03-12,2026-03,Faltante en el pedido,Línea gratuita #590,Bogotá,Cerrado,7.2,37.3,False,3.0,False
PQR-202603-05825,2026-03-24,2026-03,Contenido incompleto del envase,Tienda física,Bucaramanga,Cerrado,3.8,94.1,True,3.0,False
PQR-202603-05826,2026-03-22,2026-03,Demora en la entrega,Instagram / redes,Cali,Cerrado,1.7,16.6,True,3.0,False
PQR-202603-05827,2026-03-10,2026-03,Faltante en el pedido,Instagram / redes,Cali,Cerrado,1.8,140.4,True,3.0,False
PQR-202603-05828,2026-03-12,2026-03,Demora en la entrega,Chat del sitio,Cúcuta,Cerrado,0.4,20.7,True,5.0,False
PQR-202603-05829,2026-03-22,2026-03,Contenido incompleto del envase,Línea gratuita #590,Santa Marta,Cerrado,2.2,13.6,True,5.0,False
PQR-202603-05830,2026-03-04,2026-03,Duda sobre uso del producto,Chat del sitio,Cartagena,Cerrado,1.3,4.1,True,4.0,False
PQR-202603-05831,2026-03-02,2026-03,Demora en la entrega,WhatsApp,Manizales,Cerrado,0.2,1.2,True,2.0,False
PQR-202603-05832,2026-03-15,2026-03,Solicitud de factura electrónica,Línea gratuita #590,Bogotá,Cerrado,0.8,4.6,True,5.0,False
PQR-202603-05833,2026-03-24,2026-03,Faltante en el pedido,WhatsApp,Cúcuta,Cerrado,0.2,159.1,True,4.0,False
PQR-202603-05834,2026-03-01,2026-03,Contenido incompleto del envase,Instagram / redes,Barranquilla,Escalado,31.2,42.2,False,3.0,True
PQR-202603-05835,2026-03-02,2026-03,Faltante en el pedido,Instagram / redes,Bogotá,Cerrado,6.4,66.5,False,3.0,False
PQR-202603-05836,2026-03-07,2026-03,Demora en la entrega,WhatsApp,Barranquilla,Cerrado,1.4,17.9,True,3.0,False
PQR-202603-05837,2026-03-10,2026-03,Producto averiado en transporte,WhatsApp,Medellín,Cerrado,0.1,4.2,True,4.0,False
PQR-202603-05838,2026-03-07,2026-03,Demora en la entrega,WhatsApp,Cali,Cerrado,0.3,1.4,True,5.0,False
PQR-202603-05839,2026-03-16,2026-03,Producto averiado en transporte,Línea gratuita #590,Bogotá,Cerrado,3.2,15.0,True,3.0,False
PQR-202603-05840,2026-03-19,2026-03,Cambio o garantía,Correo electrónico,Bogotá,Cerrado,6.7,30.2,False,3.0,False
PQR-202603-05841,2026-03-17,2026-03,Demora en la entrega,WhatsApp,Bogotá,Cerrado,2.2,9.5,True,2.0,False
PQR-202603-05842,2026-03-07,2026-03,Contenido incompleto del envase,Chat del sitio,Medellín,Cerrado,4.7,7.3,False,3.0,False
PQR-202603-05843,2026-03-01,2026-03,Camiseta personalizada pendiente,Chat del sitio,Cali,Escalado,1.1,34.3,True,5.0,True
PQR-202603-05844,2026-03-07,2026-03,Demora en la entrega,WhatsApp,Cali,Cerrado,1.1,89.0,True,3.0,False
PQR-202603-05845,2026-03-07,2026-03,Faltante en el pedido,Tienda física,Pereira,Cerrado,0.7,15.1,True,4.0,False
PQR-202603-05846,2026-03-18,2026-03,Demora en la entrega,Chat del sitio,Medellín,Cerrado,0.8,15.9,True,5.0,False
PQR-202603-05847,2026-03-17,2026-03,Cambio o garantía,Correo electrónico,Bogotá,Cerrado,25.2,65.0,False,3.0,False
PQR-202603-05848,2026-03-23,2026-03,Cambio o garantía,WhatsApp,Bogotá,Cerrado,1.5,44.6,True,4.0,False
PQR-202603-05849,2026-03-27,2026-03,Faltante en el pedido,WhatsApp,Barranquilla,Cerrado,0.3,49.8,True,5.0,False
PQR-202603-05850,2026-03-10,2026-03,Producto averiado en transporte,Chat del sitio,Cali,Cerrado,3.5,6.7,True,4.0,False
PQR-202603-05851,2026-03-22,2026-03,Cambio o garantía,Instagram / redes,Manizales,Cerrado,2.9,48.7,True,4.0,False
PQR-202603-05852,2026-03-01,2026-03,Producto averiado en transporte,Instagram / redes,Ibagué,Cerrado,7.8,16.1,False,3.0,False
PQR-202603-05853,2026-03-20,2026-03,Solicitud de factura electrónica,WhatsApp,Bucaramanga,Cerrado,0.6,42.2,True,4.0,False
PQR-202603-05854,2026-03-25,2026-03,Solicitud de factura electrónica,Chat del sitio,Medellín,Cerrado,0.1,12.2,True,5.0,False
PQR-202603-05855,2026-03-24,2026-03,Demora en la entrega,Línea gratuita #590,Bogotá,Cerrado,0.7,18.4,True,4.0,False
PQR-202603-05856,2026-03-07,2026-03,Demora en la entrega,Tienda física,Bogotá,Cerrado,1.9,10.2,True,3.0,False
PQR-202603-05857,2026-03-17,2026-03,Reclamo por precio o promoción,Chat del sitio,Bogotá,Cerrado,2.1,6.8,True,3.0,False
PQR-202603-05858,2026-03-09,2026-03,Reclamo por precio o promoción,Correo electrónico,Ibagué,Cerrado,1.2,25.1,True,4.0,False
PQR-202603-05859,2026-03-20,2026-03,Producto averiado en transporte,WhatsApp,Bogotá,Cerrado,3.0,30.4,True,4.0,False
PQR-202603-05860,2026-03-10,2026-03,Solicitud de factura electrónica,WhatsApp,Medellín,Cerrado,0.7,9.4,True,5.0,False
PQR-202603-05861,2026-03-13,2026-03,Solicitud de factura electrónica,WhatsApp,Pereira,Cerrado,0.1,10.8,True,4.0,False
PQR-202603-05862,2026-03-22,2026-03,Faltante en el pedido,WhatsApp,Neiva,Cerrado,1.0,4.8,True,5.0,False
PQR-202603-05863,2026-03-27,2026-03,Demora en la entrega,Tienda física,Bogotá,Cerrado,2.9,4.4,True,4.0,False
PQR-202603-05864,2026-03-06,2026-03,Camiseta personalizada pendiente,WhatsApp,Pereira,Cerrado,3.8,14.8,True,3.0,False
PQR-202603-05865,2026-03-16,2026-03,Producto averiado en transporte,Correo electrónico,Bogotá,Cerrado,2.2,4.1,True,4.0,False
PQR-202603-05866,2026-03-15,2026-03,Demora en la entrega,Instagram / redes,Bogotá,Cerrado,4.9,9.6,False,5.0,False
PQR-202603-05867,2026-03-21,2026-03,Demora en la entrega,Tienda física,Cali,Cerrado,4.3,7.0,False,5.0,False
PQR-202603-05868,2026-03-07,2026-03,Reclamo por precio o promoción,WhatsApp,Bogotá,Cerrado,0.2,25.0,True,3.0,False
PQR-202603-05869,2026-03-23,2026-03,Demora en la entrega,Línea gratuita #590,Barranquilla,Cerrado,1.7,7.5,True,5.0,False
PQR-202603-05870,2026-03-01,2026-03,Demora en la entrega,Línea gratuita #590,Cúcuta,Cerrado,0.7,7.3,True,5.0,False
PQR-202603-05871,2026-03-22,2026-03,Evento adverso reportado,Instagram / redes,Santa Marta,Cerrado,79.5,102.3,False,2.0,True
PQR-202603-05872,2026-03-17,2026-03,Demora en la entrega,WhatsApp,Bogotá,Cerrado,0.9,5.2,True,3.0,False
PQR-202603-05873,2026-03-18,2026-03,Camiseta personalizada pendiente,Correo electrónico,Cali,Escalado,14.1,78.2,False,4.0,True
PQR-202603-05874,2026-03-04,2026-03,Cambio o garantía,Tienda física,Villavicencio,Cerrado,8.6,108.7,False,3.0,False
PQR-202603-05875,2026-03-01,2026-03,Producto averiado en transporte,WhatsApp,Barranquilla,Cerrado,1.1,4.0,True,3.0,False
PQR-202603-05876,2026-03-18,2026-03,Faltante en el pedido,WhatsApp,Cartagena,Cerrado,1.1,80.1,True,3.0,False
PQR-202603-05877,2026-03-14,2026-03,Contenido incompleto del envase,WhatsApp,Cartagena,Cerrado,2.2,154.7,True,2.0,False
PQR-202603-05878,2026-03-02,2026-03,Demora en la entrega,Línea gratuita #590,Cartagena,Cerrado,0.6,74.2,True,2.0,False
PQR-202603-05879,2026-03-11,2026-03,Camiseta personalizada pendiente,Chat del sitio,Bogotá,Cerrado,0.8,22.3,True,4.0,False
PQR-202603-05880,2026-03-02,2026-03,Demora en la entrega,WhatsApp,Cali,Cerrado,1.9,34.9,True,2.0,False
PQR-202603-05881,2026-03-05,2026-03,Demora en la entrega,Tienda física,Barranquilla,Cerrado,1.5,27.6,True,5.0,False
PQR-202603-05882,2026-03-22,2026-03,Evento adverso reportado,Chat del sitio,Armenia,Cerrado,3.1,6.4,True,4.0,True
PQR-202603-05883,2026-03-08,2026-03,Demora en la entrega,Línea gratuita #590,Cali,Cerrado,2.9,49.1,True,3.0,False
PQR-202603-05884,2026-03-09,2026-03,Evento adverso reportado,Línea gratuita #590,Cali,Cerrado,6.2,16.4,False,3.0,True
PQR-202603-05885,2026-03-15,2026-03,Demora en la entrega,Instagram / redes,Medellín,Cerrado,0.3,97.2,True,3.0,False
PQR-202603-05886,2026-03-21,2026-03,Camiseta personalizada pendiente,WhatsApp,Cali,Cerrado,2.8,54.3,True,4.0,False
PQR-202603-05887,2026-03-19,2026-03,Demora en la entrega,WhatsApp,Bogotá,Cerrado,1.1,39.4,True,3.0,False
PQR-202603-05888,2026-03-23,2026-03,Camiseta personalizada pendiente,Línea gratuita #590,Barranquilla,Escalado,3.9,9.9,True,4.0,True
PQR-202603-05889,2026-03-13,2026-03,Duda sobre uso del producto,Chat del sitio,Bucaramanga,Cerrado,0.1,3.4,True,4.0,False
PQR-202603-05890,2026-03-12,2026-03,Producto averiado en transporte,WhatsApp,Bogotá,Cerrado,0.9,36.2,True,4.0,False
PQR-202603-05891,2026-03-15,2026-03,Demora en la entrega,WhatsApp,Ibagué,Cerrado,0.6,64.5,True,4.0,False
PQR-202603-05892,2026-03-12,2026-03,Reclamo por precio o promoción,Línea gratuita #590,Cartagena,Cerrado,0.6,3.3,True,3.0,False
PQR-202603-05893,2026-03-01,2026-03,Producto averiado en transporte,Correo electrónico,Bogotá,Cerrado,17.4,19.1,False,5.0,False
PQR-202603-05894,2026-03-12,2026-03,Faltante en el pedido,Línea gratuita #590,Bogotá,Cerrado,0.4,54.6,True,3.0,False
PQR-202603-05895,2026-03-05,2026-03,Camiseta personalizada pendiente,WhatsApp,Bogotá,Cerrado,1.8,12.9,True,4.0,False
PQR-202603-05896,2026-03-18,2026-03,Solicitud de factura electrónica,WhatsApp,Neiva,Cerrado,0.2,14.7,True,3.0,False
PQR-202603-05897,2026-03-04,2026-03,Demora en la entrega,WhatsApp,Bogotá,Cerrado,2.6,28.0,True,4.0,False
PQR-202603-05898,2026-03-10,2026-03,Reclamo por precio o promoción,Instagram / redes,Bucaramanga,Cerrado,1.9,9.4,True,4.0,False
PQR-202603-05899,2026-03-12,2026-03,Producto averiado en transporte,WhatsApp,Cali,Cerrado,1.1,25.7,True,4.0,False
PQR-202603-05900,2026-03-12,2026-03,Faltante en el pedido,Chat del sitio,Pereira,Cerrado,1.1,26.1,True,5.0,False
PQR-202603-05901,2026-03-17,2026-03,Demora en la entrega,Correo electrónico,Medellín,Cerrado,7.9,38.6,False,4.0,False
PQR-202603-05902,2026-03-14,2026-03,Camiseta personalizada pendiente,Instagram / redes,Cúcuta,Escalado,1.5,97.8,True,2.0,True
PQR-202603-05903,2026-03-14,2026-03,Camiseta personalizada pendiente,WhatsApp,Villavicencio,Cerrado,4.0,20.7,False,3.0,False
PQR-202603-05904,2026-03-17,2026-03,Producto averiado en transporte,Chat del sitio,Neiva,Cerrado,0.7,9.1,True,4.0,False
PQR-202603-05905,2026-03-02,2026-03,Camiseta personalizada pendiente,Tienda física,Barranquilla,Cerrado,4.7,85.3,False,2.0,False
PQR-202603-05906,2026-03-22,2026-03,Demora en la entrega,WhatsApp,Barranquilla,Cerrado,0.7,52.7,True,4.0,False
PQR-202603-05907,2026-03-19,2026-03,Demora en la entrega,WhatsApp,Bogotá,Cerrado,2.9,5.2,True,4.0,False
PQR-202603-05908,2026-03-06,2026-03,Faltante en el pedido,Tienda física,Bogotá,Cerrado,4.3,28.5,False,3.0,False
PQR-202603-05909,2026-03-24,2026-03,Solicitud de factura electrónica,WhatsApp,Pereira,Cerrado,0.3,49.5,True,4.0,False
PQR-202603-05910,2026-03-24,2026-03,Evento adverso reportado,Chat del sitio,Cali,Cerrado,8.3,59.2,False,3.0,True
PQR-202603-05911,2026-03-08,2026-03,Producto averiado en transporte,Chat del sitio,Medellín,Cerrado,4.9,74.8,False,3.0,False
PQR-202603-05912,2026-03-05,2026-03,Faltante en el pedido,Chat del sitio,Bogotá,Cerrado,2.4,46.6,True,4.0,False
PQR-202603-05913,2026-03-09,2026-03,Faltante en el pedido,WhatsApp,Villavicencio,Cerrado,0.1,14.9,True,4.0,False
PQR-202603-05914,2026-03-15,2026-03,Camiseta personalizada pendiente,Línea gratuita #590,Medellín,Cerrado,7.3,50.8,False,4.0,False
PQR-202603-05915,2026-03-06,2026-03,Demora en la entrega,Línea gratuita #590,Pereira,Cerrado,2.0,17.3,True,5.0,False
PQR-202603-05916,2026-03-22,2026-03,Evento adverso reportado,Chat del sitio,Barranquilla,Cerrado,1.6,10.3,True,4.0,True
PQR-202603-05917,2026-03-25,2026-03,Camiseta personalizada pendiente,Línea gratuita #590,Medellín,Cerrado,0.7,9.9,True,3.0,False
PQR-202603-05918,2026-03-18,2026-03,Evento adverso reportado,Chat del sitio,Cali,Escalado,2.8,39.4,True,4.0,True
PQR-202603-05919,2026-03-15,2026-03,Faltante en el pedido,Chat del sitio,Bogotá,Cerrado,1.2,82.2,True,3.0,False
PQR-202603-05920,2026-03-04,2026-03,Producto averiado en transporte,Instagram / redes,Manizales,Cerrado,2.9,12.5,True,5.0,False
PQR-202603-05921,2026-03-26,2026-03,Producto averiado en transporte,Línea gratuita #590,Bucaramanga,Cerrado,2.7,5.8,True,5.0,False
PQR-202603-05922,2026-03-07,2026-03,Faltante en el pedido,Línea gratuita #590,Pereira,Cerrado,5.8,21.0,False,3.0,False
PQR-202603-05923,2026-03-02,2026-03,Demora en la entrega,WhatsApp,Medellín,Cerrado,0.3,10.7,True,3.0,False
PQR-202603-05924,2026-03-24,2026-03,Producto averiado en transporte,WhatsApp,Bucaramanga,Cerrado,1.4,67.5,True,3.0,False
PQR-202603-05925,2026-03-26,2026-03,Contenido incompleto del envase,Tienda física,Medellín,Cerrado,0.3,2.4,True,3.0,False
PQR-202603-05926,2026-03-27,2026-03,Solicitud de factura electrónica,Chat del sitio,Bucaramanga,Cerrado,0.7,5.1,True,3.0,False
PQR-202603-05927,2026-03-26,2026-03,Demora en la entrega,WhatsApp,Bogotá,Cerrado,1.4,18.2,True,4.0,False
PQR-202603-05928,2026-03-12,2026-03,Camiseta personalizada pendiente,WhatsApp,Barranquilla,Cerrado,0.6,166.1,True,4.0,False
PQR-202603-05929,2026-03-20,2026-03,Evento adverso reportado,Línea gratuita #590,Medellín,Cerrado,10.2,25.5,False,4.0,True
PQR-202603-05930,2026-03-09,2026-03,Faltante en el pedido,Instagram / redes,Medellín,Cerrado,5.4,62.4,False,4.0,False
PQR-202603-05931,2026-03-06,2026-03,Demora en la entrega,WhatsApp,Pasto,Cerrado,1.4,23.9,True,4.0,False
PQR-202603-05932,2026-03-27,2026-03,Demora en la entrega,Línea gratuita #590,Barranquilla,Cerrado,2.1,20.5,True,3.0,False
PQR-202603-05933,2026-03-24,2026-03,Solicitud de factura electrónica,Correo electrónico,Barranquilla,Cerrado,11.7,12.7,False,1.0,False
PQR-202603-05934,2026-03-13,2026-03,Producto averiado en transporte,WhatsApp,Barranquilla,Cerrado,0.3,8.9,True,4.0,False
PQR-202603-05935,2026-03-13,2026-03,Demora en la entrega,Chat del sitio,Medellín,Cerrado,1.2,66.1,True,3.0,False
PQR-202603-05936,2026-03-25,2026-03,Demora en la entrega,Chat del sitio,Bogotá,Cerrado,2.6,12.4,True,4.0,False
PQR-202603-05937,2026-03-23,2026-03,Solicitud de factura electrónica,Chat del sitio,Bogotá,Cerrado,1.3,19.9,True,4.0,False
PQR-202603-05938,2026-03-01,2026-03,Solicitud de factura electrónica,WhatsApp,Cúcuta,Cerrado,1.0,2.0,True,3.0,False
PQR-202603-05939,2026-03-08,2026-03,Demora en la entrega,WhatsApp,Ibagué,Cerrado,2.6,53.6,True,3.0,False
PQR-202603-05940,2026-03-16,2026-03,Producto averiado en transporte,WhatsApp,Bucaramanga,Cerrado,0.7,12.4,True,3.0,False
PQR-202603-05941,2026-03-04,2026-03,Demora en la entrega,Chat del sitio,Bucaramanga,Cerrado,3.0,7.7,True,3.0,False
PQR-202603-05942,2026-03-25,2026-03,Cambio o garantía,WhatsApp,Barranquilla,Cerrado,1.0,35.2,True,4.0,False
PQR-202603-05943,2026-03-11,2026-03,Reclamo por precio o promoción,WhatsApp,Barranquilla,Cerrado,2.0,3.0,True,4.0,False
PQR-202603-05944,2026-03-18,2026-03,Demora en la entrega,WhatsApp,Bogotá,Cerrado,0.3,61.4,True,4.0,False
PQR-202603-05945,2026-03-27,2026-03,Cambio o garantía,WhatsApp,Barranquilla,Cerrado,0.2,10.4,True,1.0,False
PQR-202603-05946,2026-03-15,2026-03,Demora en la entrega,Chat del sitio,Medellín,Cerrado,1.0,11.3,True,3.0,False
PQR-202603-05947,2026-03-22,2026-03,Faltante en el pedido,WhatsApp,Neiva,Cerrado,0.1,20.8,True,5.0,False
PQR-202604-05948,2026-04-20,2026-04,Faltante en el pedido,Instagram / redes,Barranquilla,Cerrado,0.3,8.2,True,5.0,False
PQR-202604-05949,2026-04-17,2026-04,Faltante en el pedido,Instagram / redes,Bogotá,Cerrado,8.8,81.6,False,4.0,False
PQR-202604-05950,2026-04-24,2026-04,Faltante en el pedido,Línea gratuita #590,Bogotá,Cerrado,4.4,78.7,False,3.0,False
PQR-202604-05951,2026-04-17,2026-04,Producto averiado en transporte,Chat del sitio,Villavicencio,Cerrado,0.9,6.6,True,4.0,False
PQR-202604-05952,2026-04-25,2026-04,Demora en la entrega,Tienda física,Bogotá,Cerrado,0.2,37.2,True,4.0,False
PQR-202604-05953,2026-04-10,2026-04,Evento adverso reportado,WhatsApp,Bucaramanga,Escalado,3.7,74.8,True,5.0,True
PQR-202604-05954,2026-04-07,2026-04,Reclamo por precio o promoción,Chat del sitio,Cali,Cerrado,1.6,3.6,True,4.0,False
PQR-202604-05955,2026-04-14,2026-04,Demora en la entrega,Instagram / redes,Cartagena,Cerrado,2.3,8.3,True,4.0,False
PQR-202604-05956,2026-04-18,2026-04,Producto averiado en transporte,WhatsApp,Cúcuta,Cerrado,1.0,46.5,True,5.0,False
PQR-202604-05957,2026-04-08,2026-04,Demora en la entrega,Línea gratuita #590,Santa Marta,Cerrado,1.8,41.6,True,4.0,False
PQR-202604-05958,2026-04-03,2026-04,Contenido incompleto del envase,Línea gratuita #590,Medellín,Cerrado,8.5,36.5,False,4.0,False
PQR-202604-05959,2026-04-19,2026-04,Faltante en el pedido,Línea gratuita #590,Manizales,Cerrado,0.8,43.6,True,3.0,False
PQR-202604-05960,2026-04-05,2026-04,Demora en la entrega,WhatsApp,Cúcuta,Cerrado,0.4,38.1,True,4.0,False
PQR-202604-05961,2026-04-15,2026-04,Demora en la entrega,WhatsApp,Neiva,Cerrado,0.9,19.0,True,4.0,False
PQR-202604-05962,2026-04-19,2026-04,Producto averiado en transporte,Correo electrónico,Bogotá,Cerrado,2.0,26.5,True,4.0,False
PQR-202604-05963,2026-04-23,2026-04,Contenido incompleto del envase,Correo electrónico,Medellín,Cerrado,21.0,69.6,False,3.0,False
PQR-202604-05964,2026-04-18,2026-04,Contenido incompleto del envase,WhatsApp,Bogotá,Escalado,5.3,10.0,False,4.0,True
PQR-202604-05965,2026-04-19,2026-04,Contenido incompleto del envase,WhatsApp,Bogotá,Escalado,0.8,196.0,True,3.0,True
PQR-202604-05966,2026-04-03,2026-04,Cambio o garantía,WhatsApp,Bogotá,Cerrado,0.7,1.7,True,3.0,False
PQR-202604-05967,2026-04-13,2026-04,Contenido incompleto del envase,WhatsApp,Santa Marta,Cerrado,0.1,20.7,True,2.0,False
PQR-202604-05968,2026-04-17,2026-04,Producto averiado en transporte,Instagram / redes,Cartagena,Cerrado,0.8,26.1,True,4.0,False
PQR-202604-05969,2026-04-03,2026-04,Solicitud de factura electrónica,Línea gratuita #590,Barranquilla,Cerrado,1.3,6.0,True,4.0,False
PQR-202604-05970,2026-04-18,2026-04,Demora en la entrega,Tienda física,Bucaramanga,Cerrado,2.5,15.2,True,3.0,False
PQR-202604-05971,2026-04-09,2026-04,Reclamo por precio o promoción,Instagram / redes,Cali,Cerrado,0.6,19.7,True,4.0,False
PQR-202604-05972,2026-04-26,2026-04,Camiseta personalizada pendiente,WhatsApp,Bogotá,Escalado,2.1,6.8,True,3.0,True
PQR-202604-05973,2026-04-05,2026-04,Faltante en el pedido,Chat del sitio,Cali,Cerrado,0.1,28.1,True,3.0,False
PQR-202604-05974,2026-04-10,2026-04,Demora en la entrega,WhatsApp,Cartagena,Cerrado,0.8,133.8,True,3.0,False
PQR-202604-05975,2026-04-20,2026-04,Evento adverso reportado,Instagram / redes,Cali,Escalado,0.1,93.3,True,3.0,True
PQR-202604-05976,2026-04-05,2026-04,Faltante en el pedido,WhatsApp,Ibagué,Cerrado,1.0,129.2,True,4.0,False
PQR-202604-05977,2026-04-08,2026-04,Faltante en el pedido,WhatsApp,Manizales,Cerrado,0.6,25.7,True,3.0,False
PQR-202604-05978,2026-04-08,2026-04,Demora en la entrega,Chat del sitio,Barranquilla,Cerrado,0.1,16.3,True,3.0,False
PQR-202604-05979,2026-04-15,2026-04,Demora en la entrega,WhatsApp,Ibagué,Cerrado,0.8,28.6,True,5.0,False
PQR-202604-05980,2026-04-27,2026-04,Reclamo por precio o promoción,Línea gratuita #590,Barranquilla,Cerrado,1.6,5.4,True,4.0,False
PQR-202604-05981,2026-04-16,2026-04,Faltante en el pedido,WhatsApp,Barranquilla,Cerrado,0.8,9.1,True,4.0,False
PQR-202604-05982,2026-04-01,2026-04,Solicitud de factura electrónica,WhatsApp,Cali,Cerrado,0.5,8.9,True,4.0,False
PQR-202604-05983,2026-04-14,2026-04,Demora en la entrega,WhatsApp,Bogotá,Cerrado,1.4,5.2,True,4.0,False
PQR-202604-05984,2026-04-22,2026-04,Solicitud de factura electrónica,WhatsApp,Barranquilla,Cerrado,0.2,35.3,True,4.0,False
PQR-202604-05985,2026-04-07,2026-04,Camiseta personalizada pendiente,WhatsApp,Ibagué,Cerrado,3.6,83.9,True,4.0,False
PQR-202604-05986,2026-04-07,2026-04,Faltante en el pedido,Tienda física,Bogotá,Cerrado,0.5,14.2,True,4.0,False
PQR-202604-05987,2026-04-20,2026-04,Demora en la entrega,WhatsApp,Barranquilla,Cerrado,0.1,6.3,True,3.0,False
PQR-202604-05988,2026-04-03,2026-04,Demora en la entrega,WhatsApp,Bogotá,Cerrado,1.8,5.7,True,3.0,False
PQR-202604-05989,2026-04-08,2026-04,Reclamo por precio o promoción,Línea gratuita #590,Bogotá,Cerrado,2.9,24.2,True,4.0,False
PQR-202604-05990,2026-04-18,2026-04,Producto averiado en transporte,WhatsApp,Cali,Cerrado,1.5,65.1,True,4.0,False
PQR-202604-05991,2026-04-06,2026-04,Camiseta personalizada pendiente,WhatsApp,Medellín,Cerrado,1.4,47.9,True,3.0,False
PQR-202604-05992,2026-04-02,2026-04,Camiseta personalizada pendiente,WhatsApp,Barranquilla,Cerrado,1.1,23.0,True,4.0,False
PQR-202604-05993,2026-04-14,2026-04,Faltante en el pedido,WhatsApp,Cartagena,Cerrado,4.3,51.1,False,2.0,False
PQR-202604-05994,2026-04-02,2026-04,Reclamo por precio o promoción,Chat del sitio,Cali,Cerrado,0.3,21.5,True,5.0,False
PQR-202604-05995,2026-04-02,2026-04,Camiseta personalizada pendiente,Chat del sitio,Cúcuta,Cerrado,3.5,36.9,True,4.0,False
PQR-202604-05996,2026-04-19,2026-04,Camiseta personalizada pendiente,Tienda física,Cartagena,Cerrado,1.7,9.3,True,3.0,False
PQR-202604-05997,2026-04-26,2026-04,Camiseta personalizada pendiente,Chat del sitio,Ibagué,Cerrado,12.1,147.8,False,2.0,False
PQR-202604-05998,2026-04-01,2026-04,Camiseta personalizada pendiente,WhatsApp,Bogotá,Escalado,1.8,60.3,True,3.0,True
PQR-202604-05999,2026-04-20,2026-04,Camiseta personalizada pendiente,Chat del sitio,Cúcuta,Escalado,4.3,8.7,False,4.0,True
PQR-202604-06000,2026-04-03,2026-04,Faltante en el pedido,Tienda física,Barranquilla,Cerrado,0.7,11.6,True,4.0,False
PQR-202604-06001,2026-04-25,2026-04,Demora en la entrega,Instagram / redes,Bogotá,Cerrado,1.1,14.6,True,4.0,False
PQR-202604-06002,2026-04-11,2026-04,Contenido incompleto del envase,WhatsApp,Bucaramanga,Cerrado,0.8,23.5,True,5.0,False
PQR-202604-06003,2026-04-03,2026-04,Contenido incompleto del envase,WhatsApp,Cartagena,Escalado,1.2,9.2,True,3.0,True
PQR-202604-06004,2026-04-04,2026-04,Camiseta personalizada pendiente,WhatsApp,Ibagué,Cerrado,0.1,35.8,True,3.0,False
PQR-202604-06005,2026-04-09,2026-04,Solicitud de factura electrónica,WhatsApp,Barranquilla,Cerrado,0.3,1.3,True,3.0,False
PQR-202604-06006,2026-04-18,2026-04,Camiseta personalizada pendiente,Chat del sitio,Medellín,Cerrado,1.1,14.1,True,3.0,False
PQR-202604-06007,2026-04-09,2026-04,Duda sobre uso del producto,WhatsApp,Medellín,Cerrado,0.1,4.0,True,5.0,False
PQR-202604-06008,2026-04-27,2026-04,Producto averiado en transporte,WhatsApp,Pereira,Cerrado,0.5,26.0,True,4.0,False
PQR-202604-06009,2026-04-02,2026-04,Camiseta personalizada pendiente,WhatsApp,Barranquilla,Cerrado,1.2,84.0,True,4.0,False
PQR-202604-06010,2026-04-24,2026-04,Producto averiado en transporte,Tienda física,Cartagena,Cerrado,4.0,20.4,True,4.0,False
PQR-202604-06011,2026-04-15,2026-04,Contenido incompleto del envase,WhatsApp,Cúcuta,Cerrado,0.4,18.8,True,3.0,False
PQR-202604-06012,2026-04-13,2026-04,Contenido incompleto del envase,WhatsApp,Bogotá,Escalado,1.3,211.4,True,1.0,True
PQR-202604-06013,2026-04-02,2026-04,Demora en la entrega,Instagram / redes,Cali,Cerrado,0.2,1.2,True,4.0,False
PQR-202604-06014,2026-04-23,2026-04,Contenido incompleto del envase,Chat del sitio,Bucaramanga,Cerrado,3.0,77.5,True,3.0,False
PQR-202604-06015,2026-04-27,2026-04,Contenido incompleto del envase,Instagram / redes,Bogotá,Cerrado,10.3,13.7,False,5.0,False
PQR-202604-06016,2026-04-06,2026-04,Demora en la entrega,Línea gratuita #590,Barranquilla,Cerrado,1.1,36.1,True,3.0,False
PQR-202604-06017,2026-04-10,2026-04,Faltante en el pedido,Instagram / redes,Barranquilla,Cerrado,0.1,6.5,True,4.0,False
PQR-202604-06018,2026-04-20,2026-04,Evento adverso reportado,Línea gratuita #590,Bogotá,Cerrado,2.0,77.9,True,5.0,True
PQR-202604-06019,2026-04-22,2026-04,Producto averiado en transporte,Tienda física,Medellín,Cerrado,8.7,11.6,False,4.0,False
PQR-202604-06020,2026-04-02,2026-04,Evento adverso reportado,Correo electrónico,Cali,Escalado,6.6,54.4,False,4.0,True
PQR-202604-06021,2026-04-06,2026-04,Reclamo por precio o promoción,Instagram / redes,Cúcuta,Cerrado,14.7,49.5,False,4.0,False
PQR-202604-06022,2026-04-01,2026-04,Solicitud de factura electrónica,WhatsApp,Pereira,Cerrado,1.2,13.5,True,4.0,False
PQR-202604-06023,2026-04-11,2026-04,Duda sobre uso del producto,Tienda física,Cali,Cerrado,0.3,10.1,True,4.0,False
PQR-202604-06024,2026-04-22,2026-04,Faltante en el pedido,Chat del sitio,Medellín,Cerrado,2.1,28.2,True,4.0,False
PQR-202604-06025,2026-04-18,2026-04,Producto averiado en transporte,Chat del sitio,Bogotá,Cerrado,1.3,69.6,True,2.0,False
PQR-202604-06026,2026-04-22,2026-04,Duda sobre uso del producto,WhatsApp,Bogotá,Cerrado,0.7,24.1,True,5.0,False
PQR-202604-06027,2026-04-13,2026-04,Producto averiado en transporte,WhatsApp,Cali,Cerrado,0.1,16.0,True,4.0,False
PQR-202604-06028,2026-04-20,2026-04,Faltante en el pedido,Chat del sitio,Barranquilla,Cerrado,0.3,43.8,True,3.0,False
PQR-202604-06029,2026-04-18,2026-04,Demora en la entrega,Instagram / redes,Pereira,Cerrado,6.0,9.1,False,3.0,False
PQR-202604-06030,2026-04-15,2026-04,Camiseta personalizada pendiente,Línea gratuita #590,Bogotá,Cerrado,7.9,32.0,False,3.0,False
PQR-202604-06031,2026-04-16,2026-04,Camiseta personalizada pendiente,WhatsApp,Cali,Escalado,0.8,24.5,True,5.0,True
PQR-202604-06032,2026-04-04,2026-04,Faltante en el pedido,Tienda física,Medellín,Cerrado,2.0,19.0,True,4.0,False
PQR-202604-06033,2026-04-07,2026-04,Demora en la entrega,Chat del sitio,Bogotá,Cerrado,2.3,54.0,True,4.0,False
PQR-202604-06034,2026-04-10,2026-04,Camiseta personalizada pendiente,Línea gratuita #590,Cali,Escalado,3.0,6.1,True,4.0,True
PQR-202604-06035,2026-04-21,2026-04,Evento adverso reportado,WhatsApp,Cali,Escalado,6.8,98.7,False,3.0,True
PQR-202604-06036,2026-04-11,2026-04,Duda sobre uso del producto,Chat del sitio,Neiva,Cerrado,0.4,16.6,True,4.0,False
PQR-202604-06037,2026-04-18,2026-04,Faltante en el pedido,Instagram / redes,Medellín,Cerrado,2.1,50.1,True,4.0,False
PQR-202604-06038,2026-04-06,2026-04,Evento adverso reportado,Instagram / redes,Medellín,Escalado,7.0,12.7,False,3.0,True
PQR-202604-06039,2026-04-19,2026-04,Camiseta personalizada pendiente,WhatsApp,Bogotá,Escalado,3.7,134.3,True,2.0,True
PQR-202604-06040,2026-04-16,2026-04,Producto averiado en transporte,Instagram / redes,Barranquilla,Cerrado,1.4,2.8,True,5.0,False
PQR-202604-06041,2026-04-01,2026-04,Demora en la entrega,Línea gratuita #590,Cúcuta,Cerrado,4.4,10.2,False,4.0,False
PQR-202604-06042,2026-04-21,2026-04,Duda sobre uso del producto,Chat del sitio,Cali,Cerrado,0.2,5.3,True,5.0,False
PQR-202604-06043,2026-04-12,2026-04,Producto averiado en transporte,WhatsApp,Bogotá,Cerrado,0.2,3.7,True,2.0,False
PQR-202604-06044,2026-04-16,2026-04,Reclamo por precio o promoción,Línea gratuita #590,Bogotá,Cerrado,3.8,6.3,True,4.0,False
PQR-202604-06045,2026-04-25,2026-04,Camiseta personalizada pendiente,Línea gratuita #590,Neiva,Cerrado,2.3,96.6,True,4.0,False
PQR-202604-06046,2026-04-04,2026-04,Solicitud de factura electrónica,Línea gratuita #590,Bogotá,Cerrado,0.1,12.4,True,4.0,False
PQR-202604-06047,2026-04-17,2026-04,Reclamo por precio o promoción,Instagram / redes,Barranquilla,Cerrado,6.2,36.7,False,2.0,False
PQR-202604-06048,2026-04-07,2026-04,Faltante en el pedido,Instagram / redes,Bucaramanga,Cerrado,5.3,6.5,False,4.0,False
PQR-202604-06049,2026-04-19,2026-04,Camiseta personalizada pendiente,Chat del sitio,Barranquilla,Cerrado,0.5,58.7,True,4.0,False
PQR-202604-06050,2026-04-27,2026-04,Duda sobre uso del producto,Chat del sitio,Bogotá,Cerrado,0.1,23.3,True,3.0,False
PQR-202604-06051,2026-04-10,2026-04,Contenido incompleto del envase,WhatsApp,Medellín,Cerrado,5.4,10.7,False,5.0,False
PQR-202604-06052,2026-04-01,2026-04,Faltante en el pedido,WhatsApp,Bogotá,Cerrado,3.6,45.6,True,2.0,False
PQR-202604-06053,2026-04-19,2026-04,Demora en la entrega,Línea gratuita #590,Barranquilla,Cerrado,0.2,102.3,True,3.0,False
PQR-202604-06054,2026-04-10,2026-04,Demora en la entrega,Línea gratuita #590,Pereira,Cerrado,4.9,7.0,False,4.0,False
PQR-202604-06055,2026-04-16,2026-04,Faltante en el pedido,Correo electrónico,Cali,Cerrado,5.4,39.7,False,3.0,False
PQR-202604-06056,2026-04-08,2026-04,Contenido incompleto del envase,Chat del sitio,Medellín,Cerrado,5.2,42.7,False,4.0,False
PQR-202604-06057,2026-04-23,2026-04,Camiseta personalizada pendiente,WhatsApp,Medellín,Escalado,2.5,66.4,True,5.0,True
PQR-202604-06058,2026-04-06,2026-04,Camiseta personalizada pendiente,Chat del sitio,Bogotá,Cerrado,1.2,20.8,True,3.0,False
PQR-202604-06059,2026-04-15,2026-04,Evento adverso reportado,Instagram / redes,Santa Marta,Escalado,0.6,71.2,True,3.0,True
PQR-202604-06060,2026-04-01,2026-04,Camiseta personalizada pendiente,WhatsApp,Manizales,Cerrado,1.8,44.3,True,4.0,False
PQR-202604-06061,2026-04-05,2026-04,Faltante en el pedido,Chat del sitio,Cali,Cerrado,6.6,50.3,False,5.0,False
PQR-202604-06062,2026-04-12,2026-04,Faltante en el pedido,WhatsApp,Medellín,Cerrado,0.2,20.7,True,4.0,False
PQR-202604-06063,2026-04-03,2026-04,Demora en la entrega,WhatsApp,Pereira,Cerrado,4.0,18.6,True,4.0,False
PQR-202604-06064,2026-04-12,2026-04,Reclamo por precio o promoción,Instagram / redes,Barranquilla,Cerrado,2.9,80.3,True,3.0,False
PQR-202604-06065,2026-04-14,2026-04,Reclamo por precio o promoción,Instagram / redes,Barranquilla,Cerrado,8.2,97.1,False,3.0,False
PQR-202604-06066,2026-04-16,2026-04,Cambio o garantía,WhatsApp,Ibagué,Cerrado,0.9,2.1,True,5.0,False
PQR-202604-06067,2026-04-25,2026-04,Contenido incompleto del envase,Instagram / redes,Bogotá,Cerrado,2.7,26.5,True,4.0,False
PQR-202604-06068,2026-04-15,2026-04,Demora en la entrega,Línea gratuita #590,Villavicencio,Cerrado,0.7,22.7,True,4.0,False
PQR-202604-06069,2026-04-12,2026-04,Camiseta personalizada pendiente,WhatsApp,Cúcuta,Escalado,0.9,13.2,True,3.0,True
PQR-202604-06070,2026-04-24,2026-04,Faltante en el pedido,Chat del sitio,Barranquilla,Cerrado,0.4,48.0,True,5.0,False
PQR-202604-06071,2026-04-05,2026-04,Contenido incompleto del envase,WhatsApp,Bogotá,Cerrado,2.8,5.5,True,4.0,False
PQR-202604-06072,2026-04-18,2026-04,Producto averiado en transporte,WhatsApp,Cúcuta,Cerrado,0.8,3.0,True,3.0,False
PQR-202604-06073,2026-04-05,2026-04,Demora en la entrega,Instagram / redes,Bogotá,Cerrado,2.4,16.6,True,4.0,False
PQR-202604-06074,2026-04-16,2026-04,Camiseta personalizada pendiente,Instagram / redes,Bogotá,Cerrado,2.5,12.2,True,4.0,False
PQR-202604-06075,2026-04-05,2026-04,Camiseta personalizada pendiente,WhatsApp,Bogotá,Cerrado,0.1,19.3,True,5.0,False
PQR-202604-06076,2026-04-14,2026-04,Cambio o garantía,WhatsApp,Medellín,Cerrado,0.8,83.6,True,3.0,False
PQR-202604-06077,2026-04-03,2026-04,Reclamo por precio o promoción,WhatsApp,Pereira,Cerrado,0.2,2.8,True,5.0,False
PQR-202604-06078,2026-04-22,2026-04,Contenido incompleto del envase,Tienda física,Cali,Cerrado,10.0,65.5,False,4.0,False
PQR-202604-06079,2026-04-17,2026-04,Faltante en el pedido,Chat del sitio,Bogotá,Cerrado,4.8,32.2,False,5.0,False
PQR-202604-06080,2026-04-13,2026-04,Solicitud de factura electrónica,Línea gratuita #590,Cúcuta,Cerrado,1.4,8.1,True,4.0,False
PQR-202604-06081,2026-04-16,2026-04,Duda sobre uso del producto,Instagram / redes,Bogotá,Cerrado,0.9,25.1,True,4.0,False
PQR-202604-06082,2026-04-04,2026-04,Camiseta personalizada pendiente,WhatsApp,Barranquilla,Cerrado,2.9,51.8,True,5.0,False
PQR-202604-06083,2026-04-05,2026-04,Demora en la entrega,Correo electrónico,Bogotá,Cerrado,1.8,19.9,True,4.0,False
PQR-202604-06084,2026-04-26,2026-04,Camiseta personalizada pendiente,WhatsApp,Cali,Escalado,1.9,45.6,True,4.0,True
PQR-202604-06085,2026-04-25,2026-04,Faltante en el pedido,Chat del sitio,Bogotá,Cerrado,1.6,26.9,True,3.0,False
PQR-202604-06086,2026-04-19,2026-04,Producto averiado en transporte,WhatsApp,Barranquilla,Cerrado,3.4,30.2,True,3.0,False
PQR-202604-06087,2026-04-19,2026-04,Faltante en el pedido,WhatsApp,Bogotá,Cerrado,2.0,33.8,True,3.0,False
PQR-202604-06088,2026-04-01,2026-04,Demora en la entrega,WhatsApp,Barranquilla,Cerrado,0.5,18.3,True,5.0,False
PQR-202604-06089,2026-04-12,2026-04,Faltante en el pedido,Chat del sitio,Bogotá,Cerrado,0.4,8.8,True,3.0,False
PQR-202604-06090,2026-04-17,2026-04,Demora en la entrega,Chat del sitio,Bucaramanga,Cerrado,1.3,2.9,True,3.0,False
PQR-202604-06091,2026-04-19,2026-04,Camiseta personalizada pendiente,Línea gratuita #590,Bogotá,Cerrado,0.5,11.1,True,4.0,False
PQR-202604-06092,2026-04-07,2026-04,Cambio o garantía,Chat del sitio,Bogotá,Cerrado,1.2,20.1,True,3.0,False
PQR-202604-06093,2026-04-24,2026-04,Demora en la entrega,WhatsApp,Medellín,Cerrado,0.6,3.8,True,3.0,False
PQR-202604-06094,2026-04-19,2026-04,Evento adverso reportado,Correo electrónico,Medellín,Escalado,26.2,90.3,False,2.0,True
PQR-202604-06095,2026-04-17,2026-04,Camiseta personalizada pendiente,Instagram / redes,Pereira,Escalado,1.5,51.1,True,4.0,True
PQR-202604-06096,2026-04-15,2026-04,Demora en la entrega,WhatsApp,Bogotá,Cerrado,1.1,24.7,True,5.0,False
PQR-202604-06097,2026-04-27,2026-04,Faltante en el pedido,Línea gratuita #590,Manizales,Cerrado,0.9,4.7,True,2.0,False
PQR-202604-06098,2026-04-09,2026-04,Demora en la entrega,WhatsApp,Medellín,Cerrado,0.5,45.0,True,4.0,False
PQR-202604-06099,2026-04-15,2026-04,Producto averiado en transporte,Línea gratuita #590,Manizales,Cerrado,2.2,7.3,True,3.0,False
PQR-202604-06100,2026-04-12,2026-04,Solicitud de factura electrónica,WhatsApp,Bucaramanga,Cerrado,0.1,4.2,True,5.0,False
PQR-202604-06101,2026-04-22,2026-04,Demora en la entrega,WhatsApp,Cúcuta,Cerrado,1.4,19.2,True,5.0,False
PQR-202604-06102,2026-04-07,2026-04,Reclamo por precio o promoción,WhatsApp,Medellín,Cerrado,0.4,4.5,True,4.0,False
PQR-202604-06103,2026-04-23,2026-04,Demora en la entrega,WhatsApp,Cali,Cerrado,0.5,4.0,True,4.0,False
PQR-202604-06104,2026-04-09,2026-04,Demora en la entrega,WhatsApp,Cartagena,Cerrado,1.4,48.8,True,5.0,False
PQR-202604-06105,2026-04-16,2026-04,Contenido incompleto del envase,WhatsApp,Villavicencio,Cerrado,0.1,1.2,True,5.0,False
PQR-202604-06106,2026-04-10,2026-04,Solicitud de factura electrónica,Instagram / redes,Pereira,Cerrado,0.2,15.8,True,3.0,False
PQR-202604-06107,2026-04-25,2026-04,Demora en la entrega,Línea gratuita #590,Bogotá,Cerrado,5.2,75.8,False,3.0,False
PQR-202604-06108,2026-04-18,2026-04,Camiseta personalizada pendiente,Chat del sitio,Cali,Escalado,3.3,63.2,True,5.0,True
PQR-202604-06109,2026-04-05,2026-04,Contenido incompleto del envase,Chat del sitio,Bogotá,Escalado,2.5,22.2,True,3.0,True
PQR-202604-06110,2026-04-05,2026-04,Contenido incompleto del envase,Chat del sitio,Bucaramanga,Cerrado,0.5,74.4,True,3.0,False
PQR-202604-06111,2026-04-24,2026-04,Demora en la entrega,WhatsApp,Medellín,Cerrado,0.1,3.1,True,3.0,False
PQR-202604-06112,2026-04-24,2026-04,Reclamo por precio o promoción,Línea gratuita #590,Medellín,Cerrado,1.2,14.3,True,3.0,False
PQR-202604-06113,2026-04-10,2026-04,Camiseta personalizada pendiente,Línea gratuita #590,Bogotá,Cerrado,0.1,27.2,True,2.0,False
PQR-202604-06114,2026-04-04,2026-04,Producto averiado en transporte,Línea gratuita #590,Bucaramanga,Cerrado,2.5,94.6,True,3.0,False
PQR-202604-06115,2026-04-07,2026-04,Faltante en el pedido,WhatsApp,Cali,Cerrado,0.9,10.9,True,4.0,False
PQR-202604-06116,2026-04-25,2026-04,Producto averiado en transporte,Chat del sitio,Barranquilla,Cerrado,0.1,24.4,True,4.0,False
PQR-202604-06117,2026-04-11,2026-04,Demora en la entrega,WhatsApp,Bogotá,Cerrado,1.0,48.4,True,4.0,False
PQR-202604-06118,2026-04-18,2026-04,Camiseta personalizada pendiente,WhatsApp,Bogotá,Cerrado,7.8,9.7,False,4.0,False
PQR-202604-06119,2026-04-07,2026-04,Faltante en el pedido,WhatsApp,Bogotá,Cerrado,2.7,54.8,True,4.0,False
PQR-202604-06120,2026-04-22,2026-04,Demora en la entrega,WhatsApp,Manizales,Cerrado,0.2,8.8,True,3.0,False
PQR-202604-06121,2026-04-11,2026-04,Demora en la entrega,WhatsApp,Cali,Cerrado,1.7,5.4,True,5.0,False
PQR-202604-06122,2026-04-12,2026-04,Producto averiado en transporte,WhatsApp,Pereira,Cerrado,2.1,15.6,True,4.0,False
PQR-202604-06123,2026-04-06,2026-04,Producto averiado en transporte,Correo electrónico,Medellín,Cerrado,5.6,149.2,False,3.0,False
PQR-202604-06124,2026-04-07,2026-04,Solicitud de factura electrónica,WhatsApp,Santa Marta,Cerrado,0.1,24.3,True,4.0,False
PQR-202604-06125,2026-04-22,2026-04,Faltante en el pedido,Correo electrónico,Bogotá,Cerrado,10.6,30.5,False,4.0,False
PQR-202604-06126,2026-04-10,2026-04,Solicitud de factura electrónica,Instagram / redes,Armenia,Cerrado,1.0,20.7,True,3.0,False
PQR-202604-06127,2026-04-09,2026-04,Cambio o garantía,WhatsApp,Medellín,Cerrado,0.3,71.7,True,5.0,False
PQR-202604-06128,2026-04-01,2026-04,Cambio o garantía,WhatsApp,Barranquilla,Cerrado,0.4,44.8,True,3.0,False
PQR-202604-06129,2026-04-15,2026-04,Producto averiado en transporte,WhatsApp,Medellín,Cerrado,0.5,12.9,True,3.0,False
PQR-202604-06130,2026-04-23,2026-04,Demora en la entrega,Línea gratuita #590,Barranquilla,Cerrado,1.1,49.4,True,4.0,False
PQR-202604-06131,2026-04-12,2026-04,Camiseta personalizada pendiente,Chat del sitio,Bogotá,Escalado,0.5,31.6,True,4.0,True
PQR-202604-06132,2026-04-01,2026-04,Solicitud de factura electrónica,Línea gratuita #590,Bogotá,Cerrado,0.5,2.1,True,4.0,False
PQR-202604-06133,2026-04-05,2026-04,Evento adverso reportado,Línea gratuita #590,Bogotá,Cerrado,4.5,48.3,False,5.0,True
PQR-202604-06134,2026-04-05,2026-04,Demora en la entrega,WhatsApp,Barranquilla,Cerrado,0.6,96.4,True,4.0,False
PQR-202604-06135,2026-04-08,2026-04,Solicitud de factura electrónica,WhatsApp,Medellín,Cerrado,0.7,3.4,True,4.0,False
PQR-202604-06136,2026-04-01,2026-04,Reclamo por precio o promoción,WhatsApp,Cartagena,Cerrado,0.3,41.9,True,4.0,False
PQR-202604-06137,2026-04-20,2026-04,Producto averiado en transporte,Línea gratuita #590,Villavicencio,Cerrado,1.7,55.3,True,2.0,False
PQR-202604-06138,2026-04-11,2026-04,Demora en la entrega,WhatsApp,Bogotá,Cerrado,0.8,30.0,True,4.0,False
PQR-202604-06139,2026-04-13,2026-04,Producto averiado en transporte,WhatsApp,Ibagué,Cerrado,1.3,16.6,True,4.0,False
PQR-202604-06140,2026-04-07,2026-04,Camiseta personalizada pendiente,Chat del sitio,Bogotá,Escalado,4.6,50.4,False,3.0,True
PQR-202604-06141,2026-04-12,2026-04,Demora en la entrega,WhatsApp,Cali,Cerrado,0.1,7.7,True,4.0,False
PQR-202604-06142,2026-04-09,2026-04,Faltante en el pedido,WhatsApp,Barranquilla,Cerrado,2.4,24.8,True,2.0,False
PQR-202604-06143,2026-04-20,2026-04,Camiseta personalizada pendiente,WhatsApp,Medellín,Escalado,0.9,19.8,True,3.0,True
PQR-202604-06144,2026-04-22,2026-04,Solicitud de factura electrónica,WhatsApp,Bucaramanga,Cerrado,0.2,1.2,True,4.0,False
PQR-202604-06145,2026-04-20,2026-04,Faltante en el pedido,Instagram / redes,Bogotá,Cerrado,0.8,52.9,True,3.0,False
PQR-202604-06146,2026-04-03,2026-04,Demora en la entrega,WhatsApp,Ibagué,Cerrado,6.4,53.1,False,4.0,False
PQR-202604-06147,2026-04-21,2026-04,Faltante en el pedido,Tienda física,Cartagena,Cerrado,4.1,108.7,False,5.0,False
PQR-202604-06148,2026-04-12,2026-04,Faltante en el pedido,Chat del sitio,Neiva,Cerrado,2.4,54.9,True,3.0,False
PQR-202604-06149,2026-04-13,2026-04,Demora en la entrega,Línea gratuita #590,Barranquilla,Cerrado,2.3,57.8,True,4.0,False
PQR-202604-06150,2026-04-10,2026-04,Producto averiado en transporte,Chat del sitio,Neiva,Cerrado,4.7,24.7,False,2.0,False
PQR-202604-06151,2026-04-08,2026-04,Faltante en el pedido,Tienda física,Bogotá,Cerrado,0.7,20.2,True,4.0,False
PQR-202604-06152,2026-04-02,2026-04,Evento adverso reportado,Instagram / redes,Bogotá,Cerrado,7.1,105.2,False,4.0,True
PQR-202604-06153,2026-04-25,2026-04,Demora en la entrega,Línea gratuita #590,Pereira,Cerrado,0.5,56.4,True,2.0,False
PQR-202604-06154,2026-04-22,2026-04,Faltante en el pedido,WhatsApp,Cali,Cerrado,1.7,44.2,True,3.0,False
PQR-202604-06155,2026-04-13,2026-04,Demora en la entrega,Instagram / redes,Cali,Cerrado,0.4,1.7,True,5.0,False
PQR-202604-06156,2026-04-21,2026-04,Duda sobre uso del producto,Tienda física,Santa Marta,Cerrado,0.5,8.5,True,5.0,False
PQR-202604-06157,2026-04-03,2026-04,Demora en la entrega,WhatsApp,Medellín,Cerrado,1.0,15.3,True,3.0,False
PQR-202604-06158,2026-04-14,2026-04,Cambio o garantía,Chat del sitio,Villavicencio,Cerrado,1.0,166.3,True,2.0,False
PQR-202604-06159,2026-04-11,2026-04,Reclamo por precio o promoción,Línea gratuita #590,Barranquilla,Cerrado,0.5,4.6,True,3.0,False
PQR-202604-06160,2026-04-14,2026-04,Reclamo por precio o promoción,Chat del sitio,Medellín,Cerrado,0.8,20.4,True,3.0,False
PQR-202604-06161,2026-04-05,2026-04,Contenido incompleto del envase,Línea gratuita #590,Pereira,Cerrado,0.8,164.6,True,4.0,False
PQR-202604-06162,2026-04-05,2026-04,Solicitud de factura electrónica,WhatsApp,Cali,Cerrado,0.1,5.2,True,3.0,False
PQR-202604-06163,2026-04-09,2026-04,Demora en la entrega,WhatsApp,Bogotá,Cerrado,1.3,42.9,True,2.0,False
PQR-202604-06164,2026-04-02,2026-04,Solicitud de factura electrónica,WhatsApp,Barranquilla,Cerrado,0.6,12.7,True,2.0,False
PQR-202604-06165,2026-04-27,2026-04,Evento adverso reportado,Línea gratuita #590,Bogotá,Escalado,0.4,7.9,True,4.0,True
PQR-202604-06166,2026-04-06,2026-04,Reclamo por precio o promoción,WhatsApp,Bogotá,Cerrado,0.8,18.8,True,3.0,False
PQR-202604-06167,2026-04-13,2026-04,Reclamo por precio o promoción,Instagram / redes,Cartagena,Cerrado,0.9,14.5,True,3.0,False
PQR-202604-06168,2026-04-06,2026-04,Producto averiado en transporte,Instagram / redes,Cali,Cerrado,8.2,102.4,False,3.0,False
PQR-202604-06169,2026-04-11,2026-04,Reclamo por precio o promoción,Tienda física,Medellín,Cerrado,3.7,32.0,True,4.0,False
PQR-202604-06170,2026-04-25,2026-04,Faltante en el pedido,Línea gratuita #590,Medellín,Cerrado,1.2,5.4,True,4.0,False
PQR-202604-06171,2026-04-15,2026-04,Camiseta personalizada pendiente,WhatsApp,Medellín,Cerrado,0.4,60.9,True,3.0,False
PQR-202604-06172,2026-04-21,2026-04,Contenido incompleto del envase,WhatsApp,Bogotá,Escalado,0.4,64.9,True,5.0,True
PQR-202604-06173,2026-04-25,2026-04,Cambio o garantía,Línea gratuita #590,Bogotá,Cerrado,2.9,21.5,True,4.0,False
PQR-202604-06174,2026-04-14,2026-04,Demora en la entrega,Tienda física,Cali,Cerrado,1.7,4.5,True,4.0,False
PQR-202604-06175,2026-04-04,2026-04,Camiseta personalizada pendiente,Línea gratuita #590,Pereira,Escalado,7.5,147.8,False,3.0,True
PQR-202604-06176,2026-04-03,2026-04,Reclamo por precio o promoción,WhatsApp,Bogotá,Cerrado,1.2,25.9,True,3.0,False
PQR-202604-06177,2026-04-09,2026-04,Evento adverso reportado,WhatsApp,Medellín,Cerrado,1.7,247.4,True,3.0,True
PQR-202604-06178,2026-04-19,2026-04,Demora en la entrega,Chat del sitio,Bogotá,Cerrado,0.4,5.4,True,4.0,False
PQR-202604-06179,2026-04-23,2026-04,Producto averiado en transporte,WhatsApp,Ibagué,Cerrado,0.1,111.9,True,3.0,False
PQR-202604-06180,2026-04-06,2026-04,Faltante en el pedido,Instagram / redes,Bogotá,Cerrado,4.3,8.6,False,4.0,False
PQR-202604-06181,2026-04-14,2026-04,Faltante en el pedido,WhatsApp,Cartagena,Cerrado,2.4,33.7,True,3.0,False
PQR-202604-06182,2026-04-05,2026-04,Evento adverso reportado,WhatsApp,Ibagué,Escalado,0.8,94.1,True,3.0,True
PQR-202604-06183,2026-04-14,2026-04,Camiseta personalizada pendiente,Chat del sitio,Bogotá,Escalado,2.8,46.9,True,4.0,True
PQR-202604-06184,2026-04-19,2026-04,Demora en la entrega,WhatsApp,Cartagena,Cerrado,0.2,61.7,True,3.0,False
PQR-202604-06185,2026-04-22,2026-04,Camiseta personalizada pendiente,Correo electrónico,Bogotá,Cerrado,8.4,88.4,False,2.0,False
PQR-202604-06186,2026-04-12,2026-04,Faltante en el pedido,WhatsApp,Bogotá,Cerrado,1.5,17.0,True,4.0,False
PQR-202604-06187,2026-04-18,2026-04,Faltante en el pedido,WhatsApp,Pereira,Cerrado,3.0,96.6,True,3.0,False
PQR-202604-06188,2026-04-11,2026-04,Demora en la entrega,Línea gratuita #590,Medellín,Cerrado,3.1,71.6,True,5.0,False
PQR-202604-06189,2026-04-24,2026-04,Producto averiado en transporte,WhatsApp,Bogotá,Cerrado,0.1,6.3,True,4.0,False
PQR-202604-06190,2026-04-01,2026-04,Producto averiado en transporte,Chat del sitio,Bogotá,Cerrado,0.8,3.6,True,5.0,False
PQR-202604-06191,2026-04-21,2026-04,Producto averiado en transporte,WhatsApp,Medellín,Cerrado,0.5,1.5,True,3.0,False
PQR-202604-06192,2026-04-06,2026-04,Demora en la entrega,Chat del sitio,Bogotá,Cerrado,2.8,9.5,True,3.0,False
PQR-202604-06193,2026-04-14,2026-04,Solicitud de factura electrónica,Correo electrónico,Barranquilla,Cerrado,6.8,26.5,False,4.0,False
PQR-202604-06194,2026-04-04,2026-04,Producto averiado en transporte,Chat del sitio,Villavicencio,Cerrado,0.4,10.5,True,4.0,False
PQR-202604-06195,2026-04-12,2026-04,Demora en la entrega,Línea gratuita #590,Medellín,Cerrado,3.9,25.3,True,3.0,False
PQR-202604-06196,2026-04-10,2026-04,Faltante en el pedido,WhatsApp,Medellín,Cerrado,1.4,9.1,True,4.0,False
PQR-202604-06197,2026-04-07,2026-04,Faltante en el pedido,Correo electrónico,Bogotá,Cerrado,7.7,38.9,False,5.0,False
PQR-202604-06198,2026-04-12,2026-04,Duda sobre uso del producto,WhatsApp,Cali,Cerrado,0.5,1.5,True,3.0,False
PQR-202604-06199,2026-04-25,2026-04,Faltante en el pedido,Correo electrónico,Bucaramanga,Cerrado,0.6,19.8,True,3.0,False
PQR-202604-06200,2026-04-26,2026-04,Cambio o garantía,WhatsApp,Cartagena,Cerrado,1.3,49.9,True,3.0,False
PQR-202604-06201,2026-04-14,2026-04,Duda sobre uso del producto,Tienda física,Cúcuta,Cerrado,0.8,2.2,True,4.0,False
PQR-202604-06202,2026-04-25,2026-04,Producto averiado en transporte,Instagram / redes,Cali,Cerrado,0.2,7.1,True,3.0,False
PQR-202604-06203,2026-04-13,2026-04,Demora en la entrega,Línea gratuita #590,Bogotá,Cerrado,0.8,21.1,True,2.0,False
PQR-202604-06204,2026-04-13,2026-04,Solicitud de factura electrónica,Chat del sitio,Barranquilla,Cerrado,0.2,25.8,True,5.0,False
PQR-202604-06205,2026-04-12,2026-04,Solicitud de factura electrónica,Línea gratuita #590,Bogotá,Cerrado,0.1,22.7,True,5.0,False
PQR-202604-06206,2026-04-03,2026-04,Producto averiado en transporte,WhatsApp,Cali,Cerrado,0.2,1.4,True,5.0,False
PQR-202604-06207,2026-04-18,2026-04,Demora en la entrega,Tienda física,Villavicencio,Cerrado,0.6,71.8,True,4.0,False
PQR-202604-06208,2026-04-24,2026-04,Faltante en el pedido,Correo electrónico,Ibagué,Cerrado,3.3,36.5,True,3.0,False
PQR-202604-06209,2026-04-07,2026-04,Camiseta personalizada pendiente,Tienda física,Cali,Cerrado,8.4,44.3,False,3.0,False
PQR-202604-06210,2026-04-11,2026-04,Reclamo por precio o promoción,Línea gratuita #590,Cartagena,Cerrado,1.0,20.1,True,4.0,False
PQR-202604-06211,2026-04-25,2026-04,Demora en la entrega,WhatsApp,Bogotá,Cerrado,0.1,31.4,True,3.0,False
PQR-202604-06212,2026-04-14,2026-04,Producto averiado en transporte,WhatsApp,Cali,Cerrado,2.3,8.3,True,4.0,False
PQR-202604-06213,2026-04-07,2026-04,Camiseta personalizada pendiente,WhatsApp,Cali,Cerrado,0.9,18.0,True,4.0,False
PQR-202604-06214,2026-04-14,2026-04,Solicitud de factura electrónica,Línea gratuita #590,Medellín,Cerrado,1.7,24.8,True,3.0,False
PQR-202604-06215,2026-04-09,2026-04,Producto averiado en transporte,Chat del sitio,Medellín,Cerrado,3.6,12.3,True,4.0,False
PQR-202604-06216,2026-04-14,2026-04,Reclamo por precio o promoción,Instagram / redes,Bogotá,Cerrado,3.5,9.4,True,4.0,False
PQR-202604-06217,2026-04-01,2026-04,Camiseta personalizada pendiente,Chat del sitio,Bogotá,Escalado,3.1,47.3,True,4.0,True
PQR-202604-06218,2026-04-11,2026-04,Producto averiado en transporte,WhatsApp,Medellín,Cerrado,2.2,19.9,True,3.0,False
PQR-202604-06219,2026-04-22,2026-04,Producto averiado en transporte,WhatsApp,Medellín,Cerrado,3.9,50.4,True,4.0,False
PQR-202604-06220,2026-04-26,2026-04,Contenido incompleto del envase,WhatsApp,Medellín,Cerrado,5.4,67.8,False,4.0,False
PQR-202604-06221,2026-04-13,2026-04,Solicitud de factura electrónica,WhatsApp,Medellín,Cerrado,0.2,14.3,True,5.0,False
PQR-202604-06222,2026-04-16,2026-04,Reclamo por precio o promoción,Línea gratuita #590,Bogotá,Cerrado,1.3,14.5,True,3.0,False
PQR-202604-06223,2026-04-17,2026-04,Reclamo por precio o promoción,WhatsApp,Bucaramanga,Cerrado,0.1,29.4,True,2.0,False
PQR-202604-06224,2026-04-25,2026-04,Faltante en el pedido,Tienda física,Barranquilla,Cerrado,5.2,23.1,False,5.0,False
PQR-202604-06225,2026-04-20,2026-04,Producto averiado en transporte,Línea gratuita #590,Cali,Cerrado,0.3,32.0,True,4.0,False
PQR-202604-06226,2026-04-03,2026-04,Producto averiado en transporte,Chat del sitio,Bogotá,Cerrado,2.0,6.2,True,4.0,False
PQR-202604-06227,2026-04-05,2026-04,Reclamo por precio o promoción,Línea gratuita #590,Barranquilla,Cerrado,0.9,4.1,True,4.0,False
PQR-202604-06228,2026-04-17,2026-04,Demora en la entrega,WhatsApp,Bogotá,Cerrado,2.1,18.5,True,4.0,False
PQR-202604-06229,2026-04-03,2026-04,Cambio o garantía,WhatsApp,Cali,Cerrado,0.6,18.0,True,3.0,False
PQR-202604-06230,2026-04-27,2026-04,Faltante en el pedido,WhatsApp,Medellín,Cerrado,1.5,79.6,True,2.0,False
PQR-202604-06231,2026-04-05,2026-04,Faltante en el pedido,WhatsApp,Medellín,Cerrado,0.7,24.0,True,2.0,False
PQR-202604-06232,2026-04-23,2026-04,Cambio o garantía,Línea gratuita #590,Bucaramanga,Cerrado,4.1,46.3,False,4.0,False
PQR-202604-06233,2026-04-11,2026-04,Camiseta personalizada pendiente,WhatsApp,Villavicencio,Escalado,1.5,32.4,True,5.0,True
PQR-202604-06234,2026-04-12,2026-04,Producto averiado en transporte,Línea gratuita #590,Bogotá,Cerrado,10.3,43.9,False,3.0,False
PQR-202604-06235,2026-04-22,2026-04,Demora en la entrega,Chat del sitio,Bucaramanga,Cerrado,0.2,12.0,True,5.0,False
PQR-202604-06236,2026-04-13,2026-04,Demora en la entrega,WhatsApp,Cali,Cerrado,0.2,1.2,True,5.0,False
PQR-202604-06237,2026-04-12,2026-04,Producto averiado en transporte,WhatsApp,Medellín,Cerrado,0.2,8.3,True,5.0,False
PQR-202604-06238,2026-04-14,2026-04,Solicitud de factura electrónica,Línea gratuita #590,Barranquilla,Cerrado,0.9,1.9,True,3.0,False
PQR-202604-06239,2026-04-07,2026-04,Demora en la entrega,Instagram / redes,Barranquilla,Cerrado,5.6,9.7,False,4.0,False
PQR-202604-06240,2026-04-01,2026-04,Demora en la entrega,WhatsApp,Santa Marta,Cerrado,1.1,40.5,True,3.0,False
PQR-202604-06241,2026-04-23,2026-04,Faltante en el pedido,WhatsApp,Cali,Cerrado,3.8,32.4,True,3.0,False
PQR-202604-06242,2026-04-20,2026-04,Solicitud de factura electrónica,Chat del sitio,Bogotá,Cerrado,0.7,8.3,True,4.0,False
PQR-202604-06243,2026-04-25,2026-04,Reclamo por precio o promoción,WhatsApp,Bogotá,Cerrado,0.7,1.7,True,5.0,False
PQR-202604-06244,2026-04-25,2026-04,Solicitud de factura electrónica,WhatsApp,Cartagena,Cerrado,0.2,3.2,True,4.0,False
PQR-202604-06245,2026-04-07,2026-04,Demora en la entrega,WhatsApp,Medellín,Cerrado,0.9,21.0,True,4.0,False
PQR-202604-06246,2026-04-19,2026-04,Solicitud de factura electrónica,WhatsApp,Cartagena,Cerrado,2.0,4.2,True,4.0,False
PQR-202604-06247,2026-04-08,2026-04,Demora en la entrega,WhatsApp,Pereira,Cerrado,2.3,6.0,True,5.0,False
PQR-202604-06248,2026-04-27,2026-04,Solicitud de factura electrónica,WhatsApp,Bogotá,Cerrado,0.2,8.9,True,4.0,False
PQR-202604-06249,2026-04-15,2026-04,Producto averiado en transporte,Línea gratuita #590,Bogotá,Cerrado,2.9,37.0,True,4.0,False
PQR-202604-06250,2026-04-01,2026-04,Contenido incompleto del envase,Línea gratuita #590,Medellín,Escalado,0.3,19.2,True,3.0,True
PQR-202604-06251,2026-04-10,2026-04,Faltante en el pedido,Chat del sitio,Bogotá,Cerrado,0.3,25.7,True,3.0,False
PQR-202604-06252,2026-04-16,2026-04,Producto averiado en transporte,Correo electrónico,Bogotá,Cerrado,6.8,9.9,False,5.0,False
PQR-202604-06253,2026-04-06,2026-04,Reclamo por precio o promoción,Línea gratuita #590,Bogotá,Cerrado,3.4,52.7,True,4.0,False
PQR-202604-06254,2026-04-12,2026-04,Solicitud de factura electrónica,Línea gratuita #590,Cali,Cerrado,0.2,12.8,True,5.0,False
PQR-202604-06255,2026-04-24,2026-04,Demora en la entrega,WhatsApp,Cali,Cerrado,0.4,55.3,True,4.0,False
PQR-202604-06256,2026-04-11,2026-04,Demora en la entrega,WhatsApp,Bogotá,Cerrado,1.3,11.6,True,3.0,False
PQR-202604-06257,2026-04-12,2026-04,Demora en la entrega,WhatsApp,Cali,Cerrado,1.0,40.2,True,4.0,False
PQR-202604-06258,2026-04-17,2026-04,Demora en la entrega,Instagram / redes,Bogotá,Cerrado,0.1,35.7,True,3.0,False
PQR-202604-06259,2026-04-10,2026-04,Reclamo por precio o promoción,Correo electrónico,Ibagué,Cerrado,14.2,47.1,False,3.0,False
PQR-202604-06260,2026-04-24,2026-04,Camiseta personalizada pendiente,WhatsApp,Cali,Cerrado,2.4,13.0,True,3.0,False
PQR-202604-06261,2026-04-03,2026-04,Camiseta personalizada pendiente,Línea gratuita #590,Bucaramanga,Cerrado,2.4,54.4,True,4.0,False
PQR-202604-06262,2026-04-05,2026-04,Contenido incompleto del envase,WhatsApp,Pereira,Escalado,0.4,10.4,True,3.0,True
PQR-202604-06263,2026-04-14,2026-04,Producto averiado en transporte,WhatsApp,Cartagena,Cerrado,0.4,65.2,True,3.0,False
PQR-202604-06264,2026-04-14,2026-04,Faltante en el pedido,WhatsApp,Ibagué,Cerrado,2.4,6.6,True,2.0,False
PQR-202604-06265,2026-04-07,2026-04,Producto averiado en transporte,Chat del sitio,Bogotá,Cerrado,1.2,5.2,True,4.0,False
PQR-202604-06266,2026-04-03,2026-04,Producto averiado en transporte,WhatsApp,Manizales,Cerrado,0.4,20.9,True,3.0,False
PQR-202604-06267,2026-04-10,2026-04,Demora en la entrega,Tienda física,Bogotá,Cerrado,1.7,11.0,True,4.0,False
PQR-202604-06268,2026-04-25,2026-04,Demora en la entrega,WhatsApp,Bogotá,Cerrado,0.1,25.6,True,4.0,False
PQR-202604-06269,2026-04-23,2026-04,Reclamo por precio o promoción,Línea gratuita #590,Medellín,Cerrado,0.4,49.7,True,4.0,False
PQR-202604-06270,2026-04-18,2026-04,Faltante en el pedido,WhatsApp,Cartagena,Cerrado,0.3,13.3,True,4.0,False
PQR-202604-06271,2026-04-22,2026-04,Demora en la entrega,Línea gratuita #590,Cartagena,Cerrado,1.7,3.2,True,4.0,False
PQR-202604-06272,2026-04-12,2026-04,Demora en la entrega,WhatsApp,Bogotá,Cerrado,0.2,82.7,True,2.0,False
PQR-202604-06273,2026-04-04,2026-04,Camiseta personalizada pendiente,Línea gratuita #590,Villavicencio,Cerrado,7.9,64.1,False,3.0,False
PQR-202604-06274,2026-04-20,2026-04,Cambio o garantía,Instagram / redes,Bogotá,Cerrado,8.4,43.6,False,4.0,False
PQR-202604-06275,2026-04-23,2026-04,Camiseta personalizada pendiente,WhatsApp,Bogotá,Escalado,0.3,33.6,True,4.0,True
PQR-202604-06276,2026-04-22,2026-04,Solicitud de factura electrónica,Chat del sitio,Barranquilla,Cerrado,1.4,2.4,True,4.0,False
PQR-202604-06277,2026-04-06,2026-04,Demora en la entrega,Línea gratuita #590,Medellín,Cerrado,0.3,11.3,True,3.0,False
PQR-202604-06278,2026-04-24,2026-04,Demora en la entrega,WhatsApp,Cúcuta,Cerrado,0.1,34.7,True,4.0,False
PQR-202604-06279,2026-04-10,2026-04,Duda sobre uso del producto,WhatsApp,Bogotá,Cerrado,1.3,17.5,True,4.0,False
PQR-202604-06280,2026-04-09,2026-04,Reclamo por precio o promoción,Línea gratuita #590,Bogotá,Cerrado,1.8,6.9,True,4.0,False
PQR-202604-06281,2026-04-14,2026-04,Contenido incompleto del envase,Instagram / redes,Bogotá,Cerrado,13.4,39.3,False,3.0,False
PQR-202604-06282,2026-04-24,2026-04,Duda sobre uso del producto,WhatsApp,Bucaramanga,Cerrado,0.4,1.4,True,3.0,False
PQR-202604-06283,2026-04-07,2026-04,Camiseta personalizada pendiente,WhatsApp,Barranquilla,Cerrado,1.8,92.1,True,3.0,False
PQR-202604-06284,2026-04-03,2026-04,Faltante en el pedido,Chat del sitio,Barranquilla,Cerrado,0.9,6.3,True,4.0,False
PQR-202604-06285,2026-04-15,2026-04,Solicitud de factura electrónica,Línea gratuita #590,Cartagena,Cerrado,1.4,2.4,True,5.0,False
PQR-202604-06286,2026-04-24,2026-04,Reclamo por precio o promoción,Instagram / redes,Bogotá,Cerrado,0.9,26.6,True,4.0,False
PQR-202604-06287,2026-04-16,2026-04,Duda sobre uso del producto,Tienda física,Medellín,Cerrado,0.2,2.0,True,4.0,False
PQR-202604-06288,2026-04-16,2026-04,Camiseta personalizada pendiente,WhatsApp,Bucaramanga,Cerrado,2.7,12.2,True,3.0,False
PQR-202604-06289,2026-04-18,2026-04,Evento adverso reportado,WhatsApp,Pereira,Escalado,0.5,33.8,True,4.0,True
PQR-202604-06290,2026-04-03,2026-04,Contenido incompleto del envase,Correo electrónico,Bogotá,Cerrado,19.8,85.6,False,3.0,False
PQR-202604-06291,2026-04-11,2026-04,Faltante en el pedido,Chat del sitio,Medellín,Cerrado,0.3,32.2,True,4.0,False
PQR-202604-06292,2026-04-10,2026-04,Duda sobre uso del producto,WhatsApp,Bogotá,Cerrado,0.2,25.0,True,3.0,False
PQR-202604-06293,2026-04-08,2026-04,Demora en la entrega,WhatsApp,Bogotá,Cerrado,0.1,26.6,True,3.0,False
PQR-202604-06294,2026-04-05,2026-04,Demora en la entrega,Línea gratuita #590,Medellín,Cerrado,0.3,14.3,True,4.0,False
PQR-202604-06295,2026-04-25,2026-04,Demora en la entrega,Chat del sitio,Barranquilla,Cerrado,0.4,70.9,True,3.0,False
PQR-202604-06296,2026-04-19,2026-04,Demora en la entrega,WhatsApp,Barranquilla,Cerrado,4.8,24.3,False,3.0,False
PQR-202604-06297,2026-04-05,2026-04,Demora en la entrega,WhatsApp,Cali,Cerrado,1.0,2.0,True,3.0,False
PQR-202604-06298,2026-04-26,2026-04,Producto averiado en transporte,Línea gratuita #590,Bogotá,Cerrado,0.1,61.4,True,1.0,False
PQR-202604-06299,2026-04-17,2026-04,Cambio o garantía,WhatsApp,Ibagué,Cerrado,3.4,89.0,True,3.0,False
PQR-202604-06300,2026-04-17,2026-04,Contenido incompleto del envase,Correo electrónico,Bucaramanga,Cerrado,22.4,121.0,False,4.0,False
PQR-202604-06301,2026-04-03,2026-04,Faltante en el pedido,Tienda física,Bogotá,Cerrado,1.2,35.8,True,3.0,False
PQR-202604-06302,2026-04-18,2026-04,Duda sobre uso del producto,Instagram / redes,Villavicencio,Cerrado,0.9,21.3,True,5.0,False
PQR-202604-06303,2026-04-19,2026-04,Contenido incompleto del envase,Chat del sitio,Bogotá,Cerrado,1.2,21.9,True,5.0,False
PQR-202604-06304,2026-04-16,2026-04,Reclamo por precio o promoción,Línea gratuita #590,Bogotá,Cerrado,0.1,1.1,True,5.0,False
PQR-202604-06305,2026-04-08,2026-04,Contenido incompleto del envase,Chat del sitio,Manizales,Cerrado,0.3,55.7,True,3.0,False
PQR-202604-06306,2026-04-24,2026-04,Producto averiado en transporte,WhatsApp,Bogotá,Cerrado,2.2,8.1,True,3.0,False
PQR-202604-06307,2026-04-03,2026-04,Producto averiado en transporte,Línea gratuita #590,Bogotá,Cerrado,2.3,10.4,True,4.0,False
PQR-202604-06308,2026-04-25,2026-04,Camiseta personalizada pendiente,WhatsApp,Bogotá,Cerrado,4.2,101.0,False,4.0,False
PQR-202604-06309,2026-04-09,2026-04,Contenido incompleto del envase,Chat del sitio,Bogotá,Escalado,7.7,86.9,False,3.0,True
PQR-202604-06310,2026-04-19,2026-04,Faltante en el pedido,WhatsApp,Bogotá,Cerrado,1.0,58.3,True,3.0,False
PQR-202604-06311,2026-04-13,2026-04,Demora en la entrega,Instagram / redes,Bogotá,Cerrado,7.9,58.8,False,4.0,False
PQR-202604-06312,2026-04-25,2026-04,Cambio o garantía,Tienda física,Bogotá,Cerrado,2.9,60.3,True,5.0,False
PQR-202604-06313,2026-04-19,2026-04,Faltante en el pedido,WhatsApp,Manizales,Cerrado,0.1,60.6,True,4.0,False
PQR-202604-06314,2026-04-21,2026-04,Producto averiado en transporte,WhatsApp,Bogotá,Cerrado,0.4,79.9,True,3.0,False
PQR-202604-06315,2026-04-05,2026-04,Producto averiado en transporte,Línea gratuita #590,Medellín,Cerrado,2.7,38.0,True,2.0,False
PQR-202604-06316,2026-04-08,2026-04,Producto averiado en transporte,WhatsApp,Pereira,Cerrado,0.4,29.8,True,5.0,False
PQR-202604-06317,2026-04-12,2026-04,Reclamo por precio o promoción,WhatsApp,Cúcuta,Cerrado,3.2,25.0,True,2.0,False
PQR-202604-06318,2026-04-26,2026-04,Demora en la entrega,WhatsApp,Bogotá,Cerrado,0.2,43.9,True,3.0,False
PQR-202604-06319,2026-04-17,2026-04,Contenido incompleto del envase,WhatsApp,Barranquilla,Cerrado,2.7,10.5,True,4.0,False
PQR-202604-06320,2026-04-18,2026-04,Camiseta personalizada pendiente,Chat del sitio,Cali,Escalado,3.2,6.6,True,3.0,True
PQR-202604-06321,2026-04-08,2026-04,Reclamo por precio o promoción,Tienda física,Bogotá,Cerrado,2.8,11.5,True,3.0,False
PQR-202604-06322,2026-04-08,2026-04,Contenido incompleto del envase,WhatsApp,Cali,Escalado,0.1,1.9,True,3.0,True
PQR-202604-06323,2026-04-06,2026-04,Reclamo por precio o promoción,WhatsApp,Ibagué,Cerrado,0.2,36.1,True,4.0,False
PQR-202604-06324,2026-04-21,2026-04,Demora en la entrega,Línea gratuita #590,Armenia,Cerrado,5.4,6.4,False,4.0,False
PQR-202604-06325,2026-04-02,2026-04,Producto averiado en transporte,Tienda física,Bogotá,Cerrado,2.2,12.2,True,3.0,False
PQR-202604-06326,2026-04-20,2026-04,Contenido incompleto del envase,WhatsApp,Pereira,Cerrado,1.1,99.9,True,5.0,False
PQR-202604-06327,2026-04-06,2026-04,Demora en la entrega,Línea gratuita #590,Barranquilla,Cerrado,0.7,24.7,True,3.0,False
PQR-202604-06328,2026-04-15,2026-04,Cambio o garantía,Correo electrónico,Medellín,Cerrado,51.9,131.1,False,4.0,False
PQR-202604-06329,2026-04-01,2026-04,Demora en la entrega,Línea gratuita #590,Cúcuta,Cerrado,0.1,1.1,True,3.0,False
PQR-202604-06330,2026-04-15,2026-04,Demora en la entrega,Chat del sitio,Bucaramanga,Cerrado,0.7,15.9,True,4.0,False
PQR-202604-06331,2026-04-05,2026-04,Contenido incompleto del envase,Chat del sitio,Medellín,Cerrado,7.7,142.8,False,2.0,False
PQR-202604-06332,2026-04-08,2026-04,Contenido incompleto del envase,Instagram / redes,Cartagena,Cerrado,0.3,105.5,True,3.0,False
PQR-202604-06333,2026-04-08,2026-04,Demora en la entrega,Instagram / redes,Ibagué,Cerrado,10.6,22.8,False,3.0,False
PQR-202604-06334,2026-04-17,2026-04,Cambio o garantía,Instagram / redes,Cali,Cerrado,2.9,28.3,True,4.0,False
PQR-202604-06335,2026-04-21,2026-04,Demora en la entrega,Chat del sitio,Bogotá,Cerrado,0.9,7.1,True,3.0,False
PQR-202604-06336,2026-04-09,2026-04,Demora en la entrega,WhatsApp,Bogotá,Cerrado,2.8,40.2,True,3.0,False
PQR-202604-06337,2026-04-10,2026-04,Faltante en el pedido,WhatsApp,Barranquilla,Cerrado,1.1,3.5,True,3.0,False
PQR-202604-06338,2026-04-18,2026-04,Faltante en el pedido,WhatsApp,Medellín,Cerrado,1.8,25.1,True,4.0,False
PQR-202604-06339,2026-04-07,2026-04,Faltante en el pedido,Línea gratuita #590,Bogotá,Cerrado,0.1,38.1,True,2.0,False
PQR-202604-06340,2026-04-08,2026-04,Demora en la entrega,WhatsApp,Bogotá,Cerrado,2.0,12.7,True,4.0,False
PQR-202604-06341,2026-04-06,2026-04,Faltante en el pedido,Chat del sitio,Bogotá,Cerrado,2.6,9.8,True,4.0,False
PQR-202604-06342,2026-04-06,2026-04,Faltante en el pedido,WhatsApp,Medellín,Cerrado,0.3,5.0,True,4.0,False
PQR-202604-06343,2026-04-18,2026-04,Demora en la entrega,WhatsApp,Cali,Cerrado,0.5,2.8,True,4.0,False
PQR-202604-06344,2026-04-27,2026-04,Faltante en el pedido,Correo electrónico,Bogotá,Cerrado,4.7,55.4,False,5.0,False
PQR-202604-06345,2026-04-13,2026-04,Demora en la entrega,WhatsApp,Bogotá,Cerrado,0.8,21.4,True,4.0,False
PQR-202604-06346,2026-04-25,2026-04,Demora en la entrega,Tienda física,Medellín,Cerrado,1.9,11.0,True,4.0,False
PQR-202604-06347,2026-04-27,2026-04,Camiseta personalizada pendiente,Chat del sitio,Cali,Cerrado,1.9,23.4,True,3.0,False
PQR-202604-06348,2026-04-21,2026-04,Reclamo por precio o promoción,Chat del sitio,Bogotá,Cerrado,1.8,23.0,True,3.0,False
PQR-202604-06349,2026-04-03,2026-04,Solicitud de factura electrónica,WhatsApp,Bogotá,Cerrado,0.1,5.3,True,4.0,False
PQR-202604-06350,2026-04-10,2026-04,Camiseta personalizada pendiente,Línea gratuita #590,Barranquilla,Cerrado,3.8,46.4,True,4.0,False
PQR-202604-06351,2026-04-04,2026-04,Demora en la entrega,Línea gratuita #590,Santa Marta,Cerrado,1.4,11.4,True,3.0,False
PQR-202604-06352,2026-04-12,2026-04,Demora en la entrega,Línea gratuita #590,Bogotá,Cerrado,1.7,7.0,True,3.0,False
PQR-202604-06353,2026-04-14,2026-04,Faltante en el pedido,Chat del sitio,Ibagué,Cerrado,1.4,33.1,True,3.0,False
PQR-202604-06354,2026-04-06,2026-04,Demora en la entrega,Chat del sitio,Bogotá,Cerrado,4.5,10.3,False,3.0,False
PQR-202604-06355,2026-04-06,2026-04,Demora en la entrega,Instagram / redes,Medellín,Cerrado,3.8,18.9,True,4.0,False
PQR-202604-06356,2026-04-17,2026-04,Evento adverso reportado,Chat del sitio,Bogotá,Escalado,10.9,113.7,False,2.0,True
PQR-202604-06357,2026-04-25,2026-04,Contenido incompleto del envase,Chat del sitio,Bogotá,Cerrado,13.9,31.0,False,5.0,False
PQR-202604-06358,2026-04-03,2026-04,Duda sobre uso del producto,Tienda física,Villavicencio,Cerrado,0.3,7.7,True,5.0,False
PQR-202604-06359,2026-04-05,2026-04,Faltante en el pedido,Chat del sitio,Bogotá,Cerrado,0.8,18.1,True,4.0,False
PQR-202604-06360,2026-04-21,2026-04,Duda sobre uso del producto,WhatsApp,Cali,Cerrado,0.5,2.2,True,3.0,False
PQR-202604-06361,2026-04-22,2026-04,Producto averiado en transporte,WhatsApp,Bogotá,Cerrado,0.5,4.8,True,5.0,False
PQR-202604-06362,2026-04-03,2026-04,Solicitud de factura electrónica,WhatsApp,Villavicencio,Cerrado,0.6,18.8,True,3.0,False
PQR-202604-06363,2026-04-08,2026-04,Producto averiado en transporte,WhatsApp,Barranquilla,Cerrado,0.8,13.8,True,4.0,False
PQR-202604-06364,2026-04-08,2026-04,Solicitud de factura electrónica,WhatsApp,Manizales,Cerrado,1.8,10.6,True,3.0,False
PQR-202604-06365,2026-04-05,2026-04,Cambio o garantía,Línea gratuita #590,Cali,Cerrado,0.8,15.4,True,3.0,False
PQR-202604-06366,2026-04-04,2026-04,Camiseta personalizada pendiente,Chat del sitio,Medellín,Cerrado,1.6,20.7,True,2.0,False
PQR-202604-06367,2026-04-11,2026-04,Demora en la entrega,Línea gratuita #590,Bogotá,Cerrado,0.8,10.8,True,4.0,False
PQR-202604-06368,2026-04-07,2026-04,Producto averiado en transporte,Tienda física,Bogotá,Cerrado,6.9,39.9,False,4.0,False
PQR-202604-06369,2026-04-19,2026-04,Demora en la entrega,WhatsApp,Medellín,Cerrado,0.1,47.3,True,4.0,False
PQR-202604-06370,2026-04-15,2026-04,Contenido incompleto del envase,WhatsApp,Bogotá,Cerrado,7.1,18.5,False,3.0,False
PQR-202604-06371,2026-04-22,2026-04,Faltante en el pedido,WhatsApp,Cali,Cerrado,4.6,9.4,False,2.0,False
PQR-202604-06372,2026-04-05,2026-04,Contenido incompleto del envase,Línea gratuita #590,Bogotá,Escalado,2.9,50.4,True,4.0,True
PQR-202604-06373,2026-04-03,2026-04,Cambio o garantía,WhatsApp,Bogotá,Cerrado,1.5,5.4,True,3.0,False
PQR-202604-06374,2026-04-23,2026-04,Demora en la entrega,WhatsApp,Manizales,Cerrado,3.2,8.7,True,4.0,False
PQR-202604-06375,2026-04-02,2026-04,Cambio o garantía,Instagram / redes,Bogotá,Cerrado,11.1,28.1,False,5.0,False
PQR-202604-06376,2026-04-16,2026-04,Duda sobre uso del producto,Tienda física,Bogotá,Cerrado,0.5,7.6,True,4.0,False
PQR-202604-06377,2026-04-24,2026-04,Demora en la entrega,WhatsApp,Bogotá,Cerrado,0.5,38.2,True,3.0,False
PQR-202604-06378,2026-04-09,2026-04,Faltante en el pedido,Chat del sitio,Pereira,Cerrado,3.8,28.2,True,3.0,False
PQR-202604-06379,2026-04-04,2026-04,Contenido incompleto del envase,Chat del sitio,Bogotá,Escalado,0.1,41.1,True,2.0,True
PQR-202604-06380,2026-04-26,2026-04,Producto averiado en transporte,WhatsApp,Cartagena,Cerrado,1.7,14.5,True,4.0,False
PQR-202604-06381,2026-04-19,2026-04,Reclamo por precio o promoción,Línea gratuita #590,Medellín,Cerrado,0.4,29.3,True,3.0,False
PQR-202604-06382,2026-04-21,2026-04,Contenido incompleto del envase,WhatsApp,Medellín,Cerrado,4.9,16.8,False,5.0,False
PQR-202604-06383,2026-04-19,2026-04,Faltante en el pedido,Instagram / redes,Bogotá,Cerrado,11.3,43.3,False,2.0,False
PQR-202604-06384,2026-04-23,2026-04,Producto averiado en transporte,Línea gratuita #590,Cali,Cerrado,1.3,20.2,True,5.0,False
PQR-202604-06385,2026-04-11,2026-04,Reclamo por precio o promoción,Chat del sitio,Cali,Cerrado,0.4,1.4,True,3.0,False
PQR-202604-06386,2026-04-24,2026-04,Producto averiado en transporte,WhatsApp,Medellín,Cerrado,3.5,22.4,True,4.0,False
PQR-202604-06387,2026-04-09,2026-04,Faltante en el pedido,WhatsApp,Bogotá,Cerrado,1.5,5.0,True,3.0,False
PQR-202604-06388,2026-04-02,2026-04,Camiseta personalizada pendiente,Tienda física,Medellín,Escalado,9.5,108.1,False,3.0,True
PQR-202604-06389,2026-04-27,2026-04,Demora en la entrega,WhatsApp,Barranquilla,Cerrado,0.3,9.6,True,5.0,False
PQR-202604-06390,2026-04-14,2026-04,Solicitud de factura electrónica,WhatsApp,Barranquilla,Cerrado,0.7,12.0,True,4.0,False
PQR-202605-06391,2026-05-02,2026-05,Faltante en el pedido,Tienda física,Bucaramanga,Cerrado,11.0,14.1,False,5.0,False
PQR-202605-06392,2026-05-05,2026-05,Demora en la entrega,WhatsApp,Cali,Cerrado,1.5,9.7,True,4.0,False
PQR-202605-06393,2026-05-22,2026-05,Producto averiado en transporte,WhatsApp,Bucaramanga,Cerrado,0.3,159.2,True,3.0,False
PQR-202605-06394,2026-05-09,2026-05,Duda sobre uso del producto,WhatsApp,Pasto,Cerrado,0.3,6.3,True,3.0,False
PQR-202605-06395,2026-05-22,2026-05,Solicitud de factura electrónica,WhatsApp,Cali,Cerrado,0.1,1.7,True,4.0,False
PQR-202605-06396,2026-05-15,2026-05,Reclamo por precio o promoción,WhatsApp,Bucaramanga,Cerrado,0.5,51.4,True,4.0,False
PQR-202605-06397,2026-05-24,2026-05,Demora en la entrega,WhatsApp,Pereira,Cerrado,0.2,45.0,True,3.0,False
PQR-202605-06398,2026-05-04,2026-05,Faltante en el pedido,WhatsApp,Bogotá,Cerrado,1.4,11.8,True,5.0,False
PQR-202605-06399,2026-05-16,2026-05,Contenido incompleto del envase,WhatsApp,Cali,Escalado,0.1,52.1,True,3.0,True
PQR-202605-06400,2026-05-13,2026-05,Contenido incompleto del envase,Chat del sitio,Cali,Cerrado,1.7,12.0,True,4.0,False
PQR-202605-06401,2026-05-19,2026-05,Faltante en el pedido,Línea gratuita #590,Cali,Cerrado,1.5,3.3,True,5.0,False
PQR-202605-06402,2026-05-22,2026-05,Faltante en el pedido,Línea gratuita #590,Bogotá,Cerrado,2.5,21.6,True,5.0,False
PQR-202605-06403,2026-05-08,2026-05,Contenido incompleto del envase,WhatsApp,Bogotá,Escalado,0.2,80.9,True,2.0,True
PQR-202605-06404,2026-05-02,2026-05,Faltante en el pedido,Línea gratuita #590,Bogotá,Cerrado,0.5,1.5,True,3.0,False
PQR-202605-06405,2026-05-05,2026-05,Camiseta personalizada pendiente,Instagram / redes,Bucaramanga,Escalado,15.0,18.5,False,4.0,True
PQR-202605-06406,2026-05-06,2026-05,Cambio o garantía,WhatsApp,Pasto,Cerrado,3.1,47.3,True,3.0,False
PQR-202605-06407,2026-05-09,2026-05,Producto averiado en transporte,WhatsApp,Cartagena,Cerrado,0.7,31.1,True,4.0,False
PQR-202605-06408,2026-05-27,2026-05,Faltante en el pedido,WhatsApp,Medellín,Cerrado,3.4,37.0,True,5.0,False
PQR-202605-06409,2026-05-17,2026-05,Cambio o garantía,WhatsApp,Cali,Cerrado,1.4,33.8,True,4.0,False
PQR-202605-06410,2026-05-11,2026-05,Duda sobre uso del producto,Correo electrónico,Barranquilla,Cerrado,4.8,17.7,False,4.0,False
PQR-202605-06411,2026-05-03,2026-05,Camiseta personalizada pendiente,Instagram / redes,Cali,Escalado,7.0,30.9,False,3.0,True
PQR-202605-06412,2026-05-27,2026-05,Solicitud de factura electrónica,Instagram / redes,Villavicencio,Cerrado,1.2,10.6,True,5.0,False
PQR-202605-06413,2026-05-18,2026-05,Producto averiado en transporte,Correo electrónico,Cali,Cerrado,15.5,53.2,False,5.0,False
PQR-202605-06414,2026-05-10,2026-05,Duda sobre uso del producto,WhatsApp,Pereira,Cerrado,0.5,2.0,True,4.0,False
PQR-202605-06415,2026-05-07,2026-05,Demora en la entrega,WhatsApp,Bogotá,Cerrado,1.4,93.1,True,2.0,False
PQR-202605-06416,2026-05-14,2026-05,Evento adverso reportado,Línea gratuita #590,Medellín,Escalado,4.2,178.2,False,1.0,True
PQR-202605-06417,2026-05-16,2026-05,Duda sobre uso del producto,Instagram / redes,Cali,Cerrado,1.3,4.4,True,4.0,False
PQR-202605-06418,2026-05-22,2026-05,Demora en la entrega,WhatsApp,Bogotá,Cerrado,0.4,33.2,True,3.0,False
PQR-202605-06419,2026-05-09,2026-05,Reclamo por precio o promoción,Instagram / redes,Santa Marta,Cerrado,7.1,12.2,False,2.0,False
PQR-202605-06420,2026-05-01,2026-05,Faltante en el pedido,Línea gratuita #590,Bogotá,Cerrado,1.0,9.1,True,2.0,False
PQR-202605-06421,2026-05-21,2026-05,Solicitud de factura electrónica,Tienda física,Bogotá,Cerrado,0.7,11.4,True,4.0,False
PQR-202605-06422,2026-05-09,2026-05,Cambio o garantía,Chat del sitio,Bogotá,Cerrado,2.0,31.2,True,4.0,False
PQR-202605-06423,2026-05-20,2026-05,Contenido incompleto del envase,WhatsApp,Bogotá,Cerrado,0.3,33.4,True,4.0,False
PQR-202605-06424,2026-05-21,2026-05,Faltante en el pedido,WhatsApp,Neiva,Cerrado,0.9,37.8,True,2.0,False
PQR-202605-06425,2026-05-07,2026-05,Solicitud de factura electrónica,Tienda física,Armenia,Cerrado,0.3,7.9,True,2.0,False
PQR-202605-06426,2026-05-04,2026-05,Duda sobre uso del producto,Chat del sitio,Medellín,Cerrado,0.8,14.0,True,4.0,False
PQR-202605-06427,2026-05-16,2026-05,Faltante en el pedido,WhatsApp,Bogotá,Cerrado,3.5,12.2,True,5.0,False
PQR-202605-06428,2026-05-18,2026-05,Faltante en el pedido,WhatsApp,Barranquilla,Cerrado,0.1,8.8,True,4.0,False
PQR-202605-06429,2026-05-25,2026-05,Demora en la entrega,WhatsApp,Bogotá,Cerrado,1.9,36.1,True,5.0,False
PQR-202605-06430,2026-05-04,2026-05,Camiseta personalizada pendiente,WhatsApp,Medellín,Cerrado,3.4,43.0,True,4.0,False
PQR-202605-06431,2026-05-18,2026-05,Demora en la entrega,WhatsApp,Medellín,Cerrado,0.5,103.6,True,3.0,False
PQR-202605-06432,2026-05-08,2026-05,Reclamo por precio o promoción,Tienda física,Barranquilla,Cerrado,1.5,3.7,True,5.0,False
PQR-202605-06433,2026-05-22,2026-05,Demora en la entrega,WhatsApp,Ibagué,Cerrado,2.0,145.4,True,2.0,False
PQR-202605-06434,2026-05-09,2026-05,Demora en la entrega,Línea gratuita #590,Cartagena,Cerrado,2.1,33.9,True,4.0,False
PQR-202605-06435,2026-05-18,2026-05,Faltante en el pedido,WhatsApp,Medellín,Cerrado,1.3,18.1,True,4.0,False
PQR-202605-06436,2026-05-08,2026-05,Camiseta personalizada pendiente,Correo electrónico,Bogotá,Cerrado,5.6,43.6,False,4.0,False
PQR-202605-06437,2026-05-09,2026-05,Demora en la entrega,WhatsApp,Bogotá,Cerrado,0.6,15.9,True,4.0,False
PQR-202605-06438,2026-05-16,2026-05,Producto averiado en transporte,Instagram / redes,Bogotá,Cerrado,1.0,2.0,True,3.0,False
PQR-202605-06439,2026-05-11,2026-05,Contenido incompleto del envase,WhatsApp,Ibagué,Cerrado,0.1,13.6,True,4.0,False
PQR-202605-06440,2026-05-11,2026-05,Producto averiado en transporte,Chat del sitio,Medellín,Cerrado,0.7,1.8,True,4.0,False
PQR-202605-06441,2026-05-22,2026-05,Contenido incompleto del envase,Chat del sitio,Neiva,Escalado,5.2,39.1,False,4.0,True
PQR-202605-06442,2026-05-07,2026-05,Cambio o garantía,WhatsApp,Barranquilla,Cerrado,1.4,30.8,True,4.0,False
PQR-202605-06443,2026-05-25,2026-05,Demora en la entrega,Tienda física,Bogotá,Cerrado,5.1,18.9,False,4.0,False
PQR-202605-06444,2026-05-01,2026-05,Evento adverso reportado,Chat del sitio,Ibagué,Escalado,7.9,9.0,False,3.0,True
PQR-202605-06445,2026-05-23,2026-05,Evento adverso reportado,WhatsApp,Bogotá,Escalado,4.1,73.3,False,4.0,True
PQR-202605-06446,2026-05-24,2026-05,Cambio o garantía,Instagram / redes,Ibagué,Cerrado,0.5,11.2,True,3.0,False
PQR-202605-06447,2026-05-01,2026-05,Solicitud de factura electrónica,WhatsApp,Cúcuta,Cerrado,0.1,5.6,True,3.0,False
PQR-202605-06448,2026-05-21,2026-05,Demora en la entrega,Instagram / redes,Medellín,Cerrado,3.9,21.8,True,4.0,False
PQR-202605-06449,2026-05-23,2026-05,Faltante en el pedido,WhatsApp,Bogotá,Cerrado,0.7,29.3,True,3.0,False
PQR-202605-06450,2026-05-26,2026-05,Duda sobre uso del producto,Línea gratuita #590,Cali,Cerrado,0.8,19.5,True,3.0,False
PQR-202605-06451,2026-05-11,2026-05,Faltante en el pedido,WhatsApp,Medellín,Cerrado,0.3,21.2,True,4.0,False
PQR-202605-06452,2026-05-23,2026-05,Evento adverso reportado,Chat del sitio,Medellín,Cerrado,15.4,109.8,False,2.0,True
PQR-202605-06453,2026-05-27,2026-05,Contenido incompleto del envase,Tienda física,Neiva,Cerrado,10.1,13.1,False,3.0,False
PQR-202605-06454,2026-05-10,2026-05,Camiseta personalizada pendiente,WhatsApp,Bogotá,Cerrado,4.6,6.9,False,4.0,False
PQR-202605-06455,2026-05-11,2026-05,Faltante en el pedido,Tienda física,Medellín,Cerrado,9.3,39.2,False,4.0,False
PQR-202605-06456,2026-05-15,2026-05,Demora en la entrega,WhatsApp,Cali,Cerrado,0.2,27.5,True,4.0,False
PQR-202605-06457,2026-05-15,2026-05,Demora en la entrega,WhatsApp,Bogotá,Cerrado,0.1,21.0,True,5.0,False
PQR-202605-06458,2026-05-21,2026-05,Demora en la entrega,WhatsApp,Bucaramanga,Cerrado,0.6,1.6,True,4.0,False
PQR-202605-06459,2026-05-21,2026-05,Solicitud de factura electrónica,Línea gratuita #590,Cali,Cerrado,1.5,40.6,True,5.0,False
PQR-202605-06460,2026-05-17,2026-05,Duda sobre uso del producto,WhatsApp,Medellín,Cerrado,0.2,4.0,True,5.0,False
PQR-202605-06461,2026-05-21,2026-05,Camiseta personalizada pendiente,Correo electrónico,Medellín,Escalado,27.2,75.7,False,3.0,True
PQR-202605-06462,2026-05-19,2026-05,Faltante en el pedido,WhatsApp,Cali,Cerrado,2.1,11.4,True,4.0,False
PQR-202605-06463,2026-05-11,2026-05,Contenido incompleto del envase,WhatsApp,Medellín,Cerrado,4.7,10.1,False,4.0,False
PQR-202605-06464,2026-05-04,2026-05,Cambio o garantía,WhatsApp,Bogotá,Cerrado,1.4,120.9,True,2.0,False
PQR-202605-06465,2026-05-18,2026-05,Contenido incompleto del envase,WhatsApp,Cali,Cerrado,1.7,123.7,True,2.0,False
PQR-202605-06466,2026-05-13,2026-05,Contenido incompleto del envase,Correo electrónico,Cúcuta,Escalado,11.1,55.3,False,3.0,True
PQR-202605-06467,2026-05-08,2026-05,Producto averiado en transporte,Línea gratuita #590,Cali,Cerrado,1.9,69.5,True,4.0,False
PQR-202605-06468,2026-05-27,2026-05,Faltante en el pedido,Línea gratuita #590,Barranquilla,Cerrado,5.1,75.6,False,2.0,False
PQR-202605-06469,2026-05-05,2026-05,Demora en la entrega,WhatsApp,Cartagena,Cerrado,0.7,12.9,True,4.0,False
PQR-202605-06470,2026-05-19,2026-05,Cambio o garantía,Chat del sitio,Barranquilla,Cerrado,7.7,33.6,False,3.0,False
PQR-202605-06471,2026-05-23,2026-05,Contenido incompleto del envase,WhatsApp,Pereira,Escalado,0.7,48.9,True,4.0,True
PQR-202605-06472,2026-05-04,2026-05,Camiseta personalizada pendiente,Instagram / redes,Medellín,Escalado,5.4,142.6,False,2.0,True
PQR-202605-06473,2026-05-27,2026-05,Contenido incompleto del envase,WhatsApp,Bogotá,Cerrado,0.1,31.8,True,5.0,False
PQR-202605-06474,2026-05-20,2026-05,Producto averiado en transporte,WhatsApp,Cali,Cerrado,1.7,54.1,True,5.0,False
PQR-202605-06475,2026-05-22,2026-05,Camiseta personalizada pendiente,WhatsApp,Bogotá,Cerrado,1.4,3.8,True,3.0,False
PQR-202605-06476,2026-05-15,2026-05,Contenido incompleto del envase,WhatsApp,Ibagué,Escalado,0.7,62.4,True,3.0,True
PQR-202605-06477,2026-05-19,2026-05,Evento adverso reportado,Línea gratuita #590,Cúcuta,Cerrado,12.5,34.3,False,4.0,True
PQR-202605-06478,2026-05-17,2026-05,Cambio o garantía,Línea gratuita #590,Cali,Cerrado,3.8,65.0,True,4.0,False
PQR-202605-06479,2026-05-02,2026-05,Producto averiado en transporte,WhatsApp,Cali,Cerrado,0.1,26.0,True,5.0,False
PQR-202605-06480,2026-05-17,2026-05,Solicitud de factura electrónica,Línea gratuita #590,Pereira,Cerrado,0.6,18.1,True,5.0,False
PQR-202605-06481,2026-05-01,2026-05,Contenido incompleto del envase,Chat del sitio,Cali,Escalado,9.7,225.0,False,4.0,True
PQR-202605-06482,2026-05-21,2026-05,Faltante en el pedido,Correo electrónico,Bogotá,Cerrado,3.3,29.3,True,4.0,False
PQR-202605-06483,2026-05-27,2026-05,Demora en la entrega,Instagram / redes,Cali,Cerrado,2.1,13.3,True,4.0,False
PQR-202605-06484,2026-05-22,2026-05,Cambio o garantía,Chat del sitio,Cali,Cerrado,0.5,28.1,True,4.0,False
PQR-202605-06485,2026-05-10,2026-05,Producto averiado en transporte,Línea gratuita #590,Bucaramanga,Cerrado,2.6,16.1,True,5.0,False
PQR-202605-06486,2026-05-11,2026-05,Contenido incompleto del envase,Chat del sitio,Medellín,Cerrado,0.4,2.1,True,3.0,False
PQR-202605-06487,2026-05-19,2026-05,Demora en la entrega,WhatsApp,Medellín,Cerrado,0.7,16.4,True,2.0,False
PQR-202605-06488,2026-05-20,2026-05,Reclamo por precio o promoción,WhatsApp,Pereira,Cerrado,1.3,8.4,True,4.0,False
PQR-202605-06489,2026-05-05,2026-05,Reclamo por precio o promoción,Línea gratuita #590,Bogotá,Cerrado,0.1,8.0,True,3.0,False
PQR-202605-06490,2026-05-12,2026-05,Faltante en el pedido,Chat del sitio,Medellín,Cerrado,3.9,28.4,True,4.0,False
PQR-202605-06491,2026-05-26,2026-05,Solicitud de factura electrónica,Chat del sitio,Cali,Cerrado,0.1,8.6,True,5.0,False
PQR-202605-06492,2026-05-24,2026-05,Contenido incompleto del envase,Chat del sitio,Barranquilla,Cerrado,0.6,42.5,True,3.0,False
PQR-202605-06493,2026-05-10,2026-05,Camiseta personalizada pendiente,WhatsApp,Cartagena,Escalado,1.2,3.2,True,3.0,True
PQR-202605-06494,2026-05-24,2026-05,Solicitud de factura electrónica,Chat del sitio,Villavicencio,Cerrado,0.1,15.6,True,3.0,False
PQR-202605-06495,2026-05-01,2026-05,Demora en la entrega,Línea gratuita #590,Cali,Cerrado,2.2,7.8,True,3.0,False
PQR-202605-06496,2026-05-07,2026-05,Faltante en el pedido,Chat del sitio,Pereira,Cerrado,5.1,37.7,False,3.0,False
PQR-202605-06497,2026-05-18,2026-05,Demora en la entrega,Chat del sitio,Medellín,Cerrado,1.2,71.7,True,3.0,False
PQR-202605-06498,2026-05-26,2026-05,Faltante en el pedido,Instagram / redes,Cali,Cerrado,10.2,23.6,False,3.0,False
PQR-202605-06499,2026-05-25,2026-05,Duda sobre uso del producto,Chat del sitio,Cali,Cerrado,2.0,7.7,True,4.0,False
PQR-202605-06500,2026-05-05,2026-05,Duda sobre uso del producto,WhatsApp,Bogotá,Cerrado,1.4,32.3,True,3.0,False
PQR-202605-06501,2026-05-12,2026-05,Producto averiado en transporte,Chat del sitio,Medellín,Cerrado,2.8,12.1,True,4.0,False
PQR-202605-06502,2026-05-22,2026-05,Contenido incompleto del envase,Tienda física,Bucaramanga,Cerrado,3.2,49.5,True,5.0,False
PQR-202605-06503,2026-05-26,2026-05,Camiseta personalizada pendiente,WhatsApp,Medellín,Cerrado,5.6,10.6,False,4.0,False
PQR-202605-06504,2026-05-11,2026-05,Faltante en el pedido,WhatsApp,Cali,Cerrado,0.4,24.6,True,4.0,False
PQR-202605-06505,2026-05-16,2026-05,Demora en la entrega,Chat del sitio,Barranquilla,Cerrado,0.8,38.4,True,4.0,False
PQR-202605-06506,2026-05-25,2026-05,Producto averiado en transporte,WhatsApp,Cali,Cerrado,1.0,70.2,True,4.0,False
PQR-202605-06507,2026-05-14,2026-05,Reclamo por precio o promoción,Correo electrónico,Ibagué,Cerrado,1.7,7.5,True,3.0,False
PQR-202605-06508,2026-05-07,2026-05,Duda sobre uso del producto,Tienda física,Bucaramanga,Cerrado,0.9,7.8,True,4.0,False
PQR-202605-06509,2026-05-27,2026-05,Duda sobre uso del producto,WhatsApp,Bogotá,Cerrado,0.1,10.4,True,4.0,False
PQR-202605-06510,2026-05-11,2026-05,Demora en la entrega,WhatsApp,Bucaramanga,Cerrado,0.1,1.8,True,4.0,False
PQR-202605-06511,2026-05-24,2026-05,Faltante en el pedido,WhatsApp,Cali,Cerrado,0.6,3.8,True,3.0,False
PQR-202605-06512,2026-05-06,2026-05,Producto averiado en transporte,Correo electrónico,Bogotá,Cerrado,4.0,14.5,False,5.0,False
PQR-202605-06513,2026-05-18,2026-05,Contenido incompleto del envase,WhatsApp,Pereira,Cerrado,0.3,15.1,True,4.0,False
PQR-202605-06514,2026-05-20,2026-05,Demora en la entrega,Chat del sitio,Bogotá,Cerrado,1.9,9.8,True,5.0,False
PQR-202605-06515,2026-05-10,2026-05,Demora en la entrega,Chat del sitio,Medellín,Cerrado,1.6,68.1,True,4.0,False
PQR-202605-06516,2026-05-06,2026-05,Contenido incompleto del envase,WhatsApp,Bogotá,Escalado,1.1,18.9,True,4.0,True
PQR-202605-06517,2026-05-14,2026-05,Camiseta personalizada pendiente,Línea gratuita #590,Villavicencio,Cerrado,4.5,12.2,False,4.0,False
PQR-202605-06518,2026-05-11,2026-05,Faltante en el pedido,Chat del sitio,Ibagué,Cerrado,0.1,13.3,True,4.0,False
PQR-202605-06519,2026-05-12,2026-05,Demora en la entrega,Línea gratuita #590,Bogotá,Cerrado,4.8,60.6,False,3.0,False
PQR-202605-06520,2026-05-09,2026-05,Duda sobre uso del producto,WhatsApp,Bogotá,Cerrado,0.1,16.0,True,4.0,False
PQR-202605-06521,2026-05-12,2026-05,Producto averiado en transporte,Tienda física,Bogotá,Cerrado,6.7,50.4,False,5.0,False
PQR-202605-06522,2026-05-27,2026-05,Demora en la entrega,Línea gratuita #590,Medellín,Cerrado,8.6,84.6,False,3.0,False
PQR-202605-06523,2026-05-24,2026-05,Faltante en el pedido,Línea gratuita #590,Bogotá,Cerrado,3.6,35.8,True,4.0,False
PQR-202605-06524,2026-05-18,2026-05,Solicitud de factura electrónica,WhatsApp,Bucaramanga,Cerrado,0.6,1.9,True,4.0,False
PQR-202605-06525,2026-05-08,2026-05,Reclamo por precio o promoción,Línea gratuita #590,Medellín,Cerrado,0.5,3.5,True,4.0,False
PQR-202605-06526,2026-05-07,2026-05,Producto averiado en transporte,Instagram / redes,Cúcuta,Cerrado,5.7,9.1,False,2.0,False
PQR-202605-06527,2026-05-12,2026-05,Faltante en el pedido,Correo electrónico,Cartagena,Cerrado,5.0,87.3,False,3.0,False
PQR-202605-06528,2026-05-08,2026-05,Demora en la entrega,WhatsApp,Pereira,Cerrado,2.3,30.9,True,4.0,False
PQR-202605-06529,2026-05-12,2026-05,Duda sobre uso del producto,Chat del sitio,Cali,Cerrado,1.3,4.4,True,4.0,False
PQR-202605-06530,2026-05-10,2026-05,Producto averiado en transporte,Instagram / redes,Pereira,Cerrado,16.9,54.5,False,4.0,False
PQR-202605-06531,2026-05-09,2026-05,Contenido incompleto del envase,WhatsApp,Medellín,Escalado,0.1,67.3,True,4.0,True
PQR-202605-06532,2026-05-17,2026-05,Duda sobre uso del producto,WhatsApp,Bogotá,Cerrado,1.1,6.0,True,4.0,False
PQR-202605-06533,2026-05-20,2026-05,Solicitud de factura electrónica,Correo electrónico,Bogotá,Cerrado,2.9,52.8,True,4.0,False
PQR-202605-06534,2026-05-17,2026-05,Contenido incompleto del envase,WhatsApp,Ibagué,Cerrado,1.2,77.6,True,5.0,False
PQR-202605-06535,2026-05-18,2026-05,Solicitud de factura electrónica,Correo electrónico,Medellín,Cerrado,7.9,12.0,False,4.0,False
PQR-202605-06536,2026-05-15,2026-05,Camiseta personalizada pendiente,Línea gratuita #590,Cali,Escalado,2.4,19.5,True,3.0,True
PQR-202605-06537,2026-05-14,2026-05,Cambio o garantía,WhatsApp,Medellín,Cerrado,4.3,45.3,False,5.0,False
PQR-202605-06538,2026-05-14,2026-05,Faltante en el pedido,Chat del sitio,Bucaramanga,Cerrado,0.2,13.4,True,5.0,False
PQR-202605-06539,2026-05-12,2026-05,Demora en la entrega,Tienda física,Bogotá,Cerrado,0.8,32.6,True,5.0,False
PQR-202605-06540,2026-05-24,2026-05,Demora en la entrega,Correo electrónico,Barranquilla,Cerrado,13.1,17.3,False,4.0,False
PQR-202605-06541,2026-05-18,2026-05,Producto averiado en transporte,Línea gratuita #590,Bogotá,Cerrado,0.3,25.1,True,5.0,False
PQR-202605-06542,2026-05-15,2026-05,Demora en la entrega,Línea gratuita #590,Santa Marta,Cerrado,1.9,21.4,True,4.0,False
PQR-202605-06543,2026-05-01,2026-05,Contenido incompleto del envase,WhatsApp,Cali,Escalado,1.3,4.5,True,4.0,True
PQR-202605-06544,2026-05-06,2026-05,Camiseta personalizada pendiente,WhatsApp,Armenia,Cerrado,5.7,74.8,False,4.0,False
PQR-202605-06545,2026-05-22,2026-05,Demora en la entrega,WhatsApp,Medellín,Cerrado,2.0,28.6,True,4.0,False
PQR-202605-06546,2026-05-26,2026-05,Faltante en el pedido,WhatsApp,Manizales,Cerrado,2.0,30.8,True,5.0,False
PQR-202605-06547,2026-05-27,2026-05,Contenido incompleto del envase,WhatsApp,Pereira,Escalado,2.9,10.3,True,3.0,True
PQR-202605-06548,2026-05-06,2026-05,Cambio o garantía,WhatsApp,Cali,Cerrado,0.1,74.4,True,1.0,False
PQR-202605-06549,2026-05-19,2026-05,Faltante en el pedido,WhatsApp,Bogotá,Cerrado,0.3,1.3,True,4.0,False
PQR-202605-06550,2026-05-21,2026-05,Faltante en el pedido,WhatsApp,Bogotá,Cerrado,0.6,121.5,True,3.0,False
PQR-202605-06551,2026-05-09,2026-05,Faltante en el pedido,WhatsApp,Bogotá,Cerrado,0.3,35.3,True,5.0,False
PQR-202605-06552,2026-05-20,2026-05,Faltante en el pedido,WhatsApp,Cúcuta,Cerrado,1.1,28.4,True,5.0,False
PQR-202605-06553,2026-05-13,2026-05,Solicitud de factura electrónica,Chat del sitio,Bogotá,Cerrado,0.6,5.6,True,3.0,False
PQR-202605-06554,2026-05-22,2026-05,Camiseta personalizada pendiente,WhatsApp,Barranquilla,Cerrado,7.8,120.4,False,3.0,False
PQR-202605-06555,2026-05-12,2026-05,Camiseta personalizada pendiente,Línea gratuita #590,Bogotá,Escalado,2.8,23.9,True,3.0,True
PQR-202605-06556,2026-05-11,2026-05,Demora en la entrega,WhatsApp,Cali,Cerrado,3.6,16.7,True,4.0,False
PQR-202605-06557,2026-05-24,2026-05,Demora en la entrega,Línea gratuita #590,Medellín,Cerrado,0.1,54.1,True,4.0,False
PQR-202605-06558,2026-05-18,2026-05,Reclamo por precio o promoción,Chat del sitio,Cartagena,Cerrado,2.7,14.5,True,3.0,False
PQR-202605-06559,2026-05-05,2026-05,Solicitud de factura electrónica,WhatsApp,Medellín,Cerrado,0.4,6.5,True,4.0,False
PQR-202605-06560,2026-05-13,2026-05,Faltante en el pedido,Tienda física,Ibagué,Cerrado,2.1,120.8,True,3.0,False
PQR-202605-06561,2026-05-19,2026-05,Solicitud de factura electrónica,Correo electrónico,Bucaramanga,Cerrado,0.6,7.1,True,5.0,False
PQR-202605-06562,2026-05-08,2026-05,Camiseta personalizada pendiente,Tienda física,Santa Marta,Escalado,0.9,73.4,True,3.0,True
PQR-202605-06563,2026-05-24,2026-05,Demora en la entrega,Línea gratuita #590,Cali,Cerrado,0.3,81.1,True,1.0,False
PQR-202605-06564,2026-05-17,2026-05,Demora en la entrega,Línea gratuita #590,Barranquilla,Cerrado,6.3,20.3,False,3.0,False
PQR-202605-06565,2026-05-24,2026-05,Camiseta personalizada pendiente,Chat del sitio,Medellín,Escalado,0.6,12.0,True,5.0,True
PQR-202605-06566,2026-05-07,2026-05,Camiseta personalizada pendiente,Línea gratuita #590,Cali,Cerrado,4.9,82.0,False,4.0,False
PQR-202605-06567,2026-05-14,2026-05,Camiseta personalizada pendiente,WhatsApp,Medellín,Cerrado,0.5,11.8,True,3.0,False
PQR-202605-06568,2026-05-01,2026-05,Camiseta personalizada pendiente,WhatsApp,Bogotá,Cerrado,4.7,26.3,False,4.0,False
PQR-202605-06569,2026-05-16,2026-05,Cambio o garantía,WhatsApp,Manizales,Cerrado,0.5,4.9,True,3.0,False
PQR-202605-06570,2026-05-13,2026-05,Camiseta personalizada pendiente,WhatsApp,Bogotá,Cerrado,0.2,9.1,True,4.0,False
PQR-202605-06571,2026-05-08,2026-05,Faltante en el pedido,WhatsApp,Medellín,Cerrado,2.2,69.7,True,5.0,False
PQR-202605-06572,2026-05-07,2026-05,Solicitud de factura electrónica,WhatsApp,Medellín,Cerrado,0.7,2.5,True,3.0,False
PQR-202605-06573,2026-05-23,2026-05,Faltante en el pedido,WhatsApp,Ibagué,Cerrado,0.8,7.1,True,4.0,False
PQR-202605-06574,2026-05-03,2026-05,Contenido incompleto del envase,WhatsApp,Villavicencio,Cerrado,0.2,29.7,True,4.0,False
PQR-202605-06575,2026-05-01,2026-05,Cambio o garantía,Instagram / redes,Cali,Cerrado,9.6,113.0,False,4.0,False
PQR-202605-06576,2026-05-07,2026-05,Contenido incompleto del envase,Chat del sitio,Bogotá,Cerrado,10.7,18.8,False,4.0,False
PQR-202605-06577,2026-05-14,2026-05,Demora en la entrega,Tienda física,Bogotá,Cerrado,0.8,3.0,True,3.0,False
PQR-202605-06578,2026-05-18,2026-05,Duda sobre uso del producto,WhatsApp,Cali,Cerrado,0.1,1.1,True,3.0,False
PQR-202605-06579,2026-05-20,2026-05,Reclamo por precio o promoción,Tienda física,Bogotá,Cerrado,2.2,14.4,True,2.0,False
PQR-202605-06580,2026-05-27,2026-05,Faltante en el pedido,Instagram / redes,Cali,Cerrado,9.0,42.7,False,4.0,False
PQR-202605-06581,2026-05-01,2026-05,Camiseta personalizada pendiente,Instagram / redes,Bogotá,Escalado,10.9,54.2,False,4.0,True
PQR-202605-06582,2026-05-13,2026-05,Faltante en el pedido,WhatsApp,Santa Marta,Cerrado,0.3,3.3,True,2.0,False
PQR-202605-06583,2026-05-27,2026-05,Solicitud de factura electrónica,Chat del sitio,Bogotá,Cerrado,0.5,3.1,True,4.0,False
PQR-202605-06584,2026-05-08,2026-05,Reclamo por precio o promoción,Tienda física,Barranquilla,Cerrado,0.6,21.6,True,5.0,False
PQR-202605-06585,2026-05-13,2026-05,Demora en la entrega,Chat del sitio,Bogotá,Cerrado,4.2,14.0,False,4.0,False
PQR-202605-06586,2026-05-16,2026-05,Faltante en el pedido,Correo electrónico,Bogotá,Cerrado,9.7,25.3,False,3.0,False
PQR-202605-06587,2026-05-04,2026-05,Duda sobre uso del producto,WhatsApp,Cali,Cerrado,0.2,15.7,True,3.0,False
PQR-202605-06588,2026-05-22,2026-05,Contenido incompleto del envase,Correo electrónico,Santa Marta,Escalado,5.7,88.8,False,3.0,True
PQR-202605-06589,2026-05-21,2026-05,Demora en la entrega,Instagram / redes,Medellín,Cerrado,2.4,15.7,True,4.0,False
PQR-202605-06590,2026-05-04,2026-05,Demora en la entrega,Línea gratuita #590,Cali,Cerrado,2.8,11.0,True,2.0,False
PQR-202605-06591,2026-05-10,2026-05,Faltante en el pedido,WhatsApp,Bogotá,Cerrado,0.2,20.1,True,3.0,False
PQR-202605-06592,2026-05-07,2026-05,Faltante en el pedido,WhatsApp,Cali,Cerrado,11.2,28.8,False,5.0,False
PQR-202605-06593,2026-05-11,2026-05,Reclamo por precio o promoción,WhatsApp,Ibagué,Cerrado,2.5,4.0,True,3.0,False
PQR-202605-06594,2026-05-17,2026-05,Faltante en el pedido,Instagram / redes,Bogotá,Cerrado,2.2,38.2,True,3.0,False
PQR-202605-06595,2026-05-04,2026-05,Producto averiado en transporte,Tienda física,Bogotá,Cerrado,1.3,14.4,True,4.0,False
PQR-202605-06596,2026-05-25,2026-05,Producto averiado en transporte,Chat del sitio,Cali,Cerrado,0.2,1.2,True,3.0,False
PQR-202605-06597,2026-05-19,2026-05,Faltante en el pedido,Línea gratuita #590,Ibagué,Cerrado,0.9,83.6,True,3.0,False
PQR-202605-06598,2026-05-04,2026-05,Faltante en el pedido,WhatsApp,Bogotá,Cerrado,1.5,17.4,True,3.0,False
PQR-202605-06599,2026-05-15,2026-05,Solicitud de factura electrónica,Correo electrónico,Bogotá,Cerrado,4.3,9.7,False,3.0,False
PQR-202605-06600,2026-05-08,2026-05,Cambio o garantía,Chat del sitio,Cartagena,Cerrado,7.8,41.2,False,3.0,False
PQR-202605-06601,2026-05-09,2026-05,Demora en la entrega,WhatsApp,Cali,Cerrado,2.1,5.5,True,5.0,False
PQR-202605-06602,2026-05-06,2026-05,Faltante en el pedido,Chat del sitio,Barranquilla,Cerrado,0.8,13.4,True,4.0,False
PQR-202605-06603,2026-05-06,2026-05,Camiseta personalizada pendiente,WhatsApp,Santa Marta,Cerrado,4.2,161.9,False,4.0,False
PQR-202605-06604,2026-05-18,2026-05,Demora en la entrega,WhatsApp,Armenia,Cerrado,0.2,33.2,True,4.0,False
PQR-202605-06605,2026-05-10,2026-05,Reclamo por precio o promoción,Instagram / redes,Ibagué,Cerrado,2.6,6.0,True,5.0,False
PQR-202605-06606,2026-05-16,2026-05,Producto averiado en transporte,WhatsApp,Cúcuta,Cerrado,0.8,32.5,True,4.0,False
PQR-202605-06607,2026-05-01,2026-05,Reclamo por precio o promoción,WhatsApp,Cali,Cerrado,0.7,33.2,True,3.0,False
PQR-202605-06608,2026-05-07,2026-05,Camiseta personalizada pendiente,WhatsApp,Bogotá,Cerrado,1.7,65.3,True,4.0,False
PQR-202605-06609,2026-05-07,2026-05,Producto averiado en transporte,Instagram / redes,Medellín,Cerrado,15.2,47.8,False,3.0,False
PQR-202605-06610,2026-05-21,2026-05,Cambio o garantía,WhatsApp,Cali,Cerrado,3.5,29.1,True,3.0,False
PQR-202605-06611,2026-05-21,2026-05,Faltante en el pedido,Línea gratuita #590,Barranquilla,Cerrado,8.8,66.0,False,3.0,False
PQR-202605-06612,2026-05-18,2026-05,Faltante en el pedido,WhatsApp,Bogotá,Cerrado,0.8,12.6,True,4.0,False
PQR-202605-06613,2026-05-25,2026-05,Evento adverso reportado,WhatsApp,Barranquilla,Cerrado,2.0,7.8,True,2.0,True
PQR-202605-06614,2026-05-09,2026-05,Demora en la entrega,Línea gratuita #590,Barranquilla,Cerrado,1.1,45.9,True,4.0,False
PQR-202605-06615,2026-05-08,2026-05,Evento adverso reportado,WhatsApp,Manizales,Cerrado,7.5,22.4,False,4.0,True
PQR-202605-06616,2026-05-27,2026-05,Solicitud de factura electrónica,Instagram / redes,Bogotá,Cerrado,0.7,19.5,True,5.0,False
PQR-202605-06617,2026-05-26,2026-05,Camiseta personalizada pendiente,Tienda física,Cali,Cerrado,6.0,46.3,False,5.0,False
PQR-202605-06618,2026-05-13,2026-05,Solicitud de factura electrónica,WhatsApp,Bogotá,Cerrado,2.3,3.3,True,5.0,False
PQR-202605-06619,2026-05-05,2026-05,Solicitud de factura electrónica,WhatsApp,Pereira,Cerrado,0.7,23.1,True,5.0,False
PQR-202605-06620,2026-05-13,2026-05,Camiseta personalizada pendiente,Instagram / redes,Medellín,Cerrado,4.1,80.0,False,2.0,False
PQR-202605-06621,2026-05-07,2026-05,Cambio o garantía,WhatsApp,Bogotá,Cerrado,0.8,16.1,True,3.0,False
PQR-202605-06622,2026-05-08,2026-05,Contenido incompleto del envase,WhatsApp,Cali,Cerrado,2.0,54.2,True,3.0,False
PQR-202605-06623,2026-05-06,2026-05,Faltante en el pedido,WhatsApp,Bucaramanga,Cerrado,2.7,38.4,True,3.0,False
PQR-202605-06624,2026-05-07,2026-05,Demora en la entrega,WhatsApp,Barranquilla,Cerrado,0.7,66.0,True,3.0,False
PQR-202605-06625,2026-05-11,2026-05,Contenido incompleto del envase,WhatsApp,Pereira,Cerrado,0.2,53.1,True,3.0,False
PQR-202605-06626,2026-05-05,2026-05,Demora en la entrega,Línea gratuita #590,Bogotá,Cerrado,3.2,16.6,True,4.0,False
PQR-202605-06627,2026-05-12,2026-05,Cambio o garantía,Chat del sitio,Medellín,Cerrado,1.2,100.9,True,1.0,False
PQR-202605-06628,2026-05-01,2026-05,Producto averiado en transporte,Línea gratuita #590,Medellín,Cerrado,1.1,43.2,True,4.0,False
PQR-202605-06629,2026-05-02,2026-05,Reclamo por precio o promoción,WhatsApp,Ibagué,Cerrado,0.1,2.8,True,3.0,False
PQR-202605-06630,2026-05-19,2026-05,Cambio o garantía,Instagram / redes,Cali,Cerrado,5.4,34.1,False,3.0,False
PQR-202605-06631,2026-05-05,2026-05,Demora en la entrega,Línea gratuita #590,Villavicencio,Cerrado,7.0,85.8,False,4.0,False
PQR-202605-06632,2026-05-04,2026-05,Contenido incompleto del envase,Instagram / redes,Barranquilla,Cerrado,24.6,29.5,False,4.0,False
PQR-202605-06633,2026-05-17,2026-05,Demora en la entrega,Instagram / redes,Bogotá,Cerrado,3.4,136.1,True,2.0,False
PQR-202605-06634,2026-05-16,2026-05,Contenido incompleto del envase,WhatsApp,Bucaramanga,Cerrado,7.9,60.2,False,5.0,False
PQR-202605-06635,2026-05-03,2026-05,Demora en la entrega,WhatsApp,Medellín,Cerrado,3.7,13.4,True,4.0,False
PQR-202605-06636,2026-05-15,2026-05,Demora en la entrega,WhatsApp,Bogotá,Cerrado,1.3,14.0,True,4.0,False
PQR-202605-06637,2026-05-06,2026-05,Producto averiado en transporte,WhatsApp,Cartagena,Cerrado,0.7,7.0,True,3.0,False
PQR-202605-06638,2026-05-02,2026-05,Producto averiado en transporte,WhatsApp,Cali,Cerrado,1.3,8.6,True,5.0,False
PQR-202605-06639,2026-05-11,2026-05,Solicitud de factura electrónica,WhatsApp,Pereira,Cerrado,0.9,2.8,True,5.0,False
PQR-202605-06640,2026-05-24,2026-05,Solicitud de factura electrónica,Correo electrónico,Bogotá,Cerrado,2.0,5.6,True,3.0,False
PQR-202605-06641,2026-05-26,2026-05,Solicitud de factura electrónica,Correo electrónico,Medellín,Cerrado,2.2,17.9,True,4.0,False
PQR-202605-06642,2026-05-18,2026-05,Reclamo por precio o promoción,Línea gratuita #590,Villavicencio,Cerrado,0.5,58.5,True,4.0,False
PQR-202605-06643,2026-05-27,2026-05,Camiseta personalizada pendiente,WhatsApp,Villavicencio,Cerrado,1.7,40.6,True,4.0,False
PQR-202605-06644,2026-05-02,2026-05,Producto averiado en transporte,Tienda física,Cali,Cerrado,3.3,25.4,True,4.0,False
PQR-202605-06645,2026-05-24,2026-05,Producto averiado en transporte,WhatsApp,Bogotá,Cerrado,0.2,32.7,True,4.0,False
PQR-202605-06646,2026-05-10,2026-05,Demora en la entrega,Chat del sitio,Manizales,Cerrado,1.0,9.7,True,4.0,False
PQR-202605-06647,2026-05-21,2026-05,Duda sobre uso del producto,Correo electrónico,Barranquilla,Cerrado,0.7,5.8,True,4.0,False
PQR-202605-06648,2026-05-07,2026-05,Producto averiado en transporte,WhatsApp,Bucaramanga,Cerrado,1.6,5.6,True,4.0,False
PQR-202605-06649,2026-05-22,2026-05,Reclamo por precio o promoción,Instagram / redes,Medellín,Cerrado,1.5,10.2,True,4.0,False
PQR-202605-06650,2026-05-24,2026-05,Duda sobre uso del producto,Chat del sitio,Manizales,Cerrado,0.3,2.3,True,4.0,False
PQR-202605-06651,2026-05-12,2026-05,Camiseta personalizada pendiente,Línea gratuita #590,Barranquilla,Escalado,3.2,18.1,True,5.0,True
PQR-202605-06652,2026-05-11,2026-05,Camiseta personalizada pendiente,WhatsApp,Medellín,Escalado,0.6,1.8,True,4.0,True
PQR-202605-06653,2026-05-19,2026-05,Producto averiado en transporte,Chat del sitio,Bogotá,Cerrado,0.6,60.8,True,3.0,False
PQR-202605-06654,2026-05-26,2026-05,Evento adverso reportado,Instagram / redes,Bogotá,Cerrado,18.1,35.1,False,4.0,True
PQR-202605-06655,2026-05-04,2026-05,Demora en la entrega,Tienda física,Barranquilla,Cerrado,2.5,56.3,True,5.0,False
PQR-202605-06656,2026-05-02,2026-05,Contenido incompleto del envase,WhatsApp,Bogotá,Escalado,2.8,16.2,True,5.0,True
PQR-202605-06657,2026-05-23,2026-05,Faltante en el pedido,WhatsApp,Barranquilla,Cerrado,2.2,61.2,True,3.0,False
PQR-202605-06658,2026-05-03,2026-05,Faltante en el pedido,Correo electrónico,Barranquilla,Cerrado,14.5,30.6,False,4.0,False
PQR-202605-06659,2026-05-14,2026-05,Solicitud de factura electrónica,WhatsApp,Barranquilla,Cerrado,1.3,24.3,True,5.0,False
PQR-202605-06660,2026-05-17,2026-05,Producto averiado en transporte,Chat del sitio,Medellín,Cerrado,4.3,43.4,False,4.0,False
PQR-202605-06661,2026-05-27,2026-05,Faltante en el pedido,Línea gratuita #590,Cali,Cerrado,4.2,7.8,False,3.0,False
PQR-202605-06662,2026-05-20,2026-05,Camiseta personalizada pendiente,Chat del sitio,Bogotá,Cerrado,0.3,15.4,True,5.0,False
PQR-202605-06663,2026-05-17,2026-05,Cambio o garantía,WhatsApp,Cali,Cerrado,1.7,18.4,True,3.0,False
PQR-202605-06664,2026-05-07,2026-05,Solicitud de factura electrónica,Línea gratuita #590,Bogotá,Cerrado,0.1,4.7,True,4.0,False
PQR-202605-06665,2026-05-11,2026-05,Camiseta personalizada pendiente,WhatsApp,Cartagena,Escalado,1.0,43.6,True,4.0,True
PQR-202605-06666,2026-05-12,2026-05,Duda sobre uso del producto,WhatsApp,Medellín,Cerrado,0.3,9.8,True,3.0,False
PQR-202605-06667,2026-05-05,2026-05,Demora en la entrega,Línea gratuita #590,Cali,Cerrado,1.8,4.3,True,3.0,False
PQR-202605-06668,2026-05-03,2026-05,Reclamo por precio o promoción,WhatsApp,Bogotá,Cerrado,0.2,60.7,True,3.0,False
PQR-202605-06669,2026-05-15,2026-05,Producto averiado en transporte,Línea gratuita #590,Armenia,Cerrado,0.5,15.9,True,4.0,False
PQR-202605-06670,2026-05-09,2026-05,Faltante en el pedido,WhatsApp,Ibagué,Cerrado,0.3,42.4,True,4.0,False
PQR-202605-06671,2026-05-22,2026-05,Producto averiado en transporte,WhatsApp,Cali,Cerrado,1.0,17.7,True,4.0,False
PQR-202605-06672,2026-05-21,2026-05,Demora en la entrega,Línea gratuita #590,Medellín,Cerrado,1.8,39.8,True,5.0,False
PQR-202605-06673,2026-05-18,2026-05,Contenido incompleto del envase,Tienda física,Medellín,Cerrado,1.2,9.1,True,4.0,False
PQR-202605-06674,2026-05-05,2026-05,Faltante en el pedido,Tienda física,Cali,Cerrado,5.1,23.8,False,5.0,False
PQR-202605-06675,2026-05-01,2026-05,Contenido incompleto del envase,WhatsApp,Cartagena,Escalado,2.6,14.3,True,4.0,True
PQR-202605-06676,2026-05-11,2026-05,Contenido incompleto del envase,Correo electrónico,Bogotá,Escalado,13.9,40.6,False,5.0,True
PQR-202605-06677,2026-05-25,2026-05,Faltante en el pedido,Chat del sitio,Bucaramanga,Cerrado,0.6,20.9,True,4.0,False
PQR-202605-06678,2026-05-11,2026-05,Cambio o garantía,Línea gratuita #590,Medellín,Cerrado,3.6,10.6,True,3.0,False
PQR-202605-06679,2026-05-25,2026-05,Faltante en el pedido,WhatsApp,Bogotá,Cerrado,3.7,25.6,True,4.0,False
PQR-202605-06680,2026-05-16,2026-05,Camiseta personalizada pendiente,WhatsApp,Cali,Cerrado,0.9,44.7,True,2.0,False
PQR-202605-06681,2026-05-11,2026-05,Reclamo por precio o promoción,Línea gratuita #590,Medellín,Cerrado,2.0,12.1,True,4.0,False
PQR-202605-06682,2026-05-19,2026-05,Demora en la entrega,Instagram / redes,Bogotá,Cerrado,3.1,41.9,True,3.0,False
PQR-202605-06683,2026-05-26,2026-05,Faltante en el pedido,Línea gratuita #590,Bogotá,Cerrado,0.5,49.4,True,2.0,False
PQR-202605-06684,2026-05-24,2026-05,Demora en la entrega,WhatsApp,Bucaramanga,Cerrado,0.5,18.9,True,4.0,False
PQR-202605-06685,2026-05-15,2026-05,Demora en la entrega,Instagram / redes,Bucaramanga,Cerrado,0.6,46.2,True,4.0,False
PQR-202605-06686,2026-05-06,2026-05,Reclamo por precio o promoción,Chat del sitio,Bucaramanga,Cerrado,0.5,5.0,True,3.0,False
PQR-202605-06687,2026-05-17,2026-05,Cambio o garantía,Instagram / redes,Cali,Cerrado,5.6,13.7,False,5.0,False
PQR-202605-06688,2026-05-06,2026-05,Evento adverso reportado,Correo electrónico,Barranquilla,Escalado,16.7,42.1,False,4.0,True
PQR-202605-06689,2026-05-06,2026-05,Reclamo por precio o promoción,Chat del sitio,Bogotá,Cerrado,2.6,3.6,True,5.0,False
PQR-202605-06690,2026-05-24,2026-05,Demora en la entrega,WhatsApp,Santa Marta,Cerrado,0.2,62.0,True,3.0,False
PQR-202605-06691,2026-05-17,2026-05,Demora en la entrega,Instagram / redes,Ibagué,Cerrado,4.7,33.4,False,4.0,False
PQR-202605-06692,2026-05-23,2026-05,Cambio o garantía,Chat del sitio,Villavicencio,Cerrado,0.1,86.8,True,3.0,False
PQR-202605-06693,2026-05-18,2026-05,Cambio o garantía,WhatsApp,Bogotá,Cerrado,8.7,29.7,False,4.0,False
PQR-202606-06694,2026-06-19,2026-06,Contenido incompleto del envase,Tienda física,Barranquilla,Escalado,6.8,15.3,False,2.0,True
PQR-202606-06695,2026-06-10,2026-06,Contenido incompleto del envase,Línea gratuita #590,Cali,Cerrado,2.4,38.3,True,3.0,False
PQR-202606-06696,2026-06-24,2026-06,Faltante en el pedido,WhatsApp,Barranquilla,Cerrado,1.1,33.7,True,3.0,False
PQR-202606-06697,2026-06-24,2026-06,Producto averiado en transporte,WhatsApp,Barranquilla,Cerrado,0.1,11.3,True,5.0,False
PQR-202606-06698,2026-06-24,2026-06,Demora en la entrega,WhatsApp,Cali,Cerrado,1.8,57.7,True,4.0,False
PQR-202606-06699,2026-06-10,2026-06,Evento adverso reportado,Correo electrónico,Cúcuta,Cerrado,1.4,229.3,True,2.0,True
PQR-202606-06700,2026-06-18,2026-06,Faltante en el pedido,WhatsApp,Cali,Cerrado,0.1,28.4,True,4.0,False
PQR-202606-06701,2026-06-13,2026-06,Demora en la entrega,Instagram / redes,Medellín,Cerrado,6.0,10.3,False,4.0,False
PQR-202606-06702,2026-06-03,2026-06,Duda sobre uso del producto,Línea gratuita #590,Barranquilla,Cerrado,0.2,34.2,True,2.0,False
PQR-202606-06703,2026-06-02,2026-06,Faltante en el pedido,WhatsApp,Bogotá,Cerrado,0.4,23.9,True,4.0,False
PQR-202606-06704,2026-06-20,2026-06,Reclamo por precio o promoción,Chat del sitio,Bogotá,Cerrado,0.1,3.8,True,4.0,False
PQR-202606-06705,2026-06-10,2026-06,Duda sobre uso del producto,Tienda física,Bucaramanga,Cerrado,0.2,9.2,True,2.0,False
PQR-202606-06706,2026-06-06,2026-06,Camiseta personalizada pendiente,Línea gratuita #590,Cartagena,Escalado,1.9,13.0,True,5.0,True
PQR-202606-06707,2026-06-17,2026-06,Producto averiado en transporte,Chat del sitio,Bogotá,Cerrado,5.3,44.8,False,5.0,False
PQR-202606-06708,2026-06-18,2026-06,Faltante en el pedido,Tienda física,Pereira,Cerrado,0.7,54.9,True,4.0,False
PQR-202606-06709,2026-06-19,2026-06,Producto averiado en transporte,Línea gratuita #590,Bogotá,Cerrado,5.7,9.3,False,4.0,False
PQR-202606-06710,2026-06-02,2026-06,Producto averiado en transporte,WhatsApp,Medellín,Cerrado,0.2,47.9,True,3.0,False
PQR-202606-06711,2026-06-14,2026-06,Demora en la entrega,Instagram / redes,Manizales,Cerrado,2.4,9.3,True,4.0,False
PQR-202606-06712,2026-06-03,2026-06,Producto averiado en transporte,Línea gratuita #590,Bogotá,Cerrado,0.4,35.5,True,3.0,False
PQR-202606-06713,2026-06-01,2026-06,Evento adverso reportado,WhatsApp,Pereira,Escalado,7.9,140.6,False,3.0,True
PQR-202606-06714,2026-06-13,2026-06,Demora en la entrega,WhatsApp,Bucaramanga,Cerrado,0.2,9.6,True,3.0,False
PQR-202606-06715,2026-06-13,2026-06,Reclamo por precio o promoción,WhatsApp,Bucaramanga,Cerrado,0.2,10.5,True,3.0,False
PQR-202606-06716,2026-06-23,2026-06,Producto averiado en transporte,Instagram / redes,Cartagena,Cerrado,2.7,25.6,True,4.0,False
PQR-202606-06717,2026-06-12,2026-06,Contenido incompleto del envase,Línea gratuita #590,Cali,Cerrado,1.2,2.2,True,3.0,False
PQR-202606-06718,2026-06-24,2026-06,Contenido incompleto del envase,Instagram / redes,Barranquilla,Cerrado,10.0,31.4,False,4.0,False
PQR-202606-06719,2026-06-01,2026-06,Solicitud de factura electrónica,Instagram / redes,Pasto,Cerrado,0.8,13.9,True,5.0,False
PQR-202606-06720,2026-06-07,2026-06,Demora en la entrega,WhatsApp,Santa Marta,Cerrado,0.1,167.8,True,3.0,False
PQR-202606-06721,2026-06-03,2026-06,Contenido incompleto del envase,Línea gratuita #590,Ibagué,Escalado,4.2,43.5,False,3.0,True
PQR-202606-06722,2026-06-18,2026-06,Camiseta personalizada pendiente,WhatsApp,Santa Marta,Cerrado,3.9,11.8,True,4.0,False
PQR-202606-06723,2026-06-06,2026-06,Camiseta personalizada pendiente,WhatsApp,Bogotá,Cerrado,0.5,48.5,True,5.0,False
PQR-202606-06724,2026-06-11,2026-06,Duda sobre uso del producto,Línea gratuita #590,Bogotá,Cerrado,0.2,4.4,True,3.0,False
PQR-202606-06725,2026-06-09,2026-06,Evento adverso reportado,Instagram / redes,Pereira,Cerrado,24.5,90.7,False,3.0,True
PQR-202606-06726,2026-06-18,2026-06,Demora en la entrega,WhatsApp,Bogotá,Cerrado,2.7,28.9,True,3.0,False
PQR-202606-06727,2026-06-21,2026-06,Producto averiado en transporte,Línea gratuita #590,Cali,Cerrado,1.5,64.4,True,3.0,False
PQR-202606-06728,2026-06-02,2026-06,Camiseta personalizada pendiente,WhatsApp,Medellín,Cerrado,1.5,39.4,True,2.0,False
PQR-202606-06729,2026-06-22,2026-06,Contenido incompleto del envase,Correo electrónico,Cali,Cerrado,5.6,36.3,False,3.0,False
PQR-202606-06730,2026-06-21,2026-06,Faltante en el pedido,Tienda física,Neiva,Cerrado,2.6,37.0,True,4.0,False
PQR-202606-06731,2026-06-14,2026-06,Contenido incompleto del envase,WhatsApp,Bogotá,Cerrado,0.2,5.6,True,3.0,False
PQR-202606-06732,2026-06-23,2026-06,Faltante en el pedido,WhatsApp,Bogotá,Cerrado,0.1,1.1,True,4.0,False
PQR-202606-06733,2026-06-22,2026-06,Camiseta personalizada pendiente,Línea gratuita #590,Bogotá,Escalado,0.1,153.4,True,3.0,True
PQR-202606-06734,2026-06-13,2026-06,Cambio o garantía,Tienda física,Cali,Cerrado,4.6,25.5,False,4.0,False
PQR-202606-06735,2026-06-23,2026-06,Duda sobre uso del producto,WhatsApp,Bogotá,Cerrado,0.7,13.5,True,4.0,False
PQR-202606-06736,2026-06-04,2026-06,Camiseta personalizada pendiente,WhatsApp,Bogotá,Cerrado,9.1,35.2,False,4.0,False
PQR-202606-06737,2026-06-08,2026-06,Duda sobre uso del producto,Línea gratuita #590,Bogotá,Cerrado,0.3,8.1,True,4.0,False
PQR-202606-06738,2026-06-20,2026-06,Demora en la entrega,Instagram / redes,Cúcuta,Cerrado,1.2,40.7,True,5.0,False
PQR-202606-06739,2026-06-08,2026-06,Producto averiado en transporte,Chat del sitio,Cali,Cerrado,3.0,139.1,True,4.0,False
PQR-202606-06740,2026-06-04,2026-06,Demora en la entrega,WhatsApp,Bogotá,Cerrado,1.3,10.6,True,4.0,False
PQR-202606-06741,2026-06-20,2026-06,Demora en la entrega,WhatsApp,Bogotá,Cerrado,1.5,11.1,True,5.0,False
PQR-202606-06742,2026-06-07,2026-06,Faltante en el pedido,Línea gratuita #590,Barranquilla,Cerrado,1.4,5.5,True,5.0,False
PQR-202606-06743,2026-06-01,2026-06,Demora en la entrega,WhatsApp,Bogotá,Cerrado,3.3,27.7,True,4.0,False
PQR-202606-06744,2026-06-03,2026-06,Duda sobre uso del producto,WhatsApp,Bucaramanga,Cerrado,0.3,7.0,True,4.0,False
PQR-202606-06745,2026-06-27,2026-06,Camiseta personalizada pendiente,Chat del sitio,Pereira,Cerrado,3.4,64.5,True,5.0,False
PQR-202606-06746,2026-06-01,2026-06,Demora en la entrega,WhatsApp,Bogotá,Cerrado,1.3,11.7,True,3.0,False
PQR-202606-06747,2026-06-11,2026-06,Contenido incompleto del envase,Instagram / redes,Medellín,Escalado,1.6,165.6,True,2.0,True
PQR-202606-06748,2026-06-20,2026-06,Camiseta personalizada pendiente,Línea gratuita #590,Bogotá,Cerrado,2.1,3.1,True,4.0,False
PQR-202606-06749,2026-06-27,2026-06,Demora en la entrega,WhatsApp,Cartagena,Cerrado,0.1,8.5,True,4.0,False
PQR-202606-06750,2026-06-17,2026-06,Demora en la entrega,WhatsApp,Ibagué,Cerrado,0.7,9.2,True,4.0,False
PQR-202606-06751,2026-06-13,2026-06,Producto averiado en transporte,WhatsApp,Bogotá,Cerrado,0.1,21.7,True,4.0,False
PQR-202606-06752,2026-06-19,2026-06,Producto averiado en transporte,Chat del sitio,Cali,Cerrado,0.7,6.4,True,4.0,False
PQR-202606-06753,2026-06-03,2026-06,Reclamo por precio o promoción,Correo electrónico,Santa Marta,Cerrado,0.3,4.6,True,4.0,False
PQR-202606-06754,2026-06-13,2026-06,Reclamo por precio o promoción,Instagram / redes,Santa Marta,Cerrado,2.2,3.2,True,4.0,False
PQR-202606-06755,2026-06-16,2026-06,Demora en la entrega,Línea gratuita #590,Medellín,Cerrado,0.6,33.7,True,3.0,False
PQR-202606-06756,2026-06-03,2026-06,Contenido incompleto del envase,Línea gratuita #590,Bogotá,Cerrado,3.2,109.5,True,4.0,False
PQR-202606-06757,2026-06-21,2026-06,Reclamo por precio o promoción,Correo electrónico,Medellín,Cerrado,13.0,21.1,False,4.0,False
PQR-202606-06758,2026-06-25,2026-06,Faltante en el pedido,Línea gratuita #590,Armenia,Cerrado,2.0,11.5,True,3.0,False
PQR-202606-06759,2026-06-27,2026-06,Camiseta personalizada pendiente,WhatsApp,Cali,Escalado,0.3,10.4,True,2.0,True
PQR-202606-06760,2026-06-12,2026-06,Reclamo por precio o promoción,WhatsApp,Cúcuta,Cerrado,0.4,19.3,True,3.0,False
PQR-202606-06761,2026-06-08,2026-06,Duda sobre uso del producto,WhatsApp,Santa Marta,Cerrado,0.1,7.7,True,4.0,False
PQR-202606-06762,2026-06-27,2026-06,Camiseta personalizada pendiente,WhatsApp,Bogotá,Cerrado,0.4,33.8,True,3.0,False
PQR-202606-06763,2026-06-07,2026-06,Producto averiado en transporte,Correo electrónico,Bogotá,Cerrado,24.6,65.9,False,5.0,False
PQR-202606-06764,2026-06-11,2026-06,Demora en la entrega,WhatsApp,Bogotá,Cerrado,1.5,39.0,True,3.0,False
PQR-202606-06765,2026-06-04,2026-06,Evento adverso reportado,Instagram / redes,Cali,Cerrado,1.3,3.1,True,3.0,True
PQR-202606-06766,2026-06-22,2026-06,Demora en la entrega,Línea gratuita #590,Ibagué,Cerrado,0.8,2.7,True,4.0,False
PQR-202606-06767,2026-06-19,2026-06,Demora en la entrega,Línea gratuita #590,Barranquilla,Cerrado,3.5,11.5,True,3.0,False
PQR-202606-06768,2026-06-05,2026-06,Demora en la entrega,WhatsApp,Bogotá,Cerrado,1.6,10.6,True,4.0,False
PQR-202606-06769,2026-06-13,2026-06,Demora en la entrega,Instagram / redes,Santa Marta,Cerrado,0.2,5.9,True,4.0,False
PQR-202606-06770,2026-06-16,2026-06,Camiseta personalizada pendiente,Instagram / redes,Bogotá,Escalado,0.7,15.0,True,3.0,True
PQR-202606-06771,2026-06-19,2026-06,Duda sobre uso del producto,WhatsApp,Bogotá,Cerrado,0.2,26.2,True,4.0,False
PQR-202606-06772,2026-06-03,2026-06,Demora en la entrega,Chat del sitio,Cúcuta,Cerrado,1.1,45.2,True,4.0,False
PQR-202606-06773,2026-06-07,2026-06,Cambio o garantía,WhatsApp,Bogotá,Cerrado,2.3,12.3,True,4.0,False
PQR-202606-06774,2026-06-13,2026-06,Cambio o garantía,Tienda física,Bogotá,Cerrado,7.5,10.4,False,5.0,False
PQR-202606-06775,2026-06-11,2026-06,Faltante en el pedido,Línea gratuita #590,Bogotá,Cerrado,0.1,17.4,True,3.0,False
PQR-202606-06776,2026-06-17,2026-06,Cambio o garantía,Instagram / redes,Bogotá,Cerrado,5.3,20.3,False,3.0,False
PQR-202606-06777,2026-06-24,2026-06,Faltante en el pedido,WhatsApp,Bogotá,Cerrado,0.3,18.5,True,3.0,False
PQR-202606-06778,2026-06-11,2026-06,Reclamo por precio o promoción,Correo electrónico,Cali,Cerrado,3.4,68.3,True,4.0,False
PQR-202606-06779,2026-06-13,2026-06,Contenido incompleto del envase,WhatsApp,Barranquilla,Cerrado,1.3,3.5,True,4.0,False
PQR-202606-06780,2026-06-17,2026-06,Producto averiado en transporte,WhatsApp,Manizales,Cerrado,0.9,7.9,True,2.0,False
PQR-202606-06781,2026-06-04,2026-06,Contenido incompleto del envase,WhatsApp,Barranquilla,Cerrado,1.7,127.0,True,3.0,False
PQR-202606-06782,2026-06-03,2026-06,Faltante en el pedido,WhatsApp,Medellín,Cerrado,0.3,8.4,True,3.0,False
PQR-202606-06783,2026-06-09,2026-06,Demora en la entrega,Chat del sitio,Cali,Cerrado,0.2,37.8,True,4.0,False
PQR-202606-06784,2026-06-12,2026-06,Demora en la entrega,WhatsApp,Bogotá,Cerrado,5.6,17.0,False,3.0,False
PQR-202606-06785,2026-06-19,2026-06,Demora en la entrega,WhatsApp,Cali,Cerrado,1.3,5.0,True,4.0,False
PQR-202606-06786,2026-06-02,2026-06,Demora en la entrega,Tienda física,Cali,Cerrado,1.3,37.2,True,5.0,False
PQR-202606-06787,2026-06-09,2026-06,Evento adverso reportado,Chat del sitio,Bogotá,Escalado,5.6,33.6,False,4.0,True
PQR-202606-06788,2026-06-24,2026-06,Demora en la entrega,WhatsApp,Bogotá,Cerrado,0.2,24.8,True,3.0,False
PQR-202606-06789,2026-06-11,2026-06,Faltante en el pedido,Instagram / redes,Medellín,Cerrado,5.9,10.5,False,3.0,False
PQR-202606-06790,2026-06-22,2026-06,Demora en la entrega,WhatsApp,Manizales,Cerrado,1.7,53.2,True,4.0,False
PQR-202606-06791,2026-06-11,2026-06,Camiseta personalizada pendiente,Instagram / redes,Bogotá,Escalado,2.9,37.8,True,5.0,True
PQR-202606-06792,2026-06-11,2026-06,Camiseta personalizada pendiente,Línea gratuita #590,Bucaramanga,Cerrado,6.6,74.9,False,3.0,False
PQR-202606-06793,2026-06-26,2026-06,Reclamo por precio o promoción,Chat del sitio,Cartagena,Cerrado,2.4,7.2,True,3.0,False
PQR-202606-06794,2026-06-20,2026-06,Solicitud de factura electrónica,WhatsApp,Bucaramanga,Cerrado,0.2,11.8,True,3.0,False
PQR-202606-06795,2026-06-01,2026-06,Evento adverso reportado,Correo electrónico,Bogotá,Cerrado,7.2,243.0,False,3.0,True
PQR-202606-06796,2026-06-25,2026-06,Demora en la entrega,Instagram / redes,Bucaramanga,Cerrado,0.9,18.0,True,4.0,False
PQR-202606-06797,2026-06-07,2026-06,Faltante en el pedido,Instagram / redes,Medellín,Cerrado,6.3,27.6,False,5.0,False
PQR-202606-06798,2026-06-23,2026-06,Faltante en el pedido,Línea gratuita #590,Pereira,Cerrado,2.3,23.5,True,4.0,False
PQR-202606-06799,2026-06-02,2026-06,Cambio o garantía,Chat del sitio,Cúcuta,Cerrado,1.8,31.9,True,5.0,False
PQR-202606-06800,2026-06-08,2026-06,Demora en la entrega,Tienda física,Cartagena,Cerrado,0.9,4.5,True,3.0,False
PQR-202606-06801,2026-06-25,2026-06,Reclamo por precio o promoción,Tienda física,Barranquilla,Cerrado,0.4,9.2,True,4.0,False
PQR-202606-06802,2026-06-09,2026-06,Contenido incompleto del envase,Línea gratuita #590,Bogotá,Cerrado,0.9,22.7,True,4.0,False
PQR-202606-06803,2026-06-03,2026-06,Duda sobre uso del producto,Instagram / redes,Bogotá,Cerrado,0.2,9.2,True,4.0,False
PQR-202606-06804,2026-06-21,2026-06,Solicitud de factura electrónica,Chat del sitio,Barranquilla,Cerrado,0.1,7.2,True,1.0,False
PQR-202606-06805,2026-06-04,2026-06,Demora en la entrega,WhatsApp,Medellín,Cerrado,1.4,25.8,True,3.0,False
PQR-202606-06806,2026-06-15,2026-06,Faltante en el pedido,Chat del sitio,Bogotá,Cerrado,1.3,28.6,True,3.0,False
PQR-202606-06807,2026-06-27,2026-06,Demora en la entrega,WhatsApp,Bucaramanga,Cerrado,0.1,1.1,True,4.0,False
PQR-202606-06808,2026-06-24,2026-06,Demora en la entrega,WhatsApp,Bogotá,Cerrado,2.9,15.6,True,4.0,False
PQR-202606-06809,2026-06-25,2026-06,Cambio o garantía,WhatsApp,Bogotá,Cerrado,2.3,4.5,True,4.0,False
PQR-202606-06810,2026-06-13,2026-06,Cambio o garantía,Línea gratuita #590,Bogotá,Cerrado,4.3,10.1,False,4.0,False
PQR-202606-06811,2026-06-13,2026-06,Evento adverso reportado,Instagram / redes,Bogotá,Escalado,0.9,203.9,True,4.0,True
PQR-202606-06812,2026-06-06,2026-06,Duda sobre uso del producto,WhatsApp,Bogotá,Cerrado,0.2,12.1,True,5.0,False
PQR-202606-06813,2026-06-02,2026-06,Producto averiado en transporte,Tienda física,Bogotá,Cerrado,0.5,72.1,True,2.0,False
PQR-202606-06814,2026-06-21,2026-06,Contenido incompleto del envase,WhatsApp,Cali,Cerrado,2.8,29.0,True,3.0,False
PQR-202606-06815,2026-06-16,2026-06,Faltante en el pedido,Línea gratuita #590,Cúcuta,Cerrado,2.5,34.2,True,3.0,False
PQR-202606-06816,2026-06-11,2026-06,Reclamo por precio o promoción,WhatsApp,Bogotá,Cerrado,1.9,32.5,True,4.0,False
PQR-202606-06817,2026-06-19,2026-06,Faltante en el pedido,WhatsApp,Barranquilla,Cerrado,0.2,40.6,True,3.0,False
PQR-202606-06818,2026-06-17,2026-06,Camiseta personalizada pendiente,Chat del sitio,Ibagué,Cerrado,4.9,25.8,False,3.0,False
PQR-202606-06819,2026-06-14,2026-06,Cambio o garantía,Instagram / redes,Cali,Cerrado,7.6,11.6,False,3.0,False
PQR-202606-06820,2026-06-06,2026-06,Demora en la entrega,WhatsApp,Cali,Cerrado,2.1,43.9,True,4.0,False
PQR-202606-06821,2026-06-17,2026-06,Duda sobre uso del producto,Correo electrónico,Cúcuta,Cerrado,2.4,5.3,True,5.0,False
PQR-202606-06822,2026-06-22,2026-06,Reclamo por precio o promoción,Chat del sitio,Pasto,Cerrado,1.6,31.8,True,3.0,False
PQR-202606-06823,2026-06-06,2026-06,Faltante en el pedido,Chat del sitio,Bogotá,Cerrado,1.3,117.4,True,2.0,False
PQR-202606-06824,2026-06-11,2026-06,Camiseta personalizada pendiente,Chat del sitio,Bogotá,Escalado,2.5,16.8,True,4.0,True
PQR-202606-06825,2026-06-07,2026-06,Producto averiado en transporte,Instagram / redes,Bogotá,Cerrado,1.9,40.5,True,4.0,False
PQR-202606-06826,2026-06-05,2026-06,Demora en la entrega,Tienda física,Cali,Cerrado,5.5,9.6,False,4.0,False
PQR-202606-06827,2026-06-16,2026-06,Contenido incompleto del envase,Correo electrónico,Armenia,Cerrado,6.3,39.8,False,5.0,False
PQR-202606-06828,2026-06-11,2026-06,Camiseta personalizada pendiente,Línea gratuita #590,Bogotá,Escalado,0.2,5.0,True,4.0,True
PQR-202606-06829,2026-06-07,2026-06,Solicitud de factura electrónica,Instagram / redes,Cúcuta,Cerrado,0.8,11.1,True,4.0,False
PQR-202606-06830,2026-06-04,2026-06,Faltante en el pedido,WhatsApp,Medellín,Cerrado,5.2,46.5,False,3.0,False
PQR-202606-06831,2026-06-09,2026-06,Camiseta personalizada pendiente,Chat del sitio,Bogotá,Cerrado,0.2,1.2,True,5.0,False
PQR-202606-06832,2026-06-23,2026-06,Faltante en el pedido,WhatsApp,Bogotá,Cerrado,0.5,4.3,True,2.0,False
PQR-202606-06833,2026-06-23,2026-06,Reclamo por precio o promoción,Chat del sitio,Villavicencio,Cerrado,0.3,24.8,True,4.0,False
PQR-202606-06834,2026-06-02,2026-06,Faltante en el pedido,Chat del sitio,Medellín,Cerrado,0.3,70.1,True,4.0,False
PQR-202606-06835,2026-06-15,2026-06,Demora en la entrega,Línea gratuita #590,Cúcuta,Cerrado,2.5,15.0,True,5.0,False
PQR-202606-06836,2026-06-02,2026-06,Faltante en el pedido,Línea gratuita #590,Cali,Cerrado,6.3,53.8,False,4.0,False
PQR-202606-06837,2026-06-27,2026-06,Demora en la entrega,WhatsApp,Cartagena,Cerrado,3.8,14.5,True,5.0,False
PQR-202606-06838,2026-06-05,2026-06,Producto averiado en transporte,Correo electrónico,Bogotá,Cerrado,23.2,40.0,False,3.0,False
PQR-202606-06839,2026-06-17,2026-06,Demora en la entrega,Línea gratuita #590,Medellín,Cerrado,0.6,1.6,True,3.0,False
PQR-202606-06840,2026-06-01,2026-06,Demora en la entrega,WhatsApp,Medellín,Cerrado,0.4,7.3,True,4.0,False
PQR-202606-06841,2026-06-25,2026-06,Faltante en el pedido,Tienda física,Bogotá,Cerrado,0.9,28.8,True,3.0,False
PQR-202606-06842,2026-06-20,2026-06,Camiseta personalizada pendiente,Chat del sitio,Pasto,Cerrado,0.8,23.2,True,5.0,False
PQR-202606-06843,2026-06-18,2026-06,Evento adverso reportado,Línea gratuita #590,Bogotá,Cerrado,2.1,52.2,True,3.0,True
PQR-202606-06844,2026-06-22,2026-06,Reclamo por precio o promoción,WhatsApp,Pereira,Cerrado,2.0,62.0,True,5.0,False
PQR-202606-06845,2026-06-21,2026-06,Evento adverso reportado,Instagram / redes,Medellín,Cerrado,5.1,95.0,False,3.0,True
PQR-202606-06846,2026-06-24,2026-06,Camiseta personalizada pendiente,WhatsApp,Santa Marta,Cerrado,2.0,19.9,True,4.0,False
PQR-202606-06847,2026-06-12,2026-06,Reclamo por precio o promoción,Línea gratuita #590,Barranquilla,Cerrado,0.4,27.1,True,5.0,False
PQR-202606-06848,2026-06-25,2026-06,Demora en la entrega,Chat del sitio,Bogotá,Cerrado,0.8,17.0,True,3.0,False
PQR-202606-06849,2026-06-11,2026-06,Demora en la entrega,WhatsApp,Barranquilla,Cerrado,1.3,2.5,True,3.0,False
PQR-202606-06850,2026-06-13,2026-06,Camiseta personalizada pendiente,Correo electrónico,Santa Marta,Escalado,27.9,66.5,False,3.0,True
PQR-202606-06851,2026-06-27,2026-06,Contenido incompleto del envase,Chat del sitio,Villavicencio,Cerrado,5.8,6.8,False,5.0,False
PQR-202606-06852,2026-06-03,2026-06,Solicitud de factura electrónica,Tienda física,Bogotá,Cerrado,1.8,9.4,True,4.0,False
PQR-202606-06853,2026-06-22,2026-06,Demora en la entrega,Línea gratuita #590,Medellín,Cerrado,0.8,86.1,True,4.0,False
PQR-202606-06854,2026-06-24,2026-06,Demora en la entrega,WhatsApp,Medellín,Cerrado,0.6,10.9,True,4.0,False
PQR-202606-06855,2026-06-16,2026-06,Demora en la entrega,Instagram / redes,Cúcuta,Cerrado,15.6,22.0,False,4.0,False
PQR-202606-06856,2026-06-07,2026-06,Duda sobre uso del producto,Instagram / redes,Bogotá,Cerrado,1.3,2.3,True,2.0,False
PQR-202606-06857,2026-06-03,2026-06,Faltante en el pedido,WhatsApp,Medellín,Cerrado,4.4,5.4,False,5.0,False
PQR-202606-06858,2026-06-07,2026-06,Reclamo por precio o promoción,Correo electrónico,Cali,Cerrado,6.3,9.3,False,4.0,False
PQR-202606-06859,2026-06-11,2026-06,Cambio o garantía,WhatsApp,Cali,Cerrado,0.4,6.5,True,4.0,False
PQR-202606-06860,2026-06-11,2026-06,Faltante en el pedido,WhatsApp,Bogotá,Cerrado,2.0,92.3,True,4.0,False
PQR-202606-06861,2026-06-26,2026-06,Contenido incompleto del envase,Tienda física,Bogotá,Escalado,3.7,5.0,True,4.0,True
PQR-202606-06862,2026-06-23,2026-06,Demora en la entrega,Tienda física,Bogotá,Cerrado,0.1,11.8,True,4.0,False
PQR-202606-06863,2026-06-22,2026-06,Faltante en el pedido,Línea gratuita #590,Neiva,Cerrado,2.1,21.9,True,2.0,False
PQR-202606-06864,2026-06-13,2026-06,Cambio o garantía,WhatsApp,Medellín,Cerrado,1.3,2.8,True,3.0,False
PQR-202606-06865,2026-06-19,2026-06,Demora en la entrega,WhatsApp,Pereira,Cerrado,0.2,29.1,True,3.0,False
PQR-202606-06866,2026-06-02,2026-06,Faltante en el pedido,Línea gratuita #590,Medellín,Cerrado,0.9,19.4,True,3.0,False
PQR-202606-06867,2026-06-22,2026-06,Solicitud de factura electrónica,Chat del sitio,Bogotá,Cerrado,2.0,24.4,True,4.0,False
PQR-202606-06868,2026-06-07,2026-06,Faltante en el pedido,WhatsApp,Bucaramanga,Cerrado,4.7,14.0,False,4.0,False
PQR-202606-06869,2026-06-02,2026-06,Demora en la entrega,WhatsApp,Bogotá,Cerrado,0.7,15.3,True,5.0,False
PQR-202606-06870,2026-06-09,2026-06,Reclamo por precio o promoción,WhatsApp,Cali,Cerrado,0.1,17.3,True,4.0,False
PQR-202606-06871,2026-06-07,2026-06,Faltante en el pedido,Correo electrónico,Bucaramanga,Cerrado,43.1,59.4,False,3.0,False
PQR-202606-06872,2026-06-16,2026-06,Faltante en el pedido,Instagram / redes,Manizales,Cerrado,5.8,6.8,False,3.0,False
PQR-202606-06873,2026-06-04,2026-06,Faltante en el pedido,Instagram / redes,Bogotá,Cerrado,0.9,68.8,True,4.0,False
PQR-202606-06874,2026-06-02,2026-06,Demora en la entrega,WhatsApp,Barranquilla,Cerrado,1.7,17.8,True,3.0,False
PQR-202606-06875,2026-06-04,2026-06,Producto averiado en transporte,WhatsApp,Manizales,Cerrado,0.2,8.4,True,4.0,False
PQR-202606-06876,2026-06-13,2026-06,Camiseta personalizada pendiente,WhatsApp,Bogotá,Cerrado,5.6,11.8,False,3.0,False
PQR-202606-06877,2026-06-23,2026-06,Reclamo por precio o promoción,Línea gratuita #590,Bogotá,Cerrado,3.0,7.1,True,5.0,False
PQR-202606-06878,2026-06-12,2026-06,Producto averiado en transporte,WhatsApp,Bogotá,Cerrado,1.0,10.9,True,4.0,False
PQR-202606-06879,2026-06-18,2026-06,Producto averiado en transporte,WhatsApp,Manizales,Cerrado,0.5,8.4,True,3.0,False
PQR-202606-06880,2026-06-27,2026-06,Duda sobre uso del producto,WhatsApp,Barranquilla,Cerrado,0.2,12.5,True,3.0,False
PQR-202606-06881,2026-06-08,2026-06,Solicitud de factura electrónica,Tienda física,Cali,Cerrado,0.2,3.0,True,5.0,False
PQR-202606-06882,2026-06-15,2026-06,Camiseta personalizada pendiente,Línea gratuita #590,Medellín,Escalado,3.8,25.3,True,3.0,True
PQR-202606-06883,2026-06-25,2026-06,Contenido incompleto del envase,Chat del sitio,Bucaramanga,Escalado,6.2,68.4,False,2.0,True
PQR-202606-06884,2026-06-14,2026-06,Camiseta personalizada pendiente,Línea gratuita #590,Barranquilla,Cerrado,1.6,11.4,True,4.0,False
PQR-202606-06885,2026-06-04,2026-06,Camiseta personalizada pendiente,WhatsApp,Cúcuta,Escalado,3.5,18.7,True,4.0,True
PQR-202606-06886,2026-06-09,2026-06,Demora en la entrega,WhatsApp,Medellín,Cerrado,2.9,20.0,True,4.0,False
PQR-202606-06887,2026-06-23,2026-06,Demora en la entrega,Línea gratuita #590,Bogotá,Cerrado,8.5,98.4,False,2.0,False
PQR-202606-06888,2026-06-10,2026-06,Camiseta personalizada pendiente,Línea gratuita #590,Cali,Cerrado,3.0,99.2,True,3.0,False
PQR-202606-06889,2026-06-10,2026-06,Reclamo por precio o promoción,WhatsApp,Manizales,Cerrado,0.4,4.8,True,4.0,False
PQR-202606-06890,2026-06-25,2026-06,Demora en la entrega,Línea gratuita #590,Pereira,Cerrado,0.5,60.2,True,1.0,False
PQR-202606-06891,2026-06-20,2026-06,Producto averiado en transporte,WhatsApp,Pasto,Cerrado,2.9,9.3,True,4.0,False
PQR-202606-06892,2026-06-08,2026-06,Producto averiado en transporte,WhatsApp,Medellín,Cerrado,2.9,31.6,True,4.0,False
PQR-202606-06893,2026-06-08,2026-06,Camiseta personalizada pendiente,Línea gratuita #590,Cali,Escalado,4.6,7.1,False,4.0,True
PQR-202606-06894,2026-06-23,2026-06,Camiseta personalizada pendiente,Tienda física,Bogotá,Escalado,2.7,37.0,True,4.0,True
PQR-202606-06895,2026-06-26,2026-06,Demora en la entrega,WhatsApp,Cali,Cerrado,3.9,16.5,True,4.0,False
PQR-202606-06896,2026-06-18,2026-06,Reclamo por precio o promoción,Línea gratuita #590,Bogotá,Cerrado,4.4,77.0,False,2.0,False
PQR-202606-06897,2026-06-20,2026-06,Cambio o garantía,Chat del sitio,Bogotá,Cerrado,3.3,18.4,True,4.0,False
PQR-202606-06898,2026-06-15,2026-06,Faltante en el pedido,Línea gratuita #590,Bogotá,Cerrado,1.4,48.7,True,4.0,False
PQR-202606-06899,2026-06-19,2026-06,Demora en la entrega,Línea gratuita #590,Cartagena,Cerrado,0.6,13.3,True,4.0,False
PQR-202606-06900,2026-06-07,2026-06,Evento adverso reportado,WhatsApp,Cali,Escalado,1.1,68.8,True,2.0,True
PQR-202606-06901,2026-06-13,2026-06,Faltante en el pedido,Instagram / redes,Cartagena,Cerrado,20.2,70.5,False,3.0,False
PQR-202606-06902,2026-06-27,2026-06,Solicitud de factura electrónica,Tienda física,Barranquilla,Cerrado,5.8,21.9,False,3.0,False
PQR-202606-06903,2026-06-20,2026-06,Camiseta personalizada pendiente,WhatsApp,Bogotá,Escalado,1.0,31.4,True,4.0,True
PQR-202606-06904,2026-06-02,2026-06,Solicitud de factura electrónica,WhatsApp,Medellín,Cerrado,1.0,37.6,True,4.0,False
PQR-202606-06905,2026-06-27,2026-06,Demora en la entrega,WhatsApp,Pasto,Cerrado,1.4,24.7,True,3.0,False
PQR-202606-06906,2026-06-09,2026-06,Producto averiado en transporte,WhatsApp,Bucaramanga,Cerrado,2.0,10.4,True,3.0,False
PQR-202606-06907,2026-06-26,2026-06,Solicitud de factura electrónica,WhatsApp,Bogotá,Cerrado,0.7,9.0,True,4.0,False
PQR-202606-06908,2026-06-04,2026-06,Camiseta personalizada pendiente,Línea gratuita #590,Bogotá,Escalado,0.1,10.6,True,3.0,True
PQR-202606-06909,2026-06-16,2026-06,Camiseta personalizada pendiente,WhatsApp,Medellín,Cerrado,1.9,26.1,True,4.0,False
PQR-202606-06910,2026-06-09,2026-06,Camiseta personalizada pendiente,Línea gratuita #590,Bogotá,Escalado,2.5,21.4,True,4.0,True
PQR-202606-06911,2026-06-07,2026-06,Faltante en el pedido,WhatsApp,Medellín,Cerrado,7.0,41.6,False,4.0,False
PQR-202606-06912,2026-06-12,2026-06,Contenido incompleto del envase,WhatsApp,Bucaramanga,Escalado,2.3,143.5,True,3.0,True
PQR-202606-06913,2026-06-09,2026-06,Cambio o garantía,Instagram / redes,Cartagena,Cerrado,4.9,40.4,False,3.0,False
PQR-202606-06914,2026-06-14,2026-06,Solicitud de factura electrónica,Línea gratuita #590,Bucaramanga,Cerrado,0.5,25.1,True,4.0,False
PQR-202606-06915,2026-06-25,2026-06,Cambio o garantía,Chat del sitio,Bucaramanga,Cerrado,1.3,98.0,True,3.0,False
PQR-202606-06916,2026-06-12,2026-06,Demora en la entrega,Chat del sitio,Bogotá,Cerrado,3.0,10.9,True,4.0,False
PQR-202606-06917,2026-06-12,2026-06,Demora en la entrega,Línea gratuita #590,Medellín,Cerrado,2.9,7.7,True,5.0,False
PQR-202606-06918,2026-06-15,2026-06,Demora en la entrega,Chat del sitio,Bogotá,Cerrado,0.4,17.1,True,3.0,False
PQR-202606-06919,2026-06-19,2026-06,Duda sobre uso del producto,Chat del sitio,Bogotá,Cerrado,0.1,8.9,True,4.0,False
PQR-202606-06920,2026-06-01,2026-06,Demora en la entrega,Chat del sitio,Bogotá,Cerrado,0.1,31.1,True,3.0,False
PQR-202606-06921,2026-06-21,2026-06,Faltante en el pedido,WhatsApp,Barranquilla,Cerrado,2.8,111.3,True,3.0,False
PQR-202606-06922,2026-06-25,2026-06,Evento adverso reportado,Chat del sitio,Barranquilla,Escalado,0.1,150.0,True,4.0,True
PQR-202606-06923,2026-06-04,2026-06,Demora en la entrega,WhatsApp,Cúcuta,Cerrado,0.5,12.0,True,4.0,False
PQR-202606-06924,2026-06-13,2026-06,Cambio o garantía,Tienda física,Bogotá,Cerrado,13.6,30.8,False,4.0,False
PQR-202606-06925,2026-06-01,2026-06,Camiseta personalizada pendiente,Chat del sitio,Villavicencio,Cerrado,0.1,3.5,True,4.0,False
PQR-202606-06926,2026-06-20,2026-06,Solicitud de factura electrónica,WhatsApp,Medellín,Cerrado,0.8,21.4,True,3.0,False
PQR-202606-06927,2026-06-17,2026-06,Camiseta personalizada pendiente,Instagram / redes,Cali,Escalado,5.9,95.7,False,3.0,True
PQR-202606-06928,2026-06-08,2026-06,Camiseta personalizada pendiente,WhatsApp,Bucaramanga,Cerrado,1.5,61.6,True,4.0,False
PQR-202606-06929,2026-06-16,2026-06,Demora en la entrega,WhatsApp,Pereira,Cerrado,0.3,88.7,True,1.0,False
PQR-202606-06930,2026-06-26,2026-06,Camiseta personalizada pendiente,Chat del sitio,Bogotá,Escalado,5.7,98.1,False,2.0,True
PQR-202606-06931,2026-06-09,2026-06,Solicitud de factura electrónica,WhatsApp,Bogotá,Cerrado,0.7,19.7,True,4.0,False
PQR-202606-06932,2026-06-01,2026-06,Faltante en el pedido,WhatsApp,Medellín,Cerrado,0.5,1.5,True,5.0,False
PQR-202606-06933,2026-06-26,2026-06,Producto averiado en transporte,Correo electrónico,Medellín,Cerrado,0.3,27.9,True,4.0,False
PQR-202606-06934,2026-06-25,2026-06,Evento adverso reportado,Línea gratuita #590,Cali,Cerrado,0.9,185.2,True,3.0,True
PQR-202606-06935,2026-06-02,2026-06,Faltante en el pedido,WhatsApp,Bogotá,Cerrado,2.0,5.7,True,5.0,False
PQR-202606-06936,2026-06-03,2026-06,Duda sobre uso del producto,Correo electrónico,Manizales,Cerrado,0.3,15.3,True,5.0,False
PQR-202606-06937,2026-06-09,2026-06,Faltante en el pedido,Chat del sitio,Cali,Cerrado,2.6,78.1,True,2.0,False
PQR-202606-06938,2026-06-04,2026-06,Faltante en el pedido,Tienda física,Medellín,Cerrado,3.4,20.1,True,4.0,False
PQR-202606-06939,2026-06-19,2026-06,Contenido incompleto del envase,WhatsApp,Medellín,Escalado,2.4,33.9,True,5.0,True
PQR-202606-06940,2026-06-27,2026-06,Producto averiado en transporte,Tienda física,Bogotá,Cerrado,1.3,14.4,True,3.0,False
PQR-202606-06941,2026-06-17,2026-06,Cambio o garantía,WhatsApp,Medellín,Cerrado,3.5,131.7,True,3.0,False
PQR-202606-06942,2026-06-22,2026-06,Faltante en el pedido,Correo electrónico,Pereira,Cerrado,1.6,15.2,True,3.0,False
PQR-202606-06943,2026-06-05,2026-06,Faltante en el pedido,Línea gratuita #590,Santa Marta,Cerrado,1.4,61.1,True,4.0,False
PQR-202606-06944,2026-06-20,2026-06,Faltante en el pedido,WhatsApp,Bogotá,Cerrado,8.8,20.2,False,4.0,False
PQR-202606-06945,2026-06-06,2026-06,Faltante en el pedido,Instagram / redes,Cali,Cerrado,3.7,173.3,True,3.0,False
PQR-202606-06946,2026-06-20,2026-06,Faltante en el pedido,WhatsApp,Barranquilla,Cerrado,1.3,8.0,True,3.0,False
PQR-202606-06947,2026-06-24,2026-06,Demora en la entrega,Chat del sitio,Villavicencio,Cerrado,0.7,60.7,True,5.0,False
PQR-202606-06948,2026-06-05,2026-06,Reclamo por precio o promoción,WhatsApp,Santa Marta,Cerrado,0.1,17.9,True,3.0,False
PQR-202606-06949,2026-06-02,2026-06,Demora en la entrega,Chat del sitio,Cali,Cerrado,1.5,65.9,True,4.0,False
PQR-202606-06950,2026-06-09,2026-06,Solicitud de factura electrónica,Tienda física,Medellín,Cerrado,2.5,13.2,True,4.0,False
PQR-202606-06951,2026-06-12,2026-06,Duda sobre uso del producto,Tienda física,Medellín,Cerrado,1.3,3.1,True,4.0,False
PQR-202606-06952,2026-06-26,2026-06,Camiseta personalizada pendiente,Instagram / redes,Bogotá,Escalado,4.9,20.2,False,4.0,True
PQR-202606-06953,2026-06-16,2026-06,Producto averiado en transporte,Línea gratuita #590,Armenia,Cerrado,2.5,27.4,True,4.0,False
PQR-202606-06954,2026-06-22,2026-06,Faltante en el pedido,WhatsApp,Medellín,Cerrado,0.1,87.8,True,3.0,False
PQR-202606-06955,2026-06-18,2026-06,Demora en la entrega,WhatsApp,Pereira,Cerrado,2.4,29.3,True,5.0,False
PQR-202606-06956,2026-06-13,2026-06,Demora en la entrega,Chat del sitio,Barranquilla,Cerrado,0.1,23.8,True,5.0,False
PQR-202606-06957,2026-06-14,2026-06,Producto averiado en transporte,Chat del sitio,Pereira,Cerrado,0.9,56.8,True,4.0,False
PQR-202606-06958,2026-06-17,2026-06,Contenido incompleto del envase,Chat del sitio,Cali,Cerrado,0.2,59.4,True,3.0,False
PQR-202606-06959,2026-06-16,2026-06,Demora en la entrega,Chat del sitio,Bogotá,Cerrado,0.1,5.8,True,3.0,False
PQR-202606-06960,2026-06-07,2026-06,Faltante en el pedido,Instagram / redes,Cartagena,Cerrado,0.1,44.6,True,3.0,False
PQR-202606-06961,2026-06-27,2026-06,Faltante en el pedido,Correo electrónico,Bogotá,Cerrado,8.3,10.1,False,3.0,False
PQR-202606-06962,2026-06-03,2026-06,Reclamo por precio o promoción,Línea gratuita #590,Medellín,Cerrado,0.1,27.2,True,4.0,False
PQR-202606-06963,2026-06-16,2026-06,Demora en la entrega,Línea gratuita #590,Bucaramanga,Cerrado,0.5,8.4,True,4.0,False
PQR-202606-06964,2026-06-04,2026-06,Camiseta personalizada pendiente,WhatsApp,Barranquilla,Cerrado,0.1,31.8,True,2.0,False
PQR-202606-06965,2026-06-27,2026-06,Producto averiado en transporte,Tienda física,Bogotá,Cerrado,3.1,7.0,True,5.0,False
PQR-202606-06966,2026-06-01,2026-06,Faltante en el pedido,WhatsApp,Medellín,Cerrado,1.8,74.7,True,3.0,False
PQR-202606-06967,2026-06-21,2026-06,Reclamo por precio o promoción,WhatsApp,Bogotá,Cerrado,0.1,3.2,True,5.0,False
PQR-202606-06968,2026-06-20,2026-06,Faltante en el pedido,Chat del sitio,Medellín,Cerrado,0.6,78.7,True,4.0,False
PQR-202606-06969,2026-06-09,2026-06,Faltante en el pedido,WhatsApp,Medellín,Cerrado,2.8,117.8,True,2.0,False
PQR-202606-06970,2026-06-27,2026-06,Contenido incompleto del envase,Chat del sitio,Bogotá,Escalado,3.2,47.0,True,5.0,True
PQR-202606-06971,2026-06-01,2026-06,Evento adverso reportado,WhatsApp,Barranquilla,Escalado,1.9,146.6,True,2.0,True
PQR-202606-06972,2026-06-18,2026-06,Faltante en el pedido,Correo electrónico,Medellín,Cerrado,11.9,62.3,False,3.0,False
PQR-202606-06973,2026-06-12,2026-06,Demora en la entrega,Instagram / redes,Cali,Cerrado,6.9,61.2,False,3.0,False
PQR-202606-06974,2026-06-06,2026-06,Cambio o garantía,Línea gratuita #590,Cali,Cerrado,2.5,4.6,True,3.0,False
PQR-202606-06975,2026-06-13,2026-06,Faltante en el pedido,WhatsApp,Medellín,Cerrado,0.2,8.7,True,3.0,False
PQR-202606-06976,2026-06-03,2026-06,Faltante en el pedido,WhatsApp,Bogotá,Cerrado,8.0,87.7,False,3.0,False
PQR-202606-06977,2026-06-03,2026-06,Cambio o garantía,WhatsApp,Bogotá,Cerrado,0.4,39.6,True,4.0,False
PQR-202606-06978,2026-06-27,2026-06,Producto averiado en transporte,WhatsApp,Medellín,Cerrado,0.4,31.4,True,4.0,False
PQR-202606-06979,2026-06-23,2026-06,Evento adverso reportado,WhatsApp,Cali,Cerrado,0.9,12.7,True,4.0,True
PQR-202606-06980,2026-06-08,2026-06,Faltante en el pedido,Tienda física,Medellín,Cerrado,4.3,11.4,False,3.0,False
PQR-202606-06981,2026-06-03,2026-06,Producto averiado en transporte,WhatsApp,Bogotá,Cerrado,1.8,4.0,True,4.0,False
PQR-202606-06982,2026-06-26,2026-06,Faltante en el pedido,Tienda física,Villavicencio,Cerrado,17.9,22.0,False,5.0,False
PQR-202606-06983,2026-06-05,2026-06,Contenido incompleto del envase,Instagram / redes,Bogotá,Cerrado,3.5,17.2,True,4.0,False
PQR-202606-06984,2026-06-19,2026-06,Faltante en el pedido,WhatsApp,Medellín,Cerrado,1.4,4.3,True,3.0,False
PQR-202606-06985,2026-06-06,2026-06,Demora en la entrega,Instagram / redes,Medellín,Cerrado,12.2,18.7,False,5.0,False
PQR-202606-06986,2026-06-06,2026-06,Demora en la entrega,Línea gratuita #590,Bogotá,Cerrado,0.7,10.1,True,4.0,False
PQR-202606-06987,2026-06-05,2026-06,Demora en la entrega,Tienda física,Medellín,Cerrado,5.9,22.3,False,3.0,False
PQR-202606-06988,2026-06-21,2026-06,Reclamo por precio o promoción,WhatsApp,Pasto,Cerrado,0.3,20.1,True,4.0,False
PQR-202606-06989,2026-06-14,2026-06,Contenido incompleto del envase,Instagram / redes,Medellín,Cerrado,3.0,9.7,True,4.0,False
PQR-202606-06990,2026-06-18,2026-06,Producto averiado en transporte,WhatsApp,Bogotá,Cerrado,1.5,52.0,True,4.0,False
PQR-202606-06991,2026-06-19,2026-06,Demora en la entrega,Instagram / redes,Bogotá,Cerrado,2.4,25.5,True,4.0,False
PQR-202606-06992,2026-06-14,2026-06,Faltante en el pedido,Correo electrónico,Cali,Cerrado,1.1,32.5,True,4.0,False
PQR-202606-06993,2026-06-25,2026-06,Contenido incompleto del envase,Instagram / redes,Bogotá,Escalado,14.9,16.0,False,3.0,True
PQR-202606-06994,2026-06-12,2026-06,Producto averiado en transporte,Correo electrónico,Cali,Cerrado,4.9,74.6,False,3.0,False
PQR-202606-06995,2026-06-18,2026-06,Camiseta personalizada pendiente,Chat del sitio,Ibagué,Escalado,1.4,72.3,True,1.0,True
PQR-202606-06996,2026-06-16,2026-06,Demora en la entrega,Línea gratuita #590,Armenia,Cerrado,3.6,100.0,True,2.0,False
PQR-202606-06997,2026-06-13,2026-06,Faltante en el pedido,Correo electrónico,Cúcuta,Cerrado,0.6,23.1,True,4.0,False
PQR-202606-06998,2026-06-17,2026-06,Faltante en el pedido,WhatsApp,Cali,Cerrado,0.7,117.0,True,3.0,False
PQR-202606-06999,2026-06-16,2026-06,Demora en la entrega,WhatsApp,Cali,Cerrado,2.0,80.5,True,3.0,False
PQR-202606-07000,2026-06-26,2026-06,Producto averiado en transporte,WhatsApp,Cali,Cerrado,1.5,12.0,True,3.0,False
PQR-202606-07001,2026-06-26,2026-06,Demora en la entrega,Chat del sitio,Cali,Cerrado,1.4,26.8,True,3.0,False
PQR-202606-07002,2026-06-03,2026-06,Faltante en el pedido,Instagram / redes,Medellín,Cerrado,1.7,54.1,True,3.0,False
PQR-202606-07003,2026-06-24,2026-06,Evento adverso reportado,Chat del sitio,Ibagué,Escalado,3.4,47.2,True,5.0,True
PQR-202606-07004,2026-06-14,2026-06,Duda sobre uso del producto,Tienda física,Medellín,Cerrado,0.5,4.4,True,4.0,False
PQR-202606-07005,2026-06-09,2026-06,Producto averiado en transporte,WhatsApp,Bogotá,Cerrado,4.1,16.9,False,4.0,False
PQR-202606-07006,2026-06-07,2026-06,Camiseta personalizada pendiente,WhatsApp,Medellín,Cerrado,0.6,52.6,True,3.0,False
PQR-202606-07007,2026-06-13,2026-06,Demora en la entrega,Tienda física,Bogotá,Cerrado,10.7,33.2,False,3.0,False
PQR-202606-07008,2026-06-07,2026-06,Demora en la entrega,WhatsApp,Pasto,Cerrado,0.4,54.9,True,2.0,False
PQR-202606-07009,2026-06-21,2026-06,Demora en la entrega,Instagram / redes,Cali,Cerrado,20.6,95.2,False,2.0,False
PQR-202606-07010,2026-06-03,2026-06,Reclamo por precio o promoción,Chat del sitio,Pereira,Cerrado,0.8,8.9,True,5.0,False
PQR-202606-07011,2026-06-04,2026-06,Camiseta personalizada pendiente,WhatsApp,Medellín,Escalado,0.1,51.5,True,5.0,True
PQR-202606-07012,2026-06-01,2026-06,Evento adverso reportado,Línea gratuita #590,Cartagena,Escalado,0.9,14.1,True,4.0,True
PQR-202606-07013,2026-06-18,2026-06,Solicitud de factura electrónica,Tienda física,Medellín,Cerrado,8.9,14.6,False,4.0,False
PQR-202606-07014,2026-06-01,2026-06,Demora en la entrega,WhatsApp,Pereira,Cerrado,0.3,61.8,True,4.0,False
PQR-202606-07015,2026-06-23,2026-06,Evento adverso reportado,Instagram / redes,Medellín,Escalado,0.1,31.6,True,4.0,True
PQR-202606-07016,2026-06-14,2026-06,Producto averiado en transporte,WhatsApp,Bogotá,Cerrado,1.6,9.0,True,2.0,False
PQR-202606-07017,2026-06-22,2026-06,Contenido incompleto del envase,WhatsApp,Bogotá,Cerrado,2.4,120.5,True,2.0,False
PQR-202606-07018,2026-06-06,2026-06,Camiseta personalizada pendiente,Línea gratuita #590,Bogotá,Escalado,3.1,48.2,True,4.0,True
PQR-202606-07019,2026-06-12,2026-06,Duda sobre uso del producto,WhatsApp,Bogotá,Cerrado,0.1,15.3,True,4.0,False
PQR-202606-07020,2026-06-19,2026-06,Camiseta personalizada pendiente,Tienda física,Bogotá,Escalado,4.6,85.9,False,4.0,True
PQR-202606-07021,2026-06-08,2026-06,Reclamo por precio o promoción,WhatsApp,Bogotá,Cerrado,1.2,12.2,True,3.0,False
PQR-202606-07022,2026-06-03,2026-06,Contenido incompleto del envase,Línea gratuita #590,Bucaramanga,Cerrado,3.0,217.7,True,2.0,False
PQR-202606-07023,2026-06-14,2026-06,Demora en la entrega,Tienda física,Neiva,Cerrado,0.8,103.2,True,3.0,False
PQR-202606-07024,2026-06-05,2026-06,Cambio o garantía,Chat del sitio,Cali,Cerrado,1.1,11.4,True,4.0,False
PQR-202606-07025,2026-06-24,2026-06,Faltante en el pedido,Chat del sitio,Cali,Cerrado,1.5,67.7,True,5.0,False
PQR-202606-07026,2026-06-13,2026-06,Faltante en el pedido,Instagram / redes,Neiva,Cerrado,2.6,8.8,True,5.0,False
PQR-202606-07027,2026-06-27,2026-06,Evento adverso reportado,WhatsApp,Bucaramanga,Cerrado,1.9,7.5,True,3.0,True
PQR-202606-07028,2026-06-06,2026-06,Demora en la entrega,Línea gratuita #590,Bogotá,Cerrado,1.2,29.2,True,5.0,False
PQR-202606-07029,2026-06-17,2026-06,Camiseta personalizada pendiente,Línea gratuita #590,Cartagena,Escalado,9.5,28.2,False,3.0,True
PQR-202606-07030,2026-06-08,2026-06,Evento adverso reportado,WhatsApp,Bogotá,Cerrado,1.6,4.3,True,5.0,True
PQR-202606-07031,2026-06-24,2026-06,Demora en la entrega,Tienda física,Bogotá,Cerrado,5.2,42.1,False,4.0,False
PQR-202606-07032,2026-06-27,2026-06,Evento adverso reportado,Tienda física,Barranquilla,Cerrado,13.8,112.5,False,4.0,True
PQR-202606-07033,2026-06-17,2026-06,Solicitud de factura electrónica,WhatsApp,Medellín,Cerrado,3.0,20.2,True,4.0,False
PQR-202606-07034,2026-06-02,2026-06,Evento adverso reportado,Tienda física,Cali,Cerrado,7.4,79.5,False,3.0,True
PQR-202606-07035,2026-06-03,2026-06,Reclamo por precio o promoción,Instagram / redes,Medellín,Cerrado,1.5,6.6,True,3.0,False
PQR-202606-07036,2026-06-18,2026-06,Camiseta personalizada pendiente,Chat del sitio,Neiva,Escalado,0.3,27.4,True,5.0,True
PQR-202606-07037,2026-06-23,2026-06,Camiseta personalizada pendiente,Tienda física,Bogotá,Cerrado,1.2,72.2,True,3.0,False
PQR-202606-07038,2026-06-10,2026-06,Solicitud de factura electrónica,WhatsApp,Medellín,Cerrado,1.0,14.8,True,2.0,False
PQR-202606-07039,2026-06-21,2026-06,Camiseta personalizada pendiente,WhatsApp,Bogotá,Cerrado,0.4,3.5,True,5.0,False
PQR-202606-07040,2026-06-02,2026-06,Faltante en el pedido,WhatsApp,Barranquilla,Cerrado,0.2,11.2,True,3.0,False
PQR-202606-07041,2026-06-20,2026-06,Demora en la entrega,Línea gratuita #590,Bucaramanga,Cerrado,0.5,9.3,True,2.0,False
PQR-202606-07042,2026-06-09,2026-06,Camiseta personalizada pendiente,Línea gratuita #590,Bogotá,Escalado,6.7,16.7,False,4.0,True
PQR-202606-07043,2026-06-09,2026-06,Demora en la entrega,Chat del sitio,Manizales,Cerrado,1.3,10.6,True,4.0,False
PQR-202606-07044,2026-06-04,2026-06,Faltante en el pedido,Instagram / redes,Bucaramanga,Cerrado,0.9,11.3,True,4.0,False
PQR-202606-07045,2026-06-17,2026-06,Duda sobre uso del producto,Tienda física,Medellín,Cerrado,0.6,5.4,True,5.0,False
PQR-202606-07046,2026-06-07,2026-06,Faltante en el pedido,WhatsApp,Bucaramanga,Cerrado,2.9,4.7,True,5.0,False
PQR-202606-07047,2026-06-20,2026-06,Camiseta personalizada pendiente,WhatsApp,Manizales,Escalado,0.8,106.4,True,3.0,True
PQR-202606-07048,2026-06-12,2026-06,Producto averiado en transporte,Chat del sitio,Medellín,Cerrado,0.5,20.3,True,4.0,False
PQR-202606-07049,2026-06-04,2026-06,Reclamo por precio o promoción,WhatsApp,Bogotá,Cerrado,1.0,5.6,True,5.0,False
PQR-202606-07050,2026-06-11,2026-06,Demora en la entrega,Correo electrónico,Bogotá,Cerrado,12.8,20.9,False,4.0,False
PQR-202606-07051,2026-06-12,2026-06,Solicitud de factura electrónica,Línea gratuita #590,Pasto,Cerrado,0.1,6.1,True,3.0,False
PQR-202606-07052,2026-06-05,2026-06,Cambio o garantía,WhatsApp,Barranquilla,Cerrado,6.4,75.7,False,3.0,False
PQR-202606-07053,2026-06-18,2026-06,Producto averiado en transporte,WhatsApp,Cali,Cerrado,0.3,18.1,True,3.0,False
PQR-202606-07054,2026-06-24,2026-06,Reclamo por precio o promoción,Chat del sitio,Medellín,Cerrado,0.6,15.8,True,4.0,False
PQR-202606-07055,2026-06-21,2026-06,Demora en la entrega,WhatsApp,Bucaramanga,Cerrado,1.9,115.4,True,4.0,False
PQR-202606-07056,2026-06-26,2026-06,Camiseta personalizada pendiente,WhatsApp,Santa Marta,Cerrado,0.1,1.1,True,2.0,False
PQR-202606-07057,2026-06-01,2026-06,Camiseta personalizada pendiente,WhatsApp,Bogotá,Cerrado,3.4,52.2,True,3.0,False
PQR-202606-07058,2026-06-04,2026-06,Demora en la entrega,WhatsApp,Ibagué,Cerrado,3.4,24.1,True,4.0,False
PQR-202606-07059,2026-06-17,2026-06,Faltante en el pedido,WhatsApp,Cali,Cerrado,0.7,3.2,True,4.0,False
PQR-202606-07060,2026-06-07,2026-06,Camiseta personalizada pendiente,Chat del sitio,Bogotá,Cerrado,0.1,17.5,True,3.0,False
PQR-202606-07061,2026-06-01,2026-06,Contenido incompleto del envase,Tienda física,Armenia,Escalado,0.9,13.9,True,3.0,True
PQR-202606-07062,2026-06-08,2026-06,Reclamo por precio o promoción,WhatsApp,Santa Marta,Cerrado,2.6,11.6,True,5.0,False
PQR-202606-07063,2026-06-18,2026-06,Contenido incompleto del envase,Línea gratuita #590,Cali,Cerrado,0.1,129.6,True,2.0,False
PQR-202606-07064,2026-06-01,2026-06,Demora en la entrega,Línea gratuita #590,Bogotá,Cerrado,1.2,4.1,True,5.0,False
PQR-202606-07065,2026-06-02,2026-06,Faltante en el pedido,WhatsApp,Pereira,Cerrado,0.2,1.2,True,5.0,False
PQR-202606-07066,2026-06-13,2026-06,Demora en la entrega,Instagram / redes,Bogotá,Cerrado,1.8,14.4,True,4.0,False
PQR-202606-07067,2026-06-22,2026-06,Cambio o garantía,WhatsApp,Villavicencio,Cerrado,0.7,19.7,True,4.0,False
PQR-202606-07068,2026-06-27,2026-06,Contenido incompleto del envase,Línea gratuita #590,Medellín,Cerrado,1.2,29.7,True,4.0,False
PQR-202606-07069,2026-06-09,2026-06,Demora en la entrega,Línea gratuita #590,Medellín,Cerrado,2.6,11.5,True,4.0,False
PQR-202606-07070,2026-06-26,2026-06,Cambio o garantía,WhatsApp,Cartagena,Cerrado,1.5,30.0,True,3.0,False
PQR-202606-07071,2026-06-10,2026-06,Faltante en el pedido,Línea gratuita #590,Cali,Cerrado,0.7,40.9,True,5.0,False
PQR-202606-07072,2026-06-10,2026-06,Demora en la entrega,WhatsApp,Cartagena,Cerrado,0.2,1.2,True,4.0,False
PQR-202606-07073,2026-06-03,2026-06,Reclamo por precio o promoción,Chat del sitio,Neiva,Cerrado,0.4,7.4,True,4.0,False
PQR-202606-07074,2026-06-26,2026-06,Cambio o garantía,WhatsApp,Bogotá,Cerrado,0.1,53.5,True,4.0,False
PQR-202606-07075,2026-06-20,2026-06,Solicitud de factura electrónica,Línea gratuita #590,Cali,Cerrado,0.6,9.3,True,4.0,False
PQR-202606-07076,2026-06-12,2026-06,Demora en la entrega,WhatsApp,Bogotá,Cerrado,1.3,27.6,True,3.0,False
PQR-202606-07077,2026-06-26,2026-06,Producto averiado en transporte,WhatsApp,Barranquilla,Cerrado,1.2,25.0,True,3.0,False
PQR-202606-07078,2026-06-22,2026-06,Cambio o garantía,Chat del sitio,Barranquilla,Cerrado,5.7,67.2,False,4.0,False
PQR-202606-07079,2026-06-19,2026-06,Duda sobre uso del producto,Chat del sitio,Bogotá,Cerrado,0.1,3.2,True,5.0,False
PQR-202606-07080,2026-06-26,2026-06,Reclamo por precio o promoción,Línea gratuita #590,Cúcuta,Cerrado,0.9,16.2,True,3.0,False
PQR-202606-07081,2026-06-04,2026-06,Faltante en el pedido,Línea gratuita #590,Bogotá,Cerrado,0.1,4.8,True,5.0,False
PQR-202606-07082,2026-06-16,2026-06,Producto averiado en transporte,WhatsApp,Cali,Cerrado,0.5,1.5,True,3.0,False
PQR-202606-07083,2026-06-27,2026-06,Reclamo por precio o promoción,Línea gratuita #590,Barranquilla,Cerrado,0.1,26.4,True,3.0,False
PQR-202606-07084,2026-06-24,2026-06,Producto averiado en transporte,Chat del sitio,Barranquilla,Cerrado,1.4,17.7,True,5.0,False
PQR-202606-07085,2026-06-17,2026-06,Contenido incompleto del envase,Chat del sitio,Cartagena,Cerrado,0.8,5.8,True,3.0,False
PQR-202606-07086,2026-06-19,2026-06,Demora en la entrega,WhatsApp,Cúcuta,Cerrado,1.9,60.7,True,4.0,False
PQR-202606-07087,2026-06-27,2026-06,Solicitud de factura electrónica,WhatsApp,Barranquilla,Cerrado,2.5,13.2,True,5.0,False
PQR-202606-07088,2026-06-05,2026-06,Reclamo por precio o promoción,WhatsApp,Cali,Cerrado,0.2,6.8,True,5.0,False
PQR-202606-07089,2026-06-26,2026-06,Demora en la entrega,Chat del sitio,Cartagena,Cerrado,0.4,35.2,True,3.0,False
PQR-202606-07090,2026-06-22,2026-06,Contenido incompleto del envase,Tienda física,Medellín,Cerrado,1.0,67.5,True,4.0,False
PQR-202606-07091,2026-06-03,2026-06,Camiseta personalizada pendiente,WhatsApp,Cali,Escalado,1.2,33.1,True,3.0,True
PQR-202606-07092,2026-06-10,2026-06,Contenido incompleto del envase,WhatsApp,Bogotá,Escalado,2.3,14.9,True,5.0,True
PQR-202606-07093,2026-06-25,2026-06,Demora en la entrega,WhatsApp,Medellín,Cerrado,0.1,22.7,True,3.0,False
PQR-202606-07094,2026-06-06,2026-06,Producto averiado en transporte,WhatsApp,Cartagena,Cerrado,0.5,51.4,True,3.0,False
PQR-202606-07095,2026-06-06,2026-06,Producto averiado en transporte,Línea gratuita #590,Armenia,Cerrado,2.1,31.4,True,4.0,False
PQR-202606-07096,2026-06-06,2026-06,Demora en la entrega,Línea gratuita #590,Cartagena,Cerrado,2.7,94.2,True,3.0,False
PQR-202606-07097,2026-06-20,2026-06,Producto averiado en transporte,WhatsApp,Medellín,Cerrado,2.1,70.9,True,4.0,False
PQR-202606-07098,2026-06-05,2026-06,Reclamo por precio o promoción,WhatsApp,Santa Marta,Cerrado,0.3,1.4,True,3.0,False
PQR-202606-07099,2026-06-23,2026-06,Reclamo por precio o promoción,Chat del sitio,Pasto,Cerrado,0.8,16.1,True,5.0,False
PQR-202607-07100,2026-07-26,2026-07,Faltante en el pedido,Instagram / redes,Cali,Cerrado,10.9,42.6,False,4.0,False
PQR-202607-07101,2026-07-15,2026-07,Duda sobre uso del producto,Tienda física,Cali,Cerrado,1.2,5.2,True,4.0,False
PQR-202607-07102,2026-07-26,2026-07,Cambio o garantía,Tienda física,Bogotá,Cerrado,2.6,14.3,True,3.0,False
PQR-202607-07103,2026-07-26,2026-07,Camiseta personalizada pendiente,Instagram / redes,Bogotá,Escalado,1.4,68.1,True,4.0,True
PQR-202607-07104,2026-07-16,2026-07,Demora en la entrega,WhatsApp,Bogotá,Cerrado,1.9,27.1,True,4.0,False
PQR-202607-07105,2026-07-22,2026-07,Faltante en el pedido,Línea gratuita #590,Medellín,Cerrado,1.5,29.7,True,4.0,False
PQR-202607-07106,2026-07-11,2026-07,Contenido incompleto del envase,Instagram / redes,Barranquilla,Cerrado,1.3,21.3,True,3.0,False
PQR-202607-07107,2026-07-14,2026-07,Demora en la entrega,WhatsApp,Bogotá,Cerrado,3.7,30.0,True,5.0,False
PQR-202607-07108,2026-07-26,2026-07,Faltante en el pedido,WhatsApp,Medellín,Cerrado,0.1,10.1,True,4.0,False
PQR-202607-07109,2026-07-15,2026-07,Demora en la entrega,Chat del sitio,Bogotá,Cerrado,2.4,4.2,True,2.0,False
PQR-202607-07110,2026-07-16,2026-07,Camiseta personalizada pendiente,Tienda física,Bogotá,Escalado,2.1,60.7,True,3.0,True
PQR-202607-07111,2026-07-17,2026-07,Demora en la entrega,Tienda física,Santa Marta,Cerrado,1.3,16.3,True,4.0,False
PQR-202607-07112,2026-07-07,2026-07,Camiseta personalizada pendiente,Línea gratuita #590,Santa Marta,Cerrado,0.4,23.9,True,1.0,False
PQR-202607-07113,2026-07-24,2026-07,Demora en la entrega,Instagram / redes,Medellín,Cerrado,1.2,3.2,True,3.0,False
PQR-202607-07114,2026-07-20,2026-07,Evento adverso reportado,Correo electrónico,Bogotá,Escalado,3.8,111.4,True,4.0,True
PQR-202607-07115,2026-07-17,2026-07,Camiseta personalizada pendiente,WhatsApp,Medellín,Cerrado,3.8,46.4,True,5.0,False
PQR-202607-07116,2026-07-21,2026-07,Demora en la entrega,Chat del sitio,Bucaramanga,Cerrado,0.9,55.9,True,5.0,False
PQR-202607-07117,2026-07-07,2026-07,Faltante en el pedido,Línea gratuita #590,Medellín,Cerrado,1.2,7.6,True,4.0,False
PQR-202607-07118,2026-07-12,2026-07,Duda sobre uso del producto,Línea gratuita #590,Medellín,Cerrado,2.0,18.7,True,3.0,False
PQR-202607-07119,2026-07-25,2026-07,Demora en la entrega,Chat del sitio,Medellín,Cerrado,3.6,36.8,True,4.0,False
PQR-202607-07120,2026-07-20,2026-07,Demora en la entrega,Instagram / redes,Neiva,Cerrado,5.3,40.8,False,4.0,False
PQR-202607-07121,2026-07-04,2026-07,Producto averiado en transporte,Tienda física,Bucaramanga,Cerrado,24.9,111.5,False,3.0,False
PQR-202607-07122,2026-07-02,2026-07,Duda sobre uso del producto,Chat del sitio,Cali,Cerrado,0.4,2.0,True,4.0,False
PQR-202607-07123,2026-07-21,2026-07,Faltante en el pedido,Línea gratuita #590,Medellín,Cerrado,1.4,21.8,True,4.0,False
PQR-202607-07124,2026-07-22,2026-07,Solicitud de factura electrónica,Chat del sitio,Medellín,Cerrado,0.1,16.5,True,4.0,False
PQR-202607-07125,2026-07-18,2026-07,Faltante en el pedido,Instagram / redes,Cali,Cerrado,0.7,85.1,True,3.0,False
PQR-202607-07126,2026-07-07,2026-07,Reclamo por precio o promoción,Instagram / redes,Cali,Cerrado,1.2,19.7,True,4.0,False
PQR-202607-07127,2026-07-21,2026-07,Demora en la entrega,Línea gratuita #590,Pereira,Cerrado,2.9,37.4,True,4.0,False
PQR-202607-07128,2026-07-03,2026-07,Demora en la entrega,WhatsApp,Medellín,Cerrado,5.3,21.2,False,4.0,False
PQR-202607-07129,2026-07-16,2026-07,Faltante en el pedido,WhatsApp,Medellín,Cerrado,0.7,30.6,True,4.0,False
PQR-202607-07130,2026-07-15,2026-07,Demora en la entrega,Línea gratuita #590,Bogotá,Cerrado,1.9,5.5,True,4.0,False
PQR-202607-07131,2026-07-16,2026-07,Contenido incompleto del envase,Línea gratuita #590,Bogotá,Cerrado,0.1,68.4,True,4.0,False
PQR-202607-07132,2026-07-22,2026-07,Reclamo por precio o promoción,Línea gratuita #590,Bucaramanga,Cerrado,0.9,7.3,True,5.0,False
PQR-202607-07133,2026-07-22,2026-07,Duda sobre uso del producto,Chat del sitio,Armenia,Cerrado,0.8,3.0,True,5.0,False
PQR-202607-07134,2026-07-14,2026-07,Demora en la entrega,Línea gratuita #590,Medellín,Cerrado,2.3,4.3,True,2.0,False
PQR-202607-07135,2026-07-13,2026-07,Demora en la entrega,WhatsApp,Cúcuta,Cerrado,0.7,15.3,True,3.0,False
PQR-202607-07136,2026-07-23,2026-07,Demora en la entrega,Línea gratuita #590,Medellín,Cerrado,0.6,36.1,True,3.0,False
PQR-202607-07137,2026-07-27,2026-07,Faltante en el pedido,Chat del sitio,Ibagué,Cerrado,5.1,13.2,False,2.0,False
PQR-202607-07138,2026-07-10,2026-07,Contenido incompleto del envase,Instagram / redes,Medellín,Escalado,26.4,87.3,False,3.0,True
PQR-202607-07139,2026-07-05,2026-07,Demora en la entrega,Chat del sitio,Cúcuta,Cerrado,1.2,69.7,True,5.0,False
PQR-202607-07140,2026-07-26,2026-07,Reclamo por precio o promoción,Chat del sitio,Manizales,Cerrado,0.1,6.6,True,5.0,False
PQR-202607-07141,2026-07-11,2026-07,Camiseta personalizada pendiente,Tienda física,Bogotá,Escalado,0.1,23.3,True,3.0,True
PQR-202607-07142,2026-07-19,2026-07,Demora en la entrega,Tienda física,Villavicencio,Cerrado,0.1,1.1,True,4.0,False
PQR-202607-07143,2026-07-02,2026-07,Demora en la entrega,WhatsApp,Medellín,Cerrado,0.5,6.9,True,3.0,False
PQR-202607-07144,2026-07-08,2026-07,Contenido incompleto del envase,Instagram / redes,Medellín,Cerrado,8.9,44.1,False,5.0,False
PQR-202607-07145,2026-07-14,2026-07,Demora en la entrega,WhatsApp,Bogotá,Cerrado,5.2,48.6,False,4.0,False
PQR-202607-07146,2026-07-08,2026-07,Reclamo por precio o promoción,WhatsApp,Bucaramanga,Cerrado,3.0,13.5,True,4.0,False
PQR-202607-07147,2026-07-21,2026-07,Contenido incompleto del envase,Instagram / redes,Bogotá,Escalado,6.7,22.8,False,4.0,True
PQR-202607-07148,2026-07-04,2026-07,Faltante en el pedido,WhatsApp,Bucaramanga,Cerrado,0.3,13.1,True,5.0,False
PQR-202607-07149,2026-07-11,2026-07,Duda sobre uso del producto,WhatsApp,Pereira,Cerrado,0.1,5.8,True,5.0,False
PQR-202607-07150,2026-07-18,2026-07,Demora en la entrega,Línea gratuita #590,Bogotá,Cerrado,3.9,19.6,True,4.0,False
PQR-202607-07151,2026-07-14,2026-07,Faltante en el pedido,Línea gratuita #590,Cali,Cerrado,2.4,9.0,True,3.0,False
PQR-202607-07152,2026-07-21,2026-07,Solicitud de factura electrónica,Línea gratuita #590,Bogotá,Cerrado,0.3,20.3,True,4.0,False
PQR-202607-07153,2026-07-05,2026-07,Demora en la entrega,WhatsApp,Bogotá,Cerrado,4.6,5.6,False,3.0,False
PQR-202607-07154,2026-07-01,2026-07,Solicitud de factura electrónica,WhatsApp,Medellín,Cerrado,1.3,73.4,True,3.0,False
PQR-202607-07155,2026-07-12,2026-07,Demora en la entrega,Tienda física,Bogotá,Cerrado,1.4,49.7,True,2.0,False
PQR-202607-07156,2026-07-13,2026-07,Reclamo por precio o promoción,WhatsApp,Armenia,Cerrado,1.4,21.4,True,4.0,False
PQR-202607-07157,2026-07-05,2026-07,Camiseta personalizada pendiente,WhatsApp,Medellín,Escalado,3.2,29.4,True,4.0,True
PQR-202607-07158,2026-07-27,2026-07,Contenido incompleto del envase,Instagram / redes,Cali,Cerrado,2.8,19.7,True,3.0,False
PQR-202607-07159,2026-07-07,2026-07,Duda sobre uso del producto,Instagram / redes,Bogotá,Cerrado,5.7,11.6,False,5.0,False
PQR-202607-07160,2026-07-26,2026-07,Demora en la entrega,Línea gratuita #590,Bogotá,Cerrado,3.1,28.6,True,5.0,False
PQR-202607-07161,2026-07-02,2026-07,Faltante en el pedido,Chat del sitio,Bogotá,Cerrado,1.1,6.5,True,4.0,False
PQR-202607-07162,2026-07-09,2026-07,Reclamo por precio o promoción,WhatsApp,Barranquilla,Cerrado,0.2,1.2,True,5.0,False
PQR-202607-07163,2026-07-19,2026-07,Solicitud de factura electrónica,WhatsApp,Barranquilla,Cerrado,0.1,1.9,True,3.0,False
PQR-202607-07164,2026-07-04,2026-07,Faltante en el pedido,Chat del sitio,Medellín,Cerrado,3.1,24.2,True,3.0,False
PQR-202607-07165,2026-07-10,2026-07,Camiseta personalizada pendiente,WhatsApp,Manizales,Cerrado,3.9,38.8,True,5.0,False
PQR-202607-07166,2026-07-27,2026-07,Camiseta personalizada pendiente,WhatsApp,Barranquilla,Cerrado,0.3,6.9,True,4.0,False
PQR-202607-07167,2026-07-07,2026-07,Demora en la entrega,Chat del sitio,Bogotá,Cerrado,0.6,57.4,True,2.0,False
PQR-202607-07168,2026-07-27,2026-07,Reclamo por precio o promoción,Línea gratuita #590,Cúcuta,Cerrado,0.6,42.4,True,3.0,False
PQR-202607-07169,2026-07-23,2026-07,Demora en la entrega,WhatsApp,Manizales,Cerrado,0.1,3.2,True,3.0,False
PQR-202607-07170,2026-07-09,2026-07,Producto averiado en transporte,Chat del sitio,Medellín,Cerrado,4.0,120.3,False,4.0,False
PQR-202607-07171,2026-07-27,2026-07,Demora en la entrega,WhatsApp,Bogotá,Cerrado,0.6,24.7,True,2.0,False
PQR-202607-07172,2026-07-14,2026-07,Camiseta personalizada pendiente,WhatsApp,Cartagena,Cerrado,2.2,26.4,True,2.0,False
PQR-202607-07173,2026-07-14,2026-07,Solicitud de factura electrónica,Chat del sitio,Ibagué,Cerrado,0.8,3.2,True,5.0,False
PQR-202607-07174,2026-07-20,2026-07,Demora en la entrega,WhatsApp,Barranquilla,Cerrado,0.6,18.4,True,3.0,False
PQR-202607-07175,2026-07-21,2026-07,Demora en la entrega,WhatsApp,Bogotá,Cerrado,0.1,5.8,True,5.0,False
PQR-202607-07176,2026-07-07,2026-07,Demora en la entrega,WhatsApp,Barranquilla,Cerrado,1.0,10.9,True,4.0,False
PQR-202607-07177,2026-07-15,2026-07,Demora en la entrega,WhatsApp,Bogotá,Cerrado,0.4,12.3,True,4.0,False
PQR-202607-07178,2026-07-15,2026-07,Demora en la entrega,WhatsApp,Cali,Cerrado,0.3,6.7,True,3.0,False
PQR-202607-07179,2026-07-04,2026-07,Demora en la entrega,Línea gratuita #590,Bucaramanga,Cerrado,0.6,10.5,True,3.0,False
PQR-202607-07180,2026-07-18,2026-07,Evento adverso reportado,Línea gratuita #590,Cartagena,Escalado,14.1,69.6,False,2.0,True
PQR-202607-07181,2026-07-04,2026-07,Solicitud de factura electrónica,Tienda física,Bogotá,Cerrado,1.0,11.4,True,4.0,False
PQR-202607-07182,2026-07-01,2026-07,Duda sobre uso del producto,WhatsApp,Bucaramanga,Cerrado,1.1,2.1,True,3.0,False
PQR-202607-07183,2026-07-09,2026-07,Camiseta personalizada pendiente,Instagram / redes,Medellín,Escalado,6.1,67.9,False,5.0,True
PQR-202607-07184,2026-07-12,2026-07,Demora en la entrega,WhatsApp,Bogotá,Cerrado,1.7,37.1,True,5.0,False
PQR-202607-07185,2026-07-08,2026-07,Demora en la entrega,WhatsApp,Cali,Cerrado,0.1,1.2,True,4.0,False
PQR-202607-07186,2026-07-06,2026-07,Contenido incompleto del envase,Línea gratuita #590,Bogotá,Cerrado,0.6,54.9,True,3.0,False
PQR-202607-07187,2026-07-16,2026-07,Contenido incompleto del envase,Chat del sitio,Bogotá,Escalado,2.3,37.4,True,5.0,True
PQR-202607-07188,2026-07-27,2026-07,Demora en la entrega,Chat del sitio,Barranquilla,Cerrado,1.2,33.4,True,4.0,False
PQR-202607-07189,2026-07-13,2026-07,Cambio o garantía,Correo electrónico,Cartagena,Cerrado,5.1,20.3,False,3.0,False
PQR-202607-07190,2026-07-10,2026-07,Producto averiado en transporte,Chat del sitio,Bucaramanga,Cerrado,0.1,16.8,True,4.0,False
PQR-202607-07191,2026-07-16,2026-07,Reclamo por precio o promoción,Chat del sitio,Bogotá,Cerrado,0.1,9.5,True,5.0,False
PQR-202607-07192,2026-07-17,2026-07,Camiseta personalizada pendiente,Línea gratuita #590,Cali,Escalado,6.7,55.4,False,3.0,True
PQR-202607-07193,2026-07-12,2026-07,Demora en la entrega,Instagram / redes,Medellín,Cerrado,2.9,34.5,True,5.0,False
PQR-202607-07194,2026-07-16,2026-07,Contenido incompleto del envase,Chat del sitio,Bogotá,Escalado,5.3,14.4,False,4.0,True
PQR-202607-07195,2026-07-22,2026-07,Evento adverso reportado,Chat del sitio,Barranquilla,Cerrado,0.2,103.6,True,3.0,True
PQR-202607-07196,2026-07-24,2026-07,Demora en la entrega,Chat del sitio,Bucaramanga,Cerrado,0.1,9.9,True,4.0,False
PQR-202607-07197,2026-07-15,2026-07,Camiseta personalizada pendiente,Tienda física,Barranquilla,Cerrado,4.1,154.0,False,3.0,False
PQR-202607-07198,2026-07-26,2026-07,Faltante en el pedido,Chat del sitio,Bogotá,Cerrado,2.2,20.0,True,3.0,False
PQR-202607-07199,2026-07-05,2026-07,Demora en la entrega,WhatsApp,Bucaramanga,Cerrado,1.9,35.2,True,4.0,False
PQR-202607-07200,2026-07-26,2026-07,Producto averiado en transporte,Chat del sitio,Pereira,Cerrado,0.2,132.5,True,4.0,False
PQR-202607-07201,2026-07-25,2026-07,Producto averiado en transporte,WhatsApp,Cali,Cerrado,1.2,13.2,True,3.0,False
PQR-202607-07202,2026-07-17,2026-07,Demora en la entrega,Línea gratuita #590,Bogotá,Cerrado,1.0,14.4,True,4.0,False
PQR-202607-07203,2026-07-02,2026-07,Contenido incompleto del envase,WhatsApp,Cali,Cerrado,2.9,133.6,True,2.0,False
PQR-202607-07204,2026-07-12,2026-07,Solicitud de factura electrónica,Instagram / redes,Neiva,Cerrado,0.9,5.4,True,4.0,False
PQR-202607-07205,2026-07-14,2026-07,Camiseta personalizada pendiente,Chat del sitio,Cúcuta,Escalado,2.3,50.4,True,3.0,True
PQR-202607-07206,2026-07-16,2026-07,Reclamo por precio o promoción,WhatsApp,Bogotá,Cerrado,0.1,5.6,True,3.0,False
PQR-202607-07207,2026-07-21,2026-07,Contenido incompleto del envase,Línea gratuita #590,Bogotá,Escalado,1.4,12.7,True,5.0,True
PQR-202607-07208,2026-07-14,2026-07,Faltante en el pedido,Instagram / redes,Cali,Cerrado,11.7,12.7,False,4.0,False
PQR-202607-07209,2026-07-09,2026-07,Duda sobre uso del producto,WhatsApp,Medellín,Cerrado,1.0,6.4,True,5.0,False
PQR-202607-07210,2026-07-18,2026-07,Demora en la entrega,Chat del sitio,Cartagena,Cerrado,2.6,6.1,True,3.0,False
PQR-202607-07211,2026-07-27,2026-07,Solicitud de factura electrónica,WhatsApp,Barranquilla,Cerrado,0.4,16.2,True,3.0,False
PQR-202607-07212,2026-07-06,2026-07,Faltante en el pedido,Chat del sitio,Cúcuta,Cerrado,1.2,42.6,True,4.0,False
PQR-202607-07213,2026-07-13,2026-07,Camiseta personalizada pendiente,Línea gratuita #590,Bogotá,Cerrado,2.8,5.8,True,3.0,False
PQR-202607-07214,2026-07-23,2026-07,Demora en la entrega,Chat del sitio,Manizales,Cerrado,1.5,4.9,True,5.0,False
PQR-202607-07215,2026-07-27,2026-07,Cambio o garantía,WhatsApp,Ibagué,Cerrado,1.0,85.2,True,3.0,False
PQR-202607-07216,2026-07-06,2026-07,Producto averiado en transporte,Chat del sitio,Bogotá,Cerrado,0.1,70.4,True,4.0,False
PQR-202607-07217,2026-07-15,2026-07,Demora en la entrega,Chat del sitio,Cúcuta,Cerrado,2.8,5.8,True,3.0,False
PQR-202607-07218,2026-07-08,2026-07,Reclamo por precio o promoción,WhatsApp,Bogotá,Cerrado,4.6,44.0,False,4.0,False
PQR-202607-07219,2026-07-04,2026-07,Producto averiado en transporte,Línea gratuita #590,Bogotá,Cerrado,0.6,51.2,True,4.0,False
PQR-202607-07220,2026-07-13,2026-07,Faltante en el pedido,WhatsApp,Santa Marta,Cerrado,3.2,4.6,True,4.0,False
PQR-202607-07221,2026-07-04,2026-07,Camiseta personalizada pendiente,Correo electrónico,Barranquilla,Escalado,25.2,73.3,False,4.0,True
PQR-202607-07222,2026-07-02,2026-07,Faltante en el pedido,Instagram / redes,Bogotá,Cerrado,1.8,3.0,True,3.0,False
PQR-202607-07223,2026-07-15,2026-07,Cambio o garantía,Chat del sitio,Cali,Cerrado,0.2,18.3,True,4.0,False
PQR-202607-07224,2026-07-05,2026-07,Producto averiado en transporte,Línea gratuita #590,Manizales,Cerrado,2.7,6.0,True,5.0,False
PQR-202607-07225,2026-07-05,2026-07,Faltante en el pedido,Línea gratuita #590,Cali,Cerrado,6.2,46.7,False,5.0,False
PQR-202607-07226,2026-07-25,2026-07,Demora en la entrega,WhatsApp,Bogotá,Cerrado,0.6,30.0,True,4.0,False
PQR-202607-07227,2026-07-12,2026-07,Faltante en el pedido,Chat del sitio,Medellín,Cerrado,1.9,4.3,True,4.0,False
PQR-202607-07228,2026-07-02,2026-07,Producto averiado en transporte,Chat del sitio,Barranquilla,Cerrado,0.6,1.6,True,4.0,False
PQR-202607-07229,2026-07-07,2026-07,Camiseta personalizada pendiente,Instagram / redes,Cali,Escalado,25.8,164.1,False,2.0,True
PQR-202607-07230,2026-07-01,2026-07,Cambio o garantía,WhatsApp,Villavicencio,Cerrado,0.5,38.6,True,4.0,False
PQR-202607-07231,2026-07-14,2026-07,Cambio o garantía,WhatsApp,Barranquilla,Cerrado,1.9,206.4,True,3.0,False
PQR-202607-07232,2026-07-09,2026-07,Faltante en el pedido,Instagram / redes,Bogotá,Cerrado,14.9,16.4,False,3.0,False
PQR-202607-07233,2026-07-07,2026-07,Contenido incompleto del envase,WhatsApp,Ibagué,Cerrado,1.5,2.9,True,4.0,False
PQR-202607-07234,2026-07-20,2026-07,Camiseta personalizada pendiente,Chat del sitio,Cali,Cerrado,2.1,6.0,True,4.0,False
PQR-202607-07235,2026-07-01,2026-07,Producto averiado en transporte,Línea gratuita #590,Medellín,Cerrado,3.3,35.4,True,4.0,False
PQR-202607-07236,2026-07-18,2026-07,Cambio o garantía,Correo electrónico,Manizales,Cerrado,5.2,74.0,False,4.0,False
PQR-202607-07237,2026-07-14,2026-07,Demora en la entrega,WhatsApp,Cali,Cerrado,0.1,1.2,True,3.0,False
PQR-202607-07238,2026-07-06,2026-07,Reclamo por precio o promoción,Línea gratuita #590,Bogotá,Cerrado,2.3,5.8,True,4.0,False
PQR-202607-07239,2026-07-25,2026-07,Solicitud de factura electrónica,Línea gratuita #590,Santa Marta,Cerrado,0.6,2.1,True,3.0,False
PQR-202607-07240,2026-07-14,2026-07,Producto averiado en transporte,Chat del sitio,Bogotá,Cerrado,0.1,2.7,True,4.0,False
PQR-202607-07241,2026-07-07,2026-07,Contenido incompleto del envase,WhatsApp,Bogotá,Escalado,1.5,71.3,True,4.0,True
PQR-202607-07242,2026-07-21,2026-07,Contenido incompleto del envase,Instagram / redes,Cali,Escalado,7.9,67.1,False,4.0,True
PQR-202607-07243,2026-07-27,2026-07,Contenido incompleto del envase,Tienda física,Santa Marta,Escalado,2.5,77.1,True,3.0,True
PQR-202607-07244,2026-07-08,2026-07,Faltante en el pedido,Chat del sitio,Cali,Cerrado,1.3,21.1,True,5.0,False
PQR-202607-07245,2026-07-16,2026-07,Demora en la entrega,WhatsApp,Bogotá,Cerrado,0.5,1.5,True,4.0,False
PQR-202607-07246,2026-07-20,2026-07,Reclamo por precio o promoción,WhatsApp,Pereira,Cerrado,0.1,13.4,True,5.0,False
PQR-202607-07247,2026-07-25,2026-07,Producto averiado en transporte,Línea gratuita #590,Manizales,Cerrado,0.8,7.4,True,4.0,False
PQR-202607-07248,2026-07-26,2026-07,Contenido incompleto del envase,WhatsApp,Pereira,Escalado,1.4,14.0,True,3.0,True
PQR-202607-07249,2026-07-07,2026-07,Producto averiado en transporte,WhatsApp,Barranquilla,Cerrado,4.0,51.8,True,4.0,False
PQR-202607-07250,2026-07-10,2026-07,Reclamo por precio o promoción,WhatsApp,Cartagena,Cerrado,1.0,27.2,True,3.0,False
PQR-202607-07251,2026-07-05,2026-07,Evento adverso reportado,Línea gratuita #590,Bogotá,Escalado,7.6,187.8,False,3.0,True
PQR-202607-07252,2026-07-26,2026-07,Evento adverso reportado,WhatsApp,Bogotá,Cerrado,6.3,86.3,False,2.0,True
PQR-202607-07253,2026-07-13,2026-07,Demora en la entrega,WhatsApp,Cartagena,Cerrado,2.2,61.4,True,4.0,False
PQR-202607-07254,2026-07-27,2026-07,Demora en la entrega,Correo electrónico,Medellín,Cerrado,1.8,21.7,True,4.0,False
PQR-202607-07255,2026-07-11,2026-07,Duda sobre uso del producto,Instagram / redes,Cartagena,Cerrado,0.4,1.9,True,4.0,False
PQR-202607-07256,2026-07-13,2026-07,Demora en la entrega,Instagram / redes,Bogotá,Cerrado,1.0,30.7,True,4.0,False
PQR-202607-07257,2026-07-17,2026-07,Solicitud de factura electrónica,Tienda física,Cali,Cerrado,1.8,3.5,True,4.0,False
PQR-202607-07258,2026-07-18,2026-07,Demora en la entrega,Línea gratuita #590,Bogotá,Cerrado,1.4,6.4,True,4.0,False
PQR-202607-07259,2026-07-13,2026-07,Reclamo por precio o promoción,WhatsApp,Medellín,Cerrado,0.7,2.6,True,3.0,False
PQR-202607-07260,2026-07-07,2026-07,Contenido incompleto del envase,WhatsApp,Bogotá,Escalado,0.3,26.4,True,2.0,True
PQR-202607-07261,2026-07-26,2026-07,Demora en la entrega,Línea gratuita #590,Cali,Cerrado,5.9,23.9,False,4.0,False
PQR-202607-07262,2026-07-14,2026-07,Faltante en el pedido,Chat del sitio,Cali,Cerrado,0.7,18.7,True,4.0,False
PQR-202607-07263,2026-07-07,2026-07,Producto averiado en transporte,WhatsApp,Ibagué,Cerrado,2.0,40.7,True,3.0,False
PQR-202607-07264,2026-07-05,2026-07,Faltante en el pedido,WhatsApp,Medellín,Cerrado,2.3,23.7,True,4.0,False
PQR-202607-07265,2026-07-01,2026-07,Demora en la entrega,WhatsApp,Bogotá,Cerrado,0.5,59.5,True,4.0,False
PQR-202607-07266,2026-07-26,2026-07,Cambio o garantía,Chat del sitio,Cúcuta,Cerrado,6.0,69.1,False,5.0,False
PQR-202607-07267,2026-07-06,2026-07,Demora en la entrega,Chat del sitio,Barranquilla,Cerrado,2.0,87.8,True,3.0,False
PQR-202607-07268,2026-07-17,2026-07,Demora en la entrega,Chat del sitio,Cartagena,Cerrado,0.4,16.6,True,5.0,False
PQR-202607-07269,2026-07-23,2026-07,Faltante en el pedido,Línea gratuita #590,Bogotá,Cerrado,0.7,24.6,True,3.0,False
PQR-202607-07270,2026-07-03,2026-07,Solicitud de factura electrónica,Instagram / redes,Cali,Cerrado,1.0,9.6,True,4.0,False
PQR-202607-07271,2026-07-15,2026-07,Camiseta personalizada pendiente,Chat del sitio,Cali,Escalado,1.6,53.2,True,5.0,True
PQR-202607-07272,2026-07-23,2026-07,Faltante en el pedido,WhatsApp,Cartagena,Cerrado,0.1,47.9,True,4.0,False
PQR-202607-07273,2026-07-02,2026-07,Contenido incompleto del envase,WhatsApp,Cali,Cerrado,5.2,11.4,False,3.0,False
PQR-202607-07274,2026-07-10,2026-07,Camiseta personalizada pendiente,Instagram / redes,Cali,Cerrado,22.8,99.9,False,2.0,False
PQR-202607-07275,2026-07-07,2026-07,Demora en la entrega,Correo electrónico,Ibagué,Cerrado,18.1,32.1,False,3.0,False
PQR-202607-07276,2026-07-02,2026-07,Cambio o garantía,Línea gratuita #590,Bogotá,Cerrado,2.5,29.5,True,2.0,False
PQR-202607-07277,2026-07-07,2026-07,Demora en la entrega,WhatsApp,Neiva,Cerrado,1.1,49.7,True,4.0,False
PQR-202607-07278,2026-07-15,2026-07,Producto averiado en transporte,Línea gratuita #590,Medellín,Cerrado,5.1,31.7,False,4.0,False
PQR-202607-07279,2026-07-19,2026-07,Faltante en el pedido,WhatsApp,Bogotá,Cerrado,0.5,15.3,True,3.0,False
PQR-202607-07280,2026-07-24,2026-07,Camiseta personalizada pendiente,Instagram / redes,Cali,Cerrado,3.7,45.7,True,3.0,False
PQR-202607-07281,2026-07-02,2026-07,Faltante en el pedido,Línea gratuita #590,Medellín,Cerrado,0.5,34.1,True,4.0,False
PQR-202607-07282,2026-07-09,2026-07,Camiseta personalizada pendiente,Chat del sitio,Villavicencio,Cerrado,3.0,22.4,True,3.0,False
PQR-202607-07283,2026-07-07,2026-07,Solicitud de factura electrónica,Chat del sitio,Cali,Cerrado,0.1,3.0,True,3.0,False
PQR-202607-07284,2026-07-03,2026-07,Demora en la entrega,Tienda física,Armenia,Cerrado,2.7,19.0,True,5.0,False
PQR-202607-07285,2026-07-06,2026-07,Demora en la entrega,Línea gratuita #590,Ibagué,Cerrado,1.1,7.1,True,4.0,False
PQR-202607-07286,2026-07-01,2026-07,Contenido incompleto del envase,WhatsApp,Cartagena,Escalado,8.1,90.4,False,4.0,True
PQR-202607-07287,2026-07-08,2026-07,Solicitud de factura electrónica,WhatsApp,Pereira,Cerrado,0.1,29.6,True,3.0,False
PQR-202607-07288,2026-07-14,2026-07,Reclamo por precio o promoción,WhatsApp,Bucaramanga,Cerrado,0.1,1.7,True,4.0,False
PQR-202607-07289,2026-07-14,2026-07,Faltante en el pedido,WhatsApp,Bogotá,Cerrado,0.5,35.1,True,5.0,False
PQR-202607-07290,2026-07-15,2026-07,Reclamo por precio o promoción,Chat del sitio,Cali,Cerrado,0.1,2.0,True,4.0,False
PQR-202607-07291,2026-07-15,2026-07,Demora en la entrega,Línea gratuita #590,Medellín,Cerrado,1.5,28.6,True,4.0,False
PQR-202607-07292,2026-07-17,2026-07,Evento adverso reportado,Tienda física,Medellín,Cerrado,23.3,191.9,False,2.0,True
PQR-202607-07293,2026-07-27,2026-07,Camiseta personalizada pendiente,WhatsApp,Bogotá,Cerrado,1.6,9.2,True,3.0,False
PQR-202607-07294,2026-07-21,2026-07,Reclamo por precio o promoción,WhatsApp,Bogotá,Cerrado,0.2,2.7,True,5.0,False
PQR-202607-07295,2026-07-13,2026-07,Solicitud de factura electrónica,WhatsApp,Bogotá,Cerrado,1.5,6.8,True,3.0,False
PQR-202607-07296,2026-07-23,2026-07,Demora en la entrega,WhatsApp,Bucaramanga,Cerrado,1.6,9.2,True,2.0,False
PQR-202607-07297,2026-07-14,2026-07,Camiseta personalizada pendiente,WhatsApp,Manizales,Escalado,10.3,43.8,False,4.0,True
PQR-202607-07298,2026-07-24,2026-07,Demora en la entrega,Chat del sitio,Ibagué,Cerrado,0.2,6.5,True,4.0,False
PQR-202607-07299,2026-07-27,2026-07,Producto averiado en transporte,WhatsApp,Bucaramanga,Cerrado,0.7,60.1,True,5.0,False
PQR-202607-07300,2026-07-23,2026-07,Cambio o garantía,WhatsApp,Medellín,Cerrado,4.9,20.3,False,5.0,False
PQR-202607-07301,2026-07-07,2026-07,Demora en la entrega,Instagram / redes,Bogotá,Cerrado,14.2,18.6,False,5.0,False
PQR-202607-07302,2026-07-06,2026-07,Contenido incompleto del envase,Tienda física,Villavicencio,Escalado,3.2,265.0,True,3.0,True
PQR-202607-07303,2026-07-27,2026-07,Producto averiado en transporte,Línea gratuita #590,Barranquilla,Cerrado,1.1,2.1,True,5.0,False
PQR-202607-07304,2026-07-26,2026-07,Faltante en el pedido,WhatsApp,Bucaramanga,Cerrado,0.8,28.3,True,3.0,False
PQR-202607-07305,2026-07-27,2026-07,Demora en la entrega,WhatsApp,Cúcuta,Cerrado,0.2,64.8,True,3.0,False
PQR-202607-07306,2026-07-01,2026-07,Demora en la entrega,Instagram / redes,Cali,Cerrado,5.0,17.2,False,3.0,False
PQR-202607-07307,2026-07-01,2026-07,Reclamo por precio o promoción,WhatsApp,Bogotá,Cerrado,0.1,10.2,True,5.0,False
PQR-202607-07308,2026-07-10,2026-07,Camiseta personalizada pendiente,Chat del sitio,Medellín,Escalado,0.9,31.6,True,3.0,True
PQR-202607-07309,2026-07-13,2026-07,Producto averiado en transporte,Línea gratuita #590,Bogotá,Cerrado,1.8,3.0,True,4.0,False
PQR-202607-07310,2026-07-05,2026-07,Faltante en el pedido,Correo electrónico,Villavicencio,Cerrado,14.9,58.3,False,4.0,False
PQR-202607-07311,2026-07-23,2026-07,Reclamo por precio o promoción,Instagram / redes,Bucaramanga,Cerrado,4.0,8.3,True,3.0,False
PQR-202607-07312,2026-07-15,2026-07,Demora en la entrega,WhatsApp,Cartagena,Cerrado,2.5,13.4,True,3.0,False
PQR-202607-07313,2026-07-09,2026-07,Faltante en el pedido,Línea gratuita #590,Bogotá,Cerrado,4.1,9.8,False,3.0,False
PQR-202607-07314,2026-07-05,2026-07,Cambio o garantía,Correo electrónico,Medellín,Cerrado,21.9,57.9,False,4.0,False
PQR-202607-07315,2026-07-21,2026-07,Producto averiado en transporte,Línea gratuita #590,Cali,Cerrado,1.1,33.7,True,4.0,False
PQR-202607-07316,2026-07-22,2026-07,Demora en la entrega,WhatsApp,Villavicencio,Cerrado,0.3,25.5,True,5.0,False
PQR-202607-07317,2026-07-06,2026-07,Producto averiado en transporte,WhatsApp,Bogotá,Cerrado,1.3,33.9,True,4.0,False
PQR-202607-07318,2026-07-05,2026-07,Camiseta personalizada pendiente,Tienda física,Santa Marta,Cerrado,7.2,68.8,False,3.0,False
PQR-202607-07319,2026-07-23,2026-07,Demora en la entrega,WhatsApp,Bogotá,Cerrado,3.2,29.0,True,3.0,False
PQR-202607-07320,2026-07-11,2026-07,Cambio o garantía,WhatsApp,Bogotá,Cerrado,1.7,33.5,True,4.0,False
PQR-202607-07321,2026-07-21,2026-07,Faltante en el pedido,WhatsApp,Barranquilla,Cerrado,1.0,19.0,True,2.0,False
PQR-202607-07322,2026-07-01,2026-07,Producto averiado en transporte,WhatsApp,Medellín,Cerrado,1.8,47.9,True,2.0,False
PQR-202607-07323,2026-07-07,2026-07,Cambio o garantía,Tienda física,Barranquilla,Cerrado,6.2,8.7,False,5.0,False
PQR-202607-07324,2026-07-21,2026-07,Camiseta personalizada pendiente,WhatsApp,Barranquilla,Cerrado,2.0,37.4,True,3.0,False
PQR-202607-07325,2026-07-04,2026-07,Evento adverso reportado,WhatsApp,Barranquilla,Escalado,3.0,80.4,True,4.0,True
PQR-202607-07326,2026-07-23,2026-07,Contenido incompleto del envase,WhatsApp,Bogotá,Cerrado,1.4,68.3,True,3.0,False
PQR-202607-07327,2026-07-05,2026-07,Producto averiado en transporte,WhatsApp,Santa Marta,Cerrado,0.3,63.3,True,3.0,False
PQR-202607-07328,2026-07-20,2026-07,Faltante en el pedido,Chat del sitio,Cali,Cerrado,0.1,21.9,True,4.0,False
PQR-202607-07329,2026-07-17,2026-07,Faltante en el pedido,Tienda física,Medellín,Cerrado,3.4,7.5,True,4.0,False
PQR-202607-07330,2026-07-07,2026-07,Reclamo por precio o promoción,Chat del sitio,Bogotá,Cerrado,0.4,29.9,True,4.0,False
PQR-202607-07331,2026-07-15,2026-07,Faltante en el pedido,Correo electrónico,Bogotá,Cerrado,3.5,9.2,True,4.0,False
PQR-202607-07332,2026-07-13,2026-07,Contenido incompleto del envase,Chat del sitio,Bogotá,Cerrado,0.3,46.1,True,3.0,False
PQR-202607-07333,2026-07-17,2026-07,Producto averiado en transporte,WhatsApp,Bogotá,Cerrado,6.2,20.2,False,5.0,False
PQR-202607-07334,2026-07-24,2026-07,Camiseta personalizada pendiente,Instagram / redes,Santa Marta,Escalado,4.1,12.2,False,2.0,True
PQR-202607-07335,2026-07-03,2026-07,Producto averiado en transporte,WhatsApp,Bogotá,Cerrado,0.6,104.3,True,3.0,False
PQR-202607-07336,2026-07-03,2026-07,Camiseta personalizada pendiente,Chat del sitio,Armenia,Cerrado,7.3,30.7,False,5.0,False
PQR-202607-07337,2026-07-10,2026-07,Producto averiado en transporte,WhatsApp,Barranquilla,Cerrado,2.0,29.7,True,4.0,False
PQR-202607-07338,2026-07-02,2026-07,Faltante en el pedido,WhatsApp,Bucaramanga,Cerrado,0.5,36.2,True,3.0,False
PQR-202607-07339,2026-07-08,2026-07,Reclamo por precio o promoción,Instagram / redes,Bogotá,Cerrado,10.5,28.5,False,3.0,False
PQR-202607-07340,2026-07-05,2026-07,Demora en la entrega,Instagram / redes,Bogotá,Cerrado,3.0,10.6,True,5.0,False
PQR-202607-07341,2026-07-18,2026-07,Demora en la entrega,Tienda física,Cali,Cerrado,0.3,17.4,True,4.0,False
PQR-202607-07342,2026-07-18,2026-07,Solicitud de factura electrónica,Instagram / redes,Cali,Cerrado,3.7,4.7,True,4.0,False
PQR-202607-07343,2026-07-01,2026-07,Demora en la entrega,WhatsApp,Cali,Cerrado,2.0,7.2,True,4.0,False
PQR-202607-07344,2026-07-07,2026-07,Demora en la entrega,Chat del sitio,Ibagué,Cerrado,0.8,2.2,True,4.0,False
PQR-202607-07345,2026-07-08,2026-07,Faltante en el pedido,Tienda física,Bogotá,Cerrado,1.9,22.7,True,3.0,False
PQR-202607-07346,2026-07-21,2026-07,Contenido incompleto del envase,Instagram / redes,Cali,Escalado,41.1,60.4,False,4.0,True
PQR-202607-07347,2026-07-08,2026-07,Reclamo por precio o promoción,WhatsApp,Villavicencio,Cerrado,1.7,24.1,True,3.0,False
PQR-202607-07348,2026-07-11,2026-07,Faltante en el pedido,Línea gratuita #590,Barranquilla,Cerrado,3.4,20.0,True,3.0,False
PQR-202607-07349,2026-07-24,2026-07,Cambio o garantía,WhatsApp,Medellín,Cerrado,1.9,150.7,True,1.0,False
PQR-202607-07350,2026-07-24,2026-07,Faltante en el pedido,Chat del sitio,Bogotá,Cerrado,3.2,15.9,True,4.0,False
PQR-202607-07351,2026-07-05,2026-07,Faltante en el pedido,Correo electrónico,Bogotá,Cerrado,2.8,212.4,True,2.0,False
PQR-202607-07352,2026-07-13,2026-07,Faltante en el pedido,WhatsApp,Neiva,Cerrado,3.9,11.0,True,5.0,False
PQR-202607-07353,2026-07-12,2026-07,Evento adverso reportado,WhatsApp,Pereira,Cerrado,0.5,64.3,True,3.0,True
PQR-202607-07354,2026-07-26,2026-07,Demora en la entrega,WhatsApp,Cali,Cerrado,2.8,11.5,True,1.0,False
PQR-202607-07355,2026-07-22,2026-07,Camiseta personalizada pendiente,Instagram / redes,Barranquilla,Escalado,11.3,42.6,False,4.0,True
PQR-202607-07356,2026-07-22,2026-07,Solicitud de factura electrónica,WhatsApp,Bogotá,Cerrado,0.6,21.6,True,4.0,False
PQR-202607-07357,2026-07-01,2026-07,Camiseta personalizada pendiente,WhatsApp,Bogotá,Cerrado,0.1,24.9,True,5.0,False
PQR-202607-07358,2026-07-19,2026-07,Evento adverso reportado,WhatsApp,Cali,Cerrado,0.1,316.9,True,3.0,True
PQR-202607-07359,2026-07-12,2026-07,Duda sobre uso del producto,Chat del sitio,Cali,Cerrado,0.3,14.7,True,3.0,False
PQR-202607-07360,2026-07-19,2026-07,Camiseta personalizada pendiente,WhatsApp,Pereira,Cerrado,0.3,40.7,True,5.0,False
PQR-202607-07361,2026-07-23,2026-07,Contenido incompleto del envase,WhatsApp,Cali,Escalado,0.1,112.9,True,4.0,True
PQR-202607-07362,2026-07-06,2026-07,Duda sobre uso del producto,WhatsApp,Manizales,Cerrado,0.1,11.0,True,4.0,False
PQR-202607-07363,2026-07-01,2026-07,Faltante en el pedido,WhatsApp,Barranquilla,Cerrado,2.3,20.7,True,4.0,False
PQR-202607-07364,2026-07-15,2026-07,Camiseta personalizada pendiente,WhatsApp,Cartagena,Cerrado,0.7,5.0,True,4.0,False
PQR-202607-07365,2026-07-17,2026-07,Cambio o garantía,Correo electrónico,Medellín,Cerrado,2.6,46.0,True,4.0,False
PQR-202607-07366,2026-07-07,2026-07,Reclamo por precio o promoción,Correo electrónico,Cali,Cerrado,1.6,23.4,True,5.0,False
PQR-202607-07367,2026-07-16,2026-07,Demora en la entrega,Chat del sitio,Bogotá,Cerrado,1.7,41.9,True,4.0,False
PQR-202607-07368,2026-07-25,2026-07,Demora en la entrega,Instagram / redes,Barranquilla,Cerrado,9.4,75.6,False,3.0,False
PQR-202607-07369,2026-07-22,2026-07,Faltante en el pedido,WhatsApp,Cali,Cerrado,0.5,22.1,True,4.0,False
PQR-202607-07370,2026-07-23,2026-07,Solicitud de factura electrónica,Chat del sitio,Medellín,Cerrado,1.7,22.3,True,5.0,False
PQR-202607-07371,2026-07-23,2026-07,Faltante en el pedido,WhatsApp,Pereira,Cerrado,7.6,11.3,False,5.0,False
PQR-202607-07372,2026-07-17,2026-07,Demora en la entrega,WhatsApp,Medellín,Cerrado,0.1,14.8,True,3.0,False
PQR-202607-07373,2026-07-19,2026-07,Demora en la entrega,Línea gratuita #590,Medellín,Cerrado,2.0,103.8,True,4.0,False
PQR-202607-07374,2026-07-19,2026-07,Producto averiado en transporte,Línea gratuita #590,Bucaramanga,Cerrado,3.7,18.6,True,3.0,False
PQR-202607-07375,2026-07-09,2026-07,Duda sobre uso del producto,WhatsApp,Bogotá,Cerrado,0.1,7.9,True,5.0,False
PQR-202607-07376,2026-07-02,2026-07,Demora en la entrega,Instagram / redes,Bogotá,Cerrado,2.3,12.7,True,3.0,False
PQR-202607-07377,2026-07-12,2026-07,Camiseta personalizada pendiente,Línea gratuita #590,Armenia,Cerrado,2.3,21.7,True,4.0,False
PQR-202607-07378,2026-07-09,2026-07,Producto averiado en transporte,Línea gratuita #590,Armenia,Cerrado,6.0,82.8,False,2.0,False
PQR-202607-07379,2026-07-26,2026-07,Faltante en el pedido,Tienda física,Medellín,Cerrado,0.7,2.3,True,3.0,False
PQR-202607-07380,2026-07-11,2026-07,Producto averiado en transporte,Tienda física,Cartagena,Cerrado,2.8,23.8,True,4.0,False
PQR-202607-07381,2026-07-24,2026-07,Demora en la entrega,WhatsApp,Cali,Cerrado,0.1,1.1,True,4.0,False
PQR-202607-07382,2026-07-09,2026-07,Camiseta personalizada pendiente,WhatsApp,Bogotá,Cerrado,1.7,11.8,True,3.0,False
PQR-202607-07383,2026-07-06,2026-07,Contenido incompleto del envase,Línea gratuita #590,Barranquilla,Escalado,2.2,208.7,True,3.0,True
PQR-202607-07384,2026-07-20,2026-07,Demora en la entrega,Línea gratuita #590,Bogotá,Cerrado,1.5,11.9,True,3.0,False
PQR-202607-07385,2026-07-17,2026-07,Solicitud de factura electrónica,Chat del sitio,Bogotá,Cerrado,0.4,9.4,True,4.0,False
PQR-202607-07386,2026-07-23,2026-07,Evento adverso reportado,WhatsApp,Medellín,Escalado,3.0,141.0,True,4.0,True
PQR-202607-07387,2026-07-16,2026-07,Cambio o garantía,Chat del sitio,Cali,Cerrado,0.4,13.3,True,4.0,False
PQR-202607-07388,2026-07-05,2026-07,Demora en la entrega,WhatsApp,Bogotá,Cerrado,1.6,8.8,True,3.0,False
PQR-202607-07389,2026-07-27,2026-07,Faltante en el pedido,WhatsApp,Pereira,Cerrado,0.2,8.0,True,5.0,False
PQR-202607-07390,2026-07-10,2026-07,Demora en la entrega,Chat del sitio,Medellín,Cerrado,1.8,36.3,True,4.0,False
PQR-202607-07391,2026-07-18,2026-07,Demora en la entrega,Chat del sitio,Bogotá,Cerrado,1.1,98.2,True,3.0,False
PQR-202607-07392,2026-07-11,2026-07,Contenido incompleto del envase,Línea gratuita #590,Bogotá,Cerrado,1.4,31.6,True,4.0,False
PQR-202607-07393,2026-07-15,2026-07,Solicitud de factura electrónica,WhatsApp,Cúcuta,Cerrado,0.2,39.0,True,4.0,False
PQR-202607-07394,2026-07-09,2026-07,Contenido incompleto del envase,Chat del sitio,Bogotá,Escalado,4.9,79.1,False,2.0,True
PQR-202607-07395,2026-07-06,2026-07,Evento adverso reportado,Línea gratuita #590,Barranquilla,Escalado,7.5,44.9,False,5.0,True
PQR-202607-07396,2026-07-04,2026-07,Faltante en el pedido,Línea gratuita #590,Bogotá,Cerrado,2.9,33.2,True,5.0,False
PQR-202607-07397,2026-07-06,2026-07,Cambio o garantía,Instagram / redes,Ibagué,Cerrado,0.9,8.9,True,4.0,False
PQR-202607-07398,2026-07-06,2026-07,Faltante en el pedido,Línea gratuita #590,Bogotá,Cerrado,6.4,24.5,False,5.0,False
PQR-202607-07399,2026-07-11,2026-07,Demora en la entrega,Instagram / redes,Bogotá,Cerrado,5.4,30.8,False,4.0,False
PQR-202607-07400,2026-07-20,2026-07,Camiseta personalizada pendiente,Instagram / redes,Neiva,Cerrado,2.9,32.6,True,4.0,False
PQR-202607-07401,2026-07-11,2026-07,Faltante en el pedido,Instagram / redes,Cartagena,Cerrado,7.6,70.6,False,5.0,False
PQR-202607-07402,2026-07-24,2026-07,Evento adverso reportado,WhatsApp,Bogotá,Escalado,10.5,27.7,False,4.0,True
PQR-202607-07403,2026-07-23,2026-07,Camiseta personalizada pendiente,WhatsApp,Bogotá,Cerrado,3.7,25.4,True,5.0,False
PQR-202607-07404,2026-07-27,2026-07,Cambio o garantía,WhatsApp,Pereira,Cerrado,5.5,15.6,False,4.0,False
PQR-202607-07405,2026-07-04,2026-07,Faltante en el pedido,WhatsApp,Bogotá,Cerrado,0.4,29.7,True,4.0,False
PQR-202607-07406,2026-07-23,2026-07,Demora en la entrega,Instagram / redes,Medellín,Cerrado,3.0,13.7,True,4.0,False
PQR-202607-07407,2026-07-16,2026-07,Faltante en el pedido,Línea gratuita #590,Bucaramanga,Cerrado,7.3,35.3,False,4.0,False
PQR-202607-07408,2026-07-23,2026-07,Demora en la entrega,WhatsApp,Medellín,Cerrado,0.3,11.4,True,4.0,False
PQR-202607-07409,2026-07-03,2026-07,Reclamo por precio o promoción,Instagram / redes,Bogotá,Cerrado,6.9,19.8,False,4.0,False
PQR-202607-07410,2026-07-04,2026-07,Faltante en el pedido,WhatsApp,Pereira,Cerrado,1.5,3.1,True,3.0,False
PQR-202607-07411,2026-07-01,2026-07,Solicitud de factura electrónica,Línea gratuita #590,Medellín,Cerrado,1.9,8.3,True,5.0,False
PQR-202607-07412,2026-07-26,2026-07,Faltante en el pedido,Chat del sitio,Cartagena,Cerrado,1.4,18.2,True,4.0,False
PQR-202607-07413,2026-07-20,2026-07,Faltante en el pedido,WhatsApp,Medellín,Cerrado,0.4,29.6,True,5.0,False
PQR-202608-07414,2026-08-25,2026-08,Camiseta personalizada pendiente,Línea gratuita #590,Pereira,Escalado,1.5,26.6,True,3.0,True
PQR-202608-07415,2026-08-05,2026-08,Faltante en el pedido,Chat del sitio,Medellín,Cerrado,3.1,49.8,True,5.0,False
PQR-202608-07416,2026-08-21,2026-08,Demora en la entrega,Correo electrónico,Cali,Cerrado,0.7,13.4,True,5.0,False
PQR-202608-07417,2026-08-02,2026-08,Demora en la entrega,Línea gratuita #590,Barranquilla,Cerrado,0.2,31.1,True,4.0,False
PQR-202608-07418,2026-08-11,2026-08,Reclamo por precio o promoción,Correo electrónico,Bogotá,Cerrado,1.2,18.4,True,5.0,False
PQR-202608-07419,2026-08-15,2026-08,Solicitud de factura electrónica,WhatsApp,Cali,Cerrado,0.8,2.6,True,3.0,False
PQR-202608-07420,2026-08-08,2026-08,Contenido incompleto del envase,WhatsApp,Bogotá,Cerrado,0.1,47.7,True,5.0,False
PQR-202608-07421,2026-08-11,2026-08,Solicitud de factura electrónica,Correo electrónico,Bogotá,Cerrado,1.1,5.4,True,3.0,False
PQR-202608-07422,2026-08-08,2026-08,Reclamo por precio o promoción,WhatsApp,Medellín,Cerrado,0.2,8.9,True,5.0,False
PQR-202608-07423,2026-08-26,2026-08,Demora en la entrega,Correo electrónico,Bogotá,Cerrado,15.0,31.8,False,5.0,False
PQR-202608-07424,2026-08-16,2026-08,Solicitud de factura electrónica,WhatsApp,Cali,Cerrado,0.3,6.4,True,5.0,False
PQR-202608-07425,2026-08-10,2026-08,Reclamo por precio o promoción,Instagram / redes,Barranquilla,Cerrado,0.1,15.9,True,3.0,False
PQR-202608-07426,2026-08-02,2026-08,Contenido incompleto del envase,WhatsApp,Cartagena,Escalado,0.8,101.8,True,4.0,True
PQR-202608-07427,2026-08-10,2026-08,Faltante en el pedido,Tienda física,Villavicencio,Cerrado,3.4,29.8,True,3.0,False
PQR-202608-07428,2026-08-22,2026-08,Demora en la entrega,WhatsApp,Medellín,Cerrado,0.1,4.2,True,3.0,False
PQR-202608-07429,2026-08-03,2026-08,Duda sobre uso del producto,WhatsApp,Medellín,Cerrado,0.1,1.1,True,4.0,False
PQR-202608-07430,2026-08-17,2026-08,Contenido incompleto del envase,Línea gratuita #590,Cartagena,Cerrado,5.9,65.9,False,3.0,False
PQR-202608-07431,2026-08-04,2026-08,Contenido incompleto del envase,WhatsApp,Bogotá,Cerrado,1.7,4.0,True,4.0,False
PQR-202608-07432,2026-08-03,2026-08,Faltante en el pedido,Tienda física,Medellín,Cerrado,2.1,123.7,True,2.0,False
PQR-202608-07433,2026-08-06,2026-08,Demora en la entrega,Línea gratuita #590,Cali,Cerrado,1.8,118.2,True,2.0,False
PQR-202608-07434,2026-08-23,2026-08,Faltante en el pedido,Tienda física,Pereira,Cerrado,2.5,25.1,True,4.0,False
PQR-202608-07435,2026-08-17,2026-08,Reclamo por precio o promoción,WhatsApp,Cali,Cerrado,0.5,4.3,True,4.0,False
PQR-202608-07436,2026-08-06,2026-08,Solicitud de factura electrónica,WhatsApp,Pasto,Cerrado,0.5,6.1,True,4.0,False
PQR-202608-07437,2026-08-18,2026-08,Camiseta personalizada pendiente,WhatsApp,Barranquilla,Escalado,0.8,81.2,True,3.0,True
PQR-202608-07438,2026-08-08,2026-08,Contenido incompleto del envase,WhatsApp,Bogotá,Escalado,3.6,68.9,True,4.0,True
PQR-202608-07439,2026-08-20,2026-08,Reclamo por precio o promoción,Línea gratuita #590,Cartagena,Cerrado,2.8,22.4,True,4.0,False
PQR-202608-07440,2026-08-18,2026-08,Evento adverso reportado,Línea gratuita #590,Bogotá,Escalado,1.5,33.3,True,3.0,True
PQR-202608-07441,2026-08-09,2026-08,Duda sobre uso del producto,Chat del sitio,Pereira,Cerrado,0.6,6.1,True,4.0,False
PQR-202608-07442,2026-08-04,2026-08,Demora en la entrega,WhatsApp,Bogotá,Cerrado,0.2,10.4,True,3.0,False
PQR-202608-07443,2026-08-23,2026-08,Faltante en el pedido,Línea gratuita #590,Bogotá,Cerrado,6.2,13.3,False,5.0,False
PQR-202608-07444,2026-08-15,2026-08,Camiseta personalizada pendiente,Línea gratuita #590,Cartagena,Cerrado,4.1,8.4,False,4.0,False
PQR-202608-07445,2026-08-20,2026-08,Faltante en el pedido,Línea gratuita #590,Bucaramanga,Cerrado,3.8,74.3,True,4.0,False
PQR-202608-07446,2026-08-15,2026-08,Faltante en el pedido,Línea gratuita #590,Pereira,Cerrado,5.9,15.1,False,1.0,False
PQR-202608-07447,2026-08-09,2026-08,Demora en la entrega,Línea gratuita #590,Medellín,Cerrado,0.2,7.3,True,4.0,False
PQR-202608-07448,2026-08-12,2026-08,Duda sobre uso del producto,Chat del sitio,Medellín,Cerrado,1.1,12.5,True,4.0,False
PQR-202608-07449,2026-08-16,2026-08,Duda sobre uso del producto,Chat del sitio,Ibagué,Cerrado,0.8,22.2,True,4.0,False
PQR-202608-07450,2026-08-02,2026-08,Demora en la entrega,WhatsApp,Barranquilla,Cerrado,1.1,114.0,True,4.0,False
PQR-202608-07451,2026-08-20,2026-08,Contenido incompleto del envase,Instagram / redes,Cali,Cerrado,2.7,40.3,True,5.0,False
PQR-202608-07452,2026-08-07,2026-08,Solicitud de factura electrónica,Correo electrónico,Bogotá,Cerrado,1.5,25.7,True,4.0,False
PQR-202608-07453,2026-08-01,2026-08,Contenido incompleto del envase,WhatsApp,Cali,Escalado,1.0,124.8,True,3.0,True
PQR-202608-07454,2026-08-16,2026-08,Camiseta personalizada pendiente,Correo electrónico,Medellín,Cerrado,1.0,61.9,True,4.0,False
PQR-202608-07455,2026-08-16,2026-08,Demora en la entrega,Línea gratuita #590,Bucaramanga,Cerrado,1.3,44.6,True,4.0,False
PQR-202608-07456,2026-08-20,2026-08,Reclamo por precio o promoción,WhatsApp,Ibagué,Cerrado,0.3,5.2,True,5.0,False
PQR-202608-07457,2026-08-27,2026-08,Faltante en el pedido,Instagram / redes,Medellín,Abierto,19.4,,False,,False
PQR-202608-07458,2026-08-19,2026-08,Producto averiado en transporte,WhatsApp,Bogotá,Cerrado,0.4,16.4,True,5.0,False
PQR-202608-07459,2026-08-01,2026-08,Demora en la entrega,Chat del sitio,Bogotá,Cerrado,0.2,9.5,True,3.0,False
PQR-202608-07460,2026-08-12,2026-08,Producto averiado en transporte,Línea gratuita #590,Cali,Cerrado,1.1,11.7,True,4.0,False
PQR-202608-07461,2026-08-06,2026-08,Producto averiado en transporte,Tienda física,Cartagena,Cerrado,0.7,5.5,True,4.0,False
PQR-202608-07462,2026-08-26,2026-08,Demora en la entrega,Correo electrónico,Cali,Abierto,6.0,,False,,False
PQR-202608-07463,2026-08-14,2026-08,Cambio o garantía,Línea gratuita #590,Medellín,Cerrado,2.0,7.9,True,4.0,False
PQR-202608-07464,2026-08-26,2026-08,Camiseta personalizada pendiente,Tienda física,Medellín,Escalado,9.8,12.5,False,4.0,True
PQR-202608-07465,2026-08-12,2026-08,Solicitud de factura electrónica,WhatsApp,Manizales,Cerrado,0.6,6.4,True,3.0,False
PQR-202608-07466,2026-08-09,2026-08,Demora en la entrega,Línea gratuita #590,Santa Marta,Cerrado,0.4,39.3,True,1.0,False
PQR-202608-07467,2026-08-03,2026-08,Duda sobre uso del producto,WhatsApp,Bogotá,Cerrado,0.5,40.2,True,5.0,False
PQR-202608-07468,2026-08-10,2026-08,Cambio o garantía,Chat del sitio,Bogotá,Cerrado,0.2,36.9,True,4.0,False
PQR-202608-07469,2026-08-23,2026-08,Cambio o garantía,WhatsApp,Cúcuta,Cerrado,0.1,72.7,True,2.0,False
PQR-202608-07470,2026-08-22,2026-08,Demora en la entrega,Chat del sitio,Barranquilla,Cerrado,1.2,18.2,True,3.0,False
PQR-202608-07471,2026-08-24,2026-08,Duda sobre uso del producto,WhatsApp,Medellín,Cerrado,0.2,2.2,True,3.0,False
PQR-202608-07472,2026-08-01,2026-08,Camiseta personalizada pendiente,WhatsApp,Bogotá,Cerrado,1.3,13.4,True,5.0,False
PQR-202608-07473,2026-08-24,2026-08,Producto averiado en transporte,Instagram / redes,Cartagena,Cerrado,20.0,72.1,False,3.0,False
PQR-202608-07474,2026-08-23,2026-08,Solicitud de factura electrónica,Línea gratuita #590,Cali,Cerrado,0.1,24.0,True,4.0,False
PQR-202608-07475,2026-08-15,2026-08,Demora en la entrega,Línea gratuita #590,Medellín,Cerrado,5.6,19.1,False,4.0,False
PQR-202608-07476,2026-08-20,2026-08,Cambio o garantía,Chat del sitio,Bogotá,Cerrado,2.2,3.2,True,4.0,False
PQR-202608-07477,2026-08-11,2026-08,Contenido incompleto del envase,Línea gratuita #590,Barranquilla,Cerrado,3.1,164.8,True,1.0,False
PQR-202608-07478,2026-08-19,2026-08,Faltante en el pedido,Línea gratuita #590,Bogotá,Cerrado,1.8,96.6,True,3.0,False
PQR-202608-07479,2026-08-22,2026-08,Duda sobre uso del producto,Correo electrónico,Cali,Cerrado,2.7,6.9,True,4.0,False
PQR-202608-07480,2026-08-25,2026-08,Demora en la entrega,Instagram / redes,Medellín,Cerrado,10.5,28.2,False,3.0,False
PQR-202608-07481,2026-08-04,2026-08,Demora en la entrega,Correo electrónico,Cali,Cerrado,1.0,2.0,True,4.0,False
PQR-202608-07482,2026-08-12,2026-08,Demora en la entrega,Chat del sitio,Bucaramanga,Cerrado,0.1,6.4,True,2.0,False
PQR-202608-07483,2026-08-04,2026-08,Contenido incompleto del envase,Instagram / redes,Bogotá,Cerrado,2.6,38.7,True,5.0,False
PQR-202608-07484,2026-08-03,2026-08,Camiseta personalizada pendiente,WhatsApp,Pereira,Escalado,0.3,79.2,True,3.0,True
PQR-202608-07485,2026-08-17,2026-08,Camiseta personalizada pendiente,Chat del sitio,Cartagena,Escalado,5.6,29.4,False,4.0,True
PQR-202608-07486,2026-08-07,2026-08,Reclamo por precio o promoción,Tienda física,Cúcuta,Cerrado,0.1,4.2,True,2.0,False
PQR-202608-07487,2026-08-04,2026-08,Faltante en el pedido,Línea gratuita #590,Ibagué,Cerrado,0.4,11.5,True,3.0,False
PQR-202608-07488,2026-08-17,2026-08,Faltante en el pedido,WhatsApp,Bogotá,Cerrado,1.1,44.0,True,3.0,False
PQR-202608-07489,2026-08-19,2026-08,Faltante en el pedido,Línea gratuita #590,Cali,Cerrado,2.6,10.5,True,4.0,False
PQR-202608-07490,2026-08-25,2026-08,Producto averiado en transporte,WhatsApp,Manizales,Cerrado,1.3,17.7,True,4.0,False
PQR-202608-07491,2026-08-19,2026-08,Faltante en el pedido,Chat del sitio,Villavicencio,Cerrado,2.1,8.7,True,5.0,False
PQR-202608-07492,2026-08-19,2026-08,Faltante en el pedido,Tienda física,Barranquilla,Cerrado,0.3,18.8,True,3.0,False
PQR-202608-07493,2026-08-08,2026-08,Faltante en el pedido,Chat del sitio,Cúcuta,Cerrado,0.7,81.6,True,2.0,False
PQR-202608-07494,2026-08-07,2026-08,Faltante en el pedido,Chat del sitio,Cali,Cerrado,2.1,22.8,True,3.0,False
PQR-202608-07495,2026-08-24,2026-08,Reclamo por precio o promoción,Tienda física,Bogotá,Cerrado,9.8,93.2,False,3.0,False
PQR-202608-07496,2026-08-22,2026-08,Demora en la entrega,Línea gratuita #590,Barranquilla,Cerrado,2.0,4.5,True,4.0,False
PQR-202608-07497,2026-08-10,2026-08,Faltante en el pedido,Chat del sitio,Cali,Cerrado,9.0,51.5,False,3.0,False
PQR-202608-07498,2026-08-21,2026-08,Faltante en el pedido,WhatsApp,Cali,Cerrado,0.6,15.8,True,3.0,False
PQR-202608-07499,2026-08-27,2026-08,Contenido incompleto del envase,WhatsApp,Bogotá,Abierto,0.3,,True,,False
PQR-202608-07500,2026-08-10,2026-08,Faltante en el pedido,WhatsApp,Pereira,Cerrado,1.4,15.2,True,4.0,False
PQR-202608-07501,2026-08-25,2026-08,Faltante en el pedido,Línea gratuita #590,Bogotá,Cerrado,11.0,29.0,False,4.0,False
PQR-202608-07502,2026-08-13,2026-08,Cambio o garantía,WhatsApp,Bogotá,Cerrado,0.9,59.0,True,4.0,False
PQR-202608-07503,2026-08-09,2026-08,Contenido incompleto del envase,WhatsApp,Ibagué,Cerrado,2.2,77.3,True,3.0,False
PQR-202608-07504,2026-08-09,2026-08,Faltante en el pedido,Línea gratuita #590,Santa Marta,Cerrado,0.5,38.7,True,4.0,False
PQR-202608-07505,2026-08-23,2026-08,Demora en la entrega,WhatsApp,Bucaramanga,Cerrado,0.8,58.4,True,2.0,False
PQR-202608-07506,2026-08-24,2026-08,Camiseta personalizada pendiente,Chat del sitio,Villavicencio,Cerrado,0.5,38.5,True,1.0,False
PQR-202608-07507,2026-08-05,2026-08,Faltante en el pedido,WhatsApp,Bucaramanga,Cerrado,4.8,9.9,False,3.0,False
PQR-202608-07508,2026-08-06,2026-08,Reclamo por precio o promoción,WhatsApp,Cali,Cerrado,1.4,26.5,True,2.0,False
PQR-202608-07509,2026-08-22,2026-08,Camiseta personalizada pendiente,Correo electrónico,Cali,Cerrado,13.8,51.6,False,3.0,False
PQR-202608-07510,2026-08-08,2026-08,Solicitud de factura electrónica,Tienda física,Santa Marta,Cerrado,0.2,58.2,True,3.0,False
PQR-202608-07511,2026-08-20,2026-08,Camiseta personalizada pendiente,Tienda física,Bogotá,Cerrado,2.7,24.9,True,3.0,False
PQR-202608-07512,2026-08-17,2026-08,Cambio o garantía,Instagram / redes,Bucaramanga,Cerrado,6.3,48.8,False,5.0,False
PQR-202608-07513,2026-08-15,2026-08,Faltante en el pedido,Correo electrónico,Armenia,Cerrado,21.6,22.6,False,5.0,False
PQR-202608-07514,2026-08-24,2026-08,Faltante en el pedido,Chat del sitio,Ibagué,Cerrado,0.7,10.4,True,3.0,False
PQR-202608-07515,2026-08-12,2026-08,Contenido incompleto del envase,WhatsApp,Bogotá,Cerrado,0.8,3.7,True,3.0,False
PQR-202608-07516,2026-08-06,2026-08,Demora en la entrega,WhatsApp,Bogotá,Cerrado,2.0,49.2,True,5.0,False
PQR-202608-07517,2026-08-27,2026-08,Demora en la entrega,WhatsApp,Bogotá,Cerrado,0.9,4.0,True,4.0,False
PQR-202608-07518,2026-08-18,2026-08,Duda sobre uso del producto,WhatsApp,Barranquilla,Cerrado,0.5,20.1,True,3.0,False
PQR-202608-07519,2026-08-06,2026-08,Solicitud de factura electrónica,Tienda física,Bogotá,Cerrado,0.1,29.7,True,5.0,False
PQR-202608-07520,2026-08-20,2026-08,Faltante en el pedido,WhatsApp,Bogotá,Cerrado,0.1,26.6,True,4.0,False
PQR-202608-07521,2026-08-15,2026-08,Demora en la entrega,WhatsApp,Bucaramanga,Cerrado,0.7,6.1,True,3.0,False
PQR-202608-07522,2026-08-02,2026-08,Contenido incompleto del envase,Chat del sitio,Ibagué,Cerrado,0.7,26.1,True,4.0,False
PQR-202608-07523,2026-08-04,2026-08,Faltante en el pedido,Correo electrónico,Armenia,Cerrado,6.0,23.3,False,3.0,False
PQR-202608-07524,2026-08-18,2026-08,Faltante en el pedido,Línea gratuita #590,Manizales,Cerrado,2.3,3.3,True,3.0,False
PQR-202608-07525,2026-08-14,2026-08,Demora en la entrega,Instagram / redes,Cali,Cerrado,5.7,19.3,False,5.0,False
PQR-202608-07526,2026-08-12,2026-08,Reclamo por precio o promoción,Tienda física,Cali,Cerrado,0.2,9.4,True,4.0,False
PQR-202608-07527,2026-08-09,2026-08,Solicitud de factura electrónica,Línea gratuita #590,Bogotá,Cerrado,1.0,22.4,True,4.0,False
PQR-202608-07528,2026-08-08,2026-08,Demora en la entrega,WhatsApp,Bogotá,Cerrado,0.2,68.6,True,4.0,False
PQR-202608-07529,2026-08-14,2026-08,Demora en la entrega,Instagram / redes,Bogotá,Cerrado,17.4,48.1,False,3.0,False
PQR-202608-07530,2026-08-15,2026-08,Reclamo por precio o promoción,Tienda física,Bogotá,Cerrado,12.5,22.3,False,4.0,False
PQR-202608-07531,2026-08-06,2026-08,Demora en la entrega,Chat del sitio,Bogotá,Cerrado,3.8,8.9,True,4.0,False
PQR-202608-07532,2026-08-12,2026-08,Producto averiado en transporte,Chat del sitio,Bogotá,Cerrado,1.2,3.2,True,4.0,False
PQR-202608-07533,2026-08-20,2026-08,Demora en la entrega,WhatsApp,Bogotá,Cerrado,3.0,41.2,True,4.0,False
PQR-202608-07534,2026-08-04,2026-08,Demora en la entrega,Línea gratuita #590,Cúcuta,Cerrado,2.6,44.9,True,3.0,False
PQR-202608-07535,2026-08-19,2026-08,Camiseta personalizada pendiente,WhatsApp,Bogotá,Cerrado,1.4,32.7,True,4.0,False
PQR-202608-07536,2026-08-24,2026-08,Faltante en el pedido,WhatsApp,Barranquilla,Cerrado,1.0,22.2,True,4.0,False
PQR-202608-07537,2026-08-21,2026-08,Camiseta personalizada pendiente,WhatsApp,Bucaramanga,Escalado,0.5,92.2,True,3.0,True
PQR-202608-07538,2026-08-23,2026-08,Demora en la entrega,WhatsApp,Cali,Cerrado,1.0,13.3,True,5.0,False
PQR-202608-07539,2026-08-18,2026-08,Cambio o garantía,Chat del sitio,Cali,Cerrado,1.0,70.0,True,4.0,False
PQR-202608-07540,2026-08-12,2026-08,Producto averiado en transporte,Línea gratuita #590,Bogotá,Cerrado,0.2,49.2,True,4.0,False
PQR-202608-07541,2026-08-01,2026-08,Solicitud de factura electrónica,Tienda física,Cali,Cerrado,0.8,4.5,True,4.0,False
PQR-202608-07542,2026-08-14,2026-08,Solicitud de factura electrónica,Chat del sitio,Barranquilla,Cerrado,1.8,50.5,True,4.0,False
PQR-202608-07543,2026-08-23,2026-08,Demora en la entrega,Línea gratuita #590,Ibagué,Cerrado,1.1,9.6,True,3.0,False
PQR-202608-07544,2026-08-24,2026-08,Producto averiado en transporte,WhatsApp,Cali,Cerrado,0.9,48.3,True,4.0,False
PQR-202608-07545,2026-08-03,2026-08,Faltante en el pedido,WhatsApp,Medellín,Cerrado,5.2,6.7,False,4.0,False
PQR-202608-07546,2026-08-25,2026-08,Cambio o garantía,Instagram / redes,Bogotá,Cerrado,2.6,57.0,True,4.0,False
PQR-202608-07547,2026-08-05,2026-08,Demora en la entrega,Instagram / redes,Pereira,Cerrado,11.3,17.0,False,5.0,False
PQR-202608-07548,2026-08-13,2026-08,Demora en la entrega,WhatsApp,Medellín,Cerrado,0.2,11.3,True,4.0,False
PQR-202608-07549,2026-08-07,2026-08,Producto averiado en transporte,Instagram / redes,Cartagena,Cerrado,1.1,14.4,True,3.0,False
PQR-202608-07550,2026-08-27,2026-08,Producto averiado en transporte,Instagram / redes,Medellín,Abierto,0.6,,True,,False
PQR-202608-07551,2026-08-10,2026-08,Faltante en el pedido,Instagram / redes,Santa Marta,Cerrado,3.5,66.1,True,3.0,False
PQR-202608-07552,2026-08-04,2026-08,Faltante en el pedido,Correo electrónico,Barranquilla,Cerrado,3.0,35.7,True,4.0,False
PQR-202608-07553,2026-08-09,2026-08,Cambio o garantía,WhatsApp,Bogotá,Cerrado,1.7,146.1,True,2.0,False
PQR-202608-07554,2026-08-19,2026-08,Cambio o garantía,WhatsApp,Santa Marta,Cerrado,0.8,17.4,True,5.0,False
PQR-202608-07555,2026-08-01,2026-08,Demora en la entrega,WhatsApp,Medellín,Cerrado,0.1,31.0,True,3.0,False
PQR-202608-07556,2026-08-06,2026-08,Camiseta personalizada pendiente,Línea gratuita #590,Bogotá,Cerrado,1.4,8.1,True,5.0,False
PQR-202608-07557,2026-08-14,2026-08,Reclamo por precio o promoción,WhatsApp,Bogotá,Cerrado,0.4,1.5,True,4.0,False
PQR-202608-07558,2026-08-23,2026-08,Duda sobre uso del producto,WhatsApp,Cali,Cerrado,1.7,2.7,True,5.0,False
PQR-202608-07559,2026-08-07,2026-08,Evento adverso reportado,Instagram / redes,Barranquilla,Escalado,30.4,95.8,False,2.0,True
PQR-202608-07560,2026-08-11,2026-08,Duda sobre uso del producto,Tienda física,Medellín,Cerrado,1.2,2.5,True,5.0,False
PQR-202608-07561,2026-08-21,2026-08,Demora en la entrega,Línea gratuita #590,Cartagena,Cerrado,5.0,24.1,False,4.0,False
PQR-202608-07562,2026-08-03,2026-08,Demora en la entrega,WhatsApp,Pereira,Cerrado,0.1,5.5,True,4.0,False
PQR-202608-07563,2026-08-19,2026-08,Camiseta personalizada pendiente,WhatsApp,Bogotá,Cerrado,2.4,5.2,True,3.0,False
PQR-202608-07564,2026-08-03,2026-08,Faltante en el pedido,Instagram / redes,Cali,Cerrado,12.4,58.1,False,5.0,False
PQR-202608-07565,2026-08-15,2026-08,Demora en la entrega,Correo electrónico,Bogotá,Cerrado,18.6,91.8,False,2.0,False
PQR-202608-07566,2026-08-21,2026-08,Demora en la entrega,WhatsApp,Cartagena,Cerrado,3.9,22.8,True,4.0,False
PQR-202608-07567,2026-08-12,2026-08,Demora en la entrega,Línea gratuita #590,Medellín,Cerrado,1.7,27.3,True,4.0,False
PQR-202608-07568,2026-08-26,2026-08,Demora en la entrega,WhatsApp,Medellín,Cerrado,1.3,26.0,True,4.0,False
PQR-202608-07569,2026-08-15,2026-08,Producto averiado en transporte,Tienda física,Bogotá,Cerrado,8.3,34.2,False,3.0,False
PQR-202608-07570,2026-08-12,2026-08,Cambio o garantía,WhatsApp,Cali,Cerrado,7.6,116.1,False,3.0,False
PQR-202608-07571,2026-08-19,2026-08,Camiseta personalizada pendiente,Tienda física,Cartagena,Escalado,0.9,23.3,True,4.0,True
PQR-202608-07572,2026-08-25,2026-08,Duda sobre uso del producto,WhatsApp,Cali,Cerrado,0.6,7.7,True,3.0,False
PQR-202608-07573,2026-08-12,2026-08,Demora en la entrega,WhatsApp,Cali,Cerrado,0.3,29.9,True,2.0,False
PQR-202608-07574,2026-08-24,2026-08,Cambio o garantía,Instagram / redes,Bogotá,Cerrado,4.6,114.4,False,2.0,False
PQR-202608-07575,2026-08-26,2026-08,Producto averiado en transporte,WhatsApp,Santa Marta,Cerrado,0.7,43.5,True,4.0,False
PQR-202608-07576,2026-08-05,2026-08,Faltante en el pedido,Línea gratuita #590,Armenia,Cerrado,0.9,15.4,True,4.0,False
PQR-202608-07577,2026-08-16,2026-08,Producto averiado en transporte,WhatsApp,Bogotá,Cerrado,3.5,9.2,True,4.0,False
PQR-202608-07578,2026-08-11,2026-08,Faltante en el pedido,Chat del sitio,Pereira,Cerrado,0.6,11.9,True,3.0,False
PQR-202608-07579,2026-08-19,2026-08,Solicitud de factura electrónica,Instagram / redes,Medellín,Cerrado,2.1,16.4,True,4.0,False
PQR-202608-07580,2026-08-10,2026-08,Faltante en el pedido,Línea gratuita #590,Manizales,Cerrado,4.0,34.3,True,4.0,False
PQR-202608-07581,2026-08-23,2026-08,Demora en la entrega,Línea gratuita #590,Cali,Cerrado,0.1,32.3,True,5.0,False
PQR-202608-07582,2026-08-24,2026-08,Demora en la entrega,WhatsApp,Barranquilla,Cerrado,2.5,24.6,True,4.0,False
PQR-202608-07583,2026-08-06,2026-08,Demora en la entrega,Correo electrónico,Medellín,Cerrado,4.1,41.0,False,4.0,False
PQR-202608-07584,2026-08-13,2026-08,Producto averiado en transporte,Línea gratuita #590,Bogotá,Cerrado,6.1,41.0,False,4.0,False
PQR-202608-07585,2026-08-12,2026-08,Producto averiado en transporte,Correo electrónico,Cali,Cerrado,9.0,11.2,False,4.0,False
PQR-202608-07586,2026-08-02,2026-08,Producto averiado en transporte,Línea gratuita #590,Bogotá,Cerrado,1.6,23.2,True,4.0,False
PQR-202608-07587,2026-08-09,2026-08,Duda sobre uso del producto,WhatsApp,Pereira,Cerrado,0.1,5.5,True,3.0,False
PQR-202608-07588,2026-08-24,2026-08,Contenido incompleto del envase,WhatsApp,Bogotá,Cerrado,1.8,11.1,True,4.0,False
PQR-202608-07589,2026-08-27,2026-08,Demora en la entrega,Correo electrónico,Manizales,Abierto,3.9,,True,,False
PQR-202608-07590,2026-08-18,2026-08,Duda sobre uso del producto,WhatsApp,Cali,Cerrado,0.1,1.1,True,5.0,False
PQR-202608-07591,2026-08-08,2026-08,Demora en la entrega,Instagram / redes,Bogotá,Cerrado,1.6,22.1,True,3.0,False
PQR-202608-07592,2026-08-01,2026-08,Reclamo por precio o promoción,WhatsApp,Medellín,Cerrado,1.2,2.4,True,4.0,False
PQR-202608-07593,2026-08-03,2026-08,Demora en la entrega,WhatsApp,Barranquilla,Cerrado,1.9,111.6,True,2.0,False
PQR-202608-07594,2026-08-09,2026-08,Producto averiado en transporte,WhatsApp,Pereira,Cerrado,0.4,44.9,True,4.0,False
PQR-202608-07595,2026-08-20,2026-08,Camiseta personalizada pendiente,Línea gratuita #590,Bogotá,Cerrado,1.9,39.8,True,5.0,False
PQR-202608-07596,2026-08-26,2026-08,Duda sobre uso del producto,Chat del sitio,Bogotá,Cerrado,0.2,1.2,True,4.0,False
PQR-202608-07597,2026-08-19,2026-08,Solicitud de factura electrónica,WhatsApp,Pasto,Cerrado,0.2,12.5,True,4.0,False
PQR-202608-07598,2026-08-09,2026-08,Demora en la entrega,WhatsApp,Cali,Cerrado,1.7,49.2,True,4.0,False
PQR-202608-07599,2026-08-12,2026-08,Demora en la entrega,WhatsApp,Cartagena,Cerrado,7.0,13.6,False,4.0,False
PQR-202608-07600,2026-08-03,2026-08,Faltante en el pedido,WhatsApp,Medellín,Cerrado,0.7,51.5,True,4.0,False
PQR-202608-07601,2026-08-08,2026-08,Reclamo por precio o promoción,Línea gratuita #590,Bogotá,Cerrado,1.9,5.3,True,3.0,False
PQR-202608-07602,2026-08-07,2026-08,Demora en la entrega,Instagram / redes,Medellín,Cerrado,6.7,23.0,False,3.0,False
PQR-202608-07603,2026-08-22,2026-08,Camiseta personalizada pendiente,Línea gratuita #590,Cúcuta,Cerrado,2.3,31.1,True,4.0,False
PQR-202608-07604,2026-08-21,2026-08,Demora en la entrega,Chat del sitio,Santa Marta,Cerrado,0.2,33.7,True,3.0,False
PQR-202608-07605,2026-08-03,2026-08,Demora en la entrega,Línea gratuita #590,Santa Marta,Cerrado,1.9,6.9,True,3.0,False
PQR-202608-07606,2026-08-05,2026-08,Faltante en el pedido,Línea gratuita #590,Bogotá,Cerrado,1.2,35.9,True,5.0,False
PQR-202608-07607,2026-08-19,2026-08,Faltante en el pedido,Línea gratuita #590,Medellín,Cerrado,4.4,23.6,False,4.0,False
PQR-202608-07608,2026-08-04,2026-08,Producto averiado en transporte,WhatsApp,Medellín,Cerrado,2.8,82.2,True,3.0,False
PQR-202608-07609,2026-08-08,2026-08,Contenido incompleto del envase,WhatsApp,Pereira,Escalado,1.6,12.8,True,4.0,True
PQR-202608-07610,2026-08-06,2026-08,Duda sobre uso del producto,Instagram / redes,Bogotá,Cerrado,0.4,11.5,True,5.0,False
PQR-202608-07611,2026-08-03,2026-08,Camiseta personalizada pendiente,WhatsApp,Bogotá,Cerrado,1.7,7.7,True,4.0,False
PQR-202608-07612,2026-08-12,2026-08,Demora en la entrega,WhatsApp,Bucaramanga,Cerrado,0.5,51.3,True,2.0,False
PQR-202608-07613,2026-08-20,2026-08,Demora en la entrega,WhatsApp,Cartagena,Cerrado,0.7,5.3,True,4.0,False
PQR-202608-07614,2026-08-22,2026-08,Demora en la entrega,Línea gratuita #590,Bogotá,Cerrado,3.9,26.0,True,4.0,False
PQR-202608-07615,2026-08-11,2026-08,Contenido incompleto del envase,Instagram / redes,Cali,Cerrado,10.0,27.3,False,4.0,False
PQR-202608-07616,2026-08-06,2026-08,Faltante en el pedido,Instagram / redes,Cartagena,Cerrado,15.5,137.1,False,4.0,False
PQR-202608-07617,2026-08-07,2026-08,Faltante en el pedido,Chat del sitio,Bogotá,Cerrado,2.8,3.8,True,4.0,False
PQR-202608-07618,2026-08-07,2026-08,Camiseta personalizada pendiente,Tienda física,Villavicencio,Escalado,23.2,58.2,False,5.0,True
PQR-202608-07619,2026-08-18,2026-08,Faltante en el pedido,Tienda física,Bogotá,Cerrado,7.8,18.8,False,3.0,False
PQR-202608-07620,2026-08-07,2026-08,Reclamo por precio o promoción,Instagram / redes,Barranquilla,Cerrado,0.1,3.7,True,2.0,False
PQR-202608-07621,2026-08-14,2026-08,Demora en la entrega,WhatsApp,Bogotá,Cerrado,0.3,4.0,True,5.0,False
PQR-202608-07622,2026-08-18,2026-08,Reclamo por precio o promoción,Chat del sitio,Medellín,Cerrado,0.2,8.5,True,5.0,False
PQR-202608-07623,2026-08-04,2026-08,Reclamo por precio o promoción,Correo electrónico,Pereira,Cerrado,1.4,5.9,True,5.0,False
PQR-202608-07624,2026-08-13,2026-08,Cambio o garantía,Línea gratuita #590,Cartagena,Cerrado,1.0,22.1,True,5.0,False
PQR-202608-07625,2026-08-25,2026-08,Producto averiado en transporte,WhatsApp,Barranquilla,Cerrado,1.8,5.5,True,3.0,False
PQR-202608-07626,2026-08-24,2026-08,Demora en la entrega,WhatsApp,Ibagué,Cerrado,0.5,9.9,True,3.0,False
PQR-202608-07627,2026-08-06,2026-08,Contenido incompleto del envase,Chat del sitio,Bogotá,Cerrado,4.0,58.5,True,3.0,False
PQR-202608-07628,2026-08-19,2026-08,Producto averiado en transporte,Chat del sitio,Barranquilla,Cerrado,1.1,57.7,True,4.0,False
PQR-202608-07629,2026-08-11,2026-08,Producto averiado en transporte,Instagram / redes,Medellín,Cerrado,0.2,45.1,True,4.0,False
PQR-202608-07630,2026-08-27,2026-08,Demora en la entrega,WhatsApp,Bogotá,Cerrado,1.0,11.6,True,4.0,False
PQR-202608-07631,2026-08-01,2026-08,Demora en la entrega,Línea gratuita #590,Bogotá,Cerrado,1.3,12.6,True,3.0,False
PQR-202608-07632,2026-08-21,2026-08,Solicitud de factura electrónica,Tienda física,Barranquilla,Cerrado,0.3,1.3,True,4.0,False
PQR-202608-07633,2026-08-18,2026-08,Demora en la entrega,Tienda física,Pereira,Cerrado,3.0,22.8,True,3.0,False
PQR-202608-07634,2026-08-23,2026-08,Faltante en el pedido,Tienda física,Neiva,Cerrado,2.0,16.0,True,5.0,False
PQR-202608-07635,2026-08-21,2026-08,Solicitud de factura electrónica,WhatsApp,Medellín,Cerrado,1.5,13.0,True,4.0,False
PQR-202608-07636,2026-08-22,2026-08,Camiseta personalizada pendiente,WhatsApp,Barranquilla,Cerrado,0.4,33.8,True,5.0,False
PQR-202608-07637,2026-08-22,2026-08,Camiseta personalizada pendiente,Tienda física,Cali,Escalado,6.4,17.1,False,3.0,True
PQR-202608-07638,2026-08-20,2026-08,Reclamo por precio o promoción,Chat del sitio,Bogotá,Cerrado,0.3,1.3,True,4.0,False
PQR-202608-07639,2026-08-19,2026-08,Camiseta personalizada pendiente,Línea gratuita #590,Cali,Cerrado,0.6,55.8,True,3.0,False
PQR-202608-07640,2026-08-04,2026-08,Demora en la entrega,Instagram / redes,Bogotá,Cerrado,7.0,37.7,False,4.0,False
PQR-202608-07641,2026-08-18,2026-08,Producto averiado en transporte,WhatsApp,Bogotá,Cerrado,3.0,211.5,True,3.0,False
PQR-202608-07642,2026-08-17,2026-08,Contenido incompleto del envase,Chat del sitio,Bogotá,Escalado,2.7,15.8,True,4.0,True
PQR-202608-07643,2026-08-16,2026-08,Demora en la entrega,WhatsApp,Barranquilla,Cerrado,2.0,100.6,True,2.0,False
PQR-202608-07644,2026-08-24,2026-08,Camiseta personalizada pendiente,Línea gratuita #590,Medellín,Escalado,0.1,11.5,True,2.0,True
PQR-202608-07645,2026-08-05,2026-08,Contenido incompleto del envase,Tienda física,Medellín,Escalado,0.9,11.5,True,4.0,True
PQR-202608-07646,2026-08-03,2026-08,Demora en la entrega,WhatsApp,Bucaramanga,Cerrado,3.2,57.6,True,5.0,False
PQR-202608-07647,2026-08-22,2026-08,Solicitud de factura electrónica,Línea gratuita #590,Bucaramanga,Cerrado,0.1,3.3,True,4.0,False
PQR-202608-07648,2026-08-23,2026-08,Evento adverso reportado,Correo electrónico,Medellín,Cerrado,15.2,27.1,False,3.0,True
PQR-202608-07649,2026-08-26,2026-08,Camiseta personalizada pendiente,Chat del sitio,Cali,Abierto,0.2,,True,,False
PQR-202608-07650,2026-08-18,2026-08,Faltante en el pedido,Correo electrónico,Bucaramanga,Cerrado,5.7,29.1,False,3.0,False
PQR-202608-07651,2026-08-05,2026-08,Faltante en el pedido,Chat del sitio,Medellín,Cerrado,6.6,7.6,False,3.0,False
PQR-202608-07652,2026-08-15,2026-08,Faltante en el pedido,Chat del sitio,Cali,Cerrado,1.1,29.6,True,5.0,False
PQR-202608-07653,2026-08-21,2026-08,Camiseta personalizada pendiente,Instagram / redes,Bogotá,Cerrado,19.0,28.2,False,3.0,False
PQR-202608-07654,2026-08-04,2026-08,Reclamo por precio o promoción,Tienda física,Cartagena,Cerrado,0.3,10.6,True,3.0,False
PQR-202608-07655,2026-08-22,2026-08,Demora en la entrega,WhatsApp,Bogotá,Cerrado,0.4,12.5,True,5.0,False
PQR-202608-07656,2026-08-10,2026-08,Reclamo por precio o promoción,WhatsApp,Cali,Cerrado,0.4,1.6,True,5.0,False
PQR-202608-07657,2026-08-25,2026-08,Faltante en el pedido,Línea gratuita #590,Medellín,Cerrado,0.2,15.0,True,4.0,False
PQR-202608-07658,2026-08-18,2026-08,Solicitud de factura electrónica,WhatsApp,Bucaramanga,Cerrado,1.2,28.9,True,3.0,False
PQR-202608-07659,2026-08-12,2026-08,Camiseta personalizada pendiente,Línea gratuita #590,Bogotá,Cerrado,2.7,6.6,True,4.0,False
PQR-202608-07660,2026-08-16,2026-08,Demora en la entrega,Chat del sitio,Santa Marta,Cerrado,0.5,14.7,True,4.0,False
PQR-202608-07661,2026-08-09,2026-08,Contenido incompleto del envase,WhatsApp,Bogotá,Escalado,0.6,107.7,True,3.0,True
PQR-202608-07662,2026-08-18,2026-08,Demora en la entrega,Chat del sitio,Cali,Cerrado,0.9,19.1,True,4.0,False
PQR-202608-07663,2026-08-24,2026-08,Demora en la entrega,Chat del sitio,Cúcuta,Cerrado,0.3,11.4,True,4.0,False
PQR-202608-07664,2026-08-15,2026-08,Demora en la entrega,WhatsApp,Cali,Cerrado,0.5,32.3,True,4.0,False
PQR-202608-07665,2026-08-01,2026-08,Demora en la entrega,WhatsApp,Santa Marta,Cerrado,0.6,12.3,True,4.0,False
PQR-202608-07666,2026-08-08,2026-08,Demora en la entrega,Correo electrónico,Bogotá,Cerrado,5.0,10.5,False,3.0,False
PQR-202608-07667,2026-08-16,2026-08,Cambio o garantía,Línea gratuita #590,Medellín,Cerrado,0.4,76.1,True,3.0,False
PQR-202608-07668,2026-08-09,2026-08,Contenido incompleto del envase,Instagram / redes,Cali,Escalado,7.2,347.2,False,3.0,True
PQR-202608-07669,2026-08-15,2026-08,Demora en la entrega,WhatsApp,Medellín,Cerrado,1.4,79.3,True,3.0,False
PQR-202608-07670,2026-08-06,2026-08,Producto averiado en transporte,WhatsApp,Ibagué,Cerrado,0.6,17.4,True,3.0,False
PQR-202608-07671,2026-08-03,2026-08,Demora en la entrega,WhatsApp,Cali,Cerrado,2.0,22.0,True,4.0,False
PQR-202608-07672,2026-08-26,2026-08,Duda sobre uso del producto,Chat del sitio,Bogotá,Abierto,0.2,,True,,False
PQR-202608-07673,2026-08-10,2026-08,Duda sobre uso del producto,Correo electrónico,Bogotá,Cerrado,4.1,11.5,False,4.0,False
PQR-202608-07674,2026-08-17,2026-08,Contenido incompleto del envase,Línea gratuita #590,Pereira,Escalado,0.8,81.8,True,4.0,True
PQR-202608-07675,2026-08-05,2026-08,Producto averiado en transporte,Chat del sitio,Cali,Cerrado,4.3,33.9,False,4.0,False
PQR-202608-07676,2026-08-06,2026-08,Demora en la entrega,WhatsApp,Santa Marta,Cerrado,0.6,13.9,True,4.0,False
PQR-202608-07677,2026-08-09,2026-08,Cambio o garantía,WhatsApp,Armenia,Cerrado,0.7,30.6,True,5.0,False
PQR-202608-07678,2026-08-16,2026-08,Producto averiado en transporte,WhatsApp,Bogotá,Cerrado,0.4,33.1,True,4.0,False
PQR-202608-07679,2026-08-24,2026-08,Contenido incompleto del envase,Línea gratuita #590,Villavicencio,Escalado,1.6,208.4,True,3.0,True
PQR-202608-07680,2026-08-10,2026-08,Faltante en el pedido,Chat del sitio,Armenia,Cerrado,1.7,20.8,True,3.0,False
PQR-202608-07681,2026-08-02,2026-08,Reclamo por precio o promoción,Instagram / redes,Bogotá,Cerrado,0.6,16.8,True,3.0,False
PQR-202608-07682,2026-08-27,2026-08,Camiseta personalizada pendiente,WhatsApp,Pereira,Abierto,1.4,,True,,False
PQR-202608-07683,2026-08-02,2026-08,Camiseta personalizada pendiente,Chat del sitio,Cali,Cerrado,2.7,87.5,True,2.0,False
PQR-202608-07684,2026-08-27,2026-08,Faltante en el pedido,Chat del sitio,Medellín,Abierto,0.1,,True,,False
PQR-202608-07685,2026-08-21,2026-08,Producto averiado en transporte,WhatsApp,Barranquilla,Cerrado,3.3,39.1,True,4.0,False
PQR-202608-07686,2026-08-06,2026-08,Evento adverso reportado,Instagram / redes,Cali,Escalado,6.8,206.4,False,3.0,True
PQR-202608-07687,2026-08-22,2026-08,Solicitud de factura electrónica,Tienda física,Bogotá,Cerrado,0.5,13.6,True,4.0,False
PQR-202608-07688,2026-08-21,2026-08,Camiseta personalizada pendiente,Línea gratuita #590,Pereira,Escalado,3.4,35.3,True,5.0,True
PQR-202608-07689,2026-08-08,2026-08,Solicitud de factura electrónica,Chat del sitio,Cali,Cerrado,3.2,27.1,True,3.0,False
PQR-202608-07690,2026-08-17,2026-08,Demora en la entrega,WhatsApp,Bogotá,Cerrado,2.4,5.5,True,4.0,False
PQR-202608-07691,2026-08-27,2026-08,Cambio o garantía,Instagram / redes,Bogotá,Abierto,1.8,,True,,False
PQR-202608-07692,2026-08-20,2026-08,Faltante en el pedido,WhatsApp,Barranquilla,Cerrado,2.9,8.2,True,2.0,False
PQR-202608-07693,2026-08-20,2026-08,Camiseta personalizada pendiente,WhatsApp,Cúcuta,Cerrado,2.1,7.5,True,5.0,False
PQR-202608-07694,2026-08-20,2026-08,Contenido incompleto del envase,Instagram / redes,Bucaramanga,Cerrado,1.2,66.4,True,3.0,False
PQR-202608-07695,2026-08-13,2026-08,Demora en la entrega,WhatsApp,Barranquilla,Cerrado,1.2,2.4,True,4.0,False
PQR-202608-07696,2026-08-13,2026-08,Faltante en el pedido,Tienda física,Cúcuta,Cerrado,0.7,3.0,True,4.0,False
PQR-202608-07697,2026-08-02,2026-08,Reclamo por precio o promoción,Instagram / redes,Ibagué,Cerrado,2.0,17.0,True,2.0,False
PQR-202608-07698,2026-08-08,2026-08,Camiseta personalizada pendiente,WhatsApp,Bogotá,Escalado,0.3,90.5,True,3.0,True
PQR-202608-07699,2026-08-02,2026-08,Demora en la entrega,WhatsApp,Cali,Cerrado,0.4,11.5,True,5.0,False
PQR-202608-07700,2026-08-25,2026-08,Contenido incompleto del envase,WhatsApp,Manizales,Escalado,7.4,102.4,False,4.0,True
PQR-202608-07701,2026-08-07,2026-08,Faltante en el pedido,Línea gratuita #590,Bucaramanga,Cerrado,3.2,19.3,True,3.0,False
PQR-202608-07702,2026-08-26,2026-08,Demora en la entrega,Línea gratuita #590,Bucaramanga,Cerrado,0.1,4.5,True,4.0,False
PQR-202608-07703,2026-08-18,2026-08,Reclamo por precio o promoción,Línea gratuita #590,Neiva,Cerrado,1.6,22.5,True,4.0,False
PQR-202608-07704,2026-08-06,2026-08,Demora en la entrega,Chat del sitio,Cali,Cerrado,0.1,20.2,True,4.0,False
PQR-202608-07705,2026-08-27,2026-08,Evento adverso reportado,Chat del sitio,Bogotá,Abierto,0.7,,True,,True
PQR-202608-07706,2026-08-27,2026-08,Solicitud de factura electrónica,WhatsApp,Medellín,Cerrado,1.3,12.8,True,5.0,False
PQR-202608-07707,2026-08-20,2026-08,Duda sobre uso del producto,Línea gratuita #590,Ibagué,Cerrado,1.3,5.6,True,3.0,False
PQR-202608-07708,2026-08-27,2026-08,Contenido incompleto del envase,WhatsApp,Bogotá,Escalado,1.0,34.2,True,3.0,True
PQR-202608-07709,2026-08-10,2026-08,Camiseta personalizada pendiente,WhatsApp,Bogotá,Escalado,1.8,16.6,True,3.0,True
PQR-202608-07710,2026-08-13,2026-08,Demora en la entrega,Chat del sitio,Cali,Cerrado,1.3,33.1,True,4.0,False
PQR-202608-07711,2026-08-14,2026-08,Faltante en el pedido,Línea gratuita #590,Cali,Cerrado,2.4,93.7,True,3.0,False
PQR-202608-07712,2026-08-20,2026-08,Cambio o garantía,Instagram / redes,Armenia,Cerrado,15.4,43.9,False,4.0,False
PQR-202608-07713,2026-08-21,2026-08,Reclamo por precio o promoción,Chat del sitio,Bogotá,Cerrado,0.1,38.5,True,4.0,False
PQR-202608-07714,2026-08-16,2026-08,Faltante en el pedido,Instagram / redes,Pereira,Cerrado,17.8,45.5,False,3.0,False
PQR-202608-07715,2026-08-08,2026-08,Camiseta personalizada pendiente,WhatsApp,Pasto,Escalado,1.9,19.2,True,4.0,True
PQR-202608-07716,2026-08-16,2026-08,Faltante en el pedido,Chat del sitio,Bogotá,Cerrado,0.1,4.8,True,5.0,False
PQR-202608-07717,2026-08-11,2026-08,Evento adverso reportado,Chat del sitio,Cali,Escalado,0.7,71.5,True,3.0,True
PQR-202608-07718,2026-08-14,2026-08,Solicitud de factura electrónica,WhatsApp,Cartagena,Cerrado,0.4,9.7,True,4.0,False
PQR-202608-07719,2026-08-01,2026-08,Producto averiado en transporte,WhatsApp,Pereira,Cerrado,0.9,9.0,True,4.0,False
PQR-202608-07720,2026-08-23,2026-08,Demora en la entrega,WhatsApp,Bogotá,Cerrado,0.1,2.6,True,3.0,False
PQR-202608-07721,2026-08-02,2026-08,Reclamo por precio o promoción,Línea gratuita #590,Bucaramanga,Cerrado,0.5,7.9,True,4.0,False
PQR-202608-07722,2026-08-27,2026-08,Solicitud de factura electrónica,WhatsApp,Cúcuta,Abierto,1.0,,True,,False
PQR-202608-07723,2026-08-24,2026-08,Contenido incompleto del envase,Correo electrónico,Bogotá,Escalado,5.9,46.7,False,4.0,True
PQR-202608-07724,2026-08-15,2026-08,Cambio o garantía,Línea gratuita #590,Bogotá,Cerrado,2.2,5.2,True,3.0,False
PQR-202608-07725,2026-08-03,2026-08,Faltante en el pedido,Línea gratuita #590,Barranquilla,Cerrado,1.6,19.3,True,2.0,False
PQR-202608-07726,2026-08-23,2026-08,Camiseta personalizada pendiente,WhatsApp,Barranquilla,Cerrado,0.2,16.5,True,5.0,False
PQR-202608-07727,2026-08-21,2026-08,Faltante en el pedido,Instagram / redes,Bogotá,Cerrado,0.2,39.6,True,2.0,False
PQR-202608-07728,2026-08-15,2026-08,Duda sobre uso del producto,Línea gratuita #590,Ibagué,Cerrado,0.7,5.2,True,3.0,False
PQR-202608-07729,2026-08-21,2026-08,Demora en la entrega,Chat del sitio,Bogotá,Cerrado,1.4,66.6,True,3.0,False
PQR-202608-07730,2026-08-01,2026-08,Faltante en el pedido,Chat del sitio,Cartagena,Cerrado,3.5,10.2,True,3.0,False
PQR-202608-07731,2026-08-16,2026-08,Contenido incompleto del envase,Tienda física,Pasto,Cerrado,3.8,186.7,True,2.0,False
PQR-202608-07732,2026-08-10,2026-08,Demora en la entrega,Instagram / redes,Armenia,Cerrado,9.4,29.6,False,4.0,False
PQR-202608-07733,2026-08-23,2026-08,Camiseta personalizada pendiente,WhatsApp,Barranquilla,Cerrado,2.6,45.0,True,4.0,False
PQR-202608-07734,2026-08-06,2026-08,Demora en la entrega,WhatsApp,Barranquilla,Cerrado,0.6,9.0,True,5.0,False
PQR-202608-07735,2026-08-13,2026-08,Producto averiado en transporte,WhatsApp,Bogotá,Cerrado,0.6,1.6,True,3.0,False
PQR-202608-07736,2026-08-23,2026-08,Demora en la entrega,WhatsApp,Bogotá,Cerrado,0.8,19.6,True,3.0,False
PQR-202608-07737,2026-08-07,2026-08,Solicitud de factura electrónica,WhatsApp,Ibagué,Cerrado,0.1,21.7,True,4.0,False
PQR-202608-07738,2026-08-09,2026-08,Demora en la entrega,Línea gratuita #590,Cali,Cerrado,0.1,21.6,True,4.0,False
PQR-202608-07739,2026-08-07,2026-08,Duda sobre uso del producto,WhatsApp,Villavicencio,Cerrado,0.1,5.0,True,3.0,False
PQR-202608-07740,2026-08-27,2026-08,Camiseta personalizada pendiente,Chat del sitio,Medellín,Escalado,2.8,15.7,True,4.0,True
PQR-202608-07741,2026-08-25,2026-08,Demora en la entrega,Tienda física,Cali,Cerrado,1.6,67.5,True,4.0,False
PQR-202608-07742,2026-08-04,2026-08,Faltante en el pedido,Chat del sitio,Cali,Cerrado,2.0,20.1,True,3.0,False
PQR-202608-07743,2026-08-27,2026-08,Producto averiado en transporte,Instagram / redes,Cartagena,Cerrado,2.6,33.7,True,4.0,False
PQR-202608-07744,2026-08-05,2026-08,Solicitud de factura electrónica,WhatsApp,Medellín,Cerrado,1.5,26.9,True,3.0,False
PQR-202608-07745,2026-08-07,2026-08,Camiseta personalizada pendiente,Tienda física,Cali,Escalado,10.3,104.7,False,3.0,True
PQR-202608-07746,2026-08-27,2026-08,Faltante en el pedido,Chat del sitio,Bogotá,Cerrado,1.2,64.9,True,4.0,False
PQR-202608-07747,2026-08-20,2026-08,Faltante en el pedido,Línea gratuita #590,Medellín,Cerrado,1.8,61.4,True,4.0,False
PQR-202608-07748,2026-08-19,2026-08,Solicitud de factura electrónica,WhatsApp,Medellín,Cerrado,0.4,5.5,True,4.0,False
PQR-202608-07749,2026-08-19,2026-08,Demora en la entrega,Chat del sitio,Bogotá,Cerrado,2.1,46.6,True,5.0,False
PQR-202608-07750,2026-08-01,2026-08,Camiseta personalizada pendiente,WhatsApp,Cúcuta,Escalado,3.9,23.6,True,5.0,True
PQR-202608-07751,2026-08-24,2026-08,Demora en la entrega,Tienda física,Cali,Cerrado,5.9,36.2,False,3.0,False
PQR-202608-07752,2026-08-15,2026-08,Demora en la entrega,Línea gratuita #590,Medellín,Cerrado,2.6,32.1,True,4.0,False
PQR-202608-07753,2026-08-25,2026-08,Producto averiado en transporte,WhatsApp,Bogotá,Cerrado,0.4,1.8,True,4.0,False
PQR-202608-07754,2026-08-26,2026-08,Demora en la entrega,Chat del sitio,Bucaramanga,Cerrado,1.3,32.2,True,4.0,False
PQR-202608-07755,2026-08-17,2026-08,Cambio o garantía,Chat del sitio,Armenia,Cerrado,4.8,28.5,False,5.0,False
PQR-202608-07756,2026-08-23,2026-08,Faltante en el pedido,Línea gratuita #590,Cartagena,Cerrado,1.5,21.8,True,4.0,False
PQR-202608-07757,2026-08-20,2026-08,Demora en la entrega,Tienda física,Medellín,Cerrado,6.1,11.2,False,4.0,False
PQR-202608-07758,2026-08-24,2026-08,Demora en la entrega,WhatsApp,Santa Marta,Cerrado,1.1,3.4,True,3.0,False
PQR-202608-07759,2026-08-15,2026-08,Faltante en el pedido,WhatsApp,Medellín,Cerrado,0.4,35.6,True,4.0,False
PQR-202608-07760,2026-08-24,2026-08,Faltante en el pedido,Chat del sitio,Ibagué,Cerrado,1.0,4.2,True,5.0,False
PQR-202608-07761,2026-08-04,2026-08,Cambio o garantía,WhatsApp,Barranquilla,Cerrado,0.1,24.3,True,3.0,False
PQR-202608-07762,2026-08-08,2026-08,Duda sobre uso del producto,WhatsApp,Cali,Cerrado,0.6,16.6,True,5.0,False
PQR-202608-07763,2026-08-06,2026-08,Camiseta personalizada pendiente,Instagram / redes,Medellín,Escalado,22.6,57.2,False,5.0,True
PQR-202608-07764,2026-08-12,2026-08,Camiseta personalizada pendiente,Correo electrónico,Bucaramanga,Cerrado,6.1,32.6,False,5.0,False
PQR-202608-07765,2026-08-11,2026-08,Faltante en el pedido,WhatsApp,Bogotá,Cerrado,1.2,29.3,True,5.0,False
PQR-202608-07766,2026-08-16,2026-08,Demora en la entrega,Tienda física,Pasto,Cerrado,4.0,5.0,False,5.0,False
PQR-202608-07767,2026-08-26,2026-08,Solicitud de factura electrónica,Correo electrónico,Cartagena,Abierto,0.2,,True,,False
PQR-202608-07768,2026-08-10,2026-08,Demora en la entrega,Línea gratuita #590,Bogotá,Cerrado,1.9,60.3,True,3.0,False
PQR-202608-07769,2026-08-25,2026-08,Camiseta personalizada pendiente,WhatsApp,Bogotá,Cerrado,2.9,18.2,True,4.0,False
PQR-202608-07770,2026-08-05,2026-08,Contenido incompleto del envase,WhatsApp,Cali,Cerrado,0.2,4.6,True,3.0,False
PQR-202608-07771,2026-08-13,2026-08,Camiseta personalizada pendiente,WhatsApp,Cali,Escalado,1.6,11.7,True,3.0,True
PQR-202608-07772,2026-08-08,2026-08,Demora en la entrega,WhatsApp,Bucaramanga,Cerrado,3.2,4.2,True,3.0,False
PQR-202608-07773,2026-08-19,2026-08,Duda sobre uso del producto,Tienda física,Medellín,Cerrado,1.5,4.2,True,3.0,False
PQR-202608-07774,2026-08-06,2026-08,Demora en la entrega,WhatsApp,Bogotá,Cerrado,2.7,14.1,True,5.0,False
PQR-202608-07775,2026-08-01,2026-08,Producto averiado en transporte,WhatsApp,Cúcuta,Cerrado,0.4,1.5,True,4.0,False
PQR-202608-07776,2026-08-27,2026-08,Camiseta personalizada pendiente,Instagram / redes,Bucaramanga,Abierto,5.4,,False,,False
PQR-202608-07777,2026-08-24,2026-08,Cambio o garantía,Instagram / redes,Bogotá,Cerrado,8.8,42.0,False,4.0,False
PQR-202608-07778,2026-08-20,2026-08,Camiseta personalizada pendiente,Instagram / redes,Bogotá,Escalado,17.3,52.1,False,4.0,True
PQR-202608-07779,2026-08-08,2026-08,Reclamo por precio o promoción,WhatsApp,Villavicencio,Cerrado,0.1,3.7,True,5.0,False
PQR-202608-07780,2026-08-19,2026-08,Contenido incompleto del envase,WhatsApp,Cali,Escalado,3.1,5.1,True,4.0,True
PQR-202608-07781,2026-08-03,2026-08,Faltante en el pedido,Chat del sitio,Barranquilla,Cerrado,1.1,151.1,True,3.0,False
PQR-202608-07782,2026-08-15,2026-08,Demora en la entrega,Chat del sitio,Bogotá,Cerrado,4.6,7.5,False,3.0,False
PQR-202608-07783,2026-08-22,2026-08,Cambio o garantía,Línea gratuita #590,Bogotá,Cerrado,1.3,7.1,True,4.0,False
PQR-202608-07784,2026-08-11,2026-08,Demora en la entrega,Línea gratuita #590,Cartagena,Cerrado,1.2,37.9,True,4.0,False
PQR-202608-07785,2026-08-25,2026-08,Cambio o garantía,Correo electrónico,Medellín,Cerrado,17.0,34.9,False,4.0,False
PQR-202608-07786,2026-08-18,2026-08,Duda sobre uso del producto,Correo electrónico,Bogotá,Cerrado,0.6,18.2,True,3.0,False
PQR-202608-07787,2026-08-14,2026-08,Solicitud de factura electrónica,WhatsApp,Bogotá,Cerrado,0.6,8.7,True,4.0,False
PQR-202608-07788,2026-08-23,2026-08,Demora en la entrega,Correo electrónico,Cali,Cerrado,1.2,118.7,True,2.0,False
PQR-202608-07789,2026-08-05,2026-08,Demora en la entrega,Chat del sitio,Cali,Cerrado,1.5,7.2,True,2.0,False
PQR-202608-07790,2026-08-26,2026-08,Cambio o garantía,Instagram / redes,Medellín,Cerrado,0.3,84.2,True,2.0,False
PQR-202608-07791,2026-08-06,2026-08,Cambio o garantía,WhatsApp,Medellín,Cerrado,2.0,94.5,True,3.0,False
PQR-202608-07792,2026-08-27,2026-08,Evento adverso reportado,Tienda física,Bogotá,Abierto,12.5,,False,,True
PQR-202608-07793,2026-08-16,2026-08,Duda sobre uso del producto,Instagram / redes,Bogotá,Cerrado,2.5,28.8,True,3.0,False
PQR-202608-07794,2026-08-20,2026-08,Demora en la entrega,WhatsApp,Medellín,Cerrado,0.5,7.7,True,3.0,False
PQR-202608-07795,2026-08-23,2026-08,Solicitud de factura electrónica,Instagram / redes,Bucaramanga,Cerrado,0.7,2.4,True,3.0,False
PQR-202608-07796,2026-08-08,2026-08,Evento adverso reportado,Línea gratuita #590,Cartagena,Cerrado,7.7,104.1,False,4.0,True
PQR-202608-07797,2026-08-02,2026-08,Demora en la entrega,WhatsApp,Cali,Cerrado,2.5,29.3,True,5.0,False
PQR-202608-07798,2026-08-24,2026-08,Cambio o garantía,Línea gratuita #590,Medellín,Cerrado,0.2,31.2,True,3.0,False
PQR-202608-07799,2026-08-14,2026-08,Demora en la entrega,WhatsApp,Cúcuta,Cerrado,1.6,41.4,True,5.0,False
PQR-202608-07800,2026-08-09,2026-08,Duda sobre uso del producto,WhatsApp,Bogotá,Cerrado,0.2,8.8,True,3.0,False
PQR-202608-07801,2026-08-24,2026-08,Contenido incompleto del envase,Instagram / redes,Bucaramanga,Escalado,3.1,151.1,True,3.0,True
PQR-202608-07802,2026-08-14,2026-08,Demora en la entrega,Chat del sitio,Medellín,Cerrado,2.0,9.1,True,4.0,False
PQR-202608-07803,2026-08-19,2026-08,Demora en la entrega,Instagram / redes,Barranquilla,Cerrado,4.6,10.0,False,3.0,False
PQR-202608-07804,2026-08-06,2026-08,Reclamo por precio o promoción,WhatsApp,Neiva,Cerrado,0.9,58.6,True,4.0,False
PQR-202608-07805,2026-08-04,2026-08,Demora en la entrega,WhatsApp,Cúcuta,Cerrado,4.6,42.0,False,3.0,False
PQR-202608-07806,2026-08-09,2026-08,Demora en la entrega,Línea gratuita #590,Manizales,Cerrado,2.8,31.0,True,3.0,False
PQR-202608-07807,2026-08-16,2026-08,Solicitud de factura electrónica,WhatsApp,Cartagena,Cerrado,0.1,30.1,True,5.0,False
PQR-202608-07808,2026-08-10,2026-08,Camiseta personalizada pendiente,Línea gratuita #590,Cali,Cerrado,5.8,78.1,False,3.0,False
PQR-202608-07809,2026-08-25,2026-08,Camiseta personalizada pendiente,WhatsApp,Medellín,Escalado,1.2,65.7,True,3.0,True
PQR-202608-07810,2026-08-10,2026-08,Reclamo por precio o promoción,Instagram / redes,Cali,Cerrado,0.7,6.6,True,5.0,False
PQR-202608-07811,2026-08-16,2026-08,Camiseta personalizada pendiente,WhatsApp,Cali,Cerrado,2.7,175.9,True,3.0,False
PQR-202608-07812,2026-08-07,2026-08,Demora en la entrega,Línea gratuita #590,Cúcuta,Cerrado,0.1,93.7,True,3.0,False
PQR-202608-07813,2026-08-13,2026-08,Demora en la entrega,Instagram / redes,Cali,Cerrado,27.2,30.6,False,5.0,False
PQR-202608-07814,2026-08-27,2026-08,Camiseta personalizada pendiente,Tienda física,Cali,Abierto,11.3,,False,,False
PQR-202608-07815,2026-08-03,2026-08,Contenido incompleto del envase,Instagram / redes,Bogotá,Escalado,0.8,1.8,True,4.0,True
PQR-202608-07816,2026-08-11,2026-08,Duda sobre uso del producto,WhatsApp,Cali,Cerrado,0.7,6.0,True,3.0,False
PQR-202608-07817,2026-08-26,2026-08,Contenido incompleto del envase,Chat del sitio,Pereira,Abierto,1.7,,True,,False
PQR-202608-07818,2026-08-16,2026-08,Cambio o garantía,WhatsApp,Armenia,Cerrado,3.0,17.0,True,5.0,False
PQR-202608-07819,2026-08-07,2026-08,Contenido incompleto del envase,WhatsApp,Barranquilla,Escalado,0.4,4.3,True,5.0,True
PQR-202608-07820,2026-08-11,2026-08,Contenido incompleto del envase,Línea gratuita #590,Bogotá,Cerrado,3.9,42.6,True,5.0,False
PQR-202608-07821,2026-08-09,2026-08,Producto averiado en transporte,WhatsApp,Cartagena,Cerrado,3.4,24.6,True,3.0,False
PQR-202608-07822,2026-08-09,2026-08,Solicitud de factura electrónica,WhatsApp,Bogotá,Cerrado,0.3,2.8,True,5.0,False
PQR-202608-07823,2026-08-08,2026-08,Faltante en el pedido,WhatsApp,Armenia,Cerrado,1.3,14.4,True,3.0,False
PQR-202608-07824,2026-08-22,2026-08,Camiseta personalizada pendiente,Chat del sitio,Pereira,Escalado,4.1,68.3,False,5.0,True
PQR-202608-07825,2026-08-07,2026-08,Cambio o garantía,Instagram / redes,Ibagué,Cerrado,4.9,35.3,False,3.0,False
PQR-202608-07826,2026-08-11,2026-08,Demora en la entrega,Chat del sitio,Barranquilla,Cerrado,4.6,9.4,False,3.0,False
PQR-202608-07827,2026-08-26,2026-08,Demora en la entrega,WhatsApp,Cali,Cerrado,1.8,24.3,True,5.0,False
PQR-202608-07828,2026-08-16,2026-08,Demora en la entrega,Línea gratuita #590,Cúcuta,Cerrado,0.3,2.8,True,2.0,False
PQR-202608-07829,2026-08-22,2026-08,Reclamo por precio o promoción,Chat del sitio,Barranquilla,Cerrado,1.3,32.5,True,4.0,False
PQR-202608-07830,2026-08-08,2026-08,Faltante en el pedido,Instagram / redes,Bogotá,Cerrado,2.2,15.8,True,3.0,False
PQR-202608-07831,2026-08-25,2026-08,Demora en la entrega,Línea gratuita #590,Bogotá,Cerrado,1.2,10.5,True,3.0,False
PQR-202608-07832,2026-08-16,2026-08,Faltante en el pedido,WhatsApp,Cúcuta,Cerrado,5.2,19.7,False,2.0,False
PQR-202608-07833,2026-08-16,2026-08,Contenido incompleto del envase,WhatsApp,Barranquilla,Cerrado,2.6,22.3,True,3.0,False
PQR-202608-07834,2026-08-08,2026-08,Camiseta personalizada pendiente,Instagram / redes,Medellín,Cerrado,14.2,51.2,False,4.0,False
PQR-202608-07835,2026-08-03,2026-08,Demora en la entrega,WhatsApp,Barranquilla,Cerrado,1.5,4.7,True,4.0,False
PQR-202608-07836,2026-08-13,2026-08,Reclamo por precio o promoción,Tienda física,Bogotá,Cerrado,11.5,12.8,False,4.0,False
PQR-202608-07837,2026-08-27,2026-08,Faltante en el pedido,Instagram / redes,Cartagena,Cerrado,0.5,205.3,True,4.0,False
PQR-202608-07838,2026-08-19,2026-08,Demora en la entrega,WhatsApp,Cartagena,Cerrado,2.6,12.3,True,5.0,False
PQR-202608-07839,2026-08-10,2026-08,Cambio o garantía,WhatsApp,Bogotá,Cerrado,2.5,5.1,True,4.0,False
PQR-202608-07840,2026-08-10,2026-08,Solicitud de factura electrónica,WhatsApp,Bogotá,Cerrado,0.2,10.8,True,3.0,False
PQR-202608-07841,2026-08-09,2026-08,Demora en la entrega,Línea gratuita #590,Cali,Cerrado,2.4,44.8,True,3.0,False
PQR-202608-07842,2026-08-23,2026-08,Faltante en el pedido,Instagram / redes,Cali,Cerrado,1.4,13.8,True,3.0,False
PQR-202608-07843,2026-08-07,2026-08,Camiseta personalizada pendiente,WhatsApp,Cali,Escalado,1.1,22.0,True,3.0,True
PQR-202608-07844,2026-08-02,2026-08,Contenido incompleto del envase,WhatsApp,Barranquilla,Escalado,2.8,106.0,True,3.0,True
PQR-202608-07845,2026-08-23,2026-08,Contenido incompleto del envase,WhatsApp,Medellín,Cerrado,3.5,122.6,True,3.0,False
PQR-202608-07846,2026-08-23,2026-08,Demora en la entrega,WhatsApp,Manizales,Cerrado,2.1,13.5,True,3.0,False
PQR-202608-07847,2026-08-27,2026-08,Faltante en el pedido,Chat del sitio,Cali,Abierto,4.0,,True,,False
PQR-202608-07848,2026-08-17,2026-08,Faltante en el pedido,WhatsApp,Cartagena,Cerrado,0.5,5.7,True,4.0,False
PQR-202608-07849,2026-08-14,2026-08,Demora en la entrega,WhatsApp,Pereira,Cerrado,0.2,43.8,True,4.0,False
PQR-202608-07850,2026-08-05,2026-08,Producto averiado en transporte,WhatsApp,Cartagena,Cerrado,0.2,32.5,True,5.0,False
PQR-202608-07851,2026-08-13,2026-08,Evento adverso reportado,Chat del sitio,Cali,Cerrado,2.8,53.2,True,4.0,True
PQR-202608-07852,2026-08-23,2026-08,Camiseta personalizada pendiente,Línea gratuita #590,Bogotá,Cerrado,1.9,19.8,True,4.0,False
PQR-202608-07853,2026-08-16,2026-08,Producto averiado en transporte,WhatsApp,Bogotá,Cerrado,0.3,151.7,True,3.0,False
PQR-202608-07854,2026-08-02,2026-08,Camiseta personalizada pendiente,Correo electrónico,Pasto,Cerrado,2.8,69.8,True,4.0,False
PQR-202608-07855,2026-08-10,2026-08,Cambio o garantía,Correo electrónico,Cali,Cerrado,10.5,54.4,False,2.0,False
PQR-202608-07856,2026-08-18,2026-08,Faltante en el pedido,WhatsApp,Barranquilla,Cerrado,4.0,36.2,False,3.0,False
PQR-202608-07857,2026-08-25,2026-08,Producto averiado en transporte,WhatsApp,Medellín,Cerrado,1.5,18.3,True,5.0,False
PQR-202608-07858,2026-08-25,2026-08,Faltante en el pedido,Tienda física,Cali,Cerrado,3.6,13.1,True,2.0,False
PQR-202608-07859,2026-08-17,2026-08,Faltante en el pedido,Línea gratuita #590,Villavicencio,Cerrado,0.3,11.7,True,5.0,False
PQR-202608-07860,2026-08-05,2026-08,Camiseta personalizada pendiente,WhatsApp,Manizales,Escalado,1.6,81.9,True,4.0,True
PQR-202608-07861,2026-08-05,2026-08,Demora en la entrega,WhatsApp,Cali,Cerrado,1.8,16.8,True,4.0,False
PQR-202608-07862,2026-08-25,2026-08,Contenido incompleto del envase,WhatsApp,Medellín,Escalado,2.2,67.3,True,4.0,True
PQR-202608-07863,2026-08-19,2026-08,Faltante en el pedido,WhatsApp,Medellín,Cerrado,4.3,34.9,False,4.0,False
PQR-202608-07864,2026-08-09,2026-08,Demora en la entrega,WhatsApp,Bogotá,Cerrado,0.5,36.4,True,3.0,False
PQR-202608-07865,2026-08-12,2026-08,Evento adverso reportado,WhatsApp,Medellín,Escalado,8.0,17.0,False,2.0,True
PQR-202608-07866,2026-08-01,2026-08,Camiseta personalizada pendiente,WhatsApp,Bogotá,Cerrado,0.8,53.0,True,4.0,False
PQR-202608-07867,2026-08-04,2026-08,Solicitud de factura electrónica,WhatsApp,Bogotá,Cerrado,0.6,10.7,True,5.0,False
PQR-202608-07868,2026-08-22,2026-08,Demora en la entrega,Tienda física,Bogotá,Cerrado,2.3,23.2,True,3.0,False
PQR-202608-07869,2026-08-11,2026-08,Solicitud de factura electrónica,WhatsApp,Bogotá,Cerrado,0.4,8.9,True,4.0,False
PQR-202608-07870,2026-08-25,2026-08,Demora en la entrega,Correo electrónico,Bogotá,Cerrado,6.2,64.0,False,3.0,False
PQR-202608-07871,2026-08-22,2026-08,Faltante en el pedido,WhatsApp,Cúcuta,Cerrado,0.5,12.5,True,3.0,False
PQR-202608-07872,2026-08-02,2026-08,Reclamo por precio o promoción,WhatsApp,Cali,Cerrado,0.5,16.7,True,3.0,False
PQR-202608-07873,2026-08-05,2026-08,Faltante en el pedido,WhatsApp,Medellín,Cerrado,1.9,15.2,True,4.0,False
PQR-202608-07874,2026-08-11,2026-08,Solicitud de factura electrónica,WhatsApp,Bogotá,Cerrado,0.4,13.6,True,4.0,False
PQR-202608-07875,2026-08-14,2026-08,Cambio o garantía,Correo electrónico,Medellín,Cerrado,14.4,81.2,False,2.0,False
PQR-202608-07876,2026-08-24,2026-08,Contenido incompleto del envase,Instagram / redes,Bogotá,Cerrado,2.1,3.2,True,5.0,False
PQR-202608-07877,2026-08-09,2026-08,Producto averiado en transporte,WhatsApp,Medellín,Cerrado,0.3,19.1,True,4.0,False
PQR-202608-07878,2026-08-17,2026-08,Demora en la entrega,WhatsApp,Cali,Cerrado,3.7,22.4,True,4.0,False
PQR-202608-07879,2026-08-06,2026-08,Demora en la entrega,Instagram / redes,Bogotá,Cerrado,0.8,16.9,True,4.0,False
PQR-202608-07880,2026-08-07,2026-08,Demora en la entrega,Instagram / redes,Bogotá,Cerrado,4.2,57.2,False,5.0,False
PQR-202608-07881,2026-08-06,2026-08,Camiseta personalizada pendiente,WhatsApp,Medellín,Cerrado,3.3,32.1,True,3.0,False
PQR-202608-07882,2026-08-07,2026-08,Producto averiado en transporte,WhatsApp,Cali,Cerrado,1.4,17.6,True,3.0,False
PQR-202608-07883,2026-08-13,2026-08,Demora en la entrega,Chat del sitio,Bogotá,Cerrado,3.3,30.6,True,4.0,False
PQR-202608-07884,2026-08-03,2026-08,Faltante en el pedido,Correo electrónico,Barranquilla,Cerrado,4.8,49.5,False,4.0,False
PQR-202608-07885,2026-08-15,2026-08,Solicitud de factura electrónica,WhatsApp,Bucaramanga,Cerrado,0.9,59.7,True,3.0,False
PQR-202608-07886,2026-08-12,2026-08,Demora en la entrega,WhatsApp,Bogotá,Cerrado,2.3,17.0,True,4.0,False
PQR-202608-07887,2026-08-24,2026-08,Cambio o garantía,WhatsApp,Bogotá,Cerrado,4.9,11.8,False,5.0,False
PQR-202608-07888,2026-08-09,2026-08,Reclamo por precio o promoción,WhatsApp,Cali,Cerrado,0.7,57.8,True,3.0,False
PQR-202608-07889,2026-08-02,2026-08,Camiseta personalizada pendiente,Línea gratuita #590,Barranquilla,Cerrado,0.3,7.5,True,3.0,False
PQR-202608-07890,2026-08-05,2026-08,Camiseta personalizada pendiente,WhatsApp,Cali,Escalado,5.8,53.5,False,4.0,True
PQR-202608-07891,2026-08-14,2026-08,Faltante en el pedido,WhatsApp,Bogotá,Cerrado,0.2,7.6,True,3.0,False
PQR-202608-07892,2026-08-12,2026-08,Contenido incompleto del envase,Instagram / redes,Bucaramanga,Cerrado,0.2,12.0,True,4.0,False
PQR-202608-07893,2026-08-22,2026-08,Contenido incompleto del envase,Chat del sitio,Medellín,Escalado,9.8,26.2,False,4.0,True
PQR-202608-07894,2026-08-04,2026-08,Reclamo por precio o promoción,WhatsApp,Santa Marta,Cerrado,1.0,25.4,True,3.0,False
PQR-202608-07895,2026-08-08,2026-08,Demora en la entrega,WhatsApp,Bogotá,Cerrado,1.2,17.7,True,2.0,False
PQR-202608-07896,2026-08-02,2026-08,Demora en la entrega,WhatsApp,Cali,Cerrado,4.1,121.1,False,4.0,False
PQR-202608-07897,2026-08-11,2026-08,Faltante en el pedido,Chat del sitio,Medellín,Cerrado,1.2,23.1,True,4.0,False
PQR-202608-07898,2026-08-12,2026-08,Faltante en el pedido,WhatsApp,Medellín,Cerrado,0.5,10.2,True,5.0,False
PQR-202608-07899,2026-08-02,2026-08,Reclamo por precio o promoción,WhatsApp,Neiva,Cerrado,0.7,1.7,True,5.0,False
PQR-202608-07900,2026-08-22,2026-08,Solicitud de factura electrónica,WhatsApp,Bogotá,Cerrado,1.1,33.0,True,4.0,False
PQR-202608-07901,2026-08-03,2026-08,Faltante en el pedido,Chat del sitio,Cúcuta,Cerrado,3.2,26.2,True,3.0,False
PQR-202608-07902,2026-08-17,2026-08,Faltante en el pedido,WhatsApp,Ibagué,Cerrado,1.7,51.4,True,2.0,False
PQR-202608-07903,2026-08-22,2026-08,Solicitud de factura electrónica,WhatsApp,Bogotá,Cerrado,0.3,16.3,True,5.0,False
PQR-202608-07904,2026-08-12,2026-08,Faltante en el pedido,Chat del sitio,Bogotá,Cerrado,1.5,16.2,True,2.0,False
PQR-202608-07905,2026-08-12,2026-08,Contenido incompleto del envase,Tienda física,Pereira,Cerrado,0.2,39.4,True,5.0,False
PQR-202608-07906,2026-08-04,2026-08,Faltante en el pedido,Instagram / redes,Barranquilla,Cerrado,3.8,12.7,True,3.0,False
PQR-202608-07907,2026-08-10,2026-08,Contenido incompleto del envase,Tienda física,Medellín,Escalado,1.1,233.8,True,3.0,True
PQR-202608-07908,2026-08-02,2026-08,Producto averiado en transporte,WhatsApp,Barranquilla,Cerrado,2.2,122.9,True,2.0,False
PQR-202608-07909,2026-08-06,2026-08,Faltante en el pedido,WhatsApp,Medellín,Cerrado,1.4,7.3,True,5.0,False
PQR-202608-07910,2026-08-02,2026-08,Duda sobre uso del producto,WhatsApp,Bucaramanga,Cerrado,0.1,7.3,True,3.0,False
PQR-202608-07911,2026-08-21,2026-08,Cambio o garantía,Línea gratuita #590,Barranquilla,Cerrado,3.2,51.0,True,3.0,False
PQR-202608-07912,2026-08-15,2026-08,Cambio o garantía,Chat del sitio,Medellín,Cerrado,0.2,29.1,True,4.0,False
PQR-202608-07913,2026-08-14,2026-08,Demora en la entrega,Instagram / redes,Medellín,Cerrado,2.8,48.3,True,3.0,False
PQR-202608-07914,2026-08-12,2026-08,Demora en la entrega,Chat del sitio,Bogotá,Cerrado,0.8,16.6,True,4.0,False
PQR-202608-07915,2026-08-18,2026-08,Reclamo por precio o promoción,Línea gratuita #590,Santa Marta,Cerrado,1.5,29.0,True,3.0,False
PQR-202608-07916,2026-08-27,2026-08,Duda sobre uso del producto,WhatsApp,Medellín,Cerrado,1.1,9.5,True,4.0,False
PQR-202608-07917,2026-08-23,2026-08,Faltante en el pedido,Instagram / redes,Bucaramanga,Cerrado,3.5,35.2,True,4.0,False
PQR-202608-07918,2026-08-02,2026-08,Solicitud de factura electrónica,WhatsApp,Bogotá,Cerrado,0.2,1.2,True,4.0,False
PQR-202608-07919,2026-08-03,2026-08,Camiseta personalizada pendiente,Línea gratuita #590,Bogotá,Cerrado,1.1,6.1,True,5.0,False
PQR-202608-07920,2026-08-07,2026-08,Contenido incompleto del envase,Línea gratuita #590,Bogotá,Escalado,11.7,43.8,False,4.0,True
PQR-202608-07921,2026-08-10,2026-08,Cambio o garantía,WhatsApp,Medellín,Cerrado,2.5,13.3,True,3.0,False
PQR-202608-07922,2026-08-06,2026-08,Contenido incompleto del envase,Chat del sitio,Barranquilla,Escalado,0.2,34.1,True,3.0,True
PQR-202608-07923,2026-08-24,2026-08,Demora en la entrega,Línea gratuita #590,Manizales,Cerrado,0.2,5.2,True,5.0,False
PQR-202608-07924,2026-08-15,2026-08,Faltante en el pedido,WhatsApp,Cali,Cerrado,0.1,54.7,True,3.0,False
PQR-202608-07925,2026-08-14,2026-08,Faltante en el pedido,Línea gratuita #590,Bogotá,Cerrado,1.3,13.0,True,4.0,False
PQR-202608-07926,2026-08-23,2026-08,Faltante en el pedido,WhatsApp,Cali,Cerrado,0.1,24.7,True,4.0,False
PQR-202608-07927,2026-08-25,2026-08,Demora en la entrega,WhatsApp,Barranquilla,Cerrado,2.3,3.3,True,3.0,False
PQR-202608-07928,2026-08-03,2026-08,Faltante en el pedido,Chat del sitio,Cali,Cerrado,0.2,29.7,True,3.0,False
PQR-202608-07929,2026-08-21,2026-08,Demora en la entrega,Instagram / redes,Cúcuta,Cerrado,0.5,40.5,True,4.0,False
PQR-202608-07930,2026-08-12,2026-08,Demora en la entrega,WhatsApp,Villavicencio,Cerrado,0.7,4.9,True,4.0,False
PQR-202608-07931,2026-08-24,2026-08,Producto averiado en transporte,WhatsApp,Medellín,Cerrado,1.4,15.8,True,3.0,False
PQR-202608-07932,2026-08-03,2026-08,Producto averiado en transporte,WhatsApp,Cali,Cerrado,4.8,70.8,False,5.0,False
PQR-202608-07933,2026-08-27,2026-08,Camiseta personalizada pendiente,WhatsApp,Cali,Abierto,1.1,,True,,False
PQR-202608-07934,2026-08-13,2026-08,Contenido incompleto del envase,WhatsApp,Barranquilla,Cerrado,1.4,100.7,True,4.0,False
PQR-202608-07935,2026-08-18,2026-08,Demora en la entrega,Instagram / redes,Medellín,Cerrado,0.7,28.9,True,4.0,False
PQR-202608-07936,2026-08-26,2026-08,Cambio o garantía,Instagram / redes,Cartagena,Abierto,6.4,,False,,False
PQR-202608-07937,2026-08-13,2026-08,Faltante en el pedido,WhatsApp,Cali,Cerrado,1.2,35.9,True,4.0,False
PQR-202608-07938,2026-08-01,2026-08,Demora en la entrega,WhatsApp,Cúcuta,Cerrado,7.2,77.6,False,2.0,False
PQR-202608-07939,2026-08-26,2026-08,Producto averiado en transporte,Tienda física,Medellín,Cerrado,0.8,48.5,True,3.0,False
PQR-202608-07940,2026-08-08,2026-08,Demora en la entrega,WhatsApp,Barranquilla,Cerrado,1.1,14.4,True,3.0,False
PQR-202608-07941,2026-08-05,2026-08,Solicitud de factura electrónica,Instagram / redes,Bogotá,Cerrado,0.7,3.1,True,4.0,False
PQR-202608-07942,2026-08-11,2026-08,Demora en la entrega,WhatsApp,Medellín,Cerrado,1.1,11.6,True,4.0,False
PQR-202608-07943,2026-08-07,2026-08,Producto averiado en transporte,WhatsApp,Cali,Cerrado,0.4,61.0,True,3.0,False
PQR-202608-07944,2026-08-17,2026-08,Reclamo por precio o promoción,WhatsApp,Medellín,Cerrado,1.2,34.3,True,3.0,False
PQR-202608-07945,2026-08-24,2026-08,Demora en la entrega,Instagram / redes,Cali,Cerrado,8.0,12.6,False,3.0,False
PQR-202608-07946,2026-08-10,2026-08,Faltante en el pedido,Chat del sitio,Ibagué,Cerrado,0.1,70.1,True,4.0,False
PQR-202608-07947,2026-08-04,2026-08,Cambio o garantía,Correo electrónico,Barranquilla,Cerrado,1.0,27.7,True,3.0,False
PQR-202608-07948,2026-08-02,2026-08,Cambio o garantía,Chat del sitio,Ibagué,Cerrado,12.3,42.3,False,2.0,False
PQR-202608-07949,2026-08-11,2026-08,Evento adverso reportado,WhatsApp,Bogotá,Cerrado,0.1,49.6,True,4.0,True
PQR-202608-07950,2026-08-26,2026-08,Camiseta personalizada pendiente,WhatsApp,Manizales,Abierto,1.6,,True,,True
PQR-202608-07951,2026-08-01,2026-08,Demora en la entrega,Chat del sitio,Cali,Cerrado,4.5,64.7,False,4.0,False
PQR-202608-07952,2026-08-10,2026-08,Faltante en el pedido,Instagram / redes,Bogotá,Cerrado,10.9,26.8,False,5.0,False
PQR-202608-07953,2026-08-21,2026-08,Solicitud de factura electrónica,Chat del sitio,Ibagué,Cerrado,0.7,15.8,True,4.0,False
PQR-202608-07954,2026-08-21,2026-08,Producto averiado en transporte,Chat del sitio,Bogotá,Cerrado,4.9,6.2,False,2.0,False
PQR-202608-07955,2026-08-24,2026-08,Reclamo por precio o promoción,Correo electrónico,Bogotá,Cerrado,4.8,11.1,False,5.0,False
PQR-202608-07956,2026-08-10,2026-08,Demora en la entrega,WhatsApp,Medellín,Cerrado,0.7,22.4,True,4.0,False
PQR-202608-07957,2026-08-15,2026-08,Demora en la entrega,Línea gratuita #590,Medellín,Cerrado,0.6,40.9,True,4.0,False
PQR-202608-07958,2026-08-01,2026-08,Reclamo por precio o promoción,WhatsApp,Cali,Cerrado,0.1,19.2,True,4.0,False
PQR-202608-07959,2026-08-19,2026-08,Contenido incompleto del envase,WhatsApp,Bogotá,Escalado,0.4,53.7,True,3.0,True
PQR-202608-07960,2026-08-04,2026-08,Faltante en el pedido,WhatsApp,Pasto,Cerrado,0.6,31.7,True,2.0,False
PQR-202608-07961,2026-08-22,2026-08,Contenido incompleto del envase,WhatsApp,Bucaramanga,Escalado,3.3,32.5,True,5.0,True
PQR-202608-07962,2026-08-06,2026-08,Camiseta personalizada pendiente,Correo electrónico,Bucaramanga,Cerrado,16.8,33.2,False,4.0,False
PQR-202608-07963,2026-08-09,2026-08,Demora en la entrega,WhatsApp,Manizales,Cerrado,0.9,171.8,True,3.0,False
PQR-202608-07964,2026-08-14,2026-08,Duda sobre uso del producto,Chat del sitio,Bogotá,Cerrado,2.3,11.0,True,4.0,False
PQR-202608-07965,2026-08-25,2026-08,Producto averiado en transporte,WhatsApp,Bogotá,Cerrado,1.4,30.2,True,4.0,False
PQR-202608-07966,2026-08-06,2026-08,Contenido incompleto del envase,WhatsApp,Barranquilla,Escalado,1.1,2.2,True,5.0,True
PQR-202608-07967,2026-08-27,2026-08,Faltante en el pedido,WhatsApp,Armenia,Cerrado,0.1,38.1,True,3.0,False
PQR-202608-07968,2026-08-08,2026-08,Camiseta personalizada pendiente,WhatsApp,Bogotá,Cerrado,0.8,17.4,True,3.0,False
PQR-202608-07969,2026-08-22,2026-08,Demora en la entrega,Línea gratuita #590,Medellín,Cerrado,0.1,19.3,True,4.0,False
PQR-202608-07970,2026-08-08,2026-08,Faltante en el pedido,Línea gratuita #590,Medellín,Cerrado,2.0,26.1,True,4.0,False
PQR-202608-07971,2026-08-01,2026-08,Duda sobre uso del producto,Línea gratuita #590,Barranquilla,Cerrado,0.3,11.5,True,4.0,False
PQR-202608-07972,2026-08-12,2026-08,Faltante en el pedido,Instagram / redes,Bogotá,Cerrado,3.6,64.3,True,5.0,False
PQR-202608-07973,2026-08-11,2026-08,Faltante en el pedido,WhatsApp,Bogotá,Cerrado,0.4,51.4,True,2.0,False
PQR-202608-07974,2026-08-05,2026-08,Demora en la entrega,WhatsApp,Bogotá,Cerrado,0.6,6.3,True,4.0,False
PQR-202608-07975,2026-08-17,2026-08,Contenido incompleto del envase,Chat del sitio,Bogotá,Escalado,2.0,16.7,True,4.0,True
PQR-202608-07976,2026-08-11,2026-08,Solicitud de factura electrónica,WhatsApp,Medellín,Cerrado,1.3,17.4,True,3.0,False
PQR-202608-07977,2026-08-19,2026-08,Demora en la entrega,WhatsApp,Cali,Cerrado,1.3,37.6,True,4.0,False
PQR-202608-07978,2026-08-04,2026-08,Demora en la entrega,Chat del sitio,Medellín,Cerrado,0.4,11.1,True,3.0,False
PQR-202608-07979,2026-08-03,2026-08,Demora en la entrega,Línea gratuita #590,Bogotá,Cerrado,0.2,11.0,True,4.0,False
PQR-202608-07980,2026-08-19,2026-08,Demora en la entrega,Línea gratuita #590,Barranquilla,Cerrado,5.5,18.9,False,3.0,False
PQR-202608-07981,2026-08-07,2026-08,Faltante en el pedido,WhatsApp,Medellín,Cerrado,0.1,27.2,True,4.0,False
